Date,actual,realized_return,probability,baseline_probability,selected_model,probability_shrinkage,train_end_date,inner_cv_brier,position,net_strategy_return
2012-01-09,0,-0.003029409838213093,0.4990059642147117,0.4990059642147117,logistic_C0.1,0.0,2012-01-05,0.2509884445246118,0.0,-0.0
2012-01-10,1,0.00656661941307779,0.4990059642147117,0.4990059642147117,logistic_C0.1,0.0,2012-01-05,0.2509884445246118,0.0,0.0
2012-01-11,0,-0.006454773517663104,0.4990059642147117,0.4990059642147117,logistic_C0.1,0.0,2012-01-05,0.2509884445246118,0.0,-0.0
2012-01-12,1,0.006189628190599539,0.4990059642147117,0.4990059642147117,logistic_C0.1,0.0,2012-01-05,0.2509884445246118,0.0,0.0
2012-01-13,1,0.005338421628111378,0.4990059642147117,0.4990059642147117,logistic_C0.1,0.0,2012-01-05,0.2509884445246118,0.0,0.0
2012-01-16,0,-0.0008061178974295702,0.4990059642147117,0.4990059642147117,logistic_C0.1,0.0,2012-01-05,0.2509884445246118,0.0,-0.0
2012-01-17,1,0.0077629168973889495,0.4990059642147117,0.4990059642147117,logistic_C0.1,0.0,2012-01-05,0.2509884445246118,0.0,0.0
2012-01-18,1,0.000645103295843219,0.4990059642147117,0.4990059642147117,logistic_C0.1,0.0,2012-01-05,0.2509884445246118,0.0,0.0
2012-01-19,1,0.0013281531873061692,0.4990059642147117,0.4990059642147117,logistic_C0.1,0.0,2012-01-05,0.2509884445246118,0.0,0.0
2012-01-20,1,0.014442311394130547,0.4990059642147117,0.4990059642147117,logistic_C0.1,0.0,2012-01-05,0.2509884445246118,0.0,0.0
2012-01-25,1,0.0023052358117612304,0.4990059642147117,0.4990059642147117,logistic_C0.1,0.0,2012-01-05,0.2509884445246118,0.0,0.0
2012-01-26,0,-0.0010259341870875183,0.4990059642147117,0.4990059642147117,logistic_C0.1,0.0,2012-01-05,0.2509884445246118,0.0,-0.0
2012-01-27,1,0.00210639057479467,0.4990059642147117,0.4990059642147117,logistic_C0.1,0.0,2012-01-05,0.2509884445246118,0.0,0.0
2012-01-30,0,-0.0082182119256069,0.4990059642147117,0.4990059642147117,logistic_C0.1,0.0,2012-01-05,0.2509884445246118,0.0,-0.0
2012-01-31,1,0.006453106908529405,0.4990059642147117,0.4990059642147117,logistic_C0.1,0.0,2012-01-05,0.2509884445246118,0.0,0.0
2012-02-01,1,0.005475810466136766,0.4990059642147117,0.4990059642147117,logistic_C0.1,0.0,2012-01-05,0.2509884445246118,0.0,0.0
2012-02-02,1,0.0010442784137056904,0.4990059642147117,0.4990059642147117,logistic_C0.1,0.0,2012-01-05,0.2509884445246118,0.0,0.0
2012-02-03,0,-0.004994349826458966,0.4990059642147117,0.4990059642147117,logistic_C0.1,0.0,2012-01-05,0.2509884445246118,0.0,-0.0
2012-02-06,0,-0.010570601892478715,0.4990059642147117,0.4990059642147117,logistic_C0.1,0.0,2012-01-05,0.2509884445246118,0.0,-0.0
2012-02-07,1,0.0024383210995715388,0.4990059642147117,0.4990059642147117,logistic_C0.1,0.0,2012-01-05,0.2509884445246118,0.0,0.0
2012-02-08,1,0.009328987865263594,0.4990059642147117,0.4990059642147117,logistic_C0.1,0.0,2012-01-05,0.2509884445246118,0.0,0.0
2012-02-09,1,0.008217395656090476,0.4990059642147117,0.4990059642147117,logistic_C0.1,0.0,2012-01-05,0.2509884445246118,0.0,0.0
2012-02-10,0,-0.008124216433503806,0.4990059642147117,0.4990059642147117,logistic_C0.1,0.0,2012-01-05,0.2509884445246118,0.0,-0.0
2012-02-13,1,0.0025391620765147227,0.4990059642147117,0.4990059642147117,logistic_C0.1,0.0,2012-01-05,0.2509884445246118,0.0,0.0
2012-02-14,1,0.0015553655108950792,0.4990059642147117,0.4990059642147117,logistic_C0.1,0.0,2012-01-05,0.2509884445246118,0.0,0.0
2012-02-15,1,0.006620278330019769,0.4990059642147117,0.4990059642147117,logistic_C0.1,0.0,2012-01-05,0.2509884445246118,0.0,0.0
2012-02-16,0,-0.003949395872083428,0.4990059642147117,0.4990059642147117,logistic_C0.1,0.0,2012-01-05,0.2509884445246118,0.0,-0.0
2012-02-17,0,-0.0010318134244357013,0.4990059642147117,0.4990059642147117,logistic_C0.1,0.0,2012-01-05,0.2509884445246118,0.0,-0.0
2012-02-20,0,-0.008136134527873873,0.4990059642147117,0.4990059642147117,logistic_C0.1,0.0,2012-01-05,0.2509884445246118,0.0,-0.0
2012-02-21,1,0.0010830592715314058,0.4990059642147117,0.4990059642147117,logistic_C0.1,0.0,2012-01-05,0.2509884445246118,0.0,0.0
2012-02-22,1,0.005242632812538783,0.4990059642147117,0.4990059642147117,logistic_C0.1,0.0,2012-01-05,0.2509884445246118,0.0,0.0
2012-02-23,0,-0.00429465498943693,0.4990059642147117,0.4990059642147117,logistic_C0.1,0.0,2012-01-05,0.2509884445246118,0.0,-0.0
2012-02-24,1,0.004620511290162277,0.4990059642147117,0.4990059642147117,logistic_C0.1,0.0,2012-01-05,0.2509884445246118,0.0,0.0
2012-02-27,0,-0.011149130169198496,0.4990059642147117,0.4990059642147117,logistic_C0.1,0.0,2012-01-05,0.2509884445246118,0.0,-0.0
2012-02-28,1,0.003887911900718022,0.4990059642147117,0.4990059642147117,logistic_C0.1,0.0,2012-01-05,0.2509884445246118,0.0,0.0
2012-02-29,1,0.007378261171590461,0.4990059642147117,0.4990059642147117,logistic_C0.1,0.0,2012-01-05,0.2509884445246118,0.0,0.0
2012-03-02,0,-0.003374936321956179,0.4990059642147117,0.4990059642147117,logistic_C0.1,0.0,2012-01-05,0.2509884445246118,0.0,-0.0
2012-03-05,0,-0.0063628343445196744,0.4990059642147117,0.4990059642147117,logistic_C0.1,0.0,2012-01-05,0.2509884445246118,0.0,-0.0
2012-03-06,0,-0.009369676320272635,0.4990059642147117,0.4990059642147117,logistic_C0.1,0.0,2012-01-05,0.2509884445246118,0.0,-0.0
2012-03-07,1,0.0068216912511682715,0.4990059642147117,0.4990059642147117,logistic_C0.1,0.0,2012-01-05,0.2509884445246118,0.0,0.0
2012-03-08,1,0.005760820389081545,0.4990059642147117,0.4990059642147117,logistic_C0.1,0.0,2012-01-05,0.2509884445246118,0.0,0.0
2012-03-09,1,0.0003122413476930319,0.4990059642147117,0.4990059642147117,logistic_C0.1,0.0,2012-01-05,0.2509884445246118,0.0,0.0
2012-03-12,0,-0.008039708133331325,0.4990059642147117,0.4990059642147117,logistic_C0.1,0.0,2012-01-05,0.2509884445246118,0.0,-0.0
2012-03-13,1,0.006026101514722493,0.4990059642147117,0.4990059642147117,logistic_C0.1,0.0,2012-01-05,0.2509884445246118,0.0,0.0
2012-03-14,0,-0.0026432577420141268,0.4990059642147117,0.4990059642147117,logistic_C0.1,0.0,2012-01-05,0.2509884445246118,0.0,-0.0
2012-03-15,0,-0.00012230859927298,0.4990059642147117,0.4990059642147117,logistic_C0.1,0.0,2012-01-05,0.2509884445246118,0.0,-0.0
2012-03-16,0,-0.009826586782048397,0.4990059642147117,0.4990059642147117,logistic_C0.1,0.0,2012-01-05,0.2509884445246118,0.0,-0.0
2012-03-19,1,0.0033969422617852185,0.4990059642147117,0.4990059642147117,logistic_C0.1,0.0,2012-01-05,0.2509884445246118,0.0,0.0
2012-03-20,0,-0.002067064768029425,0.4990059642147117,0.4990059642147117,logistic_C0.1,0.0,2012-01-05,0.2509884445246118,0.0,-0.0
2012-03-21,0,-0.002141190600419285,0.4990059642147117,0.4990059642147117,logistic_C0.1,0.0,2012-01-05,0.2509884445246118,0.0,-0.0
2012-03-22,0,-0.00031084248180590635,0.4990059642147117,0.4990059642147117,logistic_C0.1,0.0,2012-01-05,0.2509884445246118,0.0,-0.0
2012-03-23,1,0.005836025547499624,0.4990059642147117,0.4990059642147117,logistic_C0.1,0.0,2012-01-05,0.2509884445246118,0.0,0.0
2012-03-26,0,-0.00785192391790368,0.4990059642147117,0.4990059642147117,logistic_C0.1,0.0,2012-01-05,0.2509884445246118,0.0,-0.0
2012-03-27,0,-0.001326824873804755,0.4990059642147117,0.4990059642147117,logistic_C0.1,0.0,2012-01-05,0.2509884445246118,0.0,-0.0
2012-03-28,0,-0.0012829650748396038,0.4990059642147117,0.4990059642147117,logistic_C0.1,0.0,2012-01-05,0.2509884445246118,0.0,-0.0
2012-03-29,0,-0.0024759707043146006,0.4990059642147117,0.4990059642147117,logistic_C0.1,0.0,2012-01-05,0.2509884445246118,0.0,-0.0
2012-03-30,1,0.0012627392493163025,0.4990059642147117,0.4990059642147117,logistic_C0.1,0.0,2012-01-05,0.2509884445246118,0.0,0.0
2012-04-02,1,0.0033969205209600783,0.4990059642147117,0.4990059642147117,logistic_C0.1,0.0,2012-01-05,0.2509884445246118,0.0,0.0
2012-04-03,1,0.004150312865970118,0.4990059642147117,0.4990059642147117,logistic_C0.1,0.0,2012-01-05,0.2509884445246118,0.0,0.0
2012-04-04,0,-0.01382089989740598,0.4990059642147117,0.4990059642147117,logistic_C0.1,0.0,2012-01-05,0.2509884445246118,0.0,-0.0
2012-04-05,1,0.01121484147198526,0.4990059642147117,0.4990059642147117,logistic_C0.1,0.0,2012-01-05,0.2509884445246118,0.0,0.0
2012-04-06,1,0.0013373998183900948,0.4990059642147117,0.4990059642147117,logistic_C0.1,0.0,2012-01-05,0.2509884445246118,0.0,0.0
2012-04-09,0,-0.005453105780292122,0.4990059642147117,0.4990059642147117,logistic_C0.1,0.0,2012-01-05,0.2509884445246118,0.0,-0.0
2012-04-10,0,-0.0031787761711740137,0.522511386820792,0.5035335689045937,histgb_leaves15,0.25,2012-04-06,0.24971653668610577,0.0,-0.0
2012-04-12,1,0.0007404944689597404,0.5455323664784804,0.5035335689045937,histgb_leaves15,0.25,2012-04-06,0.24971653668610577,0.0,0.0
2012-04-13,1,0.0035969246294418333,0.5671577071361242,0.5035335689045937,histgb_leaves15,0.25,2012-04-06,0.24971653668610577,0.0,0.0
2012-04-16,1,0.003702248549322995,0.5382276197063458,0.5035335689045937,histgb_leaves15,0.25,2012-04-06,0.24971653668610577,0.0,0.0
2012-04-17,0,-0.005026737431903516,0.5509221073743933,0.5035335689045937,histgb_leaves15,0.25,2012-04-06,0.24971653668610577,0.0,-0.0
2012-04-18,0,-0.004815736038089047,0.5255664267308786,0.5035335689045937,histgb_leaves15,0.25,2012-04-06,0.24971653668610577,0.0,-0.0
2012-04-19,0,-0.0002699460107978835,0.5692989520592302,0.5035335689045937,histgb_leaves15,0.25,2012-04-06,0.24971653668610577,0.0,-0.0
2012-04-20,0,-0.006825200430535805,0.5199022496498922,0.5035335689045937,histgb_leaves15,0.25,2012-04-06,0.24971653668610577,0.0,-0.0
2012-04-23,1,0.0006289978137252739,0.5578780790186556,0.5035335689045937,histgb_leaves15,0.25,2012-04-06,0.24971653668610577,0.0,0.0
2012-04-24,1,0.003408713427877963,0.566936903416043,0.5035335689045937,histgb_leaves15,0.25,2012-04-06,0.24971653668610577,0.0,0.0
2012-04-25,0,-0.009356175934481459,0.5742865264853299,0.5035335689045937,histgb_leaves15,0.25,2012-04-06,0.24971653668610577,1.0,-0.01035617593448146
2012-04-26,0,-0.006464928521564883,0.5797944938571519,0.5035335689045937,histgb_leaves15,0.25,2012-04-06,0.24971653668610577,1.0,-0.007464928521564883
2012-04-27,1,0.0016733855632462546,0.6090187197257919,0.5035335689045937,histgb_leaves15,0.25,2012-04-06,0.24971653668610577,1.0,0.0006733855632462546
2012-04-30,0,-0.0037848325224174584,0.548676569634371,0.5035335689045937,histgb_leaves15,0.25,2012-04-06,0.24971653668610577,0.0,-0.0
2012-05-02,1,0.0024571626290637028,0.5815642283074045,0.5035335689045937,histgb_leaves15,0.25,2012-04-06,0.24971653668610577,1.0,0.0014571626290637027
2012-05-03,0,-0.00033570834460716625,0.4528430272496415,0.5035335689045937,histgb_leaves15,0.25,2012-04-06,0.24971653668610577,0.0,-0.0
2012-05-04,1,0.001066918969517383,0.46593749986430955,0.5035335689045937,histgb_leaves15,0.25,2012-04-06,0.24971653668610577,0.0,0.0
2012-05-07,1,0.0001942680694866361,0.45799111315913354,0.5035335689045937,histgb_leaves15,0.25,2012-04-06,0.24971653668610577,0.0,0.0
2012-05-08,0,-0.00013724533365866431,0.5288241202288776,0.5035335689045937,histgb_leaves15,0.25,2012-04-06,0.24971653668610577,0.0,-0.0
2012-05-09,0,-0.00409536794480958,0.46194574212026457,0.5035335689045937,histgb_leaves15,0.25,2012-04-06,0.24971653668610577,0.0,-0.0
2012-05-10,1,6.68449197862575e-05,0.537372992700591,0.5035335689045937,histgb_leaves15,0.25,2012-04-06,0.24971653668610577,0.0,0.0
2012-05-11,0,-0.011279009798865314,0.5487163044965564,0.5035335689045937,histgb_leaves15,0.25,2012-04-06,0.24971653668610577,0.0,-0.0
2012-05-14,0,-0.0018411691685008558,0.5901283519039687,0.5035335689045937,histgb_leaves15,0.25,2012-04-06,0.24971653668610577,1.0,-0.002841169168500856
2012-05-15,1,0.000642869940034041,0.5327491224440766,0.5035335689045937,histgb_leaves15,0.25,2012-04-06,0.24971653668610577,0.0,0.0
2012-05-16,0,-0.02446612851077823,0.5210359357966313,0.5035335689045937,histgb_leaves15,0.25,2012-04-06,0.24971653668610577,0.0,-0.0
2012-05-17,1,0.0013077711997309116,0.565479356517066,0.5035335689045937,histgb_leaves15,0.25,2012-04-06,0.24971653668610577,0.0,0.0
2012-05-18,0,-0.017273223471294896,0.5414053550641701,0.5035335689045937,histgb_leaves15,0.25,2012-04-06,0.24971653668610577,0.0,-0.0
2012-05-21,0,-0.0013044829806603264,0.5388312783928119,0.5035335689045937,histgb_leaves15,0.25,2012-04-06,0.24971653668610577,0.0,-0.0
2012-05-22,1,0.001571896462959188,0.5441862674029524,0.5035335689045937,histgb_leaves15,0.25,2012-04-06,0.24971653668610577,0.0,0.0
2012-05-23,0,-0.0036962976428528416,0.5700954694168933,0.5035335689045937,histgb_leaves15,0.25,2012-04-06,0.24971653668610577,1.0,-0.004696297642852842
2012-05-24,1,0.00409502675601936,0.5539416865231124,0.5035335689045937,histgb_leaves15,0.25,2012-04-06,0.24971653668610577,0.0,0.0
2012-05-25,1,0.003051764524749645,0.5505561061776394,0.5035335689045937,histgb_leaves15,0.25,2012-04-06,0.24971653668610577,0.0,0.0
2012-05-29,1,0.015524557676366735,0.5643610696911314,0.5035335689045937,histgb_leaves15,0.25,2012-04-06,0.24971653668610577,0.0,0.0
2012-05-30,0,-0.0006825125127294385,0.4400166081762549,0.5035335689045937,histgb_leaves15,0.25,2012-04-06,0.24971653668610577,0.0,-0.0
2012-05-31,1,0.012901169786647237,0.5341894715006686,0.5035335689045937,histgb_leaves15,0.25,2012-04-06,0.24971653668610577,0.0,0.0
2012-06-01,1,0.0013263612942666647,0.5138154293325294,0.5035335689045937,histgb_leaves15,0.25,2012-04-06,0.24971653668610577,0.0,0.0
2012-06-04,1,0.0003085415521324464,0.5369474967546534,0.5035335689045937,histgb_leaves15,0.25,2012-04-06,0.24971653668610577,0.0,0.0
2012-06-05,1,0.0010945174122718448,0.5181083582668167,0.5035335689045937,histgb_leaves15,0.25,2012-04-06,0.24971653668610577,0.0,0.0
2012-06-07,1,0.004599100837732184,0.5595920878420947,0.5035335689045937,histgb_leaves15,0.25,2012-04-06,0.24971653668610577,0.0,0.0
2012-06-08,0,-0.009902912621359117,0.545776040892333,0.5035335689045937,histgb_leaves15,0.25,2012-04-06,0.24971653668610577,0.0,-0.0
2012-06-11,1,0.0032994787468427766,0.5774110426702456,0.5035335689045937,histgb_leaves15,0.25,2012-04-06,0.24971653668610577,1.0,0.0022994787468427766
2012-06-12,1,0.007704176989611788,0.5597098494934065,0.5035335689045937,histgb_leaves15,0.25,2012-04-06,0.24971653668610577,0.0,0.0
2012-06-13,0,-0.0043535302149990684,0.4912743946867929,0.5035335689045937,histgb_leaves15,0.25,2012-04-06,0.24971653668610577,0.0,-0.0
2012-06-14,1,0.008030938774191254,0.5343342171102339,0.5035335689045937,histgb_leaves15,0.25,2012-04-06,0.24971653668610577,0.0,0.0
2012-06-15,0,-0.0071173616602902,0.5130126977934105,0.5035335689045937,histgb_leaves15,0.25,2012-04-06,0.24971653668610577,0.0,-0.0
2012-06-18,0,-0.0006339445615480832,0.5364940373215947,0.5035335689045937,histgb_leaves15,0.25,2012-04-06,0.24971653668610577,0.0,-0.0
2012-06-19,1,0.0032934512823776796,0.5780379061386921,0.5035335689045937,histgb_leaves15,0.25,2012-04-06,0.24971653668610577,1.0,0.0022934512823776796
2012-06-20,0,-0.002132911292900719,0.5178921823327278,0.5035335689045937,histgb_leaves15,0.25,2012-04-06,0.24971653668610577,0.0,-0.0
2012-06-21,0,-0.0033552975188735346,0.5811969140767945,0.5035335689045937,histgb_leaves15,0.25,2012-04-06,0.24971653668610577,1.0,-0.004355297518873535
2012-06-22,0,-0.007547919889977606,0.5909210684631833,0.5035335689045937,histgb_leaves15,0.25,2012-04-06,0.24971653668610577,1.0,-0.008547919889977607
2012-06-25,0,-0.009431504916538214,0.505818185637172,0.5035335689045937,histgb_leaves15,0.25,2012-04-06,0.24971653668610577,0.0,-0.0
2012-06-26,0,-0.00038493052004118233,0.5997610421189379,0.5035335689045937,histgb_leaves15,0.25,2012-04-06,0.24971653668610577,1.0,-0.0013849305200411824
2012-06-27,1,0.0010739659635401466,0.5488083056321748,0.5035335689045937,histgb_leaves15,0.25,2012-04-06,0.24971653668610577,0.0,0.0
2012-06-28,0,-0.003936770752914209,0.5492645812806204,0.5035335689045937,histgb_leaves15,0.25,2012-04-06,0.24971653668610577,0.0,-0.0
2012-06-29,1,0.02510215027009699,0.5871892291403523,0.5035335689045937,histgb_leaves15,0.25,2012-04-06,0.24971653668610577,1.0,0.02410215027009699
2012-07-02,0,-0.007014420318222969,0.43777761771896145,0.5035335689045937,histgb_leaves15,0.25,2012-04-06,0.24971653668610577,0.0,-0.0
2012-07-03,1,0.004906655189110598,0.5797209117542543,0.5035335689045937,histgb_leaves15,0.25,2012-04-06,0.24971653668610577,1.0,0.003906655189110598
2012-07-04,0,-0.000570508445657758,0.48903973745017476,0.5035335689045937,histgb_leaves15,0.25,2012-04-06,0.24971653668610577,0.0,-0.0
2012-07-05,1,0.0026516548785637806,0.5125661212283797,0.5035335689045937,histgb_leaves15,0.25,2012-04-06,0.24971653668610577,0.0,0.0
2012-07-06,0,-0.010406126513787806,0.5047265918403882,0.5035335689045937,histgb_leaves15,0.25,2012-04-06,0.24971653668610577,0.0,-0.0
2012-07-09,0,-0.0022659349019180652,0.5468492873346279,0.5035335689045937,histgb_leaves15,0.25,2012-04-06,0.24971653668610577,0.0,-0.0
2012-07-10,0,-0.007766695412117497,0.571876796866003,0.5035335689045937,histgb_leaves15,0.25,2012-04-06,0.24971653668610577,1.0,-0.008766695412117498
2012-07-11,1,0.00047109606525230774,0.5808916408519973,0.5035335689045937,histgb_leaves15,0.25,2012-04-06,0.24971653668610577,1.0,-0.0005289039347476923
2012-07-12,0,-0.023213445525270493,0.4628694522448016,0.49920508744038156,histgb_leaves7,0.25,2012-07-10,0.2501944855927886,0.0,-0.0
2012-07-13,1,0.012233525779182353,0.5122997171903152,0.49920508744038156,histgb_leaves7,0.25,2012-07-10,0.2501944855927886,0.0,0.0
2012-07-16,0,-0.001400837206236183,0.4825291634056892,0.49920508744038156,histgb_leaves7,0.25,2012-07-10,0.2501944855927886,0.0,-0.0
2012-07-17,1,0.007370219447869308,0.5119712176028902,0.49920508744038156,histgb_leaves7,0.25,2012-07-10,0.2501944855927886,0.0,0.0
2012-07-18,0,-0.014478828076956773,0.4777476210781434,0.49920508744038156,histgb_leaves7,0.25,2012-07-10,0.2501944855927886,0.0,-0.0
2012-07-19,1,0.0011642977966213053,0.5032167916500103,0.49920508744038156,histgb_leaves7,0.25,2012-07-10,0.2501944855927886,0.0,0.0
2012-07-20,0,-0.000559225855971901,0.4964417448567413,0.49920508744038156,histgb_leaves7,0.25,2012-07-10,0.2501944855927886,0.0,-0.0
2012-07-23,0,-0.005446744180876317,0.48306589117754,0.49920508744038156,histgb_leaves7,0.25,2012-07-10,0.2501944855927886,0.0,-0.0
2012-07-24,1,0.005301293941618601,0.5118093966431864,0.49920508744038156,histgb_leaves7,0.25,2012-07-10,0.2501944855927886,0.0,0.0
2012-07-25,1,0.005164127211371161,0.472365652648331,0.49920508744038156,histgb_leaves7,0.25,2012-07-10,0.2501944855927886,0.0,0.0
2012-07-26,1,0.0025084223373321723,0.4589488549824354,0.49920508744038156,histgb_leaves7,0.25,2012-07-10,0.2501944855927886,0.0,0.0
2012-07-27,1,0.008924533089168074,0.49123807886011595,0.49920508744038156,histgb_leaves7,0.25,2012-07-10,0.2501944855927886,0.0,0.0
2012-07-30,0,-0.0017433581843087076,0.46825215237930146,0.49920508744038156,histgb_leaves7,0.25,2012-07-10,0.2501944855927886,0.0,-0.0
2012-07-31,1,0.01979452277480953,0.503894692254629,0.49920508744038156,histgb_leaves7,0.25,2012-07-10,0.2501944855927886,0.0,0.0
2012-08-01,1,0.004998449678709438,0.47894010652575447,0.49920508744038156,histgb_leaves7,0.25,2012-07-10,0.2501944855927886,0.0,0.0
2012-08-02,0,-0.0075809054616494675,0.4955171465858281,0.49920508744038156,histgb_leaves7,0.25,2012-07-10,0.2501944855927886,0.0,-0.0
2012-08-03,1,0.0011372374876799096,0.49905434535463955,0.49920508744038156,histgb_leaves7,0.25,2012-07-10,0.2501944855927886,0.0,0.0
2012-08-06,1,0.0011998173729310668,0.49757030714726885,0.49920508744038156,histgb_leaves7,0.25,2012-07-10,0.2501944855927886,0.0,0.0
2012-08-07,1,0.0015818921128345487,0.5481728515267296,0.49920508744038156,histgb_leaves7,0.25,2012-07-10,0.2501944855927886,0.0,0.0
2012-08-08,1,0.003506311360448766,0.46363867325302505,0.49920508744038156,histgb_leaves7,0.25,2012-07-10,0.2501944855927886,0.0,0.0
2012-08-09,1,0.017544687567182082,0.5735909919517653,0.49920508744038156,histgb_leaves7,0.25,2012-07-10,0.2501944855927886,1.0,0.01654468756718208
2012-08-10,1,0.004391374123402292,0.4919586908023365,0.49920508744038156,histgb_leaves7,0.25,2012-07-10,0.2501944855927886,0.0,0.0
2012-08-13,0,-0.0066261251304404745,0.4504854690711825,0.49920508744038156,histgb_leaves7,0.25,2012-07-10,0.2501944855927886,0.0,-0.0
2012-08-14,1,0.007386969077684213,0.5264843639281048,0.49920508744038156,histgb_leaves7,0.25,2012-07-10,0.2501944855927886,0.0,0.0
2012-08-16,1,0.0007974033276254566,0.5066279026625228,0.49920508744038156,histgb_leaves7,0.25,2012-07-10,0.2501944855927886,0.0,0.0
2012-08-17,0,-0.008925343801391983,0.4661951714629786,0.49920508744038156,histgb_leaves7,0.25,2012-07-10,0.2501944855927886,0.0,-0.0
2012-08-20,1,0.0008433307450621541,0.5458701468445681,0.49920508744038156,histgb_leaves7,0.25,2012-07-10,0.2501944855927886,0.0,0.0
2012-08-21,0,-0.005776383850683797,0.5011818704744407,0.49920508744038156,histgb_leaves7,0.25,2012-07-10,0.2501944855927886,0.0,-0.0
2012-08-22,0,-0.002273664673128395,0.5266268158203354,0.49920508744038156,histgb_leaves7,0.25,2012-07-10,0.2501944855927886,0.0,-0.0
2012-08-23,1,0.004124968985195654,0.5023250904139095,0.49920508744038156,histgb_leaves7,0.25,2012-07-10,0.2501944855927886,0.0,0.0
2012-08-24,0,-0.0006610864721927623,0.4704834642334599,0.49920508744038156,histgb_leaves7,0.25,2012-07-10,0.2501944855927886,0.0,-0.0
2012-08-27,1,0.004635886475783391,0.47221149224329284,0.49920508744038156,histgb_leaves7,0.25,2012-07-10,0.2501944855927886,0.0,0.0
2012-08-28,0,-0.002960427050707093,0.48300804452547463,0.49920508744038156,histgb_leaves7,0.25,2012-07-10,0.2501944855927886,0.0,-0.0
2012-08-29,1,0.004191638592234259,0.5422122850437437,0.49920508744038156,histgb_leaves7,0.25,2012-07-10,0.2501944855927886,0.0,0.0
2012-08-30,0,-0.008549942272287447,0.5414094942450338,0.49920508744038156,histgb_leaves7,0.25,2012-07-10,0.2501944855927886,0.0,-0.0
2012-08-31,1,0.004195745219169655,0.5646982908374931,0.49920508744038156,histgb_leaves7,0.25,2012-07-10,0.2501944855927886,0.0,0.0
2012-09-03,1,0.0019119357170545026,0.5248158975622614,0.49920508744038156,histgb_leaves7,0.25,2012-07-10,0.2501944855927886,0.0,0.0
2012-09-04,0,-0.0022705038530554944,0.5226007787889142,0.49920508744038156,histgb_leaves7,0.25,2012-07-10,0.2501944855927886,0.0,-0.0
2012-09-05,0,-0.010909378793476532,0.4854695041161542,0.49920508744038156,histgb_leaves7,0.25,2012-07-10,0.2501944855927886,0.0,-0.0
2012-09-06,0,-0.00015944385981692122,0.5529985146328731,0.49920508744038156,histgb_leaves7,0.25,2012-07-10,0.2501944855927886,0.0,-0.0
2012-09-07,1,0.0058487458037073115,0.5446355028608028,0.49920508744038156,histgb_leaves7,0.25,2012-07-10,0.2501944855927886,0.0,0.0
2012-09-10,0,-0.005132764404563228,0.47265260698956635,0.49920508744038156,histgb_leaves7,0.25,2012-07-10,0.2501944855927886,0.0,-0.0
2012-09-11,0,-0.00023952594690856976,0.4936254934664751,0.49920508744038156,histgb_leaves7,0.25,2012-07-10,0.2501944855927886,0.0,-0.0
2012-09-12,1,0.00962494304767425,0.47342768386684675,0.49920508744038156,histgb_leaves7,0.25,2012-07-10,0.2501944855927886,0.0,0.0
2012-09-13,1,0.0012421276311804785,0.49565164482962787,0.49920508744038156,histgb_leaves7,0.25,2012-07-10,0.2501944855927886,0.0,0.0
2012-09-14,1,0.0065984095626798744,0.4537117369853641,0.49920508744038156,histgb_leaves7,0.25,2012-07-10,0.2501944855927886,0.0,0.0
2012-09-17,0,-0.0015905940544691521,0.44339277821217704,0.49920508744038156,histgb_leaves7,0.25,2012-07-10,0.2501944855927886,0.0,-0.0
2012-09-18,1,0.0033328329079718166,0.5121610524803888,0.49920508744038156,histgb_leaves7,0.25,2012-07-10,0.2501944855927886,0.0,0.0
2012-09-19,1,0.003839616038396221,0.48284122893887743,0.49920508744038156,histgb_leaves7,0.25,2012-07-10,0.2501944855927886,0.0,0.0
2012-09-20,0,-0.003664305559031966,0.5053462388629224,0.49920508744038156,histgb_leaves7,0.25,2012-07-10,0.2501944855927886,0.0,-0.0
2012-09-21,1,0.0011599710007248465,0.4645247005198337,0.49920508744038156,histgb_leaves7,0.25,2012-07-10,0.2501944855927886,0.0,0.0
2012-09-24,1,0.003516294166558076,0.44965567173120563,0.49920508744038156,histgb_leaves7,0.25,2012-07-10,0.2501944855927886,0.0,0.0
2012-09-25,0,-0.0013389633314609961,0.48468102924620426,0.49920508744038156,histgb_leaves7,0.25,2012-07-10,0.2501944855927886,0.0,-0.0
2012-09-26,1,0.0037149474687170336,0.46549514115215773,0.49920508744038156,histgb_leaves7,0.25,2012-07-10,0.2501944855927886,0.0,0.0
2012-09-27,1,0.009671769096032179,0.467225547655759,0.49920508744038156,histgb_leaves7,0.25,2012-07-10,0.2501944855927886,0.0,0.0
2012-09-28,0,-0.0018999905000475215,0.43165436439869004,0.49920508744038156,histgb_leaves7,0.25,2012-07-10,0.2501944855927886,0.0,-0.0
2012-10-02,0,-0.0012459219822669176,0.44767518498679754,0.49920508744038156,histgb_leaves7,0.25,2012-07-10,0.2501944855927886,0.0,-0.0
2012-10-04,0,-0.003026922095530682,0.4612773654586869,0.49920508744038156,histgb_leaves7,0.25,2012-07-10,0.2501944855927886,0.0,-0.0
2012-10-05,0,-0.004714110404964389,0.4917451977934961,0.49920508744038156,histgb_leaves7,0.25,2012-07-10,0.2501944855927886,0.0,-0.0
2012-10-08,0,-0.006098141972367688,0.49654389147630884,0.49920508744038156,histgb_leaves7,0.25,2012-07-10,0.2501944855927886,0.0,-0.0
2012-10-09,0,-0.0015387797728659836,0.49814926375141877,0.49920508744038156,histgb_leaves7,0.25,2012-07-10,0.2501944855927886,0.0,-0.0
2012-10-10,0,-0.006972832458331246,0.5348865038500614,0.49920508744038156,histgb_leaves7,0.25,2012-07-10,0.2501944855927886,0.0,-0.0
2012-10-11,0,-0.0007237049558281861,0.5089711628255089,0.49920508744038156,histgb_leaves7,0.25,2012-07-10,0.2501944855927886,0.0,-0.0
2012-10-12,0,-0.002368604381144057,0.4934390199776868,0.5028901734104047,histgb_leaves7,0.25,2012-10-10,0.2486964229249208,0.0,-0.0
2012-10-15,0,-0.001156746999201208,0.47586499231238183,0.5028901734104047,histgb_leaves7,0.25,2012-10-10,0.2486964229249208,0.0,-0.0
2012-10-16,0,-0.0004993539286799464,0.44672127414041435,0.5028901734104047,histgb_leaves7,0.25,2012-10-10,0.2486964229249208,0.0,-0.0
2012-10-17,0,-0.0003221221200747637,0.45195357171647044,0.5028901734104047,histgb_leaves7,0.25,2012-10-10,0.2486964229249208,0.0,-0.0
2012-10-18,0,-0.0006478302786691037,0.47923469396415785,0.5028901734104047,histgb_leaves7,0.25,2012-10-10,0.2486964229249208,0.0,-0.0
2012-10-19,0,-0.005367568424984537,0.486967209423917,0.5028901734104047,histgb_leaves7,0.25,2012-10-10,0.2486964229249208,0.0,-0.0
2012-10-22,1,0.016017959371631196,0.4600698615892588,0.5028901734104047,histgb_leaves7,0.25,2012-10-10,0.2486964229249208,0.0,0.0
2012-10-23,0,-0.008735511552173891,0.46237691088464933,0.5028901734104047,histgb_leaves7,0.25,2012-10-10,0.2486964229249208,0.0,-0.0
2012-10-24,1,0.003565511021623724,0.4883395859470044,0.5028901734104047,histgb_leaves7,0.25,2012-10-10,0.2486964229249208,0.0,0.0
2012-10-25,1,0.009224347242397402,0.4792105183017063,0.5028901734104047,histgb_leaves7,0.25,2012-10-10,0.2486964229249208,0.0,0.0
2012-10-26,0,-0.01366784172211677,0.4628283331466617,0.5028901734104047,histgb_leaves7,0.25,2012-10-10,0.2486964229249208,0.0,-0.0
2012-10-29,0,-0.005421094419585271,0.4850990034502838,0.5028901734104047,histgb_leaves7,0.25,2012-10-10,0.2486964229249208,0.0,-0.0
2012-10-30,1,0.002919669491301624,0.4949505113960588,0.5028901734104047,histgb_leaves7,0.25,2012-10-10,0.2486964229249208,0.0,0.0
2012-10-31,0,-0.0004025449203536313,0.4732909505716475,0.5028901734104047,histgb_leaves7,0.25,2012-10-10,0.2486964229249208,0.0,-0.0
2012-11-01,0,-0.0026949363564249262,0.45366307448842685,0.5028901734104047,histgb_leaves7,0.25,2012-10-10,0.2486964229249208,0.0,-0.0
2012-11-02,0,-0.0009528520475905466,0.48125373046794806,0.5028901734104047,histgb_leaves7,0.25,2012-10-10,0.2486964229249208,0.0,-0.0
2012-11-05,1,0.0014484691360616697,0.48535330437067853,0.5028901734104047,histgb_leaves7,0.25,2012-10-10,0.2486964229249208,0.0,0.0
2012-11-06,1,0.008546785017496505,0.5108634182138146,0.5028901734104047,histgb_leaves7,0.25,2012-10-10,0.2486964229249208,0.0,0.0
2012-11-07,1,0.0019443683130018208,0.5110471233692391,0.5028901734104047,histgb_leaves7,0.25,2012-10-10,0.2486964229249208,0.0,0.0
2012-11-08,1,0.0009254224527355248,0.4925229285313147,0.5028901734104047,histgb_leaves7,0.25,2012-10-10,0.2486964229249208,0.0,0.0
2012-11-09,1,0.005979641749731979,0.4881704109023812,0.5028901734104047,histgb_leaves7,0.25,2012-10-10,0.2486964229249208,0.0,0.0
2012-11-12,1,0.0008266203338072042,0.4682908960540221,0.5028901734104047,histgb_leaves7,0.25,2012-10-10,0.2486964229249208,0.0,0.0
2012-11-13,0,-0.007609534762812564,0.4480523751548034,0.5028901734104047,histgb_leaves7,0.25,2012-10-10,0.2486964229249208,0.0,-0.0
2012-11-14,1,0.0013693198339896906,0.48271948173895024,0.5028901734104047,histgb_leaves7,0.25,2012-10-10,0.2486964229249208,0.0,0.0
2012-11-15,1,0.0002299108694374663,0.4862438975684611,0.5028901734104047,histgb_leaves7,0.25,2012-10-10,0.2486964229249208,0.0,0.0
2012-11-16,0,-0.0026690820608743504,0.497314079854498,0.5028901734104047,histgb_leaves7,0.25,2012-10-10,0.2486964229249208,0.0,-0.0
2012-11-19,1,0.004460465514290579,0.47004069512778723,0.5028901734104047,histgb_leaves7,0.25,2012-10-10,0.2486964229249208,0.0,0.0
2012-11-20,0,-0.0033744951438905435,0.46987007295965233,0.5028901734104047,histgb_leaves7,0.25,2012-10-10,0.2486964229249208,0.0,-0.0
2012-11-21,0,-0.006161247441605289,0.48630149270592793,0.5028901734104047,histgb_leaves7,0.25,2012-10-10,0.2486964229249208,0.0,-0.0
2012-11-22,1,0.002554548045559546,0.505115882045115,0.5028901734104047,histgb_leaves7,0.25,2012-10-10,0.2486964229249208,0.0,0.0
2012-11-23,1,0.005048035210045487,0.4973453500820343,0.5028901734104047,histgb_leaves7,0.25,2012-10-10,0.2486964229249208,0.0,0.0
2012-11-26,0,-0.004953050296922279,0.4844749517280078,0.5028901734104047,histgb_leaves7,0.25,2012-10-10,0.2486964229249208,0.0,-0.0
2012-11-27,1,0.004204179141846787,0.5203233539028068,0.5028901734104047,histgb_leaves7,0.25,2012-10-10,0.2486964229249208,0.0,0.0
2012-11-28,0,-0.0018420819178525116,0.4910516185557278,0.5028901734104047,histgb_leaves7,0.25,2012-10-10,0.2486964229249208,0.0,-0.0
2012-11-29,1,0.0062355033647796265,0.4907497103921707,0.5028901734104047,histgb_leaves7,0.25,2012-10-10,0.2486964229249208,0.0,0.0
2012-11-30,1,9.830755778161837e-05,0.5117967742355755,0.5028901734104047,histgb_leaves7,0.25,2012-10-10,0.2486964229249208,0.0,0.0
2012-12-03,1,0.0014143541460192033,0.44163103418986493,0.5028901734104047,histgb_leaves7,0.25,2012-10-10,0.2486964229249208,0.0,0.0
2012-12-04,1,0.0013039023935923488,0.4686086533377541,0.5028901734104047,histgb_leaves7,0.25,2012-10-10,0.2486964229249208,0.0,0.0
2012-12-05,1,0.007028886187902428,0.49004052700636713,0.5028901734104047,histgb_leaves7,0.25,2012-10-10,0.2486964229249208,0.0,0.0
2012-12-06,1,0.0005491262733827718,0.46249954200242577,0.5028901734104047,histgb_leaves7,0.25,2012-10-10,0.2486964229249208,0.0,0.0
2012-12-07,1,0.0021913095122287896,0.45929617619336915,0.5028901734104047,histgb_leaves7,0.25,2012-10-10,0.2486964229249208,0.0,0.0
2012-12-10,0,-0.0042173057063350505,0.4671685597596559,0.5028901734104047,histgb_leaves7,0.25,2012-10-10,0.2486964229249208,0.0,-0.0
2012-12-11,1,0.001070052789270859,0.5171058333093039,0.5028901734104047,histgb_leaves7,0.25,2012-10-10,0.2486964229249208,0.0,0.0
2012-12-12,1,0.0015768152388293544,0.49367695063360717,0.5028901734104047,histgb_leaves7,0.25,2012-10-10,0.2486964229249208,0.0,0.0
2012-12-13,1,0.013455252051938649,0.4872251311077853,0.5028901734104047,histgb_leaves7,0.25,2012-10-10,0.2486964229249208,0.0,0.0
2012-12-14,1,0.0028249439535139587,0.518565764480066,0.5028901734104047,histgb_leaves7,0.25,2012-10-10,0.2486964229249208,0.0,0.0
2012-12-17,0,-0.005072296531171361,0.49755922050878987,0.5028901734104047,histgb_leaves7,0.25,2012-10-10,0.2486964229249208,0.0,-0.0
2012-12-18,1,0.0011905240315062127,0.4656177092421178,0.5028901734104047,histgb_leaves7,0.25,2012-10-10,0.2486964229249208,0.0,0.0
2012-12-20,0,-0.0013036246759667858,0.5220923692288552,0.5028901734104047,histgb_leaves7,0.25,2012-10-10,0.2486964229249208,0.0,-0.0
2012-12-21,0,-0.01206718513825622,0.5093110223630393,0.5028901734104047,histgb_leaves7,0.25,2012-10-10,0.2486964229249208,0.0,-0.0
2012-12-24,0,-0.0011894082190124777,0.513830113861719,0.5028901734104047,histgb_leaves7,0.25,2012-10-10,0.2486964229249208,0.0,-0.0
2012-12-26,0,-0.0049445308970432755,0.5019061771558916,0.5028901734104047,histgb_leaves7,0.25,2012-10-10,0.2486964229249208,0.0,-0.0
2012-12-27,1,0.003985935558182385,0.49427397978456306,0.5028901734104047,histgb_leaves7,0.25,2012-10-10,0.2486964229249208,0.0,0.0
2012-12-28,1,0.0061516293504766395,0.4916516245468875,0.5028901734104047,histgb_leaves7,0.25,2012-10-10,0.2486964229249208,0.0,0.0
2013-01-02,1,0.008620775273868508,0.46816285777029276,0.5028901734104047,histgb_leaves7,0.25,2012-10-10,0.2486964229249208,0.0,0.0
2013-01-03,0,-0.010694479825988035,0.4989405434014105,0.5028901734104047,histgb_leaves7,0.25,2012-10-10,0.2486964229249208,0.0,-0.0
2013-01-04,0,-0.002943683469780245,0.4819481691192827,0.5028901734104047,histgb_leaves7,0.25,2012-10-10,0.2486964229249208,0.0,-0.0
2013-01-07,0,-0.0004472827572497007,0.50663581617056,0.5028901734104047,histgb_leaves7,0.25,2012-10-10,0.2486964229249208,0.0,-0.0
2013-01-08,0,-0.0026357564321441984,0.5329556205593735,0.5028901734104047,histgb_leaves7,0.25,2012-10-10,0.2486964229249208,0.0,-0.0
2013-01-09,0,-0.005079970828879454,0.49400791863852217,0.5028901734104047,histgb_leaves7,0.25,2012-10-10,0.2486964229249208,0.0,-0.0
2013-01-10,1,0.006484876145385732,0.46998628371268525,0.5028901734104047,histgb_leaves7,0.25,2012-10-10,0.2486964229249208,0.0,0.0
2013-01-11,0,-0.010265790282445564,0.45000496125530814,0.5028901734104047,histgb_leaves7,0.25,2012-10-10,0.2486964229249208,0.0,-0.0
2013-01-14,1,0.006630488208564378,0.4812342229458677,0.5028901734104047,histgb_leaves7,0.25,2012-10-10,0.2486964229249208,0.0,0.0
2013-01-15,0,-0.011535261025766297,0.3643195712244034,0.5033112582781457,histgb_leaves15,0.5,2013-01-11,0.24752974016247573,-1.0,0.010535261025766296
2013-01-16,0,-0.005526945746414325,0.48654986597881733,0.5033112582781457,histgb_leaves15,0.5,2013-01-11,0.24752974016247573,0.0,-0.0
2013-01-17,0,-0.004738691415406837,0.5606804229172462,0.5033112582781457,histgb_leaves15,0.5,2013-01-11,0.24752974016247573,0.0,-0.0
2013-01-18,1,0.00010062133675425855,0.4548024987914988,0.5033112582781457,histgb_leaves15,0.5,2013-01-11,0.24752974016247573,0.0,0.0
2013-01-21,0,-0.0005533310529387547,0.3840937373362774,0.5033112582781457,histgb_leaves15,0.5,2013-01-11,0.24752974016247573,-1.0,-0.0004466689470612453
2013-01-22,1,0.005003573981415377,0.4793436053256376,0.5033112582781457,histgb_leaves15,0.5,2013-01-11,0.24752974016247573,0.0,0.0
2013-01-23,0,-0.011460688739473923,0.41715863395519026,0.5033112582781457,histgb_leaves15,0.5,2013-01-11,0.24752974016247573,-1.0,0.010460688739473922
2013-01-24,0,-0.003232107973716869,0.49933545224193604,0.5033112582781457,histgb_leaves15,0.5,2013-01-11,0.24752974016247573,0.0,-0.0
2013-01-25,0,-0.010023393002441039,0.5501130501371788,0.5033112582781457,histgb_leaves15,0.5,2013-01-11,0.24752974016247573,0.0,-0.0
2013-01-28,0,-0.00031953327526756947,0.4016122617452862,0.5033112582781457,histgb_leaves15,0.5,2013-01-11,0.24752974016247573,-1.0,-0.0006804667247324305
2013-01-29,1,0.005061378853199461,0.43230731921328613,0.5033112582781457,histgb_leaves15,0.5,2013-01-11,0.24752974016247573,0.0,0.0
2013-01-30,1,0.0012793589952699858,0.4041189869164423,0.5033112582781457,histgb_leaves15,0.5,2013-01-11,0.24752974016247573,-1.0,-0.0022793589952699858
2013-01-31,1,0.0005916013015228039,0.43227977441453613,0.5033112582781457,histgb_leaves15,0.5,2013-01-11,0.24752974016247573,0.0,0.0
2013-02-01,0,-0.0035424354243542844,0.39409505948415186,0.5033112582781457,histgb_leaves15,0.5,2013-01-11,0.24752974016247573,-1.0,0.0025424354243542844
2013-02-04,0,-0.007994108535005928,0.3964653285399791,0.5033112582781457,histgb_leaves15,0.5,2013-01-11,0.24752974016247573,-1.0,0.006994108535005928
2013-02-05,1,0.000650517316151511,0.5657683204942148,0.5033112582781457,histgb_leaves15,0.5,2013-01-11,0.24752974016247573,0.0,0.0
2013-02-06,0,-0.003674105787488391,0.4871064659822738,0.5033112582781457,histgb_leaves15,0.5,2013-01-11,0.24752974016247573,0.0,-0.0
2013-02-07,0,-0.0039444782460735794,0.5240275959409701,0.5033112582781457,histgb_leaves15,0.5,2013-01-11,0.24752974016247573,0.0,-0.0
2013-02-08,1,0.010829015544041587,0.4966302418255889,0.5033112582781457,histgb_leaves15,0.5,2013-01-11,0.24752974016247573,0.0,0.0
2013-02-12,0,-0.006469368789763452,0.4364683167826928,0.5033112582781457,histgb_leaves15,0.5,2013-01-11,0.24752974016247573,0.0,-0.0
2013-02-13,1,0.011885132574787738,0.4047482295353376,0.5033112582781457,histgb_leaves15,0.5,2013-01-11,0.24752974016247573,-1.0,-0.012885132574787739
2013-02-14,1,0.001107503716964553,0.38762957109918883,0.5033112582781457,histgb_leaves15,0.5,2013-01-11,0.24752974016247573,-1.0,-0.002107503716964553
2013-02-15,1,6.057363229783341e-05,0.4584739860812159,0.5033112582781457,histgb_leaves15,0.5,2013-01-11,0.24752974016247573,0.0,0.0
2013-02-18,1,0.001257944246294329,0.39113490436248527,0.5033112582781457,histgb_leaves15,0.5,2013-01-11,0.24752974016247573,-1.0,-0.002257944246294329
2013-02-19,1,0.0019526125653392956,0.4549497303462732,0.5033112582781457,histgb_leaves15,0.5,2013-01-11,0.24752974016247573,0.0,0.0
2013-02-20,1,0.013820454272323035,0.42504195358366575,0.5033112582781457,histgb_leaves15,0.5,2013-01-11,0.24752974016247573,-1.0,-0.014820454272323036
2013-02-21,1,0.00035740878629941797,0.4557726320678155,0.5033112582781457,histgb_leaves15,0.5,2013-01-11,0.24752974016247573,0.0,0.0
2013-02-22,1,0.005753883248478253,0.4325615244737085,0.5033112582781457,histgb_leaves15,0.5,2013-01-11,0.24752974016247573,0.0,0.0
2013-02-25,0,-0.006422712372250339,0.37080897967183946,0.5033112582781457,histgb_leaves15,0.5,2013-01-11,0.24752974016247573,-1.0,0.005422712372250339
2013-02-26,1,0.0034568917074737637,0.5018372890044004,0.5033112582781457,histgb_leaves15,0.5,2013-01-11,0.24752974016247573,0.0,0.0
2013-02-27,0,-0.0024390972353579565,0.445688191670496,0.5033112582781457,histgb_leaves15,0.5,2013-01-11,0.24752974016247573,0.0,-0.0
2013-02-28,1,0.0036849013149748977,0.3506856405730654,0.5033112582781457,histgb_leaves15,0.5,2013-01-11,0.24752974016247573,-1.0,-0.004684901314974898
2013-03-04,0,-0.007591629489043794,0.36209201695135973,0.5033112582781457,histgb_leaves15,0.5,2013-01-11,0.24752974016247573,-1.0,0.006591629489043794
2013-03-05,0,-0.0028678655663293418,0.51647166804659,0.5033112582781457,histgb_leaves15,0.5,2013-01-11,0.24752974016247573,0.0,-0.0
2013-03-06,0,-0.006113605847027137,0.3583170350725226,0.5033112582781457,histgb_leaves15,0.5,2013-01-11,0.24752974016247573,-1.0,0.005113605847027137
2013-03-07,0,-0.007049335440372895,0.4108214316496577,0.5033112582781457,histgb_leaves15,0.5,2013-01-11,0.24752974016247573,-1.0,0.006049335440372895
2013-03-08,1,0.002018012257925861,0.4490520893556491,0.5033112582781457,histgb_leaves15,0.5,2013-01-11,0.24752974016247573,0.0,0.0
2013-03-11,1,0.001389603962870467,0.3753309298859472,0.5033112582781457,histgb_leaves15,0.5,2013-01-11,0.24752974016247573,-1.0,-0.002389603962870467
2013-03-12,0,-0.006726993681608895,0.41472927070991095,0.5033112582781457,histgb_leaves15,0.5,2013-01-11,0.24752974016247573,-1.0,0.005726993681608895
2013-03-13,1,0.002476451155259518,0.4748043273838329,0.5033112582781457,histgb_leaves15,0.5,2013-01-11,0.24752974016247573,0.0,0.0
2013-03-14,1,0.0010299639512618697,0.35880118442225917,0.5033112582781457,histgb_leaves15,0.5,2013-01-11,0.24752974016247573,-1.0,-0.0020299639512618697
2013-03-15,0,-0.01154892994511647,0.405659244738892,0.5033112582781457,histgb_leaves15,0.5,2013-01-11,0.24752974016247573,-1.0,0.01054892994511647
2013-03-18,0,-0.0033068146715213853,0.5121904316486017,0.5033112582781457,histgb_leaves15,0.5,2013-01-11,0.24752974016247573,0.0,-0.0
2013-03-19,1,7.581846027870931e-05,0.5486142439060566,0.5033112582781457,histgb_leaves15,0.5,2013-01-11,0.24752974016247573,0.0,0.0
2013-03-20,0,-0.004966509072258152,0.47600316278070953,0.5033112582781457,histgb_leaves15,0.5,2013-01-11,0.24752974016247573,0.0,-0.0
2013-03-21,0,-0.009384045092164728,0.5133120314221631,0.5033112582781457,histgb_leaves15,0.5,2013-01-11,0.24752974016247573,0.0,-0.0
2013-03-22,0,-0.00016418423523489878,0.5340285737542643,0.5033112582781457,histgb_leaves15,0.5,2013-01-11,0.24752974016247573,0.0,-0.0
2013-03-25,1,0.0044797724560023955,0.5090510262449427,0.5033112582781457,histgb_leaves15,0.5,2013-01-11,0.24752974016247573,0.0,0.0
2013-03-26,1,0.0034854133680020105,0.4789449641327792,0.5033112582781457,histgb_leaves15,0.5,2013-01-11,0.24752974016247573,0.0,0.0
2013-03-27,1,0.0007681069927858442,0.4716492927055401,0.5033112582781457,histgb_leaves15,0.5,2013-01-11,0.24752974016247573,0.0,0.0
2013-03-28,1,0.0019198874202139837,0.46013247926581813,0.5033112582781457,histgb_leaves15,0.5,2013-01-11,0.24752974016247573,0.0,0.0
2013-03-29,0,-0.0011110446809358132,0.518921551879737,0.5033112582781457,histgb_leaves15,0.5,2013-01-11,0.24752974016247573,0.0,-0.0
2013-04-01,0,-0.006940505686736986,0.49071597881389806,0.5033112582781457,histgb_leaves15,0.5,2013-01-11,0.24752974016247573,0.0,-0.0
2013-04-02,0,-0.00533851493131543,0.5824330696216132,0.5033112582781457,histgb_leaves15,0.5,2013-01-11,0.24752974016247573,1.0,-0.00633851493131543
2013-04-03,0,-0.0037624767042914176,0.604868786019181,0.5033112582781457,histgb_leaves15,0.5,2013-01-11,0.24752974016247573,1.0,-0.004762476704291418
2013-04-04,0,-0.0020067332521812586,0.5688626515901544,0.5033112582781457,histgb_leaves15,0.5,2013-01-11,0.24752974016247573,0.0,-0.0
2013-04-05,0,-0.010829787561655313,0.5890942112727613,0.5033112582781457,histgb_leaves15,0.5,2013-01-11,0.24752974016247573,1.0,-0.011829787561655314
2013-04-08,0,-0.00433307040850206,0.5896680876099769,0.5033112582781457,histgb_leaves15,0.5,2013-01-11,0.24752974016247573,1.0,-0.00533307040850206
2013-04-09,1,0.0013607002653626132,0.6116439000769871,0.5033112582781457,histgb_leaves15,0.5,2013-01-11,0.24752974016247573,1.0,0.0003607002653626132
2013-04-10,1,0.0009567002632218102,0.4743676733845356,0.5033112582781457,histgb_leaves15,0.5,2013-01-11,0.24752974016247573,0.0,0.0
2013-04-11,1,0.0027101664669610948,0.4278716311285892,0.5033112582781457,histgb_leaves15,0.5,2013-01-11,0.24752974016247573,-1.0,-0.0037101664669610948
2013-04-12,0,-0.015346276263675573,0.5015495350260973,0.5033112582781457,histgb_leaves15,0.5,2013-01-11,0.24752974016247573,0.0,-0.0
2013-04-15,1,0.0022911599845516495,0.5319624611886749,0.5033112582781457,histgb_leaves15,0.5,2013-01-11,0.24752974016247573,0.0,0.0
2013-04-16,1,0.011593638497405578,0.5070427843758779,0.5012224938875306,histgb_leaves15,0.25,2013-04-12,0.2482500023845837,0.0,0.0
2013-04-17,0,-0.005567013506598273,0.487483473958388,0.5012224938875306,histgb_leaves15,0.25,2013-04-12,0.2482500023845837,0.0,-0.0
2013-04-18,0,-0.00860400198272937,0.46986008897141746,0.5012224938875306,histgb_leaves15,0.25,2013-04-12,0.2482500023845837,0.0,-0.0
2013-04-19,1,0.003896069708058114,0.5330719740366507,0.5012224938875306,histgb_leaves15,0.25,2013-04-12,0.2482500023845837,0.0,0.0
2013-04-22,1,0.011733378151966622,0.4769799323491562,0.5012224938875306,histgb_leaves15,0.25,2013-04-12,0.2482500023845837,0.0,0.0
2013-04-23,0,-0.003013879434429878,0.47314757040891536,0.5012224938875306,histgb_leaves15,0.25,2013-04-12,0.2482500023845837,0.0,-0.0
2013-04-24,1,0.002200863774300066,0.465304103018515,0.5012224938875306,histgb_leaves15,0.25,2013-04-12,0.2482500023845837,0.0,0.0
2013-04-25,1,0.0070799017483020865,0.5317701831401366,0.5012224938875306,histgb_leaves15,0.25,2013-04-12,0.2482500023845837,0.0,0.0
2013-04-26,0,-0.00274883072126042,0.4670716610539821,0.5012224938875306,histgb_leaves15,0.25,2013-04-12,0.2482500023845837,0.0,-0.0
2013-04-29,0,-0.004192172900193358,0.45742174477815045,0.5012224938875306,histgb_leaves15,0.25,2013-04-12,0.2482500023845837,0.0,-0.0
2013-04-30,1,0.008669436640696082,0.47488326733691644,0.5012224938875306,histgb_leaves15,0.25,2013-04-12,0.2482500023845837,0.0,0.0
2013-05-02,0,-0.002273573027063658,0.5310313203412351,0.5012224938875306,histgb_leaves15,0.25,2013-04-12,0.2482500023845837,0.0,-0.0
2013-05-03,0,-0.0011027095148078425,0.4907711564954122,0.5012224938875306,histgb_leaves15,0.25,2013-04-12,0.2482500023845837,0.0,-0.0
2013-05-06,0,-0.008071041346387253,0.4585215799639548,0.5012224938875306,histgb_leaves15,0.25,2013-04-12,0.2482500023845837,0.0,-0.0
2013-05-07,0,-0.00404121735939833,0.5142794661355548,0.5012224938875306,histgb_leaves15,0.25,2013-04-12,0.2482500023845837,0.0,-0.0
2013-05-08,0,-0.002691501888639092,0.4899605518329471,0.5012224938875306,histgb_leaves15,0.25,2013-04-12,0.2482500023845837,0.0,-0.0
2013-05-09,1,0.008066774970590052,0.5019949389343373,0.5012224938875306,histgb_leaves15,0.25,2013-04-12,0.2482500023845837,0.0,0.0
2013-05-10,0,-0.015555713041893626,0.5136745138457689,0.5012224938875306,histgb_leaves15,0.25,2013-04-12,0.2482500023845837,0.0,-0.0
2013-05-13,1,0.006112986999576631,0.45372790206521896,0.5012224938875306,histgb_leaves15,0.25,2013-04-12,0.2482500023845837,0.0,0.0
2013-05-14,1,0.00738849461980462,0.45519804526815,0.5012224938875306,histgb_leaves15,0.25,2013-04-12,0.2482500023845837,0.0,0.0
2013-05-15,0,-0.00035497677437679176,0.43889261110867095,0.5012224938875306,histgb_leaves15,0.25,2013-04-12,0.2482500023845837,0.0,-0.0
2013-05-16,1,0.0034241905425675956,0.4937049226147581,0.5012224938875306,histgb_leaves15,0.25,2013-04-12,0.2482500023845837,0.0,0.0
2013-05-20,0,-0.0039842038626177745,0.4617966268721568,0.5012224938875306,histgb_leaves15,0.25,2013-04-12,0.2482500023845837,0.0,-0.0
2013-05-21,0,-0.0064843883210801145,0.536854404246186,0.5012224938875306,histgb_leaves15,0.25,2013-04-12,0.2482500023845837,0.0,-0.0
2013-05-22,1,0.0010392818411857352,0.5503795192420391,0.5012224938875306,histgb_leaves15,0.25,2013-04-12,0.2482500023845837,0.0,0.0
2013-05-23,0,-0.00841931406760632,0.4894736395613282,0.5012224938875306,histgb_leaves15,0.25,2013-04-12,0.2482500023845837,0.0,-0.0
2013-05-24,0,-0.002980776517543582,0.5010415481867718,0.5012224938875306,histgb_leaves15,0.25,2013-04-12,0.2482500023845837,0.0,-0.0
2013-05-27,1,0.0027246162494494186,0.538869016968838,0.5012224938875306,histgb_leaves15,0.25,2013-04-12,0.2482500023845837,0.0,0.0
2013-05-28,1,0.0013309269099306409,0.5003092127748545,0.5012224938875306,histgb_leaves15,0.25,2013-04-12,0.2482500023845837,0.0,0.0
2013-05-29,1,0.00376688452066265,0.4825965673807575,0.5012224938875306,histgb_leaves15,0.25,2013-04-12,0.2482500023845837,0.0,0.0
2013-05-30,1,0.00013501147597549945,0.5269093851099008,0.5012224938875306,histgb_leaves15,0.25,2013-04-12,0.2482500023845837,0.0,0.0
2013-05-31,0,-0.004081124797810198,0.4732240524530746,0.5012224938875306,histgb_leaves15,0.25,2013-04-12,0.2482500023845837,0.0,-0.0
2013-06-03,0,-0.001776118729021503,0.5243143068618101,0.5012224938875306,histgb_leaves15,0.25,2013-04-12,0.2482500023845837,0.0,-0.0
2013-06-04,0,-0.0044385952621623925,0.47934196195588585,0.5012224938875306,histgb_leaves15,0.25,2013-04-12,0.2482500023845837,0.0,-0.0
2013-06-05,0,-0.014957716170422408,0.5261177253677776,0.5012224938875306,histgb_leaves15,0.25,2013-04-12,0.2482500023845837,0.0,-0.0
2013-06-07,0,-0.015344221349861575,0.5307219909264046,0.5012224938875306,histgb_leaves15,0.25,2013-04-12,0.2482500023845837,0.0,-0.0
2013-06-10,1,0.00285908498902554,0.527264017419822,0.5012224938875306,histgb_leaves15,0.25,2013-04-12,0.2482500023845837,0.0,0.0
2013-06-11,0,-0.006424913351611328,0.4856934992760684,0.5012224938875306,histgb_leaves15,0.25,2013-04-12,0.2482500023845837,0.0,-0.0
2013-06-12,0,-0.0019283026755851917,0.49510588065128214,0.5012224938875306,histgb_leaves15,0.25,2013-04-12,0.2482500023845837,0.0,-0.0
2013-06-13,0,-0.011742165765576518,0.4563355663028317,0.5012224938875306,histgb_leaves15,0.25,2013-04-12,0.2482500023845837,0.0,-0.0
2013-06-14,0,-0.003444510673763168,0.537556410889485,0.5012224938875306,histgb_leaves15,0.25,2013-04-12,0.2482500023845837,0.0,-0.0
2013-06-17,0,-0.0033607663605812466,0.5069639175635178,0.5012224938875306,histgb_leaves15,0.25,2013-04-12,0.2482500023845837,0.0,-0.0
2013-06-18,1,0.006833640582289746,0.5411113063427018,0.5012224938875306,histgb_leaves15,0.25,2013-04-12,0.2482500023845837,0.0,0.0
2013-06-19,0,-0.0058910239536720255,0.4924862971070565,0.5012224938875306,histgb_leaves15,0.25,2013-04-12,0.2482500023845837,0.0,-0.0
2013-06-20,0,-0.007444874139789781,0.5214384661650618,0.5012224938875306,histgb_leaves15,0.25,2013-04-12,0.2482500023845837,0.0,-0.0
2013-06-21,1,0.00909543844109817,0.5133830747025876,0.5012224938875306,histgb_leaves15,0.25,2013-04-12,0.2482500023845837,0.0,0.0
2013-06-24,0,-0.012195121951219523,0.48087941431574655,0.5012224938875306,histgb_leaves15,0.25,2013-04-12,0.2482500023845837,0.0,-0.0
2013-06-25,0,-0.005417995565063283,0.5189350975727469,0.5012224938875306,histgb_leaves15,0.25,2013-04-12,0.2482500023845837,0.0,-0.0
2013-06-26,0,-0.00905130741107052,0.4743794420647758,0.5012224938875306,histgb_leaves15,0.25,2013-04-12,0.2482500023845837,0.0,-0.0
2013-06-27,1,0.013898483048271792,0.5096551901821927,0.5012224938875306,histgb_leaves15,0.25,2013-04-12,0.2482500023845837,0.0,0.0
2013-06-28,1,0.010148541689255053,0.47808852245865063,0.5012224938875306,histgb_leaves15,0.25,2013-04-12,0.2482500023845837,0.0,0.0
2013-07-01,1,0.002246741954125442,0.5377596874480871,0.5012224938875306,histgb_leaves15,0.25,2013-04-12,0.2482500023845837,0.0,0.0
2013-07-02,0,-0.0033525676154863016,0.5152138404726726,0.5012224938875306,histgb_leaves15,0.25,2013-04-12,0.2482500023845837,0.0,-0.0
2013-07-03,0,-0.015979161835527278,0.5534240351251947,0.5012224938875306,histgb_leaves15,0.25,2013-04-12,0.2482500023845837,0.0,-0.0
2013-07-04,1,0.004725510655616771,0.4863909904076571,0.5012224938875306,histgb_leaves15,0.25,2013-04-12,0.2482500023845837,0.0,0.0
2013-07-05,0,-0.008469580360957796,0.531823598266185,0.5012224938875306,histgb_leaves15,0.25,2013-04-12,0.2482500023845837,0.0,-0.0
2013-07-08,0,-0.007625040282716378,0.47176703605281106,0.5012224938875306,histgb_leaves15,0.25,2013-04-12,0.2482500023845837,0.0,-0.0
2013-07-09,1,0.0009405948715703882,0.5212342072704135,0.5012224938875306,histgb_leaves15,0.25,2013-04-12,0.2482500023845837,0.0,0.0
2013-07-10,0,-0.00641633168839939,0.5897378519704063,0.5012224938875306,histgb_leaves15,0.25,2013-04-12,0.2482500023845837,1.0,-0.00741633168839939
2013-07-11,1,0.02024625884347464,0.5362162158181762,0.5012224938875306,histgb_leaves15,0.25,2013-04-12,0.2482500023845837,0.0,0.0
2013-07-12,0,-0.0019640703222569833,0.5113566780700318,0.5012224938875306,histgb_leaves15,0.25,2013-04-12,0.2482500023845837,0.0,-0.0
2013-07-15,1,0.0026199565835767213,0.4979733117003854,0.5012224938875306,histgb_leaves15,0.25,2013-04-12,0.2482500023845837,0.0,0.0
2013-07-16,0,-0.0048892846288782765,0.508251534927351,0.5012224938875306,histgb_leaves15,0.25,2013-04-12,0.2482500023845837,0.0,-0.0
2013-07-17,1,0.00865712957371656,0.5361014036278638,0.4948921679909194,histgb_leaves15,0.25,2013-07-15,0.24909797597749644,0.0,0.0
2013-07-18,0,-0.004030652073475749,0.4586826218388733,0.4948921679909194,histgb_leaves15,0.25,2013-07-15,0.24909797597749644,0.0,-0.0
2013-07-19,0,-0.004802067601199722,0.48954434014958,0.4948921679909194,histgb_leaves15,0.25,2013-07-15,0.24909797597749644,0.0,-0.0
2013-07-22,0,-0.00024457547546008485,0.533760499740425,0.4948921679909194,histgb_leaves15,0.25,2013-07-15,0.24909797597749644,0.0,-0.0
2013-07-23,1,0.007193673798630007,0.4760972459682975,0.4948921679909194,histgb_leaves15,0.25,2013-07-15,0.24909797597749644,0.0,0.0
2013-07-24,1,0.004206778112149312,0.43223445971060737,0.4948921679909194,histgb_leaves15,0.25,2013-07-15,0.24909797597749644,0.0,0.0
2013-07-25,1,0.0015944864337527065,0.43443070160354436,0.4948921679909194,histgb_leaves15,0.25,2013-07-15,0.24909797597749644,0.0,0.0
2013-07-26,0,-0.0006485186056850445,0.4897108017140327,0.4948921679909194,histgb_leaves15,0.25,2013-07-15,0.24909797597749644,0.0,-0.0
2013-07-29,0,-0.0045948466463382465,0.44027882452840067,0.4948921679909194,histgb_leaves15,0.25,2013-07-15,0.24909797597749644,0.0,-0.0
2013-07-30,1,0.00797631816939015,0.44489722524699726,0.4948921679909194,histgb_leaves15,0.25,2013-07-15,0.24909797597749644,0.0,0.0
2013-07-31,0,-0.000751773716111459,0.42605537385099923,0.4948921679909194,histgb_leaves15,0.25,2013-07-15,0.24909797597749644,-1.0,-0.000248226283888541
2013-08-01,1,0.002180990942104666,0.43050757525633415,0.4948921679909194,histgb_leaves15,0.25,2013-07-15,0.24909797597749644,0.0,0.0
2013-08-02,0,-0.006651999214981386,0.4504870876170807,0.4948921679909194,histgb_leaves15,0.25,2013-07-15,0.24909797597749644,0.0,-0.0
2013-08-05,0,-0.0024000041648661874,0.48330142086213296,0.4948921679909194,histgb_leaves15,0.25,2013-07-15,0.24909797597749644,0.0,-0.0
2013-08-06,0,-0.003887025485094564,0.4434109626598861,0.4948921679909194,histgb_leaves15,0.25,2013-07-15,0.24909797597749644,0.0,-0.0
2013-08-07,0,-0.007471716856806254,0.4391825035662462,0.4948921679909194,histgb_leaves15,0.25,2013-07-15,0.24909797597749644,0.0,-0.0
2013-08-08,0,-0.00032367954663636844,0.45209565401928575,0.4948921679909194,histgb_leaves15,0.25,2013-07-15,0.24909797597749644,0.0,-0.0
2013-08-09,0,-0.0020482125896092995,0.4969424604912964,0.4948921679909194,histgb_leaves15,0.25,2013-07-15,0.24909797597749644,0.0,-0.0
2013-08-12,1,0.003369709874900151,0.45350710237381797,0.4948921679909194,histgb_leaves15,0.25,2013-07-15,0.24909797597749644,0.0,0.0
2013-08-13,1,0.010356920281818116,0.46465722240738155,0.4948921679909194,histgb_leaves15,0.25,2013-07-15,0.24909797597749644,0.0,0.0
2013-08-14,1,0.00591867572244964,0.443077026908076,0.4948921679909194,histgb_leaves15,0.25,2013-07-15,0.24909797597749644,0.0,0.0
2013-08-16,1,0.008609459374277595,0.42726171994076245,0.4948921679909194,histgb_leaves15,0.25,2013-07-15,0.24909797597749644,-1.0,-0.009609459374277596
2013-08-19,1,0.00016689963073468483,0.41672372791839163,0.4948921679909194,histgb_leaves15,0.25,2013-07-15,0.24909797597749644,-1.0,-0.0011668996307346849
2013-08-20,0,-0.011752080825001343,0.4270942898289487,0.4948921679909194,histgb_leaves15,0.25,2013-07-15,0.24909797597749644,-1.0,0.010752080825001342
2013-08-21,0,-0.012453662328596904,0.4974031682845391,0.4948921679909194,histgb_leaves15,0.25,2013-07-15,0.24909797597749644,0.0,-0.0
2013-08-22,1,0.0006385488706341924,0.48069024910490665,0.4948921679909194,histgb_leaves15,0.25,2013-07-15,0.24909797597749644,0.0,0.0
2013-08-23,1,0.0046089880639028635,0.45344586249347246,0.4948921679909194,histgb_leaves15,0.25,2013-07-15,0.24909797597749644,0.0,0.0
2013-08-26,1,0.006005573939965592,0.48431853865674523,0.4948921679909194,histgb_leaves15,0.25,2013-07-15,0.24909797597749644,0.0,0.0
2013-08-27,1,0.0011307473018669079,0.4429363937709566,0.4948921679909194,histgb_leaves15,0.25,2013-07-15,0.24909797597749644,0.0,0.0
2013-08-28,1,0.011817386215376091,0.46565674730764745,0.4948921679909194,histgb_leaves15,0.25,2013-07-15,0.24909797597749644,0.0,0.0
2013-08-29,1,0.008197544436399085,0.4483838401586977,0.4948921679909194,histgb_leaves15,0.25,2013-07-15,0.24909797597749644,0.0,0.0
2013-08-30,1,0.0038824124112124547,0.4412311429745541,0.4948921679909194,histgb_leaves15,0.25,2013-07-15,0.24909797597749644,0.0,0.0
2013-09-02,0,-0.00026489103110127754,0.41467115735669274,0.4948921679909194,histgb_leaves15,0.25,2013-07-15,0.24909797597749644,-1.0,-0.0007351089688987225
2013-09-03,0,-0.00025849946232114895,0.44028419462165225,0.4948921679909194,histgb_leaves15,0.25,2013-07-15,0.24909797597749644,0.0,-0.0
2013-09-04,1,0.0017775704809286363,0.4409258338233733,0.4948921679909194,histgb_leaves15,0.25,2013-07-15,0.24909797597749644,0.0,0.0
2013-09-05,1,0.004110801271827391,0.4497917859511814,0.4948921679909194,histgb_leaves15,0.25,2013-07-15,0.24909797597749644,0.0,0.0
2013-09-06,1,0.0006140903019788979,0.45670376476519964,0.4948921679909194,histgb_leaves15,0.25,2013-07-15,0.24909797597749644,0.0,0.0
2013-09-09,1,0.005386718531228185,0.42669292274972254,0.4948921679909194,histgb_leaves15,0.25,2013-07-15,0.24909797597749644,-1.0,-0.006386718531228185
2013-09-10,1,0.008078540807247458,0.46727814474390017,0.4948921679909194,histgb_leaves15,0.25,2013-07-15,0.24909797597749644,0.0,0.0
2013-09-11,1,0.003952985029760159,0.45425371635570483,0.4948921679909194,histgb_leaves15,0.25,2013-07-15,0.24909797597749644,0.0,0.0
2013-09-12,0,-0.0003042894840548094,0.4241513331239825,0.4948921679909194,histgb_leaves15,0.25,2013-07-15,0.24909797597749644,-1.0,-0.0006957105159451906
2013-09-13,0,-0.00031579738840581406,0.4320977672316324,0.4948921679909194,histgb_leaves15,0.25,2013-07-15,0.24909797597749644,0.0,-0.0
2013-09-16,1,0.0008351187310171593,0.4423931343373557,0.4948921679909194,histgb_leaves15,0.25,2013-07-15,0.24909797597749644,0.0,0.0
2013-09-17,0,-0.0018563586504820595,0.4238880011854923,0.4948921679909194,histgb_leaves15,0.25,2013-07-15,0.24909797597749644,-1.0,0.0008563586504820595
2013-09-23,1,0.0043434363629093475,0.4461293149979609,0.4948921679909194,histgb_leaves15,0.25,2013-07-15,0.24909797597749644,0.0,0.0
2013-09-24,1,0.00279289136701788,0.4314680990985123,0.4948921679909194,histgb_leaves15,0.25,2013-07-15,0.24909797597749644,0.0,0.0
2013-09-25,0,-0.0032276892837722615,0.44739010542400126,0.4948921679909194,histgb_leaves15,0.25,2013-07-15,0.24909797597749644,0.0,-0.0
2013-09-26,1,0.007640178705888179,0.43923762694168955,0.4948921679909194,histgb_leaves15,0.25,2013-07-15,0.24909797597749644,0.0,0.0
2013-09-27,0,-0.0002285986900301129,0.4406566662645842,0.4948921679909194,histgb_leaves15,0.25,2013-07-15,0.24909797597749644,0.0,-0.0
2013-09-30,0,-0.00252744727824894,0.42037034977682475,0.4948921679909194,histgb_leaves15,0.25,2013-07-15,0.24909797597749644,-1.0,0.0015274472782489399
2013-10-01,1,0.0006257446361170871,0.41971490216130214,0.4948921679909194,histgb_leaves15,0.25,2013-07-15,0.24909797597749644,-1.0,-0.001625744636117087
2013-10-02,0,-0.006262207577271139,0.47240000418259176,0.4948921679909194,histgb_leaves15,0.25,2013-07-15,0.24909797597749644,0.0,-0.0
2013-10-04,0,-0.00147005880235207,0.4468431036656304,0.4948921679909194,histgb_leaves15,0.25,2013-07-15,0.24909797597749644,0.0,-0.0
2013-10-07,0,-0.0013769483819604522,0.43111687629742457,0.4948921679909194,histgb_leaves15,0.25,2013-07-15,0.24909797597749644,0.0,-0.0
2013-10-08,1,0.007439750096832398,0.4494325275127034,0.4948921679909194,histgb_leaves15,0.25,2013-07-15,0.24909797597749644,0.0,0.0
2013-10-10,1,0.00024488857569804345,0.4164443874787215,0.4948921679909194,histgb_leaves15,0.25,2013-07-15,0.24909797597749644,-1.0,-0.0012448885756980435
2013-10-11,1,0.003414254636993963,0.44753742678777086,0.4948921679909194,histgb_leaves15,0.25,2013-07-15,0.24909797597749644,0.0,0.0
2013-10-14,0,-0.0028626849022984624,0.4337044491444572,0.4948921679909194,histgb_leaves15,0.25,2013-07-15,0.24909797597749644,0.0,-0.0
2013-10-15,1,0.0030815505064654136,0.41224343053703466,0.4948921679909194,histgb_leaves15,0.25,2013-07-15,0.24909797597749644,-1.0,-0.004081550506465414
2013-10-16,0,-0.0026568236741616458,0.4172856487574415,0.4948921679909194,histgb_leaves15,0.25,2013-07-15,0.24909797597749644,-1.0,0.0016568236741616458
2013-10-17,0,-0.00515798146441826,0.45306794612124646,0.4948921679909194,histgb_leaves15,0.25,2013-07-15,0.24909797597749644,0.0,-0.0
2013-10-18,1,0.0028535689156439226,0.4165053041549047,0.4948921679909194,histgb_leaves15,0.25,2013-07-15,0.24909797597749644,-1.0,-0.0038535689156439226
2013-10-21,0,-0.0005598395451180682,0.43011323870312185,0.4948921679909194,histgb_leaves15,0.25,2013-07-15,0.24909797597749644,0.0,-0.0
2013-10-22,1,0.0024914554292760904,0.4954444152489288,0.4978813559322034,histgb_leaves7,0.25,2013-10-18,0.24864070532704083,0.0,0.0
2013-10-23,0,-0.013118028320591835,0.460788278225618,0.4978813559322034,histgb_leaves7,0.25,2013-10-18,0.24864070532704083,0.0,-0.0
2013-10-24,1,0.005764241066163578,0.46786952247157965,0.4978813559322034,histgb_leaves7,0.25,2013-10-18,0.24864070532704083,0.0,0.0
2013-10-25,0,-0.006383519091948009,0.4597571670616886,0.4978813559322034,histgb_leaves7,0.25,2013-10-18,0.24864070532704083,0.0,-0.0
2013-10-28,1,0.00533063692766822,0.4580517483833554,0.4978813559322034,histgb_leaves7,0.25,2013-10-18,0.24864070532704083,0.0,0.0
2013-10-29,1,0.0024869666336049256,0.4505270188992539,0.4978813559322034,histgb_leaves7,0.25,2013-10-18,0.24864070532704083,0.0,0.0
2013-10-30,1,0.00222871046228712,0.4592084304785712,0.4978813559322034,histgb_leaves7,0.25,2013-10-18,0.24864070532704083,0.0,0.0
2013-10-31,0,-0.010175722588446456,0.4393225547907125,0.4978813559322034,histgb_leaves7,0.25,2013-10-18,0.24864070532704083,0.0,-0.0
2013-11-01,1,0.001065161369493195,0.4775167277688267,0.4978813559322034,histgb_leaves7,0.25,2013-10-18,0.24864070532704083,0.0,0.0
2013-11-04,0,-0.0048695874363661185,0.47626353519471387,0.4978813559322034,histgb_leaves7,0.25,2013-10-18,0.24864070532704083,0.0,-0.0
2013-11-05,0,-0.0067517582189955405,0.47873597259831896,0.4978813559322034,histgb_leaves7,0.25,2013-10-18,0.24864070532704083,0.0,-0.0
2013-11-06,0,-0.0008187285393882471,0.4798154003315146,0.4978813559322034,histgb_leaves7,0.25,2013-10-18,0.24864070532704083,0.0,-0.0
2013-11-07,0,-0.005365163659825756,0.4680989725083338,0.4978813559322034,histgb_leaves7,0.25,2013-10-18,0.24864070532704083,0.0,-0.0
2013-11-08,0,-0.0011775303063089604,0.49455606428278187,0.4978813559322034,histgb_leaves7,0.25,2013-10-18,0.24864070532704083,0.0,-0.0
2013-11-11,0,-0.009299249446353963,0.4331842394829377,0.4978813559322034,histgb_leaves7,0.25,2013-10-18,0.24864070532704083,0.0,-0.0
2013-11-12,1,0.005816708166577644,0.47926664134565894,0.4978813559322034,histgb_leaves7,0.25,2013-10-18,0.24864070532704083,0.0,0.0
2013-11-13,0,-0.01485078970077669,0.47716666639146277,0.4978813559322034,histgb_leaves7,0.25,2013-10-18,0.24864070532704083,0.0,-0.0
2013-11-14,0,-0.006383193616806393,0.4822820876683301,0.4978813559322034,histgb_leaves7,0.25,2013-10-18,0.24864070532704083,0.0,-0.0
2013-11-15,1,0.012443273312838565,0.5021522729974764,0.4978813559322034,histgb_leaves7,0.25,2013-10-18,0.24864070532704083,0.0,0.0
2013-11-18,0,-0.0017028755262531448,0.4755128489473185,0.4978813559322034,histgb_leaves7,0.25,2013-10-18,0.24864070532704083,0.0,-0.0
2013-11-19,1,0.010791313216746756,0.4953608881855699,0.4978813559322034,histgb_leaves7,0.25,2013-10-18,0.24864070532704083,0.0,0.0
2013-11-20,0,-0.005472455308281554,0.47502551216470035,0.4978813559322034,histgb_leaves7,0.25,2013-10-18,0.24864070532704083,0.0,-0.0
2013-11-21,0,-0.009897155002458136,0.507611180114162,0.4978813559322034,histgb_leaves7,0.25,2013-10-18,0.24864070532704083,0.0,-0.0
2013-11-22,1,0.002037809354943354,0.4834401289113935,0.4978813559322034,histgb_leaves7,0.25,2013-10-18,0.24864070532704083,0.0,0.0
2013-11-25,0,-0.001990099009900992,0.4800838697583966,0.4978813559322034,histgb_leaves7,0.25,2013-10-18,0.24864070532704083,0.0,-0.0
2013-11-26,1,0.007195534287094407,0.48557451945919555,0.4978813559322034,histgb_leaves7,0.25,2013-10-18,0.24864070532704083,0.0,0.0
2013-11-27,1,0.006214414664629908,0.5076117956911973,0.4978813559322034,histgb_leaves7,0.25,2013-10-18,0.24864070532704083,0.0,0.0
2013-11-28,1,0.0029611762341092973,0.49509485964535843,0.4978813559322034,histgb_leaves7,0.25,2013-10-18,0.24864070532704083,0.0,0.0
2013-11-29,1,9.780668508652113e-06,0.4562497125773835,0.4978813559322034,histgb_leaves7,0.25,2013-10-18,0.24864070532704083,0.0,0.0
2013-12-02,0,-0.009593016167182777,0.4514265736203185,0.4978813559322034,histgb_leaves7,0.25,2013-10-18,0.24864070532704083,0.0,-0.0
2013-12-03,0,-0.007046777557051187,0.46349983713207665,0.4978813559322034,histgb_leaves7,0.25,2013-10-18,0.24864070532704083,0.0,-0.0
2013-12-04,0,-0.005948896527225411,0.5045735876892627,0.4978813559322034,histgb_leaves7,0.25,2013-10-18,0.24864070532704083,0.0,-0.0
2013-12-05,0,-0.0044940889689175645,0.519839406476422,0.4978813559322034,histgb_leaves7,0.25,2013-10-18,0.24864070532704083,0.0,-0.0
2013-12-06,0,-0.0013010655626100043,0.4895576235108707,0.4978813559322034,histgb_leaves7,0.25,2013-10-18,0.24864070532704083,0.0,-0.0
2013-12-09,0,-6.998180473072324e-05,0.45265491967533583,0.4978813559322034,histgb_leaves7,0.25,2013-10-18,0.24864070532704083,0.0,-0.0
2013-12-10,0,-0.0032899506507402254,0.4848412269165966,0.4978813559322034,histgb_leaves7,0.25,2013-10-18,0.24864070532704083,0.0,-0.0
2013-12-11,0,-0.004654743812964823,0.5185335546439913,0.4978813559322034,histgb_leaves7,0.25,2013-10-18,0.24864070532704083,0.0,-0.0
2013-12-12,1,0.0007577144484449683,0.5066367007228306,0.4978813559322034,histgb_leaves7,0.25,2013-10-18,0.24864070532704083,0.0,0.0
2013-12-13,0,-6.622381612186867e-05,0.504918329075505,0.4978813559322034,histgb_leaves7,0.25,2013-10-18,0.24864070532704083,0.0,-0.0
2013-12-16,1,0.00028052636947872855,0.5038251351507254,0.4978813559322034,histgb_leaves7,0.25,2013-10-18,0.24864070532704083,0.0,0.0
2013-12-17,0,-0.006168033408495699,0.5106101698512109,0.4978813559322034,histgb_leaves7,0.25,2013-10-18,0.24864070532704083,0.0,-0.0
2013-12-18,1,0.0014098435479372728,0.5167146461864932,0.4978813559322034,histgb_leaves7,0.25,2013-10-18,0.24864070532704083,0.0,0.0
2013-12-19,0,-0.010586992122356365,0.5312653398115419,0.4978813559322034,histgb_leaves7,0.25,2013-10-18,0.24864070532704083,0.0,-0.0
2013-12-20,1,0.005184682127797657,0.5187595098895112,0.4978813559322034,histgb_leaves7,0.25,2013-10-18,0.24864070532704083,0.0,0.0
2013-12-23,1,0.001725651508690973,0.48010322492743196,0.4978813559322034,histgb_leaves7,0.25,2013-10-18,0.24864070532704083,0.0,0.0
2013-12-24,1,0.0006749190097188329,0.5111751150587229,0.4978813559322034,histgb_leaves7,0.25,2013-10-18,0.24864070532704083,0.0,0.0
2013-12-26,0,-0.002469751777472884,0.4931641297416071,0.4978813559322034,histgb_leaves7,0.25,2013-10-18,0.24864070532704083,0.0,-0.0
2013-12-27,1,0.004127278653995647,0.515148492742703,0.4978813559322034,histgb_leaves7,0.25,2013-10-18,0.24864070532704083,0.0,0.0
2013-12-30,1,0.00350243474095957,0.4997579424205386,0.4978813559322034,histgb_leaves7,0.25,2013-10-18,0.24864070532704083,0.0,0.0
2014-01-02,0,-0.022810477321159706,0.47923640578327115,0.4978813559322034,histgb_leaves7,0.25,2013-10-18,0.24864070532704083,0.0,-0.0
2014-01-03,0,-0.008952396472002078,0.5120672938281833,0.4978813559322034,histgb_leaves7,0.25,2013-10-18,0.24864070532704083,0.0,-0.0
2014-01-06,1,0.0029061110483565855,0.48025622587185496,0.4978813559322034,histgb_leaves7,0.25,2013-10-18,0.24864070532704083,0.0,0.0
2014-01-07,1,0.006053449028316171,0.49106031554124063,0.4978813559322034,histgb_leaves7,0.25,2013-10-18,0.24864070532704083,0.0,0.0
2014-01-08,0,-0.0033273976087508927,0.5007772638535418,0.4978813559322034,histgb_leaves7,0.25,2013-10-18,0.24864070532704083,0.0,-0.0
2014-01-09,0,-0.008250522346226363,0.5437964012880956,0.4978813559322034,histgb_leaves7,0.25,2013-10-18,0.24864070532704083,0.0,-0.0
2014-01-10,0,-0.005637256159176873,0.5275865237878818,0.4978813559322034,histgb_leaves7,0.25,2013-10-18,0.24864070532704083,0.0,-0.0
2014-01-13,1,0.0007908061087205098,0.5077543848348696,0.4978813559322034,histgb_leaves7,0.25,2013-10-18,0.24864070532704083,0.0,0.0
2014-01-14,1,0.0016882936395596904,0.47124363661359675,0.4978813559322034,histgb_leaves7,0.25,2013-10-18,0.24864070532704083,0.0,0.0
2014-01-15,0,-0.0016100754946509754,0.4677940088918755,0.4978813559322034,histgb_leaves7,0.25,2013-10-18,0.24864070532704083,0.0,-0.0
2014-01-16,0,-0.0003013417368521454,0.5029882367084122,0.4978813559322034,histgb_leaves7,0.25,2013-10-18,0.24864070532704083,0.0,-0.0
2014-01-17,0,-0.007158539698749022,0.5117639557852411,0.4978813559322034,histgb_leaves7,0.25,2013-10-18,0.24864070532704083,0.0,-0.0
2014-01-20,1,0.0040031038186219,0.4739040991925114,0.4978813559322034,histgb_leaves7,0.25,2013-10-18,0.24864070532704083,0.0,0.0
2014-01-21,1,0.004413735257715157,0.47544087083785297,0.4978813559322034,histgb_leaves7,0.25,2013-10-18,0.24864070532704083,0.0,0.0
2014-01-22,1,0.00508044030482635,0.4734918799394868,0.49354518371400197,histgb_leaves7,0.25,2014-01-20,0.24949677589831848,0.0,0.0
2014-01-23,0,-0.010757985950618942,0.4867803959784467,0.49354518371400197,histgb_leaves7,0.25,2014-01-20,0.24949677589831848,0.0,-0.0
2014-01-24,0,-0.0005099018825165391,0.49971661537097406,0.49354518371400197,histgb_leaves7,0.25,2014-01-20,0.24949677589831848,0.0,-0.0
2014-01-27,1,0.0023243489986410903,0.5007504233746662,0.49354518371400197,histgb_leaves7,0.25,2014-01-20,0.24949677589831848,0.0,0.0
2014-01-28,1,0.005112259985947887,0.4843681496484072,0.49354518371400197,histgb_leaves7,0.25,2014-01-20,0.24949677589831848,0.0,0.0
2014-01-29,1,0.007902675590493846,0.48032607195420757,0.49354518371400197,histgb_leaves7,0.25,2014-01-20,0.24949677589831848,0.0,0.0
2014-02-03,0,-0.005248459916376902,0.47222494251902997,0.49354518371400197,histgb_leaves7,0.25,2014-01-20,0.24949677589831848,0.0,-0.0
2014-02-04,0,-0.004279773715540225,0.5104430519548,0.49354518371400197,histgb_leaves7,0.25,2014-01-20,0.24949677589831848,0.0,-0.0
2014-02-05,0,-0.0034932427092390084,0.4927808654338344,0.49354518371400197,histgb_leaves7,0.25,2014-01-20,0.24949677589831848,0.0,-0.0
2014-02-06,1,0.005555116346483313,0.4890308699342306,0.49354518371400197,histgb_leaves7,0.25,2014-01-20,0.24949677589831848,0.0,0.0
2014-02-07,1,2.6008478763994702e-05,0.46437539919674065,0.49354518371400197,histgb_leaves7,0.25,2014-01-20,0.24949677589831848,0.0,0.0
2014-02-10,0,-0.002505017815188859,0.4583446723339929,0.49354518371400197,histgb_leaves7,0.25,2014-01-20,0.24949677589831848,0.0,-0.0
2014-02-11,1,0.003954376575125318,0.5123462430284182,0.49354518371400197,histgb_leaves7,0.25,2014-01-20,0.24949677589831848,0.0,0.0
2014-02-12,0,-0.003290032591402703,0.44854610351274743,0.49354518371400197,histgb_leaves7,0.25,2014-01-20,0.24949677589831848,0.0,-0.0
2014-02-13,0,-0.0049880720017349,0.48459477331695466,0.49354518371400197,histgb_leaves7,0.25,2014-01-20,0.24949677589831848,0.0,-0.0
2014-02-14,1,0.005253504927103636,0.48456308063320974,0.49354518371400197,histgb_leaves7,0.25,2014-01-20,0.24949677589831848,0.0,0.0
2014-02-17,0,-0.002756514699703949,0.4942897903746139,0.49354518371400197,histgb_leaves7,0.25,2014-01-20,0.24949677589831848,0.0,-0.0
2014-02-18,1,1.5409270216926174e-05,0.5320910793693661,0.49354518371400197,histgb_leaves7,0.25,2014-01-20,0.24949677589831848,0.0,0.0
2014-02-19,0,-0.0009101660924564214,0.5293501825045097,0.49354518371400197,histgb_leaves7,0.25,2014-01-20,0.24949677589831848,0.0,-0.0
2014-02-20,0,-0.001205442599203299,0.5023278005716778,0.49354518371400197,histgb_leaves7,0.25,2014-01-20,0.24949677589831848,0.0,-0.0
2014-02-21,1,0.005030723346149735,0.5016743527103628,0.49354518371400197,histgb_leaves7,0.25,2014-01-20,0.24949677589831848,0.0,0.0
2014-02-24,0,-0.004601493314811633,0.4823093355840621,0.49354518371400197,histgb_leaves7,0.25,2014-01-20,0.24949677589831848,0.0,-0.0
2014-02-25,1,0.003349844252668044,0.49378343447387896,0.49354518371400197,histgb_leaves7,0.25,2014-01-20,0.24949677589831848,0.0,0.0
2014-02-26,1,0.003728131605082785,0.5017114435050495,0.49354518371400197,histgb_leaves7,0.25,2014-01-20,0.24949677589831848,0.0,0.0
2014-02-27,1,0.004355661598598903,0.5102005596113682,0.49354518371400197,histgb_leaves7,0.25,2014-01-20,0.24949677589831848,0.0,0.0
2014-02-28,1,0.0017758844005504315,0.49654218123666816,0.49354518371400197,histgb_leaves7,0.25,2014-01-20,0.24949677589831848,0.0,0.0
2014-03-03,0,-0.0016311804461609514,0.4745388146577444,0.49354518371400197,histgb_leaves7,0.25,2014-01-20,0.24949677589831848,0.0,-0.0
2014-03-04,0,-0.0002404608662730512,0.4958490990841794,0.49354518371400197,histgb_leaves7,0.25,2014-01-20,0.24949677589831848,0.0,-0.0
2014-03-05,0,-0.0010338117246412315,0.4909158260645864,0.49354518371400197,histgb_leaves7,0.25,2014-01-20,0.24949677589831848,0.0,-0.0
2014-03-06,1,0.0009880071136512125,0.47021319945089635,0.49354518371400197,histgb_leaves7,0.25,2014-01-20,0.24949677589831848,0.0,0.0
2014-03-07,0,-0.002535737738041055,0.4807079456899576,0.49354518371400197,histgb_leaves7,0.25,2014-01-20,0.24949677589831848,0.0,-0.0
2014-03-10,0,-0.006713660596758597,0.5262638583450479,0.49354518371400197,histgb_leaves7,0.25,2014-01-20,0.24949677589831848,0.0,-0.0
2014-03-11,1,0.003397676295970653,0.5329682869390406,0.49354518371400197,histgb_leaves7,0.25,2014-01-20,0.24949677589831848,0.0,0.0
2014-03-12,0,-0.012836688512364192,0.504093321278528,0.49354518371400197,histgb_leaves7,0.25,2014-01-20,0.24949677589831848,0.0,-0.0
2014-03-13,0,-0.003076764501249718,0.4856477367373962,0.49354518371400197,histgb_leaves7,0.25,2014-01-20,0.24949677589831848,0.0,-0.0
2014-03-14,1,0.0019988831305746135,0.491957203785521,0.49354518371400197,histgb_leaves7,0.25,2014-01-20,0.24949677589831848,0.0,0.0
2014-03-17,1,0.003320927569424592,0.48625017480805005,0.49354518371400197,histgb_leaves7,0.25,2014-01-20,0.24949677589831848,0.0,0.0
2014-03-18,0,-0.00046880151665007475,0.4544056850001406,0.49354518371400197,histgb_leaves7,0.25,2014-01-20,0.24949677589831848,0.0,-0.0
2014-03-19,0,-0.004960612938675224,0.48474654192091327,0.49354518371400197,histgb_leaves7,0.25,2014-01-20,0.24949677589831848,0.0,-0.0
2014-03-20,0,-0.007564046221854581,0.4992266969893122,0.49354518371400197,histgb_leaves7,0.25,2014-01-20,0.24949677589831848,0.0,-0.0
2014-03-21,1,0.0024349303713528947,0.521166527714879,0.49354518371400197,histgb_leaves7,0.25,2014-01-20,0.24949677589831848,0.0,0.0
2014-03-24,1,0.00438293083332475,0.5103061767998005,0.49354518371400197,histgb_leaves7,0.25,2014-01-20,0.24949677589831848,0.0,0.0
2014-03-25,1,0.00018032871348339086,0.5017226928946027,0.49354518371400197,histgb_leaves7,0.25,2014-01-20,0.24949677589831848,0.0,0.0
2014-03-26,1,0.004967768341348711,0.5026407867782132,0.49354518371400197,histgb_leaves7,0.25,2014-01-20,0.24949677589831848,0.0,0.0
2014-03-27,1,0.0072874122811483755,0.5012005098474798,0.49354518371400197,histgb_leaves7,0.25,2014-01-20,0.24949677589831848,0.0,0.0
2014-03-28,1,0.004243066363180059,0.4852516579529326,0.49354518371400197,histgb_leaves7,0.25,2014-01-20,0.24949677589831848,0.0,0.0
2014-03-31,0,-0.0015688404157427893,0.4872221774226853,0.49354518371400197,histgb_leaves7,0.25,2014-01-20,0.24949677589831848,0.0,-0.0
2014-04-01,1,0.004133522870479522,0.4864643475128925,0.49354518371400197,histgb_leaves7,0.25,2014-01-20,0.24949677589831848,0.0,0.0
2014-04-02,0,-0.001439906406083713,0.4790537160857985,0.49354518371400197,histgb_leaves7,0.25,2014-01-20,0.24949677589831848,0.0,-0.0
2014-04-03,0,-0.0028608296405957523,0.49770018516588815,0.49354518371400197,histgb_leaves7,0.25,2014-01-20,0.24949677589831848,0.0,-0.0
2014-04-04,1,0.00012576464906621787,0.5214269077732038,0.49354518371400197,histgb_leaves7,0.25,2014-01-20,0.24949677589831848,0.0,0.0
2014-04-07,1,0.0027264159976616575,0.47875742022749357,0.49354518371400197,histgb_leaves7,0.25,2014-01-20,0.24949677589831848,0.0,0.0
2014-04-08,1,0.007797290669040002,0.4738723592210992,0.49354518371400197,histgb_leaves7,0.25,2014-01-20,0.24949677589831848,0.0,0.0
2014-04-09,1,0.00048549034524869583,0.4851034182593041,0.49354518371400197,histgb_leaves7,0.25,2014-01-20,0.24949677589831848,0.0,0.0
2014-04-10,1,0.00044827191177998493,0.46494787443500885,0.49354518371400197,histgb_leaves7,0.25,2014-01-20,0.24949677589831848,0.0,0.0
2014-04-11,1,0.006125080593165633,0.48137549643796096,0.49354518371400197,histgb_leaves7,0.25,2014-01-20,0.24949677589831848,0.0,0.0
2014-04-14,1,0.0016099828970663754,0.45754965296728495,0.49354518371400197,histgb_leaves7,0.25,2014-01-20,0.24949677589831848,0.0,0.0
2014-04-15,0,-0.008075718574650614,0.4812989865777755,0.49354518371400197,histgb_leaves7,0.25,2014-01-20,0.24949677589831848,0.0,-0.0
2014-04-16,0,-0.0010529957729740191,0.4841234218630805,0.49354518371400197,histgb_leaves7,0.25,2014-01-20,0.24949677589831848,0.0,-0.0
2014-04-17,0,-0.004209010882442632,0.44134326009451774,0.49354518371400197,histgb_leaves7,0.25,2014-01-20,0.24949677589831848,0.0,-0.0
2014-04-18,1,0.002882132778255997,0.5021434589745963,0.49354518371400197,histgb_leaves7,0.25,2014-01-20,0.24949677589831848,0.0,0.0
2014-04-21,0,-0.003484181616082105,0.4589791749151313,0.49354518371400197,histgb_leaves7,0.25,2014-01-20,0.24949677589831848,0.0,-0.0
2014-04-22,1,0.0016392295621057151,0.5190710042683864,0.49354518371400197,histgb_leaves7,0.25,2014-01-20,0.24949677589831848,0.0,0.0
2014-04-23,0,-0.004820751619354691,0.4723493172698807,0.49626168224299066,histgb_leaves7,0.25,2014-04-21,0.24932860365326684,0.0,-0.0
2014-04-24,0,-0.0040072169778407885,0.5176840611506344,0.49626168224299066,histgb_leaves7,0.25,2014-04-21,0.24932860365326684,0.0,-0.0
2014-04-25,0,-0.012496181026840358,0.5158379282848438,0.49626168224299066,histgb_leaves7,0.25,2014-04-21,0.24932860365326684,0.0,-0.0
2014-04-28,1,0.00011172957380245485,0.48659517831266064,0.49626168224299066,histgb_leaves7,0.25,2014-04-21,0.24932860365326684,0.0,0.0
2014-04-29,0,-0.005013495925901612,0.4574528915945973,0.49626168224299066,histgb_leaves7,0.25,2014-04-21,0.24932860365326684,0.0,-0.0
2014-04-30,0,-0.005963841991122654,0.47663341071330534,0.49626168224299066,histgb_leaves7,0.25,2014-04-21,0.24932860365326684,0.0,-0.0
2014-05-02,0,-0.003483718068036712,0.48549890324837364,0.49626168224299066,histgb_leaves7,0.25,2014-04-21,0.24932860365326684,0.0,-0.0
2014-05-07,0,-0.012376603078113613,0.45750501038745145,0.49626168224299066,histgb_leaves7,0.25,2014-04-21,0.24932860365326684,0.0,-0.0
2014-05-08,1,0.0023947295394513013,0.5003508970645207,0.49626168224299066,histgb_leaves7,0.25,2014-04-21,0.24932860365326684,0.0,0.0
2014-05-09,1,0.0015715543542804689,0.5191435834359713,0.49626168224299066,histgb_leaves7,0.25,2014-04-21,0.24932860365326684,0.0,0.0
2014-05-12,1,0.004437038021530837,0.4806218333251707,0.49626168224299066,histgb_leaves7,0.25,2014-04-21,0.24932860365326684,0.0,0.0
2014-05-13,1,0.004992194943945538,0.4324857976224466,0.49626168224299066,histgb_leaves7,0.25,2014-04-21,0.24932860365326684,0.0,0.0
2014-05-14,1,0.009964891837728862,0.4982639273072135,0.49626168224299066,histgb_leaves7,0.25,2014-04-21,0.24932860365326684,0.0,0.0
2014-05-15,1,0.0011554475367052675,0.49059001066850283,0.49626168224299066,histgb_leaves7,0.25,2014-04-21,0.24932860365326684,0.0,0.0
2014-05-16,1,0.0049713498512589105,0.47685925252828293,0.49626168224299066,histgb_leaves7,0.25,2014-04-21,0.24932860365326684,0.0,0.0
2014-05-19,1,0.0006703777454453164,0.4742303539901665,0.49626168224299066,histgb_leaves7,0.25,2014-04-21,0.24932860365326684,0.0,0.0
2014-05-20,0,-0.0002932624201604783,0.5288612948528453,0.49626168224299066,histgb_leaves7,0.25,2014-04-21,0.24932860365326684,0.0,-0.0
2014-05-21,1,0.0024207878291770957,0.4855403168811323,0.49626168224299066,histgb_leaves7,0.25,2014-04-21,0.24932860365326684,0.0,0.0
2014-05-22,1,8.931185217897486e-05,0.4815727076617623,0.49626168224299066,histgb_leaves7,0.25,2014-04-21,0.24932860365326684,0.0,0.0
2014-05-23,1,0.002026735019298842,0.49700682601600765,0.49626168224299066,histgb_leaves7,0.25,2014-04-21,0.24932860365326684,0.0,0.0
2014-05-26,0,-0.002906443277238102,0.4623434589946117,0.49626168224299066,histgb_leaves7,0.25,2014-04-21,0.24932860365326684,0.0,-0.0
2014-05-27,0,-0.008556383290237002,0.4995123352433426,0.49626168224299066,histgb_leaves7,0.25,2014-04-21,0.24932860365326684,0.0,-0.0
2014-05-28,1,0.008398908141941552,0.49215168150405875,0.49626168224299066,histgb_leaves7,0.25,2014-04-21,0.24932860365326684,0.0,0.0
2014-05-29,0,-0.00416198587597183,0.5415127409140348,0.49626168224299066,histgb_leaves7,0.25,2014-04-21,0.24932860365326684,0.0,-0.0
2014-05-30,0,-0.010127172677969698,0.4881505376335513,0.49626168224299066,histgb_leaves7,0.25,2014-04-21,0.24932860365326684,0.0,-0.0
2014-06-02,1,0.001595949590005974,0.49183981485872086,0.49626168224299066,histgb_leaves7,0.25,2014-04-21,0.24932860365326684,0.0,0.0
2014-06-03,1,0.0011214617880586086,0.45890322568444963,0.49626168224299066,histgb_leaves7,0.25,2014-04-21,0.24932860365326684,0.0,0.0
2014-06-05,0,-0.005838979673176592,0.5143083029669401,0.49626168224299066,histgb_leaves7,0.25,2014-04-21,0.24932860365326684,0.0,-0.0
2014-06-09,0,-0.007327670060307434,0.5030603787213125,0.49626168224299066,histgb_leaves7,0.25,2014-04-21,0.24932860365326684,0.0,-0.0
2014-06-10,1,0.005452573604745714,0.4878954622587642,0.49626168224299066,histgb_leaves7,0.25,2014-04-21,0.24932860365326684,0.0,0.0
2014-06-11,1,0.002567790157799621,0.48536825391737665,0.49626168224299066,histgb_leaves7,0.25,2014-04-21,0.24932860365326684,0.0,0.0
2014-06-12,0,-0.0009684147794992715,0.5003402046450722,0.49626168224299066,histgb_leaves7,0.25,2014-04-21,0.24932860365326684,0.0,-0.0
2014-06-13,0,-0.007329660192964549,0.4935252214671528,0.49626168224299066,histgb_leaves7,0.25,2014-04-21,0.24932860365326684,0.0,-0.0
2014-06-16,1,0.003387254260491357,0.4770717061539864,0.49626168224299066,histgb_leaves7,0.25,2014-04-21,0.24932860365326684,0.0,0.0
2014-06-17,1,0.0033385299440069627,0.4696537218931771,0.49626168224299066,histgb_leaves7,0.25,2014-04-21,0.24932860365326684,0.0,0.0
2014-06-18,0,-0.006377793093804041,0.4669549439989709,0.49626168224299066,histgb_leaves7,0.25,2014-04-21,0.24932860365326684,0.0,-0.0
2014-06-19,0,-0.0011031826820376844,0.5028181590493146,0.49626168224299066,histgb_leaves7,0.25,2014-04-21,0.24932860365326684,0.0,-0.0
2014-06-20,0,-0.011372826780394973,0.525310286589324,0.49626168224299066,histgb_leaves7,0.25,2014-04-21,0.24932860365326684,0.0,-0.0
2014-06-23,0,-9.113462609477985e-05,0.5086937890681115,0.49626168224299066,histgb_leaves7,0.25,2014-04-21,0.24932860365326684,0.0,-0.0
2014-06-24,1,0.009163866736833448,0.49675820864277886,0.49626168224299066,histgb_leaves7,0.25,2014-04-21,0.24932860365326684,0.0,0.0
2014-06-25,0,-0.005480029507851203,0.48554395078606005,0.49626168224299066,histgb_leaves7,0.25,2014-04-21,0.24932860365326684,0.0,-0.0
2014-06-26,1,0.006076651538073685,0.4966367256238503,0.49626168224299066,histgb_leaves7,0.25,2014-04-21,0.24932860365326684,0.0,0.0
2014-06-27,0,-0.0012004621025667461,0.5126265330214019,0.49626168224299066,histgb_leaves7,0.25,2014-04-21,0.24932860365326684,0.0,-0.0
2014-06-30,1,0.0030458938045117012,0.49034432961121666,0.49626168224299066,histgb_leaves7,0.25,2014-04-21,0.24932860365326684,0.0,0.0
2014-07-01,1,0.00286461076913036,0.47825391282800234,0.49626168224299066,histgb_leaves7,0.25,2014-04-21,0.24932860365326684,0.0,0.0
2014-07-02,1,0.0036254980079681864,0.48724754535215475,0.49626168224299066,histgb_leaves7,0.25,2014-04-21,0.24932860365326684,0.0,0.0
2014-07-03,0,-0.0024900917167247627,0.4655111426526234,0.49626168224299066,histgb_leaves7,0.25,2014-04-21,0.24932860365326684,0.0,-0.0
2014-07-04,0,-0.004305497064433728,0.5132416134334548,0.49626168224299066,histgb_leaves7,0.25,2014-04-21,0.24932860365326684,0.0,-0.0
2014-07-07,0,-0.0012004801920768582,0.4970606337142078,0.49626168224299066,histgb_leaves7,0.25,2014-04-21,0.24932860365326684,0.0,-0.0
2014-07-08,1,0.0015522447655411664,0.47971974724951355,0.49626168224299066,histgb_leaves7,0.25,2014-04-21,0.24932860365326684,0.0,0.0
2014-07-09,1,0.0014667821403004933,0.5103694796321417,0.49626168224299066,histgb_leaves7,0.25,2014-04-21,0.24932860365326684,0.0,0.0
2014-07-10,0,-0.0008929328604282416,0.5014883748467257,0.49626168224299066,histgb_leaves7,0.25,2014-04-21,0.24932860365326684,0.0,-0.0
2014-07-11,0,-9.552875164031693e-05,0.4996060030262388,0.49626168224299066,histgb_leaves7,0.25,2014-04-21,0.24932860365326684,0.0,-0.0
2014-07-14,0,-0.002191906959054357,0.48744224242623146,0.49626168224299066,histgb_leaves7,0.25,2014-04-21,0.24932860365326684,0.0,-0.0
2014-07-15,1,0.0038854224337008247,0.4903503461225724,0.49626168224299066,histgb_leaves7,0.25,2014-04-21,0.24932860365326684,0.0,0.0
2014-07-16,0,-0.0010864873714447887,0.47592812557348585,0.49626168224299066,histgb_leaves7,0.25,2014-04-21,0.24932860365326684,0.0,-0.0
2014-07-17,1,0.00018807039771950862,0.49408340202265477,0.49626168224299066,histgb_leaves7,0.25,2014-04-21,0.24932860365326684,0.0,0.0
2014-07-18,1,0.0061281836661486455,0.492299974825425,0.49626168224299066,histgb_leaves7,0.25,2014-04-21,0.24932860365326684,0.0,0.0
2014-07-21,0,-0.004694233784676705,0.4635107329842795,0.49626168224299066,histgb_leaves7,0.25,2014-04-21,0.24932860365326684,0.0,-0.0
2014-07-22,1,0.0038343937699758524,0.5049062980964963,0.49626168224299066,histgb_leaves7,0.25,2014-04-21,0.24932860365326684,0.0,0.0
2014-07-23,0,-0.00216949619477258,0.5175920879400885,0.49626168224299066,histgb_leaves7,0.25,2014-04-21,0.24932860365326684,0.0,-0.0
2014-07-24,0,-0.0031087980953693473,0.4960515656413691,0.49626168224299066,histgb_leaves7,0.25,2014-04-21,0.24932860365326684,0.0,-0.0
2014-07-25,1,0.0018768103091564292,0.4848426082941548,0.49626168224299066,histgb_leaves7,0.25,2014-04-21,0.24932860365326684,0.0,0.0
2014-07-28,1,0.006311518890351531,0.46271757124900215,0.4960282436010591,histgb_leaves7,0.25,2014-07-24,0.24836992905320152,0.0,0.0
2014-07-29,1,0.003865571583667071,0.473845936222708,0.4960282436010591,histgb_leaves7,0.25,2014-07-24,0.24836992905320152,0.0,0.0
2014-07-30,1,0.008786758829142816,0.47533814415812864,0.4960282436010591,histgb_leaves7,0.25,2014-07-24,0.24836992905320152,0.0,0.0
2014-07-31,0,-0.0027044553860934295,0.5201650522159185,0.4960282436010591,histgb_leaves7,0.25,2014-07-24,0.24836992905320152,0.0,-0.0
2014-08-01,1,0.004550057905422733,0.5142646294884706,0.4960282436010591,histgb_leaves7,0.25,2014-07-24,0.24836992905320152,0.0,0.0
2014-08-04,0,-0.00016820696184582928,0.5036610346061603,0.4960282436010591,histgb_leaves7,0.25,2014-07-24,0.24836992905320152,0.0,-0.0
2014-08-05,0,-0.004773212212872635,0.48002300339468396,0.4960282436010591,histgb_leaves7,0.25,2014-07-24,0.24836992905320152,0.0,-0.0
2014-08-06,0,-0.0010664443291822367,0.4987100112407938,0.4960282436010591,histgb_leaves7,0.25,2014-07-24,0.24836992905320152,0.0,-0.0
2014-08-07,0,-0.0037483513073161,0.4743523534266779,0.4960282436010591,histgb_leaves7,0.25,2014-07-24,0.24836992905320152,0.0,-0.0
2014-08-08,0,-0.008982634873701656,0.4827305883765663,0.4960282436010591,histgb_leaves7,0.25,2014-07-24,0.24836992905320152,0.0,-0.0
2014-08-11,0,-0.004301379761544322,0.4506601465578432,0.4960282436010591,histgb_leaves7,0.25,2014-07-24,0.24836992905320152,0.0,-0.0
2014-08-12,0,-0.0033782629284461185,0.49058227467895227,0.4960282436010591,histgb_leaves7,0.25,2014-07-24,0.24836992905320152,0.0,-0.0
2014-08-13,1,0.007661187874997477,0.4963548366478318,0.4960282436010591,histgb_leaves7,0.25,2014-07-24,0.24836992905320152,0.0,0.0
2014-08-14,0,-0.001195726367460903,0.4812666885411511,0.4960282436010591,histgb_leaves7,0.25,2014-07-24,0.24836992905320152,0.0,-0.0
2014-08-18,0,-0.008604746613872671,0.5053577211370364,0.4960282436010591,histgb_leaves7,0.25,2014-07-24,0.24836992905320152,0.0,-0.0
2014-08-19,1,0.002881090843941614,0.4880540195617899,0.4960282436010591,histgb_leaves7,0.25,2014-07-24,0.24836992905320152,0.0,0.0
2014-08-20,0,-0.0038399246432809786,0.4738606734423951,0.4960282436010591,histgb_leaves7,0.25,2014-07-24,0.24836992905320152,0.0,-0.0
2014-08-21,0,-0.011326978231114837,0.49774383941567807,0.4960282436010591,histgb_leaves7,0.25,2014-07-24,0.24836992905320152,0.0,-0.0
2014-08-22,1,0.00413037534663907,0.4975952905369893,0.4960282436010591,histgb_leaves7,0.25,2014-07-24,0.24836992905320152,0.0,0.0
2014-08-25,1,0.005724296785024174,0.48645297992853603,0.4960282436010591,histgb_leaves7,0.25,2014-07-24,0.24836992905320152,0.0,0.0
2014-08-26,0,-0.0004929751047572095,0.4752865644998581,0.4960282436010591,histgb_leaves7,0.25,2014-07-24,0.24836992905320152,0.0,-0.0
2014-08-27,0,-0.00025054807391167166,0.4934474217751188,0.4960282436010591,histgb_leaves7,0.25,2014-07-24,0.24836992905320152,0.0,-0.0
2014-08-28,0,-0.00349010815974804,0.5055563759246434,0.4960282436010591,histgb_leaves7,0.25,2014-07-24,0.24836992905320152,0.0,-0.0
2014-08-29,0,-0.001057598045133834,0.5131518295987743,0.4960282436010591,histgb_leaves7,0.25,2014-07-24,0.24836992905320152,0.0,-0.0
2014-09-01,1,2.901634587471058e-05,0.5025204078190804,0.4960282436010591,histgb_leaves7,0.25,2014-07-24,0.24836992905320152,0.0,0.0
2014-09-02,0,-0.006965251189513855,0.49982978549476964,0.4960282436010591,histgb_leaves7,0.25,2014-07-24,0.24836992905320152,0.0,-0.0
2014-09-03,1,0.0005414396441130176,0.4755060656693947,0.4960282436010591,histgb_leaves7,0.25,2014-07-24,0.24836992905320152,0.0,0.0
2014-09-04,0,-0.001354993807824001,0.5257226103056354,0.4960282436010591,histgb_leaves7,0.25,2014-07-24,0.24836992905320152,0.0,-0.0
2014-09-05,0,-0.0018361760780837288,0.46467687790696455,0.4960282436010591,histgb_leaves7,0.25,2014-07-24,0.24836992905320152,0.0,-0.0
2014-09-11,0,-0.006258030161653494,0.4605541393454459,0.4960282436010591,histgb_leaves7,0.25,2014-07-24,0.24836992905320152,0.0,-0.0
2014-09-12,0,-0.0003182358960299725,0.47302029532589196,0.4960282436010591,histgb_leaves7,0.25,2014-07-24,0.24836992905320152,0.0,-0.0
2014-09-15,0,-0.0015742779655032457,0.47876327265507307,0.4960282436010591,histgb_leaves7,0.25,2014-07-24,0.24836992905320152,0.0,-0.0
2014-09-16,1,0.001470645907682755,0.4670586887726631,0.4960282436010591,histgb_leaves7,0.25,2014-07-24,0.24836992905320152,0.0,0.0
2014-09-17,1,0.005141175209302018,0.4656294554136655,0.4960282436010591,histgb_leaves7,0.25,2014-07-24,0.24836992905320152,0.0,0.0
2014-09-18,0,-0.00508694448088387,0.47759949824205017,0.4960282436010591,histgb_leaves7,0.25,2014-07-24,0.24836992905320152,0.0,-0.0
2014-09-19,0,-0.0018176869690311737,0.4815429530350632,0.4960282436010591,histgb_leaves7,0.25,2014-07-24,0.24836992905320152,0.0,-0.0
2014-09-22,0,-0.006832903131544388,0.4952593892328252,0.4960282436010591,histgb_leaves7,0.25,2014-07-24,0.24836992905320152,0.0,-0.0
2014-09-23,1,4.928779141488704e-06,0.5337081081933437,0.4960282436010591,histgb_leaves7,0.25,2014-07-24,0.24836992905320152,0.0,0.0
2014-09-24,1,0.005378441782936116,0.5068302216807513,0.4960282436010591,histgb_leaves7,0.25,2014-07-24,0.24836992905320152,0.0,0.0
2014-09-25,0,-0.0056460995473344155,0.47014565170849315,0.4960282436010591,histgb_leaves7,0.25,2014-07-24,0.24836992905320152,0.0,-0.0
2014-09-26,1,0.006175804909938298,0.48746575932116115,0.4960282436010591,histgb_leaves7,0.25,2014-07-24,0.24836992905320152,0.0,0.0
2014-09-29,0,-0.004582672292269496,0.48581041249826445,0.4960282436010591,histgb_leaves7,0.25,2014-07-24,0.24836992905320152,0.0,-0.0
2014-09-30,0,-0.0015272986091203755,0.5126248789875651,0.4960282436010591,histgb_leaves7,0.25,2014-07-24,0.24836992905320152,0.0,-0.0
2014-10-01,0,-0.01089164477245752,0.49004332013254637,0.4960282436010591,histgb_leaves7,0.25,2014-07-24,0.24836992905320152,0.0,-0.0
2014-10-02,0,-0.004167443548021343,0.5129193609402274,0.4960282436010591,histgb_leaves7,0.25,2014-07-24,0.24836992905320152,0.0,-0.0
2014-10-06,0,-0.009809395892126815,0.44466708312711856,0.4960282436010591,histgb_leaves7,0.25,2014-07-24,0.24836992905320152,0.0,-0.0
2014-10-07,0,-0.003495249592136651,0.5193446249227296,0.4960282436010591,histgb_leaves7,0.25,2014-07-24,0.24836992905320152,0.0,-0.0
2014-10-08,1,0.0037540221666070295,0.5082079109238609,0.4960282436010591,histgb_leaves7,0.25,2014-07-24,0.24836992905320152,0.0,0.0
2014-10-10,0,-0.006683794102293805,0.49346879659282783,0.4960282436010591,histgb_leaves7,0.25,2014-07-24,0.24836992905320152,0.0,-0.0
2014-10-13,1,0.004027132348344287,0.5251594722999158,0.4960282436010591,histgb_leaves7,0.25,2014-07-24,0.24836992905320152,0.0,0.0
2014-10-14,0,-0.0021722827070780326,0.49075888503100173,0.4960282436010591,histgb_leaves7,0.25,2014-07-24,0.24836992905320152,0.0,-0.0
2014-10-15,0,-0.003208927027964159,0.4748617000050438,0.4960282436010591,histgb_leaves7,0.25,2014-07-24,0.24836992905320152,0.0,-0.0
2014-10-16,1,0.0038609432629679308,0.49408366025692496,0.4960282436010591,histgb_leaves7,0.25,2014-07-24,0.24836992905320152,0.0,0.0
2014-10-17,0,-0.011879324776060352,0.504321299754658,0.4960282436010591,histgb_leaves7,0.25,2014-07-24,0.24836992905320152,0.0,-0.0
2014-10-20,1,0.005847282733318027,0.46810008158581035,0.4960282436010591,histgb_leaves7,0.25,2014-07-24,0.24836992905320152,0.0,0.0
2014-10-21,0,-0.004335575633441113,0.4680978200615786,0.4960282436010591,histgb_leaves7,0.25,2014-07-24,0.24836992905320152,0.0,-0.0
2014-10-22,1,3.0977174984903044e-05,0.4665618547502575,0.4960282436010591,histgb_leaves7,0.25,2014-07-24,0.24836992905320152,0.0,0.0
2014-10-23,0,-0.00040363687171074414,0.5118853666764533,0.4960282436010591,histgb_leaves7,0.25,2014-07-24,0.24836992905320152,0.0,-0.0
2014-10-24,0,-0.008633382411993074,0.45735642952138317,0.4960282436010591,histgb_leaves7,0.25,2014-07-24,0.24836992905320152,0.0,-0.0
2014-10-27,0,-0.0010031490607111948,0.5041949961070046,0.4960282436010591,histgb_leaves7,0.25,2014-07-24,0.24836992905320152,0.0,-0.0
2014-10-28,0,-0.00505306232110192,0.4946358948778148,0.4960282436010591,histgb_leaves7,0.25,2014-07-24,0.24836992905320152,0.0,-0.0
2014-10-29,1,0.011538064782339763,0.48372168627748685,0.4960282436010591,histgb_leaves7,0.25,2014-07-24,0.24836992905320152,0.0,0.0
2014-10-30,1,0.0010271242564847682,0.482496022578982,0.4960282436010591,histgb_leaves7,0.25,2014-07-24,0.24836992905320152,0.0,0.0
2014-10-31,1,0.0005959475566150729,0.48817757894862135,0.4882943143812709,histgb_leaves7,0.25,2014-10-29,0.24869185058373053,0.0,0.0
2014-11-03,0,-0.003413857505893958,0.45519391062326137,0.4882943143812709,histgb_leaves7,0.25,2014-10-29,0.24869185058373053,0.0,-0.0
2014-11-04,0,-0.007671204779119534,0.4917888287947503,0.4882943143812709,histgb_leaves7,0.25,2014-10-29,0.24869185058373053,0.0,-0.0
2014-11-05,0,-0.003703684598758805,0.48304084279787896,0.4882943143812709,histgb_leaves7,0.25,2014-10-29,0.24869185058373053,0.0,-0.0
2014-11-06,1,0.001567146810106168,0.5251910195224835,0.4882943143812709,histgb_leaves7,0.25,2014-10-29,0.24869185058373053,0.0,0.0
2014-11-07,1,0.002128374015239576,0.4899645858676661,0.4882943143812709,histgb_leaves7,0.25,2014-10-29,0.24869185058373053,0.0,0.0
2014-11-10,1,0.002785757813180245,0.4739879372237539,0.4882943143812709,histgb_leaves7,0.25,2014-10-29,0.24869185058373053,0.0,0.0
2014-11-11,1,0.0026201943949293316,0.4630913867752784,0.4882943143812709,histgb_leaves7,0.25,2014-10-29,0.24869185058373053,0.0,0.0
2014-11-12,1,0.0010482340309687643,0.44800042616177876,0.4882943143812709,histgb_leaves7,0.25,2014-10-29,0.24869185058373053,0.0,0.0
2014-11-13,0,-0.005140461981894218,0.45846034469938424,0.4882943143812709,histgb_leaves7,0.25,2014-10-29,0.24869185058373053,0.0,-0.0
2014-11-14,0,-0.0073993182421261405,0.48207925610672436,0.4882943143812709,histgb_leaves7,0.25,2014-10-29,0.24869185058373053,0.0,-0.0
2014-11-17,1,0.0009269606505204475,0.5133606693161432,0.4882943143812709,histgb_leaves7,0.25,2014-10-29,0.24869185058373053,0.0,0.0
2014-11-18,1,0.007725686884263228,0.48403761799146283,0.4882943143812709,histgb_leaves7,0.25,2014-10-29,0.24869185058373053,0.0,0.0
2014-11-19,0,-0.003818862343687557,0.4729391572948161,0.4882943143812709,histgb_leaves7,0.25,2014-10-29,0.24869185058373053,0.0,-0.0
2014-11-20,0,-0.0013668448325105942,0.4544777733294252,0.4882943143812709,histgb_leaves7,0.25,2014-10-29,0.24869185058373053,0.0,-0.0
2014-11-21,0,-0.0010422545236389302,0.48624114856809747,0.4882943143812709,histgb_leaves7,0.25,2014-10-29,0.24869185058373053,0.0,-0.0
2014-11-24,0,-0.001987409709051313,0.442685263342618,0.4882943143812709,histgb_leaves7,0.25,2014-10-29,0.24869185058373053,0.0,-0.0
2014-11-25,0,-0.0006611086438693681,0.46165917989485117,0.4882943143812709,histgb_leaves7,0.25,2014-10-29,0.24869185058373053,0.0,-0.0
2014-11-26,0,-0.0020102477290246945,0.44953389185632026,0.4882943143812709,histgb_leaves7,0.25,2014-10-29,0.24869185058373053,0.0,-0.0
2014-11-27,0,-0.005798409951596417,0.48389122202783036,0.4882943143812709,histgb_leaves7,0.25,2014-10-29,0.24869185058373053,0.0,-0.0
2014-11-28,0,-0.0012303224049777794,0.48177622121745217,0.4882943143812709,histgb_leaves7,0.25,2014-10-29,0.24869185058373053,0.0,-0.0
2014-12-01,0,-0.003412865437764645,0.4596506468477217,0.4882943143812709,histgb_leaves7,0.25,2014-10-29,0.24869185058373053,0.0,-0.0
2014-12-02,1,0.0032816168214759855,0.4704712133832711,0.4882943143812709,histgb_leaves7,0.25,2014-10-29,0.24869185058373053,0.0,0.0
2014-12-03,1,0.00017262651238603155,0.4507596073438568,0.4882943143812709,histgb_leaves7,0.25,2014-10-29,0.24869185058373053,0.0,0.0
2014-12-04,1,0.005216819308809351,0.46488614984072185,0.4882943143812709,histgb_leaves7,0.25,2014-10-29,0.24869185058373053,0.0,0.0
2014-12-05,1,1.0067451927886495e-05,0.46043407162039196,0.4882943143812709,histgb_leaves7,0.25,2014-10-29,0.24869185058373053,0.0,0.0
2014-12-08,0,-0.004952735317779511,0.43519817200749006,0.4882943143812709,histgb_leaves7,0.25,2014-10-29,0.24869185058373053,0.0,-0.0
2014-12-09,0,-0.0030854050226346574,0.4931865419308837,0.4882943143812709,histgb_leaves7,0.25,2014-10-29,0.24869185058373053,0.0,-0.0
2014-12-10,0,-0.009409177002505098,0.47204462926762814,0.4882943143812709,histgb_leaves7,0.25,2014-10-29,0.24869185058373053,0.0,-0.0
2014-12-11,0,-0.007184816054204735,0.5118535237477463,0.4882943143812709,histgb_leaves7,0.25,2014-10-29,0.24869185058373053,0.0,-0.0
2014-12-12,1,5.2039695880079506e-05,0.498963455416186,0.4882943143812709,histgb_leaves7,0.25,2014-10-29,0.24869185058373053,0.0,0.0
2014-12-15,1,0.00905880869309339,0.497825573314728,0.4882943143812709,histgb_leaves7,0.25,2014-10-29,0.24869185058373053,0.0,0.0
2014-12-16,0,-0.002556298814568758,0.49689462110936,0.4882943143812709,histgb_leaves7,0.25,2014-10-29,0.24869185058373053,0.0,-0.0
2014-12-17,0,-0.006857334002341453,0.5084846627122495,0.4882943143812709,histgb_leaves7,0.25,2014-10-29,0.24869185058373053,0.0,-0.0
2014-12-18,0,-0.010517972331005931,0.49558841770988127,0.4882943143812709,histgb_leaves7,0.25,2014-10-29,0.24869185058373053,0.0,-0.0
2014-12-19,1,0.004805414551607434,0.49541347676725944,0.4882943143812709,histgb_leaves7,0.25,2014-10-29,0.24869185058373053,0.0,0.0
2014-12-22,1,0.0025591282453460984,0.49645334066211255,0.4882943143812709,histgb_leaves7,0.25,2014-10-29,0.24869185058373053,0.0,0.0
2014-12-23,0,-0.0015961938500195227,0.4829769009331808,0.4882943143812709,histgb_leaves7,0.25,2014-10-29,0.24869185058373053,0.0,-0.0
2014-12-24,1,0.003014283064366463,0.4736838431438961,0.4882943143812709,histgb_leaves7,0.25,2014-10-29,0.24869185058373053,0.0,0.0
2014-12-26,1,0.0002875333744096764,0.49663613561963393,0.4882943143812709,histgb_leaves7,0.25,2014-10-29,0.24869185058373053,0.0,0.0
2014-12-29,0,-0.004857350808096017,0.4449270568043875,0.4882943143812709,histgb_leaves7,0.25,2014-10-29,0.24869185058373053,0.0,-0.0
2014-12-30,0,-0.009780254431354773,0.48718329462887977,0.4882943143812709,histgb_leaves7,0.25,2014-10-29,0.24869185058373053,0.0,-0.0
2015-01-02,1,0.006373286526245359,0.5055843201045954,0.4882943143812709,histgb_leaves7,0.25,2014-10-29,0.24869185058373053,0.0,0.0
2015-01-05,0,-0.0032310766092946697,0.48907024115168596,0.4882943143812709,histgb_leaves7,0.25,2014-10-29,0.24869185058373053,0.0,-0.0
2015-01-06,0,-0.006874248211534817,0.49119871367369083,0.4882943143812709,histgb_leaves7,0.25,2014-10-29,0.24869185058373053,0.0,-0.0
2015-01-07,1,0.0026238756719356715,0.49289881350028386,0.4882943143812709,histgb_leaves7,0.25,2014-10-29,0.24869185058373053,0.0,0.0
2015-01-08,1,0.004641717435451165,0.48963270570640577,0.4882943143812709,histgb_leaves7,0.25,2014-10-29,0.24869185058373053,0.0,0.0
2015-01-09,1,0.002552349203041926,0.4794112001929077,0.4882943143812709,histgb_leaves7,0.25,2014-10-29,0.24869185058373053,0.0,0.0
2015-01-12,1,0.001444077198177407,0.4482671277003342,0.4882943143812709,histgb_leaves7,0.25,2014-10-29,0.24869185058373053,0.0,0.0
2015-01-13,1,0.0011018104155027242,0.4770963184208445,0.4882943143812709,histgb_leaves7,0.25,2014-10-29,0.24869185058373053,0.0,0.0
2015-01-14,0,-0.0029437662493291272,0.4810346059694992,0.4882943143812709,histgb_leaves7,0.25,2014-10-29,0.24869185058373053,0.0,-0.0
2015-01-15,1,4.1795972958169614e-05,0.4817474077568625,0.4882943143812709,histgb_leaves7,0.25,2014-10-29,0.24869185058373053,0.0,0.0
2015-01-16,0,-0.00993146554662383,0.49206552120567637,0.4882943143812709,histgb_leaves7,0.25,2014-10-29,0.24869185058373053,0.0,-0.0
2015-01-19,0,-9.985232366871433e-05,0.48330439639819467,0.4882943143812709,histgb_leaves7,0.25,2014-10-29,0.24869185058373053,0.0,-0.0
2015-01-20,1,0.0050769666041432515,0.4402232897456214,0.4882943143812709,histgb_leaves7,0.25,2014-10-29,0.24869185058373053,0.0,0.0
2015-01-21,1,0.002034078640609671,0.46354512166027906,0.4882943143812709,histgb_leaves7,0.25,2014-10-29,0.24869185058373053,0.0,0.0
2015-01-22,0,-0.002694690058722471,0.4605389674428525,0.4882943143812709,histgb_leaves7,0.25,2014-10-29,0.24869185058373053,0.0,-0.0
2015-01-23,0,-0.004765184850104909,0.4611609880433962,0.4882943143812709,histgb_leaves7,0.25,2014-10-29,0.24869185058373053,0.0,-0.0
2015-01-26,1,0.003848028792797775,0.4736091392363263,0.4882943143812709,histgb_leaves7,0.25,2014-10-29,0.24869185058373053,0.0,0.0
2015-01-27,1,0.0054070755445696506,0.481630629315705,0.4882943143812709,histgb_leaves7,0.25,2014-10-29,0.24869185058373053,0.0,0.0
2015-01-28,1,0.00763852859439762,0.4903826186314751,0.4882943143812709,histgb_leaves7,0.25,2014-10-29,0.24869185058373053,0.0,0.0
2015-01-29,1,9.739444236567252e-05,0.48882344744188927,0.4882943143812709,histgb_leaves7,0.25,2014-10-29,0.24869185058373053,0.0,0.0
2015-01-30,0,-0.007570781974716612,0.4338808541871851,0.4882943143812709,histgb_leaves7,0.25,2014-10-29,0.24869185058373053,0.0,-0.0
2015-02-02,1,0.0024487784343218966,0.5041046720330824,0.4892772041302621,histgb_leaves7,0.25,2015-01-29,0.24894279889179055,0.0,0.0
2015-02-03,0,-0.004157929912096736,0.4521722206687981,0.4892772041302621,histgb_leaves7,0.25,2015-01-29,0.24894279889179055,0.0,-0.0
2015-02-04,0,-0.0002954104422497883,0.46689866396551255,0.4892772041302621,histgb_leaves7,0.25,2015-01-29,0.24894279889179055,0.0,-0.0
2015-02-05,0,-0.004237309741733308,0.48777119601222535,0.4892772041302621,histgb_leaves7,0.25,2015-01-29,0.24894279889179055,0.0,-0.0
2015-02-06,1,0.00019947522671115436,0.4551070619197388,0.4892772041302621,histgb_leaves7,0.25,2015-01-29,0.24894279889179055,0.0,0.0
2015-02-09,0,-0.0012823800974608446,0.5067916612319578,0.4892772041302621,histgb_leaves7,0.25,2015-01-29,0.24894279889179055,0.0,-0.0
2015-02-10,0,-0.006894782742522976,0.49009242105326634,0.4892772041302621,histgb_leaves7,0.25,2015-01-29,0.24894279889179055,0.0,-0.0
2015-02-11,1,0.0017298722159868607,0.4730238191267602,0.4892772041302621,histgb_leaves7,0.25,2015-01-29,0.24894279889179055,0.0,0.0
2015-02-12,0,-0.0028656385289721475,0.5160505256174653,0.4892772041302621,histgb_leaves7,0.25,2015-01-29,0.24894279889179055,0.0,-0.0
2015-02-13,1,0.004196335132251372,0.4718434041677278,0.4892772041302621,histgb_leaves7,0.25,2015-01-29,0.24894279889179055,0.0,0.0
2015-02-16,0,-0.0009183532905108205,0.48192295593485296,0.4892772041302621,histgb_leaves7,0.25,2015-01-29,0.24894279889179055,0.0,-0.0
2015-02-17,1,0.002904226979655089,0.5002313732208996,0.4892772041302621,histgb_leaves7,0.25,2015-01-29,0.24894279889179055,0.0,0.0
2015-02-23,0,-0.003064159964344282,0.4623220216379651,0.4892772041302621,histgb_leaves7,0.25,2015-01-29,0.24894279889179055,0.0,-0.0
2015-02-24,1,0.00023789638853033424,0.5116356528870165,0.4892772041302621,histgb_leaves7,0.25,2015-01-29,0.24894279889179055,0.0,0.0
2015-02-25,1,0.0010057984279370213,0.4810577491191749,0.4892772041302621,histgb_leaves7,0.25,2015-01-29,0.24894279889179055,0.0,0.0
2015-02-26,0,-9.532075433837939e-05,0.5045983660341218,0.4892772041302621,histgb_leaves7,0.25,2015-01-29,0.24894279889179055,0.0,-0.0
2015-02-27,0,-0.003492643368995796,0.5405840022233435,0.4892772041302621,histgb_leaves7,0.25,2015-01-29,0.24894279889179055,0.0,-0.0
2015-03-02,1,4.5073921230764924e-05,0.4902196767619708,0.4892772041302621,histgb_leaves7,0.25,2015-01-29,0.24894279889179055,0.0,0.0
2015-03-03,0,-0.0005593008739075422,0.5079283703711365,0.4892772041302621,histgb_leaves7,0.25,2015-01-29,0.24894279889179055,0.0,-0.0
2015-03-04,0,-0.001733474542402691,0.48814023823978886,0.4892772041302621,histgb_leaves7,0.25,2015-01-29,0.24894279889179055,0.0,-0.0
2015-03-05,1,0.0007862540752501257,0.5123102195189704,0.4892772041302621,histgb_leaves7,0.25,2015-01-29,0.24894279889179055,0.0,0.0
2015-03-06,1,0.00447611491189992,0.5201770233436357,0.4892772041302621,histgb_leaves7,0.25,2015-01-29,0.24894279889179055,0.0,0.0
2015-03-09,0,-0.006045068680359589,0.4992892992590443,0.4892772041302621,histgb_leaves7,0.25,2015-01-29,0.24894279889179055,0.0,-0.0
2015-03-10,0,-0.007942379014925116,0.49999667994724106,0.4892772041302621,histgb_leaves7,0.25,2015-01-29,0.24894279889179055,0.0,-0.0
2015-03-11,1,0.00496692101631635,0.5128298441000455,0.4892772041302621,histgb_leaves7,0.25,2015-01-29,0.24894279889179055,0.0,0.0
2015-03-12,0,-0.00436030355392536,0.49900958350802194,0.4892772041302621,histgb_leaves7,0.25,2015-01-29,0.24894279889179055,0.0,-0.0
2015-03-13,0,-0.0006944549283655066,0.5006456062689125,0.4892772041302621,histgb_leaves7,0.25,2015-01-29,0.24894279889179055,0.0,-0.0
2015-03-16,1,0.0008763138412259952,0.4785203773408399,0.4892772041302621,histgb_leaves7,0.25,2015-01-29,0.24894279889179055,0.0,0.0
2015-03-17,1,0.015838779738372333,0.4550222012332543,0.4892772041302621,histgb_leaves7,0.25,2015-01-29,0.24894279889179055,0.0,0.0
2015-03-18,0,-0.0018403790984110602,0.5171687094503203,0.4892772041302621,histgb_leaves7,0.25,2015-01-29,0.24894279889179055,0.0,-0.0
2015-03-19,0,-0.004513636163800072,0.4463556206963923,0.4892772041302621,histgb_leaves7,0.25,2015-01-29,0.24894279889179055,0.0,-0.0
2015-03-20,1,5.399753574875099e-05,0.4893223936980319,0.4892772041302621,histgb_leaves7,0.25,2015-01-29,0.24894279889179055,0.0,0.0
2015-03-23,0,-0.0032448781824767625,0.4423233777171702,0.4892772041302621,histgb_leaves7,0.25,2015-01-29,0.24894279889179055,0.0,-0.0
2015-03-24,1,0.003090787585745991,0.47379004463243823,0.4892772041302621,histgb_leaves7,0.25,2015-01-29,0.24894279889179055,0.0,0.0
2015-03-25,0,-0.0001713032753186683,0.4895720266258872,0.4892772041302621,histgb_leaves7,0.25,2015-01-29,0.24894279889179055,0.0,-0.0
2015-03-26,0,-0.0022888713496448387,0.4857800892277585,0.4892772041302621,histgb_leaves7,0.25,2015-01-29,0.24894279889179055,0.0,-0.0
2015-03-27,0,-0.0034291353151597592,0.46875913975991174,0.4892772041302621,histgb_leaves7,0.25,2015-01-29,0.24894279889179055,0.0,-0.0
2015-03-30,1,0.001697424257376845,0.4870587514671249,0.4892772041302621,histgb_leaves7,0.25,2015-01-29,0.24894279889179055,0.0,0.0
2015-03-31,0,-0.0006267412880512913,0.4382504765431901,0.4892772041302621,histgb_leaves7,0.25,2015-01-29,0.24894279889179055,0.0,-0.0
2015-04-01,0,-0.0034145622482067983,0.46712384396759554,0.4892772041302621,histgb_leaves7,0.25,2015-01-29,0.24894279889179055,0.0,-0.0
2015-04-02,0,-0.0038440767833473055,0.45891460699612774,0.4892772041302621,histgb_leaves7,0.25,2015-01-29,0.24894279889179055,0.0,-0.0
2015-04-03,1,0.004710609432025281,0.4648382813358507,0.4892772041302621,histgb_leaves7,0.25,2015-01-29,0.24894279889179055,0.0,0.0
2015-04-06,0,-0.0016781552000857403,0.4643772915403634,0.4892772041302621,histgb_leaves7,0.25,2015-01-29,0.24894279889179055,0.0,-0.0
2015-04-07,0,-0.005837643573492701,0.4622036329609899,0.4892772041302621,histgb_leaves7,0.25,2015-01-29,0.24894279889179055,0.0,-0.0
2015-04-08,1,0.005129957291031273,0.4626635664863178,0.4892772041302621,histgb_leaves7,0.25,2015-01-29,0.24894279889179055,0.0,0.0
2015-04-09,0,-0.0006940736785906454,0.4555367310672946,0.4892772041302621,histgb_leaves7,0.25,2015-01-29,0.24894279889179055,0.0,-0.0
2015-04-10,1,0.010375934027643474,0.45848045888454136,0.4892772041302621,histgb_leaves7,0.25,2015-01-29,0.24894279889179055,0.0,0.0
2015-04-13,1,0.0023017047896471965,0.4660286441545148,0.4892772041302621,histgb_leaves7,0.25,2015-01-29,0.24894279889179055,0.0,0.0
2015-04-14,1,0.00473888550548085,0.459078386097438,0.4892772041302621,histgb_leaves7,0.25,2015-01-29,0.24894279889179055,0.0,0.0
2015-04-15,1,0.0025537227602905332,0.47578873499605995,0.4892772041302621,histgb_leaves7,0.25,2015-01-29,0.24894279889179055,0.0,0.0
2015-04-16,1,0.002698979448396255,0.4615470075405513,0.4892772041302621,histgb_leaves7,0.25,2015-01-29,0.24894279889179055,0.0,0.0
2015-04-17,1,0.0003640232974910784,0.43586588516866376,0.4892772041302621,histgb_leaves7,0.25,2015-01-29,0.24894279889179055,0.0,0.0
2015-04-20,1,0.009480143895041149,0.5065634744237824,0.4892772041302621,histgb_leaves7,0.25,2015-01-29,0.24894279889179055,0.0,0.0
2015-04-21,0,-0.004007578642345688,0.43271446854422707,0.4892772041302621,histgb_leaves7,0.25,2015-01-29,0.24894279889179055,0.0,-0.0
2015-04-22,0,-0.0012578088969017465,0.46727204567521063,0.4892772041302621,histgb_leaves7,0.25,2015-01-29,0.24894279889179055,0.0,-0.0
2015-04-23,1,0.007635817407994461,0.457960888020853,0.4892772041302621,histgb_leaves7,0.25,2015-01-29,0.24894279889179055,0.0,0.0
2015-04-24,0,-0.009829271423593688,0.4380411548930123,0.4892772041302621,histgb_leaves7,0.25,2015-01-29,0.24894279889179055,0.0,-0.0
2015-04-27,0,-0.005347741501240066,0.44871467802593534,0.4892772041302621,histgb_leaves7,0.25,2015-01-29,0.24894279889179055,0.0,-0.0
2015-04-28,0,-0.006857803468208079,0.46335596701912735,0.4892772041302621,histgb_leaves7,0.25,2015-01-29,0.24894279889179055,0.0,-0.0
2015-04-29,0,-0.005744752924580432,0.4856429318358859,0.4892772041302621,histgb_leaves7,0.25,2015-01-29,0.24894279889179055,0.0,-0.0
2015-04-30,0,-0.0036394465418231325,0.44875703636979236,0.4892772041302621,histgb_leaves7,0.25,2015-01-29,0.24894279889179055,0.0,-0.0
2015-05-04,0,-0.0010681608425353595,0.4258857655473077,0.4892772041302621,histgb_leaves7,0.25,2015-01-29,0.24894279889179055,-1.0,6.816084253535946e-05
2015-05-06,0,-0.008223257918125726,0.4840059330394618,0.4892772041302621,histgb_leaves7,0.25,2015-01-29,0.24894279889179055,0.0,-0.0
2015-05-07,0,-0.0035644847699287663,0.4817716307250694,0.4856278366111952,histgb_leaves7,0.25,2015-05-04,0.24910824116606073,0.0,-0.0
2015-05-08,0,-0.0022342466474339906,0.4989158270949476,0.4856278366111952,histgb_leaves7,0.25,2015-05-04,0.24910824116606073,0.0,-0.0
2015-05-11,0,-0.00414981102691192,0.44945486796331047,0.4856278366111952,histgb_leaves7,0.25,2015-05-04,0.24910824116606073,0.0,-0.0
2015-05-12,0,-0.0018375439749028777,0.4665280623734321,0.4856278366111952,histgb_leaves7,0.25,2015-05-04,0.24910824116606073,0.0,-0.0
2015-05-13,1,0.006694919289557566,0.46682561435999725,0.4856278366111952,histgb_leaves7,0.25,2015-05-04,0.24910824116606073,0.0,0.0
2015-05-14,1,0.002240509739599661,0.5006432434017429,0.4856278366111952,histgb_leaves7,0.25,2015-05-04,0.24910824116606073,0.0,0.0
2015-05-15,0,-0.012206158881703955,0.458260272137752,0.4856278366111952,histgb_leaves7,0.25,2015-05-04,0.24910824116606073,0.0,-0.0
2015-05-18,1,0.002642126983373849,0.4962368517400931,0.4856278366111952,histgb_leaves7,0.25,2015-05-04,0.24910824116606073,0.0,0.0
2015-05-19,1,0.0031026964134532875,0.4590641508753853,0.4856278366111952,histgb_leaves7,0.25,2015-05-04,0.24910824116606073,0.0,0.0
2015-05-20,1,0.005418207621204596,0.4746586377996839,0.4856278366111952,histgb_leaves7,0.25,2015-05-04,0.24910824116606073,0.0,0.0
2015-05-21,0,-0.007884356539295534,0.4866000585881225,0.4856278366111952,histgb_leaves7,0.25,2015-05-04,0.24910824116606073,0.0,-0.0
2015-05-22,1,0.007033893135502067,0.49928109960374245,0.4856278366111952,histgb_leaves7,0.25,2015-05-04,0.24910824116606073,0.0,0.0
2015-05-26,0,-0.0013836671372066123,0.4750930890391983,0.4856278366111952,histgb_leaves7,0.25,2015-05-04,0.24910824116606073,0.0,-0.0
2015-05-27,0,-0.012181917890404792,0.45637348827744656,0.4856278366111952,histgb_leaves7,0.25,2015-05-04,0.24910824116606073,0.0,-0.0
2015-05-28,0,-0.0032487002837890966,0.42670105891995164,0.4856278366111952,histgb_leaves7,0.25,2015-05-04,0.24910824116606073,-1.0,0.0022487002837890966
2015-05-29,1,0.002569475390873155,0.49314904891795,0.4856278366111952,histgb_leaves7,0.25,2015-05-04,0.24910824116606073,0.0,0.0
2015-06-01,0,-0.0036727769036831726,0.4860177424633532,0.4856278366111952,histgb_leaves7,0.25,2015-05-04,0.24910824116606073,0.0,-0.0
2015-06-02,0,-0.011404818749940593,0.45103052270579186,0.4856278366111952,histgb_leaves7,0.25,2015-05-04,0.24910824116606073,0.0,-0.0
2015-06-03,0,-0.007385097978840793,0.4452402452291356,0.4856278366111952,histgb_leaves7,0.25,2015-05-04,0.24910824116606073,0.0,-0.0
2015-06-04,1,0.0011446565788775231,0.49060816842632893,0.4856278366111952,histgb_leaves7,0.25,2015-05-04,0.24910824116606073,0.0,0.0
2015-06-05,1,0.0028512961759656896,0.464181351532138,0.4856278366111952,histgb_leaves7,0.25,2015-05-04,0.24910824116606073,0.0,0.0
2015-06-08,0,-0.0016050200385785418,0.4326963413080152,0.4856278366111952,histgb_leaves7,0.25,2015-05-04,0.24910824116606073,0.0,-0.0
2015-06-09,1,0.00030532131433558263,0.4791208869491466,0.4856278366111952,histgb_leaves7,0.25,2015-05-04,0.24910824116606073,0.0,0.0
2015-06-10,0,-0.013375786987826599,0.5013034961356236,0.4856278366111952,histgb_leaves7,0.25,2015-05-04,0.24910824116606073,0.0,-0.0
2015-06-11,0,-0.004096713428600518,0.46840269870005713,0.4856278366111952,histgb_leaves7,0.25,2015-05-04,0.24910824116606073,0.0,-0.0
2015-06-12,0,-0.007870627764751226,0.4783154642398775,0.4856278366111952,histgb_leaves7,0.25,2015-05-04,0.24910824116606073,0.0,-0.0
2015-06-15,1,0.0006124238757121425,0.5063672853808115,0.4856278366111952,histgb_leaves7,0.25,2015-05-04,0.24910824116606073,0.0,0.0
2015-06-16,0,-0.007965731218918193,0.48350846528614966,0.4856278366111952,histgb_leaves7,0.25,2015-05-04,0.24910824116606073,0.0,-0.0
2015-06-17,0,-0.00030459645882052744,0.5183094578304641,0.4856278366111952,histgb_leaves7,0.25,2015-05-04,0.24910824116606073,0.0,-0.0
2015-06-18,0,-0.0021063537599147475,0.49926932890465514,0.4856278366111952,histgb_leaves7,0.25,2015-05-04,0.24910824116606073,0.0,-0.0
2015-06-19,0,-0.004658309587948661,0.5025757384636502,0.4856278366111952,histgb_leaves7,0.25,2015-05-04,0.24910824116606073,0.0,-0.0
2015-06-22,0,-0.0021557583996892893,0.48667360542655946,0.4856278366111952,histgb_leaves7,0.25,2015-05-04,0.24910824116606073,0.0,-0.0
2015-06-23,1,0.004779607010090059,0.4640348673737028,0.4856278366111952,histgb_leaves7,0.25,2015-05-04,0.24910824116606073,0.0,0.0
2015-06-24,0,-0.0005559043269482977,0.4775728384200862,0.4856278366111952,histgb_leaves7,0.25,2015-05-04,0.24910824116606073,0.0,-0.0
2015-06-25,1,0.003474762253108832,0.4813070515150756,0.4856278366111952,histgb_leaves7,0.25,2015-05-04,0.24910824116606073,0.0,0.0
2015-06-26,1,0.0032926946337716867,0.4699686697806132,0.4856278366111952,histgb_leaves7,0.25,2015-05-04,0.24910824116606073,0.0,0.0
2015-06-29,1,0.0019694228861526497,0.45802798809268125,0.4856278366111952,histgb_leaves7,0.25,2015-05-04,0.24910824116606073,0.0,0.0
2015-06-30,1,0.009426570567881543,0.4674691031395618,0.4856278366111952,histgb_leaves7,0.25,2015-05-04,0.24910824116606073,0.0,0.0
2015-07-01,1,0.009926490056660908,0.47551858914202755,0.4856278366111952,histgb_leaves7,0.25,2015-05-04,0.24910824116606073,0.0,0.0
2015-07-02,1,0.00010440840772418802,0.4520051745505505,0.4856278366111952,histgb_leaves7,0.25,2015-05-04,0.24910824116606073,0.0,0.0
2015-07-03,0,-0.0014709301497978222,0.47479472686831903,0.4856278366111952,histgb_leaves7,0.25,2015-05-04,0.24910824116606073,0.0,-0.0
2015-07-06,0,-0.010659614847355114,0.47115846334827405,0.4856278366111952,histgb_leaves7,0.25,2015-05-04,0.24910824116606073,0.0,-0.0
2015-07-07,0,-0.012941210620017074,0.5044715054309008,0.4856278366111952,histgb_leaves7,0.25,2015-05-04,0.24910824116606073,0.0,-0.0
2015-07-08,0,-0.01450231685142822,0.5405290954761999,0.4856278366111952,histgb_leaves7,0.25,2015-05-04,0.24910824116606073,0.0,-0.0
2015-07-09,1,0.01380868817462333,0.5113772968054558,0.4856278366111952,histgb_leaves7,0.25,2015-05-04,0.24910824116606073,0.0,0.0
2015-07-10,0,-0.002808202701176765,0.481901076666051,0.4856278366111952,histgb_leaves7,0.25,2015-05-04,0.24910824116606073,0.0,-0.0
2015-07-13,1,0.013903848518382,0.4864959749271351,0.4856278366111952,histgb_leaves7,0.25,2015-05-04,0.24910824116606073,0.0,0.0
2015-07-14,0,-0.00541430806978227,0.4532747064514688,0.4856278366111952,histgb_leaves7,0.25,2015-05-04,0.24910824116606073,0.0,-0.0
2015-07-15,1,0.002190119803904489,0.5052664465658283,0.4856278366111952,histgb_leaves7,0.25,2015-05-04,0.24910824116606073,0.0,0.0
2015-07-16,1,0.007041947822060468,0.48308789233837773,0.4856278366111952,histgb_leaves7,0.25,2015-05-04,0.24910824116606073,0.0,0.0
2015-07-17,0,-0.01162657884467111,0.4831412668593015,0.4856278366111952,histgb_leaves7,0.25,2015-05-04,0.24910824116606073,0.0,-0.0
2015-07-20,0,-0.0018198537376812318,0.4949862207034728,0.4856278366111952,histgb_leaves7,0.25,2015-05-04,0.24910824116606073,0.0,-0.0
2015-07-21,1,0.000691582860271378,0.4739404467421951,0.4856278366111952,histgb_leaves7,0.25,2015-05-04,0.24910824116606073,0.0,0.0
2015-07-22,0,-0.0030564058984288156,0.4891239074747641,0.4856278366111952,histgb_leaves7,0.25,2015-05-04,0.24910824116606073,0.0,-0.0
2015-07-23,0,-0.0018656986944940446,0.47138562230770714,0.4856278366111952,histgb_leaves7,0.25,2015-05-04,0.24910824116606073,0.0,-0.0
2015-07-24,0,-0.0071336367959778935,0.4989460135767754,0.4856278366111952,histgb_leaves7,0.25,2015-05-04,0.24910824116606073,0.0,-0.0
2015-07-27,1,0.0019608614029742455,0.49727787575860627,0.4856278366111952,histgb_leaves7,0.25,2015-05-04,0.24910824116606073,0.0,0.0
2015-07-28,1,0.006302033725997136,0.4986876769900276,0.4856278366111952,histgb_leaves7,0.25,2015-05-04,0.24910824116606073,0.0,0.0
2015-07-29,0,-0.007791120070899216,0.47660878208277246,0.4856278366111952,histgb_leaves7,0.25,2015-05-04,0.24910824116606073,0.0,-0.0
2015-07-30,0,-0.010395835784025476,0.5105524868504234,0.4856278366111952,histgb_leaves7,0.25,2015-05-04,0.24910824116606073,0.0,-0.0
2015-07-31,1,0.0015688363970043362,0.5219643121108296,0.4856278366111952,histgb_leaves7,0.25,2015-05-04,0.24910824116606073,0.0,0.0
2015-08-03,0,-0.008764959901295444,0.5224275946641976,0.4856278366111952,histgb_leaves7,0.25,2015-05-04,0.24910824116606073,0.0,-0.0
2015-08-04,1,0.010080936371560156,0.5041736149947451,0.4856278366111952,histgb_leaves7,0.25,2015-05-04,0.24910824116606073,0.0,0.0
2015-08-05,1,0.0012529473860753981,0.4966528346546729,0.48231046931407945,histgb_leaves7,0.25,2015-08-03,0.24840885660073003,0.0,0.0
2015-08-06,0,-0.011765803088461979,0.48233310527270856,0.48231046931407945,histgb_leaves7,0.25,2015-08-03,0.24840885660073003,0.0,-0.0
2015-08-07,1,0.0004180373148068295,0.5136606114453522,0.48231046931407945,histgb_leaves7,0.25,2015-08-03,0.24840885660073003,0.0,0.0
2015-08-10,0,-0.002623927027942119,0.5003204449740654,0.48231046931407945,histgb_leaves7,0.25,2015-08-03,0.24840885660073003,0.0,-0.0
2015-08-11,0,-0.016582927010370563,0.43889985479659976,0.48231046931407945,histgb_leaves7,0.25,2015-08-03,0.24840885660073003,0.0,-0.0
2015-08-12,0,-0.0023080341811275717,0.5180216576922951,0.48231046931407945,histgb_leaves7,0.25,2015-08-03,0.24840885660073003,0.0,-0.0
2015-08-13,1,0.004044607106157061,0.49010132055599986,0.48231046931407945,histgb_leaves7,0.25,2015-08-03,0.24840885660073003,0.0,0.0
2015-08-17,0,-0.011315637477712803,0.47696419966224196,0.48231046931407945,histgb_leaves7,0.25,2015-08-03,0.24840885660073003,0.0,-0.0
2015-08-18,0,-0.010795859648767947,0.5179505348086555,0.48231046931407945,histgb_leaves7,0.25,2015-08-03,0.24840885660073003,0.0,-0.0
2015-08-19,0,-0.007766453831041131,0.496098115025927,0.48231046931407945,histgb_leaves7,0.25,2015-08-03,0.24840885660073003,0.0,-0.0
2015-08-20,0,-0.007712122232991114,0.5109625433310049,0.48231046931407945,histgb_leaves7,0.25,2015-08-03,0.24840885660073003,0.0,-0.0
2015-08-21,1,0.007129091309272528,0.5446611970629327,0.48231046931407945,histgb_leaves7,0.25,2015-08-03,0.24840885660073003,0.0,0.0
2015-08-24,0,-0.01624704977876701,0.4964142359465965,0.48231046931407945,histgb_leaves7,0.25,2015-08-03,0.24840885660073003,0.0,-0.0
2015-08-25,1,0.003090812302410706,0.5414468265129655,0.48231046931407945,histgb_leaves7,0.25,2015-08-03,0.24840885660073003,0.0,0.0
2015-08-26,1,0.027330910668763808,0.49403313798002724,0.48231046931407945,histgb_leaves7,0.25,2015-08-03,0.24840885660073003,0.0,0.0
2015-08-27,0,-0.002311207789084002,0.4714958918022364,0.48231046931407945,histgb_leaves7,0.25,2015-08-03,0.24840885660073003,0.0,-0.0
2015-08-28,1,0.0027323676897521576,0.4854511107882029,0.48231046931407945,histgb_leaves7,0.25,2015-08-03,0.24840885660073003,0.0,0.0
2015-08-31,1,0.003810518478688074,0.5419578847682671,0.48231046931407945,histgb_leaves7,0.25,2015-08-03,0.24840885660073003,0.0,0.0
2015-09-01,0,-0.01044746800107521,0.5108534017689268,0.48231046931407945,histgb_leaves7,0.25,2015-08-03,0.24840885660073003,0.0,-0.0
2015-09-02,1,0.015417731451535799,0.5303385209497027,0.48231046931407945,histgb_leaves7,0.25,2015-08-03,0.24840885660073003,0.0,0.0
2015-09-03,0,-0.007384261418399984,0.48893279707682147,0.48231046931407945,histgb_leaves7,0.25,2015-08-03,0.24840885660073003,0.0,-0.0
2015-09-04,0,-0.018612662021739945,0.5336659464637391,0.48231046931407945,histgb_leaves7,0.25,2015-08-03,0.24840885660073003,0.0,-0.0
2015-09-07,0,-7.433523065147885e-05,0.5265654784951809,0.48231046931407945,histgb_leaves7,0.25,2015-08-03,0.24840885660073003,0.0,-0.0
2015-09-08,0,-0.005536910975364462,0.5088927089153962,0.48231046931407945,histgb_leaves7,0.25,2015-08-03,0.24840885660073003,0.0,-0.0
2015-09-09,1,0.01624563910722543,0.49232551906708255,0.48231046931407945,histgb_leaves7,0.25,2015-08-03,0.24840885660073003,0.0,0.0
2015-09-10,1,0.022773949395856974,0.48943536820875255,0.48231046931407945,histgb_leaves7,0.25,2015-08-03,0.24840885660073003,0.0,0.0
2015-09-11,0,-0.0007771967388620071,0.47024269225922705,0.48231046931407945,histgb_leaves7,0.25,2015-08-03,0.24840885660073003,0.0,-0.0
2015-09-14,0,-0.008312581829384103,0.5249139201126833,0.48231046931407945,histgb_leaves7,0.25,2015-08-03,0.24840885660073003,0.0,-0.0
2015-09-15,1,0.003688278319968541,0.5431499126251377,0.48231046931407945,histgb_leaves7,0.25,2015-08-03,0.24840885660073003,0.0,0.0
2015-09-16,1,0.013316303238282812,0.44414729182721696,0.48231046931407945,histgb_leaves7,0.25,2015-08-03,0.24840885660073003,0.0,0.0
2015-09-17,0,-0.0063245637408436695,0.5173961140298982,0.48231046931407945,histgb_leaves7,0.25,2015-08-03,0.24840885660073003,0.0,-0.0
2015-09-18,1,0.008875904144278968,0.5628295828985617,0.48231046931407945,histgb_leaves7,0.25,2015-08-03,0.24840885660073003,0.0,0.0
2015-09-21,0,-0.0043380430155479655,0.5131211134277582,0.48231046931407945,histgb_leaves7,0.25,2015-08-03,0.24840885660073003,0.0,-0.0
2015-09-22,1,0.004317115437234564,0.5162918842097803,0.48231046931407945,histgb_leaves7,0.25,2015-08-03,0.24840885660073003,0.0,0.0
2015-09-23,0,-0.00800375446991064,0.5183406236432507,0.48231046931407945,histgb_leaves7,0.25,2015-08-03,0.24840885660073003,0.0,-0.0
2015-09-24,0,-0.0050282584034258004,0.5127670380643077,0.48231046931407945,histgb_leaves7,0.25,2015-08-03,0.24840885660073003,0.0,-0.0
2015-09-25,0,-0.0027973104757994527,0.5236774622738684,0.48231046931407945,histgb_leaves7,0.25,2015-08-03,0.24840885660073003,0.0,-0.0
2015-09-30,1,0.024719910621991525,0.5222298996049849,0.48231046931407945,histgb_leaves7,0.25,2015-08-03,0.24840885660073003,0.0,0.0
2015-10-01,1,0.008031371750146343,0.4574981638222853,0.48231046931407945,histgb_leaves7,0.25,2015-08-03,0.24840885660073003,0.0,0.0
2015-10-02,0,-0.004915606165473596,0.5097628999922359,0.48231046931407945,histgb_leaves7,0.25,2015-08-03,0.24840885660073003,0.0,-0.0
2015-10-05,0,-0.0016905530884133713,0.5059538670251466,0.48231046931407945,histgb_leaves7,0.25,2015-08-03,0.24840885660073003,0.0,-0.0
2015-10-06,0,-0.0028252408217241953,0.4846124081795677,0.48231046931407945,histgb_leaves7,0.25,2015-08-03,0.24840885660073003,0.0,-0.0
2015-10-07,1,0.004995315326148608,0.500982222033817,0.48231046931407945,histgb_leaves7,0.25,2015-08-03,0.24840885660073003,0.0,0.0
2015-10-08,1,0.0015721398956536348,0.4562591692745357,0.48231046931407945,histgb_leaves7,0.25,2015-08-03,0.24840885660073003,0.0,0.0
2015-10-12,0,-0.00034613539827810236,0.5264082347113863,0.48231046931407945,histgb_leaves7,0.25,2015-08-03,0.24840885660073003,0.0,-0.0
2015-10-13,0,-0.0010637245200870726,0.49150775188211465,0.48231046931407945,histgb_leaves7,0.25,2015-08-03,0.24840885660073003,0.0,-0.0
2015-10-14,0,-0.0024423297443000314,0.4917702486067109,0.48231046931407945,histgb_leaves7,0.25,2015-08-03,0.24840885660073003,0.0,-0.0
2015-10-15,1,0.012438442655194226,0.49887960605865433,0.48231046931407945,histgb_leaves7,0.25,2015-08-03,0.24840885660073003,0.0,0.0
2015-10-16,0,-0.0037880646522536754,0.4985757101336451,0.48231046931407945,histgb_leaves7,0.25,2015-08-03,0.24840885660073003,0.0,-0.0
2015-10-19,0,-0.0010283611171248985,0.48491432464265866,0.48231046931407945,histgb_leaves7,0.25,2015-08-03,0.24840885660073003,0.0,-0.0
2015-10-20,1,0.0038690622692592047,0.46325558798711786,0.48231046931407945,histgb_leaves7,0.25,2015-08-03,0.24840885660073003,0.0,0.0
2015-10-21,1,0.0018291038371951451,0.4554521668417494,0.48231046931407945,histgb_leaves7,0.25,2015-08-03,0.24840885660073003,0.0,0.0
2015-10-22,0,-0.008542317060619586,0.47340577238342446,0.48231046931407945,histgb_leaves7,0.25,2015-08-03,0.24840885660073003,0.0,-0.0
2015-10-23,0,-0.0016000626324210732,0.4923729144857223,0.48231046931407945,histgb_leaves7,0.25,2015-08-03,0.24840885660073003,0.0,-0.0
2015-10-26,0,-0.0006489672637490784,0.4676859621877178,0.48231046931407945,histgb_leaves7,0.25,2015-08-03,0.24840885660073003,0.0,-0.0
2015-10-27,1,0.0005529674287505504,0.47065501035103224,0.48231046931407945,histgb_leaves7,0.25,2015-08-03,0.24840885660073003,0.0,0.0
2015-10-28,0,-0.0015447261777314925,0.47930134401226676,0.48231046931407945,histgb_leaves7,0.25,2015-08-03,0.24840885660073003,0.0,-0.0
2015-10-29,0,-0.008196121835034043,0.42962403598362536,0.48231046931407945,histgb_leaves7,0.25,2015-08-03,0.24840885660073003,-1.0,0.0071961218350340425
2015-10-30,0,-0.0026096187302804275,0.4956236728583793,0.48231046931407945,histgb_leaves7,0.25,2015-08-03,0.24840885660073003,0.0,-0.0
2015-11-02,1,0.0010279615375157203,0.45961769756299975,0.48231046931407945,histgb_leaves7,0.25,2015-08-03,0.24840885660073003,0.0,0.0
2015-11-03,1,0.0028395182610398972,0.4230882645579709,0.48231046931407945,histgb_leaves7,0.25,2015-08-03,0.24840885660073003,-1.0,-0.0038395182610398973
2015-11-04,0,-0.0003603586055097585,0.45979661137549377,0.48231046931407945,histgb_leaves7,0.25,2015-08-03,0.24840885660073003,0.0,-0.0
2015-11-05,1,5.3676865270801954e-05,0.48145571757341754,0.48231046931407945,histgb_leaves7,0.25,2015-08-03,0.24840885660073003,0.0,0.0
2015-11-06,0,-0.0034665091276603333,0.45266664643804116,0.47928176795580113,histgb_leaves7,0.25,2015-11-04,0.24874177926107016,0.0,-0.0
2015-11-09,0,-0.006322997758254401,0.44869502379032217,0.47928176795580113,histgb_leaves7,0.25,2015-11-04,0.24874177926107016,0.0,-0.0
2015-11-10,0,-0.009357711677292935,0.4738015722826663,0.47928176795580113,histgb_leaves7,0.25,2015-11-04,0.24874177926107016,0.0,-0.0
2015-11-11,1,0.0017353709731620093,0.49961472362486037,0.47928176795580113,histgb_leaves7,0.25,2015-11-04,0.24874177926107016,0.0,0.0
2015-11-12,0,-0.0019826567600584877,0.5120631912386767,0.47928176795580113,histgb_leaves7,0.25,2015-11-04,0.24874177926107016,0.0,-0.0
2015-11-13,0,-0.0013562958951806037,0.4800834456701607,0.47928176795580113,histgb_leaves7,0.25,2015-11-04,0.24874177926107016,0.0,-0.0
2015-11-16,0,-0.0013671312857201912,0.4730234170294281,0.47928176795580113,histgb_leaves7,0.25,2015-11-04,0.24874177926107016,0.0,-0.0
2015-11-17,0,-0.001921356538711727,0.4654813835155174,0.47928176795580113,histgb_leaves7,0.25,2015-11-04,0.24874177926107016,0.0,-0.0
2015-11-18,0,-0.002221375015885041,0.48638974557615855,0.47928176795580113,histgb_leaves7,0.25,2015-11-04,0.24874177926107016,0.0,-0.0
2015-11-19,1,0.006054811982154185,0.4620799102963495,0.47928176795580113,histgb_leaves7,0.25,2015-11-04,0.24874177926107016,0.0,0.0
2015-11-20,1,0.00045249778778844174,0.4868618766475134,0.47928176795580113,histgb_leaves7,0.25,2015-11-04,0.24874177926107016,0.0,0.0
2015-11-23,1,0.0038979518217163722,0.4844935493773104,0.47928176795580113,histgb_leaves7,0.25,2015-11-04,0.24874177926107016,0.0,0.0
2015-11-24,1,0.005987157547061583,0.4793463773100839,0.47928176795580113,histgb_leaves7,0.25,2015-11-04,0.24874177926107016,0.0,0.0
2015-11-25,0,-0.004370144284128741,0.46994906107805534,0.47928176795580113,histgb_leaves7,0.25,2015-11-04,0.24874177926107016,0.0,-0.0
2015-11-26,1,0.00784165806400372,0.48306263400987753,0.47928176795580113,histgb_leaves7,0.25,2015-11-04,0.24874177926107016,0.0,0.0
2015-11-27,0,-0.004767720764601191,0.48591468711514263,0.47928176795580113,histgb_leaves7,0.25,2015-11-04,0.24874177926107016,0.0,-0.0
2015-11-30,0,-0.015036738891800794,0.45289142330164855,0.47928176795580113,histgb_leaves7,0.25,2015-11-04,0.24874177926107016,0.0,-0.0
2015-12-01,1,0.011201542835159506,0.47579779953065643,0.47928176795580113,histgb_leaves7,0.25,2015-11-04,0.24874177926107016,0.0,0.0
2015-12-02,0,-0.008286938324251758,0.4369401071669064,0.47928176795580113,histgb_leaves7,0.25,2015-11-04,0.24874177926107016,0.0,-0.0
2015-12-03,0,-0.003064693530646978,0.4550054365176747,0.47928176795580113,histgb_leaves7,0.25,2015-11-04,0.24874177926107016,0.0,-0.0
2015-12-04,1,0.0011358104819081394,0.48237560942924307,0.47928176795580113,histgb_leaves7,0.25,2015-11-04,0.24874177926107016,0.0,0.0
2015-12-07,0,-0.012049586943178148,0.43974447402309924,0.47928176795580113,histgb_leaves7,0.25,2015-11-04,0.24874177926107016,0.0,-0.0
2015-12-08,0,-0.007728258545376843,0.46905914463174403,0.47928176795580113,histgb_leaves7,0.25,2015-11-04,0.24874177926107016,0.0,-0.0
2015-12-09,0,-0.0016142339563081087,0.5044326826931909,0.47928176795580113,histgb_leaves7,0.25,2015-11-04,0.24874177926107016,0.0,-0.0
2015-12-10,1,0.0024958787187820963,0.47299051757224186,0.47928176795580113,histgb_leaves7,0.25,2015-11-04,0.24874177926107016,0.0,0.0
2015-12-11,0,-0.0021507358589117898,0.4711719005945146,0.47928176795580113,histgb_leaves7,0.25,2015-11-04,0.24874177926107016,0.0,-0.0
2015-12-14,1,0.0007579061027014333,0.49776582877523934,0.47928176795580113,histgb_leaves7,0.25,2015-11-04,0.24874177926107016,0.0,0.0
2015-12-15,0,-0.0014722443202362934,0.45007694712043117,0.47928176795580113,histgb_leaves7,0.25,2015-11-04,0.24874177926107016,0.0,-0.0
2015-12-16,1,0.009871035561367147,0.46561876207399505,0.47928176795580113,histgb_leaves7,0.25,2015-11-04,0.24874177926107016,0.0,0.0
2015-12-17,0,-0.003074503795248096,0.4918375861781922,0.47928176795580113,histgb_leaves7,0.25,2015-11-04,0.24874177926107016,0.0,-0.0
2015-12-18,1,0.007651811949069609,0.501797648675676,0.47928176795580113,histgb_leaves7,0.25,2015-11-04,0.24874177926107016,0.0,0.0
2015-12-21,1,0.0035101759646651853,0.5063364790008584,0.47928176795580113,histgb_leaves7,0.25,2015-11-04,0.24874177926107016,0.0,0.0
2015-12-22,1,0.0041272544938695255,0.4514944864677686,0.47928176795580113,histgb_leaves7,0.25,2015-11-04,0.24874177926107016,0.0,0.0
2015-12-23,1,0.002517300170494341,0.45520438484682757,0.47928176795580113,histgb_leaves7,0.25,2015-11-04,0.24874177926107016,0.0,0.0
2015-12-24,0,-0.009301561706829053,0.445500822013301,0.47928176795580113,histgb_leaves7,0.25,2015-11-04,0.24874177926107016,0.0,-0.0
2015-12-28,0,-0.013327706860779998,0.4924151202543817,0.47928176795580113,histgb_leaves7,0.25,2015-11-04,0.24874177926107016,0.0,-0.0
2015-12-29,1,0.00501919253356764,0.5022932610934091,0.47928176795580113,histgb_leaves7,0.25,2015-11-04,0.24874177926107016,0.0,0.0
2015-12-30,0,-0.005940102279235471,0.45549308667315125,0.47928176795580113,histgb_leaves7,0.25,2015-11-04,0.24874177926107016,0.0,-0.0
2016-01-04,0,-0.018270937901323614,0.4799599003488305,0.47928176795580113,histgb_leaves7,0.25,2015-11-04,0.24874177926107016,0.0,-0.0
2016-01-05,1,0.009728389637695845,0.49264133651002184,0.47928176795580113,histgb_leaves7,0.25,2015-11-04,0.24874177926107016,0.0,0.0
2016-01-06,0,-0.004559906940674652,0.4836637644783246,0.47928176795580113,histgb_leaves7,0.25,2015-11-04,0.24874177926107016,0.0,-0.0
2016-01-07,0,-0.00594035631697909,0.4841662928934308,0.47928176795580113,histgb_leaves7,0.25,2015-11-04,0.24874177926107016,0.0,-0.0
2016-01-08,1,0.01492521514538847,0.48325957211187653,0.47928176795580113,histgb_leaves7,0.25,2015-11-04,0.24874177926107016,0.0,0.0
2016-01-11,0,-0.0012334095868605788,0.4585284568278152,0.47928176795580113,histgb_leaves7,0.25,2015-11-04,0.24874177926107016,0.0,-0.0
2016-01-12,0,-0.008780620776783543,0.482435536071661,0.47928176795580113,histgb_leaves7,0.25,2015-11-04,0.24874177926107016,0.0,-0.0
2016-01-13,1,0.006275172895453984,0.5133715429687665,0.47928176795580113,histgb_leaves7,0.25,2015-11-04,0.24874177926107016,0.0,0.0
2016-01-14,1,0.003607686537994148,0.4816607035689011,0.47928176795580113,histgb_leaves7,0.25,2015-11-04,0.24874177926107016,0.0,0.0
2016-01-15,0,-0.019291899594431672,0.4764241495428926,0.47928176795580113,histgb_leaves7,0.25,2015-11-04,0.24874177926107016,0.0,-0.0
2016-01-18,1,0.012079546128026086,0.5249791279325235,0.47928176795580113,histgb_leaves7,0.25,2015-11-04,0.24874177926107016,0.0,0.0
2016-01-19,1,0.005234599425470776,0.49358571744306595,0.47928176795580113,histgb_leaves7,0.25,2015-11-04,0.24874177926107016,0.0,0.0
2016-01-20,0,-0.02116837102728386,0.4875680461927682,0.47928176795580113,histgb_leaves7,0.25,2015-11-04,0.24874177926107016,0.0,-0.0
2016-01-21,0,-0.00409609869595795,0.52833857561206,0.47928176795580113,histgb_leaves7,0.25,2015-11-04,0.24874177926107016,0.0,-0.0
2016-01-22,1,0.010283287641778216,0.49452273499493266,0.47928176795580113,histgb_leaves7,0.25,2015-11-04,0.24874177926107016,0.0,0.0
2016-01-25,1,0.0017353120122740595,0.4711401177805275,0.47928176795580113,histgb_leaves7,0.25,2015-11-04,0.24874177926107016,0.0,0.0
2016-01-26,0,-0.005409512878147726,0.5158946855982074,0.47928176795580113,histgb_leaves7,0.25,2015-11-04,0.24874177926107016,0.0,-0.0
2016-01-27,1,0.0051904855222528745,0.4565739882541455,0.47928176795580113,histgb_leaves7,0.25,2015-11-04,0.24874177926107016,0.0,0.0
2016-01-28,1,0.011435360510878345,0.5091549916309173,0.47928176795580113,histgb_leaves7,0.25,2015-11-04,0.24874177926107016,0.0,0.0
2016-01-29,1,0.0037007679749712086,0.46088068901089596,0.47928176795580113,histgb_leaves7,0.25,2015-11-04,0.24874177926107016,0.0,0.0
2016-02-01,1,0.0027088694637480426,0.46244529329280804,0.47928176795580113,histgb_leaves7,0.25,2015-11-04,0.24874177926107016,0.0,0.0
2016-02-02,0,-0.0043656264360614205,0.49792881963465707,0.47928176795580113,histgb_leaves7,0.25,2015-11-04,0.24874177926107016,0.0,-0.0
2016-02-03,0,-0.0016685763769714868,0.48667646916190554,0.47928176795580113,histgb_leaves7,0.25,2015-11-04,0.24874177926107016,0.0,-0.0
2016-02-04,1,0.008303165516080124,0.4692448620171969,0.47928176795580113,histgb_leaves7,0.25,2015-11-04,0.24874177926107016,0.0,0.0
2016-02-05,1,0.00169230367449269,0.47993410678250975,0.47928176795580113,histgb_leaves7,0.25,2015-11-04,0.24874177926107016,0.0,0.0
2016-02-11,0,-0.0059486938505244336,0.4294104401205996,0.47915287888815355,histgb_leaves15,0.25,2016-02-04,0.2483536083735005,-1.0,0.0049486938505244335
2016-02-12,0,-0.00831590721198272,0.5030040924924262,0.47915287888815355,histgb_leaves15,0.25,2016-02-04,0.2483536083735005,0.0,-0.0
2016-02-15,1,0.002622043471004032,0.48249315425625117,0.47915287888815355,histgb_leaves15,0.25,2016-02-04,0.2483536083735005,0.0,0.0
2016-02-16,1,0.009732099887706624,0.501956280142225,0.47915287888815355,histgb_leaves15,0.25,2016-02-04,0.2483536083735005,0.0,0.0
2016-02-17,0,-0.0028950836504517685,0.49650542914927537,0.47915287888815355,histgb_leaves15,0.25,2016-02-04,0.2483536083735005,0.0,-0.0
2016-02-18,0,-0.00029328584895782495,0.47008220894704594,0.47915287888815355,histgb_leaves15,0.25,2016-02-04,0.2483536083735005,0.0,-0.0
2016-02-19,1,0.006164347597794606,0.5281305564355117,0.47915287888815355,histgb_leaves15,0.25,2016-02-04,0.2483536083735005,0.0,0.0
2016-02-22,1,0.002511038105003305,0.45357318022952525,0.47915287888815355,histgb_leaves15,0.25,2016-02-04,0.2483536083735005,0.0,0.0
2016-02-23,0,-0.007584830339321336,0.43354774067920965,0.47915287888815355,histgb_leaves15,0.25,2016-02-04,0.2483536083735005,0.0,-0.0
2016-02-24,1,0.0020013516982673174,0.5337487899332325,0.47915287888815355,histgb_leaves15,0.25,2016-02-04,0.2483536083735005,0.0,0.0
2016-02-25,0,-0.00026575233966275036,0.4801802660964605,0.47915287888815355,histgb_leaves15,0.25,2016-02-04,0.2483536083735005,0.0,-0.0
2016-02-26,0,-0.0036012661512115907,0.47240017857421823,0.47915287888815355,histgb_leaves15,0.25,2016-02-04,0.2483536083735005,0.0,-0.0
2016-02-29,0,-0.0026538173341102977,0.4842733533086625,0.47915287888815355,histgb_leaves15,0.25,2016-02-04,0.2483536083735005,0.0,-0.0
2016-03-02,1,0.0016201453501829555,0.453122254315776,0.47915287888815355,histgb_leaves15,0.25,2016-02-04,0.2483536083735005,0.0,0.0
2016-03-03,1,0.00017366165601728767,0.48639463467244404,0.47915287888815355,histgb_leaves15,0.25,2016-02-04,0.2483536083735005,0.0,0.0
2016-03-04,0,-0.0001942730354138611,0.5066876730732853,0.47915287888815355,histgb_leaves15,0.25,2016-02-04,0.2483536083735005,0.0,-0.0
2016-03-07,0,-0.001728480670589394,0.49822589520734994,0.47915287888815355,histgb_leaves15,0.25,2016-02-04,0.2483536083735005,0.0,-0.0
2016-03-08,0,-0.006544355620897058,0.4947602137361025,0.47915287888815355,histgb_leaves15,0.25,2016-02-04,0.2483536083735005,0.0,-0.0
2016-03-09,1,0.0063899409961094555,0.4932864641005451,0.47915287888815355,histgb_leaves15,0.25,2016-02-04,0.2483536083735005,0.0,0.0
2016-03-10,1,0.005339813259685355,0.4452822254832814,0.47915287888815355,histgb_leaves15,0.25,2016-02-04,0.2483536083735005,0.0,0.0
2016-03-11,1,0.0015800436925266226,0.40884354804853906,0.47915287888815355,histgb_leaves15,0.25,2016-02-04,0.2483536083735005,-1.0,-0.0025800436925266226
2016-03-14,0,-0.006783365395268248,0.4273446196551565,0.47915287888815355,histgb_leaves15,0.25,2016-02-04,0.2483536083735005,-1.0,0.005783365395268248
2016-03-15,0,-0.002854814462368571,0.5179993239450558,0.47915287888815355,histgb_leaves15,0.25,2016-02-04,0.2483536083735005,0.0,-0.0
2016-03-16,1,0.0016839286257723796,0.4550298402026673,0.47915287888815355,histgb_leaves15,0.25,2016-02-04,0.2483536083735005,0.0,0.0
2016-03-17,1,0.001662728184250506,0.49099858548752584,0.47915287888815355,histgb_leaves15,0.25,2016-02-04,0.2483536083735005,0.0,0.0
2016-03-18,0,-0.0020988724196142616,0.47456373696908105,0.47915287888815355,histgb_leaves15,0.25,2016-02-04,0.2483536083735005,0.0,-0.0
2016-03-21,0,-0.004746780042515941,0.4713020145139748,0.47915287888815355,histgb_leaves15,0.25,2016-02-04,0.2483536083735005,0.0,-0.0
2016-03-22,1,0.001725720764333749,0.46506793536530966,0.47915287888815355,histgb_leaves15,0.25,2016-02-04,0.2483536083735005,0.0,0.0
2016-03-23,0,-0.0006761934814949466,0.4558789930452998,0.47915287888815355,histgb_leaves15,0.25,2016-02-04,0.2483536083735005,0.0,-0.0
2016-03-24,0,-0.0012522253402130756,0.46684322497218866,0.47915287888815355,histgb_leaves15,0.25,2016-02-04,0.2483536083735005,0.0,-0.0
2016-03-25,0,-0.003641276505981783,0.4415399521705518,0.47915287888815355,histgb_leaves15,0.25,2016-02-04,0.2483536083735005,0.0,-0.0
2016-03-28,0,-0.0012040726877018404,0.44771154379173145,0.47915287888815355,histgb_leaves15,0.25,2016-02-04,0.2483536083735005,0.0,-0.0
2016-03-29,1,0.004016246168712545,0.44709003126360525,0.47915287888815355,histgb_leaves15,0.25,2016-02-04,0.2483536083735005,0.0,0.0
2016-03-30,0,-0.001545949612016484,0.43438022678174604,0.47915287888815355,histgb_leaves15,0.25,2016-02-04,0.2483536083735005,0.0,-0.0
2016-03-31,0,-0.00492092615120765,0.4800169245444598,0.47915287888815355,histgb_leaves15,0.25,2016-02-04,0.2483536083735005,0.0,-0.0
2016-04-01,0,-0.010627791675230758,0.48587506564436955,0.47915287888815355,histgb_leaves15,0.25,2016-02-04,0.2483536083735005,0.0,-0.0
2016-04-04,1,0.0021471289745940147,0.49500619740161345,0.47915287888815355,histgb_leaves15,0.25,2016-02-04,0.2483536083735005,0.0,0.0
2016-04-05,0,-0.0048874963242377945,0.491816650636665,0.47915287888815355,histgb_leaves15,0.25,2016-02-04,0.2483536083735005,0.0,-0.0
2016-04-06,1,0.00415144893208419,0.45029636655384797,0.47915287888815355,histgb_leaves15,0.25,2016-02-04,0.2483536083735005,0.0,0.0
2016-04-07,0,-0.002456096020214682,0.44605482740610025,0.47915287888815355,histgb_leaves15,0.25,2016-02-04,0.2483536083735005,0.0,-0.0
2016-04-08,1,0.005486185112859365,0.5146630108989685,0.47915287888815355,histgb_leaves15,0.25,2016-02-04,0.2483536083735005,0.0,0.0
2016-04-11,0,-0.0009532260109013091,0.47136809489815434,0.47915287888815355,histgb_leaves15,0.25,2016-02-04,0.2483536083735005,0.0,-0.0
2016-04-12,1,0.00549099213397608,0.4671841953260066,0.47915287888815355,histgb_leaves15,0.25,2016-02-04,0.2483536083735005,0.0,0.0
2016-04-14,1,0.005877803557617911,0.43660597966202724,0.47915287888815355,histgb_leaves15,0.25,2016-02-04,0.2483536083735005,0.0,0.0
2016-04-15,1,0.0006605807150164011,0.4685436896155718,0.47915287888815355,histgb_leaves15,0.25,2016-02-04,0.2483536083735005,0.0,0.0
2016-04-18,1,0.003872386139355921,0.504535751183101,0.47915287888815355,histgb_leaves15,0.25,2016-02-04,0.2483536083735005,0.0,0.0
2016-04-19,0,-0.0018559872959158508,0.4617069627421319,0.47915287888815355,histgb_leaves15,0.25,2016-02-04,0.2483536083735005,0.0,-0.0
2016-04-20,0,-0.0055625790139064435,0.48723861527943946,0.47915287888815355,histgb_leaves15,0.25,2016-02-04,0.2483536083735005,0.0,-0.0
2016-04-21,1,0.003722823389258334,0.47150674169597184,0.47915287888815355,histgb_leaves15,0.25,2016-02-04,0.2483536083735005,0.0,0.0
2016-04-22,1,0.0002779252877271876,0.43475631620651456,0.47915287888815355,histgb_leaves15,0.25,2016-02-04,0.2483536083735005,0.0,0.0
2016-04-25,0,-0.000744029165943294,0.44706319273429757,0.47915287888815355,histgb_leaves15,0.25,2016-02-04,0.2483536083735005,0.0,-0.0
2016-04-26,1,0.0031640225306219794,0.4594663167166656,0.47915287888815355,histgb_leaves15,0.25,2016-02-04,0.2483536083735005,0.0,0.0
2016-04-27,0,-0.0019363049754618222,0.4400710072787134,0.47915287888815355,histgb_leaves15,0.25,2016-02-04,0.2483536083735005,0.0,-0.0
2016-04-28,0,-0.009847438923610508,0.4763861597657205,0.47915287888815355,histgb_leaves15,0.25,2016-02-04,0.2483536083735005,0.0,-0.0
2016-04-29,0,-0.002266495887285558,0.5152390478707752,0.47915287888815355,histgb_leaves15,0.25,2016-02-04,0.2483536083735005,0.0,-0.0
2016-05-02,0,-0.006873042011406483,0.4848645128186114,0.47915287888815355,histgb_leaves15,0.25,2016-02-04,0.2483536083735005,0.0,-0.0
2016-05-03,0,-0.0009706589416296207,0.449237914152253,0.47915287888815355,histgb_leaves15,0.25,2016-02-04,0.2483536083735005,0.0,-0.0
2016-05-04,0,-0.000773414752507251,0.4762919685783358,0.47915287888815355,histgb_leaves15,0.25,2016-02-04,0.2483536083735005,0.0,-0.0
2016-05-09,0,-0.0033982942689868567,0.42611716759156976,0.47915287888815355,histgb_leaves15,0.25,2016-02-04,0.2483536083735005,-1.0,0.0023982942689868567
2016-05-10,1,0.008464488824229566,0.4818196226990923,0.47915287888815355,histgb_leaves15,0.25,2016-02-04,0.2483536083735005,0.0,0.0
2016-05-11,0,-0.00455969072527751,0.4177820242332406,0.47915287888815355,histgb_leaves15,0.25,2016-02-04,0.2483536083735005,-1.0,0.00355969072527751
2016-05-12,1,0.0021335036082057446,0.43346720700266983,0.47915287888815355,histgb_leaves15,0.25,2016-02-04,0.2483536083735005,0.0,0.0
2016-05-13,0,-0.006555654883659834,0.4912959942790699,0.47915287888815355,histgb_leaves15,0.25,2016-02-04,0.2483536083735005,0.0,-0.0
2016-05-16,1,0.003058244261969101,0.4965473561599105,0.4771283354510801,histgb_leaves7,0.5,2016-05-12,0.24686002098735296,0.0,0.0
2016-05-17,0,-0.002938404952732232,0.4044405893046723,0.4771283354510801,histgb_leaves7,0.5,2016-05-12,0.24686002098735296,-1.0,0.001938404952732232
2016-05-18,0,-0.003082362771171465,0.480515780211737,0.4771283354510801,histgb_leaves7,0.5,2016-05-12,0.24686002098735296,0.0,-0.0
2016-05-19,0,-0.003649093356398292,0.43882520295409067,0.4771283354510801,histgb_leaves7,0.5,2016-05-12,0.24686002098735296,0.0,-0.0
2016-05-20,1,0.0019703267758663934,0.48243830649200853,0.4771283354510801,histgb_leaves7,0.5,2016-05-12,0.24686002098735296,0.0,0.0
2016-05-23,1,0.0005065856129686797,0.450945237174189,0.4771283354510801,histgb_leaves7,0.5,2016-05-12,0.24686002098735296,0.0,0.0
2016-05-24,0,-0.006918890107524667,0.42171421414792487,0.4771283354510801,histgb_leaves7,0.5,2016-05-12,0.24686002098735296,-1.0,0.005918890107524667
2016-05-25,1,0.0035216494423200295,0.4545787511344882,0.4771283354510801,histgb_leaves7,0.5,2016-05-12,0.24686002098735296,0.0,0.0
2016-05-26,0,-0.004451091407613128,0.4636214311869787,0.4771283354510801,histgb_leaves7,0.5,2016-05-12,0.24686002098735296,0.0,-0.0
2016-05-27,1,0.0034856522603232687,0.4770559388421148,0.4771283354510801,histgb_leaves7,0.5,2016-05-12,0.24686002098735296,0.0,0.0
2016-05-30,0,-0.0013149077026175515,0.4049557219634371,0.4771283354510801,histgb_leaves7,0.5,2016-05-12,0.24686002098735296,-1.0,0.0003149077026175515
2016-05-31,1,0.010665131186718746,0.4367776054340241,0.4771283354510801,histgb_leaves7,0.5,2016-05-12,0.24686002098735296,0.0,0.0
2016-06-01,1,0.002959223418838919,0.4692917590272338,0.4771283354510801,histgb_leaves7,0.5,2016-05-12,0.24686002098735296,0.0,0.0
2016-06-02,1,0.0006300847842086732,0.4906889580294853,0.4771283354510801,histgb_leaves7,0.5,2016-05-12,0.24686002098735296,0.0,0.0
2016-06-03,0,-0.0028821337832274363,0.43355229597034073,0.4771283354510801,histgb_leaves7,0.5,2016-05-12,0.24686002098735296,0.0,-0.0
2016-06-07,1,0.009307202922110624,0.4423292544638162,0.4771283354510801,histgb_leaves7,0.5,2016-05-12,0.24686002098735296,0.0,0.0
2016-06-08,1,0.0066344874163239975,0.5023428491203676,0.4771283354510801,histgb_leaves7,0.5,2016-05-12,0.24686002098735296,0.0,0.0
2016-06-09,0,-0.001898403368802981,0.4961967996275981,0.4771283354510801,histgb_leaves7,0.5,2016-05-12,0.24686002098735296,0.0,-0.0
2016-06-10,0,-0.002541069918972405,0.5078334623561599,0.4771283354510801,histgb_leaves7,0.5,2016-05-12,0.24686002098735296,0.0,-0.0
2016-06-13,0,-0.010979345636996984,0.4350944933691607,0.4771283354510801,histgb_leaves7,0.5,2016-05-12,0.24686002098735296,0.0,-0.0
2016-06-14,0,-0.0024129906920274946,0.46554985586012737,0.4771283354510801,histgb_leaves7,0.5,2016-05-12,0.24686002098735296,0.0,-0.0
2016-06-15,0,-0.001607505070993942,0.44490655548663627,0.4771283354510801,histgb_leaves7,0.5,2016-05-12,0.24686002098735296,0.0,-0.0
2016-06-16,0,-0.009911084284794036,0.46176656324257237,0.4771283354510801,histgb_leaves7,0.5,2016-05-12,0.24686002098735296,0.0,-0.0
2016-06-17,0,-0.006525177624184364,0.4008411494640163,0.4771283354510801,histgb_leaves7,0.5,2016-05-12,0.24686002098735296,-1.0,0.005525177624184364
2016-06-20,1,0.0033883196669417526,0.4693552797323979,0.4771283354510801,histgb_leaves7,0.5,2016-05-12,0.24686002098735296,0.0,0.0
2016-06-21,1,0.0024775002528061307,0.4756056873446319,0.4771283354510801,histgb_leaves7,0.5,2016-05-12,0.24686002098735296,0.0,0.0
2016-06-22,1,0.0054496462775888155,0.4577983407097574,0.4771283354510801,histgb_leaves7,0.5,2016-05-12,0.24686002098735296,0.0,0.0
2016-06-23,0,-0.0013622060701109495,0.5365848945935309,0.4771283354510801,histgb_leaves7,0.5,2016-05-12,0.24686002098735296,0.0,-0.0
2016-06-24,0,-0.038125452774100066,0.418077507347119,0.4771283354510801,histgb_leaves7,0.5,2016-05-12,0.24686002098735296,-1.0,0.037125452774100065
2016-06-27,1,0.013145095564844667,0.5351215609382011,0.4771283354510801,histgb_leaves7,0.5,2016-05-12,0.24686002098735296,0.0,0.0
2016-06-28,1,0.014944619465222742,0.48920587749452027,0.4771283354510801,histgb_leaves7,0.5,2016-05-12,0.24686002098735296,0.0,0.0
2016-06-29,1,0.005163617306595425,0.42072677350053816,0.4771283354510801,histgb_leaves7,0.5,2016-05-12,0.24686002098735296,-1.0,-0.006163617306595425
2016-06-30,0,-0.0006035890725016868,0.5002205980017687,0.4771283354510801,histgb_leaves7,0.5,2016-05-12,0.24686002098735296,0.0,-0.0
2016-07-01,1,0.005037019055710745,0.40232110811566746,0.4771283354510801,histgb_leaves7,0.5,2016-05-12,0.24686002098735296,-1.0,-0.006037019055710745
2016-07-04,1,0.002945552517291228,0.41932443351094706,0.4771283354510801,histgb_leaves7,0.5,2016-05-12,0.24686002098735296,-1.0,-0.003945552517291228
2016-07-05,0,-0.002926306189839134,0.46797629036839183,0.4771283354510801,histgb_leaves7,0.5,2016-05-12,0.24686002098735296,0.0,-0.0
2016-07-06,0,-0.013630555878208828,0.3788773170131599,0.4771283354510801,histgb_leaves7,0.5,2016-05-12,0.24686002098735296,-1.0,0.012630555878208827
2016-07-07,1,0.005490755360872068,0.47544608739433547,0.4771283354510801,histgb_leaves7,0.5,2016-05-12,0.24686002098735296,0.0,0.0
2016-07-08,0,-0.004654511529803118,0.4989549597332674,0.4771283354510801,histgb_leaves7,0.5,2016-05-12,0.24686002098735296,0.0,-0.0
2016-07-11,1,0.004637862743513077,0.43501746965453725,0.4771283354510801,histgb_leaves7,0.5,2016-05-12,0.24686002098735296,0.0,0.0
2016-07-12,1,5.022273784227593e-05,0.44599017791893103,0.4771283354510801,histgb_leaves7,0.5,2016-05-12,0.24686002098735296,0.0,0.0
2016-07-13,0,-0.001045999053620017,0.43289965414849313,0.4771283354510801,histgb_leaves7,0.5,2016-05-12,0.24686002098735296,0.0,-0.0
2016-07-14,1,0.002320220346087032,0.5055753798267444,0.4771283354510801,histgb_leaves7,0.5,2016-05-12,0.24686002098735296,0.0,0.0
2016-07-15,1,0.0009377930603313711,0.4388523354054902,0.4771283354510801,histgb_leaves7,0.5,2016-05-12,0.24686002098735296,0.0,0.0
2016-07-18,1,0.0014319548909433877,0.44378884040389555,0.4771283354510801,histgb_leaves7,0.5,2016-05-12,0.24686002098735296,0.0,0.0
2016-07-19,0,-0.0029216927031836537,0.47772461443824404,0.4771283354510801,histgb_leaves7,0.5,2016-05-12,0.24686002098735296,0.0,-0.0
2016-07-20,1,0.0010231449289759276,0.4859396892786669,0.4771283354510801,histgb_leaves7,0.5,2016-05-12,0.24686002098735296,0.0,0.0
2016-07-21,0,-0.003535773710482415,0.4444859934716985,0.4771283354510801,histgb_leaves7,0.5,2016-05-12,0.24686002098735296,0.0,-0.0
2016-07-22,1,0.002478345641951485,0.4813456146040622,0.4771283354510801,histgb_leaves7,0.5,2016-05-12,0.24686002098735296,0.0,0.0
2016-07-25,0,-0.0012011475426110252,0.40582962485803625,0.4771283354510801,histgb_leaves7,0.5,2016-05-12,0.24686002098735296,-1.0,0.00020114754261102517
2016-07-26,1,0.008928038220364254,0.4267256697788132,0.4771283354510801,histgb_leaves7,0.5,2016-05-12,0.24686002098735296,-1.0,-0.009928038220364255
2016-07-27,0,-0.0009965122072744803,0.4173638903140805,0.4771283354510801,histgb_leaves7,0.5,2016-05-12,0.24686002098735296,-1.0,-3.4877927255197103e-06
2016-07-28,0,-0.003927907859265556,0.4178395079693086,0.4771283354510801,histgb_leaves7,0.5,2016-05-12,0.24686002098735296,-1.0,0.002927907859265556
2016-07-29,0,-0.0034845099938711765,0.4427588155746599,0.4771283354510801,histgb_leaves7,0.5,2016-05-12,0.24686002098735296,0.0,-0.0
2016-08-01,1,0.0024200996685943554,0.41123103386061705,0.4771283354510801,histgb_leaves7,0.5,2016-05-12,0.24686002098735296,-1.0,-0.0034200996685943555
2016-08-02,0,-0.002233698203651935,0.4657025886814376,0.4771283354510801,histgb_leaves7,0.5,2016-05-12,0.24686002098735296,0.0,-0.0
2016-08-03,0,-0.006914988947965828,0.4451923405040644,0.4771283354510801,histgb_leaves7,0.5,2016-05-12,0.24686002098735296,0.0,-0.0
2016-08-04,0,-0.0030158318711117627,0.540807061589865,0.4771283354510801,histgb_leaves7,0.5,2016-05-12,0.24686002098735296,0.0,-0.0
2016-08-05,1,0.005836818310961389,0.47397042321843796,0.4771283354510801,histgb_leaves7,0.5,2016-05-12,0.24686002098735296,0.0,0.0
2016-08-08,1,0.002749870405568844,0.38775457658512646,0.4771283354510801,histgb_leaves7,0.5,2016-05-12,0.24686002098735296,-1.0,-0.003749870405568844
2016-08-09,1,0.00504543845155192,0.43427982501033874,0.4771283354510801,histgb_leaves7,0.5,2016-05-12,0.24686002098735296,0.0,0.0
2016-08-10,1,0.0007880452073636413,0.5257451449399471,0.4771283354510801,histgb_leaves7,0.5,2016-05-12,0.24686002098735296,0.0,0.0
2016-08-11,1,0.0030157051658639134,0.4908960023854583,0.4771283354510801,histgb_leaves7,0.5,2016-05-12,0.24686002098735296,0.0,0.0
2016-08-12,0,-0.00163110691297208,0.44580346753262834,0.47831398900427613,logistic_C0.1,0.25,2016-08-10,0.24696060880381351,0.0,-0.0
2016-08-16,0,-0.0040077821011673675,0.4614687584691279,0.47831398900427613,logistic_C0.1,0.25,2016-08-10,0.24696060880381351,0.0,-0.0
2016-08-17,0,-0.0007920327373530656,0.47924239796966817,0.47831398900427613,logistic_C0.1,0.25,2016-08-10,0.24696060880381351,0.0,-0.0
2016-08-18,1,0.0035739569855721687,0.47930202542402767,0.47831398900427613,logistic_C0.1,0.25,2016-08-10,0.24696060880381351,0.0,0.0
2016-08-19,0,-0.0008066475533312634,0.47003097746045064,0.47831398900427613,logistic_C0.1,0.25,2016-08-10,0.24696060880381351,0.0,-0.0
2016-08-22,0,-0.005943427912206589,0.45505752687196943,0.47831398900427613,logistic_C0.1,0.25,2016-08-10,0.24696060880381351,0.0,-0.0
2016-08-23,1,0.0027687145044441586,0.47866477051393846,0.47831398900427613,logistic_C0.1,0.25,2016-08-10,0.24696060880381351,0.0,0.0
2016-08-24,0,-0.0034425254288529272,0.4835325095501025,0.47831398900427613,logistic_C0.1,0.25,2016-08-10,0.24696060880381351,0.0,-0.0
2016-08-25,1,0.0006563543921864756,0.4884116904624358,0.47831398900427613,logistic_C0.1,0.25,2016-08-10,0.24696060880381351,0.0,0.0
2016-08-26,1,0.00037314532046317517,0.47656524088035507,0.47831398900427613,logistic_C0.1,0.25,2016-08-10,0.24696060880381351,0.0,0.0
2016-08-29,1,0.0018288114204589867,0.4542296373216553,0.47831398900427613,logistic_C0.1,0.25,2016-08-10,0.24696060880381351,0.0,0.0
2016-08-30,1,0.0005592072991269514,0.47830054833457913,0.47831398900427613,logistic_C0.1,0.25,2016-08-10,0.24696060880381351,0.0,0.0
2016-08-31,0,-0.0019278124969340782,0.4873626828161599,0.47831398900427613,logistic_C0.1,0.25,2016-08-10,0.24696060880381351,0.0,-0.0
2016-09-01,1,0.0048246134377347705,0.4722476454150096,0.47831398900427613,logistic_C0.1,0.25,2016-08-10,0.24696060880381351,0.0,0.0
2016-09-02,1,0.002158393643800993,0.46730185996071905,0.47831398900427613,logistic_C0.1,0.25,2016-08-10,0.24696060880381351,0.0,0.0
2016-09-05,1,0.005314294916527906,0.45388503521017176,0.47831398900427613,logistic_C0.1,0.25,2016-08-10,0.24696060880381351,0.0,0.0
2016-09-06,1,0.004042347476691077,0.4695707515820813,0.47831398900427613,logistic_C0.1,0.25,2016-08-10,0.24696060880381351,0.0,0.0
2016-09-07,0,-0.003349751789676114,0.4686119791956037,0.47831398900427613,logistic_C0.1,0.25,2016-08-10,0.24696060880381351,0.0,-0.0
2016-09-08,0,-0.0005956531845653368,0.46709870768601813,0.47831398900427613,logistic_C0.1,0.25,2016-08-10,0.24696060880381351,0.0,-0.0
2016-09-09,0,-0.005402793639638137,0.4694882801909326,0.47831398900427613,logistic_C0.1,0.25,2016-08-10,0.24696060880381351,0.0,-0.0
2016-09-12,0,-0.0060838361606452285,0.4532341097927801,0.47831398900427613,logistic_C0.1,0.25,2016-08-10,0.24696060880381351,0.0,-0.0
2016-09-13,0,-0.006247732276967954,0.4346950556802157,0.47831398900427613,logistic_C0.1,0.25,2016-08-10,0.24696060880381351,0.0,-0.0
2016-09-19,1,0.009186805044482105,0.4760619755090341,0.47831398900427613,logistic_C0.1,0.25,2016-08-10,0.24696060880381351,0.0,0.0
2016-09-20,1,0.005564656242243782,0.45491539363673417,0.47831398900427613,logistic_C0.1,0.25,2016-08-10,0.24696060880381351,0.0,0.0
2016-09-21,1,0.006515688571838263,0.45615239857341244,0.47831398900427613,logistic_C0.1,0.25,2016-08-10,0.24696060880381351,0.0,0.0
2016-09-22,0,-0.0002975159853876308,0.44357982530592177,0.47831398900427613,logistic_C0.1,0.25,2016-08-10,0.24696060880381351,0.0,-0.0
2016-09-23,1,0.0004139838887213809,0.431830940694017,0.47831398900427613,logistic_C0.1,0.25,2016-08-10,0.24696060880381351,0.0,0.0
2016-09-26,0,-0.0027523919016350096,0.43168234367098196,0.47831398900427613,logistic_C0.1,0.25,2016-08-10,0.24696060880381351,0.0,-0.0
2016-09-27,1,0.01251644317043965,0.450322933538709,0.47831398900427613,logistic_C0.1,0.25,2016-08-10,0.24696060880381351,0.0,0.0
2016-09-28,0,-0.004610752604760182,0.43209099723684496,0.47831398900427613,logistic_C0.1,0.25,2016-08-10,0.24696060880381351,0.0,-0.0
2016-09-29,1,0.002413094672778504,0.4566987110089933,0.47831398900427613,logistic_C0.1,0.25,2016-08-10,0.24696060880381351,0.0,0.0
2016-09-30,0,-0.005169769989047057,0.4812542860169672,0.47831398900427613,logistic_C0.1,0.25,2016-08-10,0.24696060880381351,0.0,-0.0
2016-10-04,0,-0.0010112108277343657,0.4511554911158294,0.47831398900427613,logistic_C0.1,0.25,2016-08-10,0.24696060880381351,0.0,-0.0
2016-10-05,1,0.0047128028697691615,0.467732320637941,0.47831398900427613,logistic_C0.1,0.25,2016-08-10,0.24696060880381351,0.0,0.0
2016-10-06,0,-0.001933020828299381,0.43082407224439445,0.47831398900427613,logistic_C0.1,0.25,2016-08-10,0.24696060880381351,0.0,-0.0
2016-10-07,0,-0.005881071661947068,0.4633537881923572,0.47831398900427613,logistic_C0.1,0.25,2016-08-10,0.24696060880381351,0.0,-0.0
2016-10-10,1,0.004704008909773849,0.4518057552794047,0.47831398900427613,logistic_C0.1,0.25,2016-08-10,0.24696060880381351,0.0,0.0
2016-10-11,0,-0.010402816942565285,0.42638103995433435,0.47831398900427613,logistic_C0.1,0.25,2016-08-10,0.24696060880381351,-1.0,0.009402816942565284
2016-10-12,1,0.0053189122923227306,0.4645045331044518,0.47831398900427613,logistic_C0.1,0.25,2016-08-10,0.24696060880381351,0.0,0.0
2016-10-13,0,-0.00912000550641845,0.4497371100868335,0.47831398900427613,logistic_C0.1,0.25,2016-08-10,0.24696060880381351,0.0,-0.0
2016-10-14,1,0.0004946430161352211,0.4487263708394028,0.47831398900427613,logistic_C0.1,0.25,2016-08-10,0.24696060880381351,0.0,0.0
2016-10-17,0,-0.0006505892268339197,0.46032575452917507,0.47831398900427613,logistic_C0.1,0.25,2016-08-10,0.24696060880381351,0.0,-0.0
2016-10-18,1,0.006223462750454933,0.4668827839451263,0.47831398900427613,logistic_C0.1,0.25,2016-08-10,0.24696060880381351,0.0,0.0
2016-10-19,1,0.002337710811421312,0.45777328251943405,0.47831398900427613,logistic_C0.1,0.25,2016-08-10,0.24696060880381351,0.0,0.0
2016-10-20,0,-0.001722012406316642,0.4503130183755205,0.47831398900427613,logistic_C0.1,0.25,2016-08-10,0.24696060880381351,0.0,-0.0
2016-10-21,0,-0.0031381778954594486,0.46693842421533116,0.47831398900427613,logistic_C0.1,0.25,2016-08-10,0.24696060880381351,0.0,-0.0
2016-10-24,1,0.005178702035647076,0.4367226620276876,0.47831398900427613,logistic_C0.1,0.25,2016-08-10,0.24696060880381351,0.0,0.0
2016-10-25,0,-0.0025069897027355514,0.4665011441019164,0.47831398900427613,logistic_C0.1,0.25,2016-08-10,0.24696060880381351,0.0,-0.0
2016-10-26,0,-0.008116747193861129,0.46664876507454656,0.47831398900427613,logistic_C0.1,0.25,2016-08-10,0.24696060880381351,0.0,-0.0
2016-10-27,1,0.00291342952275242,0.49286731023237096,0.47831398900427613,logistic_C0.1,0.25,2016-08-10,0.24696060880381351,0.0,0.0
2016-10-28,0,-0.0012611463078087137,0.47880035915358476,0.47831398900427613,logistic_C0.1,0.25,2016-08-10,0.24696060880381351,0.0,-0.0
2016-10-31,0,-0.00154129936508407,0.4609126453667784,0.47831398900427613,logistic_C0.1,0.25,2016-08-10,0.24696060880381351,0.0,-0.0
2016-11-01,1,0.001986612825133127,0.4823245768750303,0.47831398900427613,logistic_C0.1,0.25,2016-08-10,0.24696060880381351,0.0,0.0
2016-11-02,0,-0.008253942798723046,0.488534555250963,0.47831398900427613,logistic_C0.1,0.25,2016-08-10,0.24696060880381351,0.0,-0.0
2016-11-03,1,0.00449129842576701,0.4850946504320225,0.47831398900427613,logistic_C0.1,0.25,2016-08-10,0.24696060880381351,0.0,0.0
2016-11-04,0,-0.0009325207800914281,0.48653314124042435,0.47831398900427613,logistic_C0.1,0.25,2016-08-10,0.24696060880381351,0.0,-0.0
2016-11-07,0,0.0,0.44992331656192325,0.47831398900427613,logistic_C0.1,0.25,2016-08-10,0.24696060880381351,0.0,0.0
2016-11-08,0,-0.003075300065685904,0.46476779236093624,0.47831398900427613,logistic_C0.1,0.25,2016-08-10,0.24696060880381351,0.0,-0.0
2016-11-09,0,-0.02475000995976251,0.48099552194499123,0.47831398900427613,logistic_C0.1,0.25,2016-08-10,0.24696060880381351,0.0,-0.0
2016-11-10,1,0.006407518154634806,0.4594320753077717,0.47831398900427613,logistic_C0.1,0.25,2016-08-10,0.24696060880381351,0.0,0.0
2016-11-11,0,-0.002232423436423603,0.48233234983979956,0.47831398900427613,logistic_C0.1,0.25,2016-08-10,0.24696060880381351,0.0,-0.0
2016-11-14,0,-0.004301715138708917,0.44750344975460876,0.47831398900427613,logistic_C0.1,0.25,2016-08-10,0.24696060880381351,0.0,-0.0
2016-11-15,0,-0.004956178280812962,0.4978982982531793,0.47831398900427613,logistic_C0.1,0.25,2016-08-10,0.24696060880381351,0.0,-0.0
2016-11-16,0,-0.0005906644722891707,0.4405112497411515,0.47705882352941176,histgb_leaves7,0.5,2016-11-14,0.2475221638775542,0.0,-0.0
2016-11-17,1,0.002196122881677587,0.45961332529851484,0.47705882352941176,histgb_leaves7,0.5,2016-11-14,0.2475221638775542,0.0,0.0
2016-11-18,0,-0.0042812407025470955,0.4576719845428142,0.47705882352941176,histgb_leaves7,0.5,2016-11-14,0.2475221638775542,0.0,-0.0
2016-11-21,0,-0.0025265977686793617,0.44288235853308533,0.47705882352941176,histgb_leaves7,0.5,2016-11-14,0.2475221638775542,0.0,-0.0
2016-11-22,1,0.0037448066111018807,0.49844593265317055,0.47705882352941176,histgb_leaves7,0.5,2016-11-14,0.2475221638775542,0.0,0.0
2016-11-23,1,0.00015596385663396717,0.4425262681250677,0.47705882352941176,histgb_leaves7,0.5,2016-11-14,0.2475221638775542,0.0,0.0
2016-11-24,0,-0.00697694334318999,0.44217689467601123,0.47705882352941176,histgb_leaves7,0.5,2016-11-14,0.2475221638775542,0.0,-0.0
2016-11-25,1,0.0009429179762749929,0.5122927851836765,0.47705882352941176,histgb_leaves7,0.5,2016-11-14,0.2475221638775542,0.0,0.0
2016-11-28,1,0.0007841827803580781,0.4757246448933481,0.47705882352941176,histgb_leaves7,0.5,2016-11-14,0.2475221638775542,0.0,0.0
2016-11-29,1,0.0006524707905519733,0.49133076096857925,0.47705882352941176,histgb_leaves7,0.5,2016-11-14,0.2475221638775542,0.0,0.0
2016-11-30,1,0.0015653561437702912,0.45127056631548834,0.47705882352941176,histgb_leaves7,0.5,2016-11-14,0.2475221638775542,0.0,0.0
2016-12-01,0,-0.0018767484452674177,0.41072053146946097,0.47705882352941176,histgb_leaves7,0.5,2016-11-14,0.2475221638775542,-1.0,0.0008767484452674177
2016-12-02,0,-0.004812791014776829,0.4684759644280065,0.47705882352941176,histgb_leaves7,0.5,2016-11-14,0.2475221638775542,0.0,-0.0
2016-12-05,0,-0.0011954967925076332,0.5019879392071458,0.47705882352941176,histgb_leaves7,0.5,2016-11-14,0.2475221638775542,0.0,-0.0
2016-12-06,1,0.006754329601165621,0.44782885094622266,0.47705882352941176,histgb_leaves7,0.5,2016-11-14,0.2475221638775542,0.0,0.0
2016-12-07,0,-0.0019041033427035226,0.42797025460993593,0.47705882352941176,histgb_leaves7,0.5,2016-11-14,0.2475221638775542,-1.0,0.0009041033427035225
2016-12-08,1,0.011332911751671837,0.36633828048679434,0.47705882352941176,histgb_leaves7,0.5,2016-11-14,0.2475221638775542,-1.0,-0.012332911751671838
2016-12-09,1,8.397052140751704e-05,0.5448695885907746,0.47705882352941176,histgb_leaves7,0.5,2016-11-14,0.2475221638775542,0.0,0.0
2016-12-12,0,-0.0023179704225005926,0.43093647670662694,0.47705882352941176,histgb_leaves7,0.5,2016-11-14,0.2475221638775542,0.0,-0.0
2016-12-13,1,0.004732553950621554,0.4162433693034908,0.47705882352941176,histgb_leaves7,0.5,2016-11-14,0.2475221638775542,-1.0,-0.005732553950621554
2016-12-14,0,-0.003034648837288989,0.43892776864731653,0.47705882352941176,histgb_leaves7,0.5,2016-11-14,0.2475221638775542,0.0,-0.0
2016-12-15,1,0.007175566479076689,0.4213174831759826,0.47705882352941176,histgb_leaves7,0.5,2016-11-14,0.2475221638775542,-1.0,-0.00817556647907669
2016-12-16,1,0.002400176700125156,0.41404672754016525,0.47705882352941176,histgb_leaves7,0.5,2016-11-14,0.2475221638775542,-1.0,-0.003400176700125156
2016-12-19,0,-0.0004952436991272346,0.42802136935117974,0.47705882352941176,histgb_leaves7,0.5,2016-11-14,0.2475221638775542,-1.0,-0.0005047563008727654
2016-12-20,0,-0.0014328539222541181,0.508059396670125,0.47705882352941176,histgb_leaves7,0.5,2016-11-14,0.2475221638775542,0.0,-0.0
2016-12-21,0,-0.005616086110067364,0.4530288839188137,0.47705882352941176,histgb_leaves7,0.5,2016-11-14,0.2475221638775542,0.0,-0.0
2016-12-22,0,-0.0028800799369125274,0.4671973688021228,0.47705882352941176,histgb_leaves7,0.5,2016-11-14,0.2475221638775542,0.0,-0.0
2016-12-23,0,-0.0001326018947337415,0.44450740773027264,0.47705882352941176,histgb_leaves7,0.5,2016-11-14,0.2475221638775542,0.0,-0.0
2016-12-26,0,-0.0002845466631997695,0.43341802864421575,0.47705882352941176,histgb_leaves7,0.5,2016-11-14,0.2475221638775542,0.0,-0.0
2016-12-27,1,0.0007007262071601073,0.4152699907087528,0.47705882352941176,histgb_leaves7,0.5,2016-11-14,0.2475221638775542,-1.0,-0.0017007262071601073
2016-12-28,1,0.0013007824478450392,0.40677310209005746,0.47705882352941176,histgb_leaves7,0.5,2016-11-14,0.2475221638775542,-1.0,-0.002300782447845039
2016-12-29,1,0.002989477435384691,0.3962359726680422,0.47705882352941176,histgb_leaves7,0.5,2016-11-14,0.2475221638775542,-1.0,-0.003989477435384691
2017-01-02,1,0.0019433991187947086,0.480623662964595,0.47705882352941176,histgb_leaves7,0.5,2016-11-14,0.2475221638775542,0.0,0.0
2017-01-03,1,0.004748538816601311,0.4398339875824552,0.47705882352941176,histgb_leaves7,0.5,2016-11-14,0.2475221638775542,0.0,0.0
2017-01-04,0,-0.00031764803620204507,0.40440942676330627,0.47705882352941176,histgb_leaves7,0.5,2016-11-14,0.2475221638775542,-1.0,-0.000682351963797955
2017-01-05,0,-0.0017452774844537444,0.39435982840137096,0.47705882352941176,histgb_leaves7,0.5,2016-11-14,0.2475221638775542,-1.0,0.0007452774844537444
2017-01-06,1,0.0004931375756183076,0.4290950216221744,0.47705882352941176,histgb_leaves7,0.5,2016-11-14,0.2475221638775542,-1.0,-0.0014931375756183076
2017-01-09,0,-0.0021430171733601844,0.4108378057604035,0.47705882352941176,histgb_leaves7,0.5,2016-11-14,0.2475221638775542,-1.0,0.0011430171733601844
2017-01-10,1,0.0008907159986295543,0.43953849719029014,0.47705882352941176,histgb_leaves7,0.5,2016-11-14,0.2475221638775542,0.0,0.0
2017-01-11,1,0.01322702238193818,0.4465961319865084,0.47705882352941176,histgb_leaves7,0.5,2016-11-14,0.2475221638775542,0.0,0.0
2017-01-12,1,0.004548320490544766,0.4784246880748914,0.47705882352941176,histgb_leaves7,0.5,2016-11-14,0.2475221638775542,0.0,0.0
2017-01-13,0,-0.00015887382529655714,0.5305490883181831,0.47705882352941176,histgb_leaves7,0.5,2016-11-14,0.2475221638775542,0.0,-0.0
2017-01-16,0,-0.006191533102555158,0.4123857953349719,0.47705882352941176,histgb_leaves7,0.5,2016-11-14,0.2475221638775542,-1.0,0.005191533102555158
2017-01-17,1,0.0021039699736882245,0.4611973960419663,0.47705882352941176,histgb_leaves7,0.5,2016-11-14,0.2475221638775542,0.0,0.0
2017-01-18,0,-0.0015575497764940271,0.44321305445043213,0.47705882352941176,histgb_leaves7,0.5,2016-11-14,0.2475221638775542,0.0,-0.0
2017-01-19,0,-0.00614688268660013,0.4510580604579235,0.47705882352941176,histgb_leaves7,0.5,2016-11-14,0.2475221638775542,0.0,-0.0
2017-01-20,1,3.388944295457108e-05,0.46087792067230876,0.47705882352941176,histgb_leaves7,0.5,2016-11-14,0.2475221638775542,0.0,0.0
2017-01-23,0,-0.0007883460210290627,0.425976645966534,0.47705882352941176,histgb_leaves7,0.5,2016-11-14,0.2475221638775542,-1.0,-0.00021165397897093732
2017-01-24,0,-0.0021543604061402544,0.4566526831958697,0.47705882352941176,histgb_leaves7,0.5,2016-11-14,0.2475221638775542,0.0,-0.0
2017-01-25,0,-0.004042730553694973,0.43943458401508617,0.47705882352941176,histgb_leaves7,0.5,2016-11-14,0.2475221638775542,0.0,-0.0
2017-01-26,1,0.0042510736129788285,0.4500192118593137,0.47705882352941176,histgb_leaves7,0.5,2016-11-14,0.2475221638775542,0.0,0.0
2017-01-31,0,-0.004856425016605104,0.4283330877256314,0.47705882352941176,histgb_leaves7,0.5,2016-11-14,0.2475221638775542,-1.0,0.0038564250166051037
2017-02-01,1,0.002491194086666537,0.44210821254879684,0.47705882352941176,histgb_leaves7,0.5,2016-11-14,0.2475221638775542,0.0,0.0
2017-02-02,0,-0.004432202208409564,0.4148581536240027,0.47705882352941176,histgb_leaves7,0.5,2016-11-14,0.2475221638775542,-1.0,0.0034322022084095636
2017-02-03,0,-0.0013199094368708808,0.44663415415422614,0.47705882352941176,histgb_leaves7,0.5,2016-11-14,0.2475221638775542,0.0,-0.0
2017-02-06,0,-0.0038691489310698213,0.475295614292522,0.47705882352941176,histgb_leaves7,0.5,2016-11-14,0.2475221638775542,0.0,-0.0
2017-02-07,0,-0.0012465107325055902,0.44361165570981886,0.47705882352941176,histgb_leaves7,0.5,2016-11-14,0.2475221638775542,0.0,-0.0
2017-02-08,0,-0.003618678169238332,0.4276943828808175,0.47705882352941176,histgb_leaves7,0.5,2016-11-14,0.2475221638775542,-1.0,0.002618678169238332
2017-02-09,0,-0.0006143724451539434,0.4536242900093479,0.47705882352941176,histgb_leaves7,0.5,2016-11-14,0.2475221638775542,0.0,-0.0
2017-02-10,0,-0.0003468542248772355,0.4065578029745244,0.47705882352941176,histgb_leaves7,0.5,2016-11-14,0.2475221638775542,-1.0,-0.0006531457751227645
2017-02-13,1,0.001788003508535141,0.38987603030041595,0.47705882352941176,histgb_leaves7,0.5,2016-11-14,0.2475221638775542,-1.0,-0.002788003508535141
2017-02-14,0,-0.002274804020583887,0.3872322672345182,0.47705882352941176,histgb_leaves7,0.5,2016-11-14,0.2475221638775542,-1.0,0.001274804020583887
2017-02-15,1,0.0049479166666668295,0.4279598773572222,0.47705882352941176,histgb_leaves7,0.5,2016-11-14,0.2475221638775542,-1.0,-0.0059479166666668295
2017-02-16,0,-0.0029931660033810648,0.4141733027722374,0.4753261486103233,histgb_leaves15,0.25,2017-02-14,0.24814284669703882,-1.0,0.0019931660033810647
2017-02-17,1,0.003864766931876762,0.465359099804537,0.4753261486103233,histgb_leaves15,0.25,2017-02-14,0.24814284669703882,0.0,0.0
2017-02-20,1,0.00011035621065569323,0.4589181977808219,0.4753261486103233,histgb_leaves15,0.25,2017-02-14,0.24814284669703882,0.0,0.0
2017-02-21,1,0.008130510026510551,0.4444620207819857,0.4753261486103233,histgb_leaves15,0.25,2017-02-14,0.24814284669703882,0.0,0.0
2017-02-22,1,9.020043486107632e-05,0.4446625859120451,0.4753261486103233,histgb_leaves15,0.25,2017-02-14,0.24814284669703882,0.0,0.0
2017-02-23,1,0.0007027039859459627,0.43485981435794624,0.4753261486103233,histgb_leaves15,0.25,2017-02-14,0.24814284669703882,0.0,0.0
2017-02-24,0,-0.005844010956927104,0.42251473015125796,0.4753261486103233,histgb_leaves15,0.25,2017-02-14,0.24814284669703882,-1.0,0.004844010956927104
2017-02-27,0,-0.0047483380816712994,0.44967695440486805,0.4753261486103233,histgb_leaves15,0.25,2017-02-14,0.24814284669703882,0.0,-0.0
2017-02-28,1,0.002098444851144299,0.4657426703338808,0.4753261486103233,histgb_leaves15,0.25,2017-02-14,0.24814284669703882,0.0,0.0
2017-03-02,0,-0.0012065419273319389,0.4460449595514812,0.4753261486103233,histgb_leaves15,0.25,2017-02-14,0.24814284669703882,0.0,-0.0
2017-03-03,0,-0.005820404415281311,0.4312754062001979,0.4753261486103233,histgb_leaves15,0.25,2017-02-14,0.24814284669703882,0.0,-0.0
2017-03-06,1,0.003935944433725691,0.44165246227833965,0.4753261486103233,histgb_leaves15,0.25,2017-02-14,0.24814284669703882,0.0,0.0
2017-03-07,1,0.006382252723751369,0.44651148606472546,0.4753261486103233,histgb_leaves15,0.25,2017-02-14,0.24814284669703882,0.0,0.0
2017-03-08,1,0.0015007623299094774,0.44667795768399693,0.4753261486103233,histgb_leaves15,0.25,2017-02-14,0.24814284669703882,0.0,0.0
2017-03-09,0,-0.0034456628969303793,0.444671311431834,0.4753261486103233,histgb_leaves15,0.25,2017-02-14,0.24814284669703882,0.0,-0.0
2017-03-10,1,0.0041557546189678884,0.45301801311581635,0.4753261486103233,histgb_leaves15,0.25,2017-02-14,0.24814284669703882,0.0,0.0
2017-03-13,1,0.007239448812530691,0.4685220730998402,0.4753261486103233,histgb_leaves15,0.25,2017-02-14,0.24814284669703882,0.0,0.0
2017-03-14,1,0.003130994020083655,0.47272494594915826,0.4753261486103233,histgb_leaves15,0.25,2017-02-14,0.24814284669703882,0.0,0.0
2017-03-15,1,0.0021518309356236553,0.46375523921357775,0.4753261486103233,histgb_leaves15,0.25,2017-02-14,0.24814284669703882,0.0,0.0
2017-03-16,0,-0.0022738030051323577,0.4365117064993831,0.4753261486103233,histgb_leaves15,0.25,2017-02-14,0.24814284669703882,0.0,-0.0
2017-03-17,1,0.006561356354657377,0.49028710806153697,0.4753261486103233,histgb_leaves15,0.25,2017-02-14,0.24814284669703882,0.0,0.0
2017-03-20,0,-0.001532180417715856,0.4799553487847835,0.4753261486103233,histgb_leaves15,0.25,2017-02-14,0.24814284669703882,0.0,-0.0
2017-03-21,1,0.007133775630504768,0.46616617158688745,0.4753261486103233,histgb_leaves15,0.25,2017-02-14,0.24814284669703882,0.0,0.0
2017-03-22,1,0.0038565350444683677,0.5020699107133348,0.4753261486103233,histgb_leaves15,0.25,2017-02-14,0.24814284669703882,0.0,0.0
2017-03-23,0,-0.0006301487058955058,0.43478215872498777,0.4753261486103233,histgb_leaves15,0.25,2017-02-14,0.24814284669703882,0.0,-0.0
2017-03-24,0,-0.0011099034706361088,0.4629376415129532,0.4753261486103233,histgb_leaves15,0.25,2017-02-14,0.24814284669703882,0.0,-0.0
2017-03-27,0,-0.0025495449224264277,0.4365960775150518,0.4753261486103233,histgb_leaves15,0.25,2017-02-14,0.24814284669703882,0.0,-0.0
2017-03-28,0,-0.0015092911408763898,0.4843419086933005,0.4753261486103233,histgb_leaves15,0.25,2017-02-14,0.24814284669703882,0.0,-0.0
2017-03-29,0,-0.002453609291491521,0.4276797981251207,0.4753261486103233,histgb_leaves15,0.25,2017-02-14,0.24814284669703882,-1.0,0.0014536092914915208
2017-03-30,0,-0.0025527836400667248,0.4598326072090523,0.4753261486103233,histgb_leaves15,0.25,2017-02-14,0.24814284669703882,0.0,-0.0
2017-03-31,0,-0.002949294292492355,0.44387850704296383,0.4753261486103233,histgb_leaves15,0.25,2017-02-14,0.24814284669703882,0.0,-0.0
2017-04-03,1,0.0006786578271871235,0.45064305695015766,0.4753261486103233,histgb_leaves15,0.25,2017-02-14,0.24814284669703882,0.0,0.0
2017-04-04,0,-0.0019074186114177438,0.44853266101641054,0.4753261486103233,histgb_leaves15,0.25,2017-02-14,0.24814284669703882,0.0,-0.0
2017-04-05,0,-0.00048568388917169525,0.4486054697706907,0.4753261486103233,histgb_leaves15,0.25,2017-02-14,0.24814284669703882,0.0,-0.0
2017-04-06,1,5.110004459640827e-05,0.43554699302577815,0.4753261486103233,histgb_leaves15,0.25,2017-02-14,0.24814284669703882,0.0,0.0
2017-04-07,0,-0.0014571644693183172,0.44055044577162006,0.4753261486103233,histgb_leaves15,0.25,2017-02-14,0.24814284669703882,0.0,-0.0
2017-04-10,0,-0.007217881358692724,0.44151310407531613,0.4753261486103233,histgb_leaves15,0.25,2017-02-14,0.24814284669703882,0.0,-0.0
2017-04-11,0,-0.002526735016884052,0.4868852238501077,0.4753261486103233,histgb_leaves15,0.25,2017-02-14,0.24814284669703882,0.0,-0.0
2017-04-12,1,0.0003477165827916462,0.46383213471184104,0.4753261486103233,histgb_leaves15,0.25,2017-02-14,0.24814284669703882,0.0,0.0
2017-04-13,1,0.008434085532985414,0.430905908682932,0.4753261486103233,histgb_leaves15,0.25,2017-02-14,0.24814284669703882,0.0,0.0
2017-04-14,0,-0.00159006304132292,0.46345960320450125,0.4753261486103233,histgb_leaves15,0.25,2017-02-14,0.24814284669703882,0.0,-0.0
2017-04-17,1,0.0022841181388875142,0.4875970041798734,0.4753261486103233,histgb_leaves15,0.25,2017-02-14,0.24814284669703882,0.0,0.0
2017-04-18,0,-0.0032013213569891397,0.40494832261614405,0.4753261486103233,histgb_leaves15,0.25,2017-02-14,0.24814284669703882,-1.0,0.0022013213569891396
2017-04-19,0,-0.003067627670187978,0.4539267460053952,0.4753261486103233,histgb_leaves15,0.25,2017-02-14,0.24814284669703882,0.0,-0.0
2017-04-20,1,0.005125830725987823,0.45141688652985956,0.4753261486103233,histgb_leaves15,0.25,2017-02-14,0.24814284669703882,0.0,0.0
2017-04-21,1,0.0017582498935797553,0.4110383260150636,0.4753261486103233,histgb_leaves15,0.25,2017-02-14,0.24814284669703882,-1.0,-0.0027582498935797553
2017-04-24,0,-0.0008090094231212319,0.4369798839905238,0.4753261486103233,histgb_leaves15,0.25,2017-02-14,0.24814284669703882,0.0,-0.0
2017-04-25,1,0.009721009330330599,0.42330424485730106,0.4753261486103233,histgb_leaves15,0.25,2017-02-14,0.24814284669703882,-1.0,-0.0107210093303306
2017-04-26,1,0.0024836880269891726,0.46302895334535404,0.4753261486103233,histgb_leaves15,0.25,2017-02-14,0.24814284669703882,0.0,0.0
2017-04-27,1,0.0035154333884419575,0.4902587463308782,0.4753261486103233,histgb_leaves15,0.25,2017-02-14,0.24814284669703882,0.0,0.0
2017-04-28,0,-0.004028251955418338,0.4855197002523458,0.4753261486103233,histgb_leaves15,0.25,2017-02-14,0.24814284669703882,0.0,-0.0
2017-05-02,1,0.0027376096060280908,0.42495043214556283,0.4753261486103233,histgb_leaves15,0.25,2017-02-14,0.24814284669703882,-1.0,-0.003737609606028091
2017-05-04,1,0.0073396227263125,0.4553308050257305,0.4753261486103233,histgb_leaves15,0.25,2017-02-14,0.24814284669703882,0.0,0.0
2017-05-08,1,0.020996522103125637,0.4272432806787366,0.4753261486103233,histgb_leaves15,0.25,2017-02-14,0.24814284669703882,-1.0,-0.021996522103125637
2017-05-10,0,-0.010452900919750707,0.4786719503138379,0.4753261486103233,histgb_leaves15,0.25,2017-02-14,0.24814284669703882,0.0,-0.0
2017-05-11,1,0.007856149082498431,0.48276489641143056,0.4753261486103233,histgb_leaves15,0.25,2017-02-14,0.24814284669703882,0.0,0.0
2017-05-12,0,-0.004372708030277894,0.48731535614802945,0.4753261486103233,histgb_leaves15,0.25,2017-02-14,0.24814284669703882,0.0,-0.0
2017-05-15,1,0.0010575859944148558,0.42647061179787304,0.4753261486103233,histgb_leaves15,0.25,2017-02-14,0.24814284669703882,-1.0,-0.002057585994414856
2017-05-16,0,-0.004942060839370099,0.4764589862105324,0.4753261486103233,histgb_leaves15,0.25,2017-02-14,0.24814284669703882,0.0,-0.0
2017-05-17,1,0.0006633036010403881,0.464203592064232,0.4753261486103233,histgb_leaves15,0.25,2017-02-14,0.24814284669703882,0.0,0.0
2017-05-18,1,0.006846389905207362,0.5001004346370751,0.4753261486103233,histgb_leaves15,0.25,2017-02-14,0.24814284669703882,0.0,0.0
2017-05-19,1,0.0007434033881701385,0.4369656273832238,0.4753261486103233,histgb_leaves15,0.25,2017-02-14,0.24814284669703882,0.0,0.0
2017-05-22,1,0.0014560912425893857,0.41508491239302797,0.4753261486103233,histgb_leaves15,0.25,2017-02-14,0.24814284669703882,-1.0,-0.0024560912425893857
2017-05-23,1,0.0013210955130398272,0.429411343730746,0.47809419496166483,logistic_C0.1,0.25,2017-05-19,0.24791738584881573,-1.0,-0.0023210955130398272
2017-05-24,0,-0.0008752376722988009,0.44572506220479796,0.47809419496166483,logistic_C0.1,0.25,2017-05-19,0.24791738584881573,0.0,-0.0
2017-05-25,1,0.007499494730142997,0.44719965044982724,0.47809419496166483,logistic_C0.1,0.25,2017-05-19,0.24791738584881573,0.0,0.0
2017-05-26,1,0.004653662573206763,0.4414742411438676,0.47809419496166483,logistic_C0.1,0.25,2017-05-19,0.24791738584881573,0.0,0.0
2017-05-29,0,-0.004071802555669968,0.4263118994817803,0.47809419496166483,logistic_C0.1,0.25,2017-05-19,0.24791738584881573,-1.0,0.0030718025556699677
2017-05-30,0,-0.005457153284052052,0.48301239300618554,0.47809419496166483,logistic_C0.1,0.25,2017-05-19,0.24791738584881573,0.0,-0.0
2017-05-31,1,0.0034754729079833346,0.47254485841977856,0.47809419496166483,logistic_C0.1,0.25,2017-05-19,0.24791738584881573,0.0,0.0
2017-06-01,0,-0.0015756011770166056,0.45011663802407287,0.47809419496166483,logistic_C0.1,0.25,2017-05-19,0.24791738584881573,0.0,-0.0
2017-06-02,1,0.007626063719054832,0.4322905227114838,0.47809419496166483,logistic_C0.1,0.25,2017-05-19,0.24791738584881573,0.0,0.0
2017-06-05,0,-0.0033828986897578295,0.42328365595974626,0.47809419496166483,logistic_C0.1,0.25,2017-05-19,0.24791738584881573,-1.0,0.0023828986897578295
2017-06-07,0,-0.0020380894391449633,0.45892751447710073,0.47809419496166483,logistic_C0.1,0.25,2017-05-19,0.24791738584881573,0.0,-0.0
2017-06-08,1,0.0008172287054759586,0.4513404113617031,0.47809419496166483,logistic_C0.1,0.25,2017-05-19,0.24791738584881573,0.0,0.0
2017-06-09,1,0.004415448587646864,0.44862165414144345,0.47809419496166483,logistic_C0.1,0.25,2017-05-19,0.24791738584881573,0.0,0.0
2017-06-12,0,-0.005407708304333458,0.4353509113791311,0.47809419496166483,logistic_C0.1,0.25,2017-05-19,0.24791738584881573,0.0,-0.0
2017-06-13,1,0.006689501975480239,0.4587441216928646,0.47809419496166483,logistic_C0.1,0.25,2017-05-19,0.24791738584881573,0.0,0.0
2017-06-14,0,-0.004990480344217341,0.45048896737247296,0.47809419496166483,logistic_C0.1,0.25,2017-05-19,0.24791738584881573,0.0,-0.0
2017-06-15,0,-0.004933933326591866,0.45741901106746935,0.47809419496166483,logistic_C0.1,0.25,2017-05-19,0.24791738584881573,0.0,-0.0
2017-06-16,0,-0.0010024532611453418,0.4521806406423314,0.47809419496166483,logistic_C0.1,0.25,2017-05-19,0.24791738584881573,0.0,-0.0
2017-06-19,1,0.00291029686720079,0.43436793515235034,0.47809419496166483,logistic_C0.1,0.25,2017-05-19,0.24791738584881573,0.0,0.0
2017-06-20,0,-0.005586474938510944,0.44297343100263725,0.47809419496166483,logistic_C0.1,0.25,2017-05-19,0.24791738584881573,0.0,-0.0
2017-06-21,0,-0.0002968327940869875,0.47188945743900645,0.47809419496166483,logistic_C0.1,0.25,2017-05-19,0.24791738584881573,0.0,-0.0
2017-06-22,1,0.0026012807606736743,0.4487106260851373,0.47809419496166483,logistic_C0.1,0.25,2017-05-19,0.24791738584881573,0.0,0.0
2017-06-23,1,0.0029769685520799616,0.4537804803920483,0.47809419496166483,logistic_C0.1,0.25,2017-05-19,0.24791738584881573,0.0,0.0
2017-06-26,1,0.0031792162413011305,0.44424834528380963,0.47809419496166483,logistic_C0.1,0.25,2017-05-19,0.24791738584881573,0.0,0.0
2017-06-27,1,0.0021744959694312005,0.45743088990804504,0.47809419496166483,logistic_C0.1,0.25,2017-05-19,0.24791738584881573,0.0,0.0
2017-06-28,0,-0.00014687923589218332,0.4611261968621906,0.47809419496166483,logistic_C0.1,0.25,2017-05-19,0.24791738584881573,0.0,-0.0
2017-06-29,0,-0.0004798044066905982,0.44053293559290413,0.47809419496166483,logistic_C0.1,0.25,2017-05-19,0.24791738584881573,0.0,-0.0
2017-06-30,1,0.004046764477467768,0.45871107956623286,0.47809419496166483,logistic_C0.1,0.25,2017-05-19,0.24791738584881573,0.0,0.0
2017-07-03,0,-0.0013262931358073438,0.42127072470231813,0.47809419496166483,logistic_C0.1,0.25,2017-05-19,0.24791738584881573,-1.0,0.00032629313580734374
2017-07-04,0,-0.006145521951871125,0.46708804496873885,0.47809419496166483,logistic_C0.1,0.25,2017-05-19,0.24791738584881573,0.0,-0.0
2017-07-05,1,0.004770699323940475,0.47348200812221547,0.47809419496166483,logistic_C0.1,0.25,2017-05-19,0.24791738584881573,0.0,0.0
2017-07-06,0,-0.0010458894453020395,0.455076858118451,0.47809419496166483,logistic_C0.1,0.25,2017-05-19,0.24791738584881573,0.0,-0.0
2017-07-07,1,0.0015065501264575065,0.4625230697576144,0.47809419496166483,logistic_C0.1,0.25,2017-05-19,0.24791738584881573,0.0,0.0
2017-07-10,0,-0.001760046934585091,0.4366012206155552,0.47809419496166483,logistic_C0.1,0.25,2017-05-19,0.24791738584881573,0.0,-0.0
2017-07-11,1,0.004014381374611409,0.4831737816881865,0.47809419496166483,logistic_C0.1,0.25,2017-05-19,0.24791738584881573,0.0,0.0
2017-07-12,0,-0.0015195728497416905,0.4590453195547043,0.47809419496166483,logistic_C0.1,0.25,2017-05-19,0.24791738584881573,0.0,-0.0
2017-07-13,1,0.0015504455972330522,0.45719428826847347,0.47809419496166483,logistic_C0.1,0.25,2017-05-19,0.24791738584881573,0.0,0.0
2017-07-14,0,-0.0015052082687210255,0.46352713899614234,0.47809419496166483,logistic_C0.1,0.25,2017-05-19,0.24791738584881573,0.0,-0.0
2017-07-17,0,-0.0010956601970542046,0.44548309879955605,0.47809419496166483,logistic_C0.1,0.25,2017-05-19,0.24791738584881573,0.0,-0.0
2017-07-18,1,0.00039998845394140226,0.471942710338836,0.47809419496166483,logistic_C0.1,0.25,2017-05-19,0.24791738584881573,0.0,0.0
2017-07-19,0,-6.172610890953223e-05,0.4501251125331299,0.47809419496166483,logistic_C0.1,0.25,2017-05-19,0.24791738584881573,0.0,-0.0
2017-07-20,1,0.002372683759841898,0.44881211482310557,0.47809419496166483,logistic_C0.1,0.25,2017-05-19,0.24791738584881573,0.0,0.0
2017-07-21,1,0.004625263451397688,0.4555311689282895,0.47809419496166483,logistic_C0.1,0.25,2017-05-19,0.24791738584881573,0.0,0.0
2017-07-24,1,4.895141979521789e-05,0.4338690365522712,0.47809419496166483,logistic_C0.1,0.25,2017-05-19,0.24791738584881573,0.0,0.0
2017-07-25,0,-0.00443127846055924,0.45065021653004067,0.47809419496166483,logistic_C0.1,0.25,2017-05-19,0.24791738584881573,0.0,-0.0
2017-07-26,0,-0.005031019854341512,0.46050210002739145,0.47809419496166483,logistic_C0.1,0.25,2017-05-19,0.24791738584881573,0.0,-0.0
2017-07-27,0,-1.6371435120121625e-05,0.46769595881815845,0.47809419496166483,logistic_C0.1,0.25,2017-05-19,0.24791738584881573,0.0,-0.0
2017-07-28,0,-0.013343141041973317,0.4535363848355319,0.47809419496166483,logistic_C0.1,0.25,2017-05-19,0.24791738584881573,0.0,-0.0
2017-07-31,1,0.004469026178710811,0.4438541172312659,0.47809419496166483,logistic_C0.1,0.25,2017-05-19,0.24791738584881573,0.0,0.0
2017-08-01,1,0.010779602189293858,0.4693532292720786,0.47809419496166483,logistic_C0.1,0.25,2017-05-19,0.24791738584881573,0.0,0.0
2017-08-02,0,-0.0017722476705839263,0.4509921823319399,0.47809419496166483,logistic_C0.1,0.25,2017-05-19,0.24791738584881573,0.0,-0.0
2017-08-03,0,-0.015004890207617194,0.4495712945282938,0.47809419496166483,logistic_C0.1,0.25,2017-05-19,0.24791738584881573,0.0,-0.0
2017-08-04,1,0.0023893812716027085,0.4759303344348092,0.47809419496166483,logistic_C0.1,0.25,2017-05-19,0.24791738584881573,0.0,0.0
2017-08-07,0,-0.0015899640801309012,0.44822893881722325,0.47809419496166483,logistic_C0.1,0.25,2017-05-19,0.24791738584881573,0.0,-0.0
2017-08-08,0,-0.004137764692183521,0.46994377793125086,0.47809419496166483,logistic_C0.1,0.25,2017-05-19,0.24791738584881573,0.0,-0.0
2017-08-09,0,-0.004752699920158032,0.47177535702204737,0.47809419496166483,logistic_C0.1,0.25,2017-05-19,0.24791738584881573,0.0,-0.0
2017-08-10,0,-0.0006268663038183631,0.4678199093526214,0.47809419496166483,logistic_C0.1,0.25,2017-05-19,0.24791738584881573,0.0,-0.0
2017-08-11,0,-0.0014420634852306824,0.49059173271423157,0.47809419496166483,logistic_C0.1,0.25,2017-05-19,0.24791738584881573,0.0,-0.0
2017-08-14,0,-0.0007705413481049472,0.4329662051585473,0.47809419496166483,logistic_C0.1,0.25,2017-05-19,0.24791738584881573,0.0,-0.0
2017-08-16,0,-0.003175223072155453,0.4776967461135002,0.47809419496166483,logistic_C0.1,0.25,2017-05-19,0.24791738584881573,0.0,-0.0
2017-08-17,1,0.0042779202333720345,0.47325161891300394,0.47809419496166483,logistic_C0.1,0.25,2017-05-19,0.24791738584881573,0.0,0.0
2017-08-18,1,0.007768599985471303,0.49232810099778473,0.47809419496166483,logistic_C0.1,0.25,2017-05-19,0.24791738584881573,0.0,0.0
2017-08-21,0,-0.0035457691949666303,0.446284419783306,0.47809419496166483,logistic_C0.1,0.25,2017-05-19,0.24791738584881573,0.0,-0.0
2017-08-22,1,0.002135330827991444,0.4659055878226865,0.47697194282689254,histgb_leaves7,0.5,2017-08-18,0.24735825327759164,0.0,0.0
2017-08-23,0,-0.0042625171994462585,0.39103452509265196,0.47697194282689254,histgb_leaves7,0.5,2017-08-18,0.24735825327759164,-1.0,0.0032625171994462585
2017-08-24,1,0.0024133799132535216,0.46735817008202635,0.47697194282689254,histgb_leaves7,0.5,2017-08-18,0.24735825327759164,0.0,0.0
2017-08-25,0,-0.0012429297870640843,0.46861985630645775,0.47697194282689254,histgb_leaves7,0.5,2017-08-18,0.24735825327759164,0.0,-0.0
2017-08-28,0,-0.002558513369073978,0.4511874887518497,0.47697194282689254,histgb_leaves7,0.5,2017-08-18,0.24735825327759164,0.0,-0.0
2017-08-29,1,0.0036244800950682166,0.4918284032811897,0.47697194282689254,histgb_leaves7,0.5,2017-08-18,0.24735825327759164,0.0,0.0
2017-08-30,1,0.0017566603184790974,0.47354054794111855,0.47697194282689254,histgb_leaves7,0.5,2017-08-18,0.24735825327759164,0.0,0.0
2017-08-31,0,-0.004536723449426239,0.4663281028841402,0.47697194282689254,histgb_leaves7,0.5,2017-08-18,0.24735825327759164,0.0,-0.0
2017-09-01,0,-0.004122579146338734,0.5084966638412414,0.47697194282689254,histgb_leaves7,0.5,2017-08-18,0.24735825327759164,0.0,-0.0
2017-09-04,1,0.005507382741519962,0.511541484187604,0.47697194282689254,histgb_leaves7,0.5,2017-08-18,0.24735825327759164,0.0,0.0
2017-09-05,0,-0.00598132118840311,0.46568510091255305,0.47697194282689254,histgb_leaves7,0.5,2017-08-18,0.24735825327759164,0.0,-0.0
2017-09-06,0,-0.002159288381135882,0.5089693740186423,0.47697194282689254,histgb_leaves7,0.5,2017-08-18,0.24735825327759164,0.0,-0.0
2017-09-07,1,0.007406803094970327,0.4800368328194379,0.47697194282689254,histgb_leaves7,0.5,2017-08-18,0.24735825327759164,0.0,0.0
2017-09-08,0,-0.002752968908896869,0.4554489492745682,0.47697194282689254,histgb_leaves7,0.5,2017-08-18,0.24735825327759164,0.0,-0.0
2017-09-11,1,0.0017920385925276339,0.4457759859618419,0.47697194282689254,histgb_leaves7,0.5,2017-08-18,0.24735825327759164,0.0,0.0
2017-09-12,0,-0.0027613595163616944,0.4101760591193022,0.47697194282689254,histgb_leaves7,0.5,2017-08-18,0.24735825327759164,-1.0,0.0017613595163616944
2017-09-13,0,-0.004370312249529662,0.5144090583950249,0.47697194282689254,histgb_leaves7,0.5,2017-08-18,0.24735825327759164,0.0,-0.0
2017-09-14,1,0.00512356586656737,0.5090178258644075,0.47697194282689254,histgb_leaves7,0.5,2017-08-18,0.24735825327759164,0.0,0.0
2017-09-15,1,0.007443718228032026,0.47827382283463904,0.47697194282689254,histgb_leaves7,0.5,2017-08-18,0.24735825327759164,0.0,0.0
2017-09-18,1,0.011557864618628066,0.4594790381243645,0.47697194282689254,histgb_leaves7,0.5,2017-08-18,0.24735825327759164,0.0,0.0
2017-09-19,0,-0.0013433637829124434,0.5200745902653903,0.47697194282689254,histgb_leaves7,0.5,2017-08-18,0.24735825327759164,0.0,-0.0
2017-09-20,0,-0.0035607769268265477,0.5214211366825144,0.47697194282689254,histgb_leaves7,0.5,2017-08-18,0.24735825327759164,0.0,-0.0
2017-09-21,0,-0.002284401805962788,0.4817423428718507,0.47697194282689254,histgb_leaves7,0.5,2017-08-18,0.24735825327759164,0.0,-0.0
2017-09-22,0,-0.006504876577869245,0.4825302962072501,0.47697194282689254,histgb_leaves7,0.5,2017-08-18,0.24735825327759164,0.0,-0.0
2017-09-25,0,-0.003503895310138616,0.4665305871921207,0.47697194282689254,histgb_leaves7,0.5,2017-08-18,0.24735825327759164,0.0,-0.0
2017-09-26,1,0.001138462316897515,0.45348156012877605,0.47697194282689254,histgb_leaves7,0.5,2017-08-18,0.24735825327759164,0.0,0.0
2017-09-27,0,-0.0018175010202405861,0.4296971885396203,0.47697194282689254,histgb_leaves7,0.5,2017-08-18,0.24735825327759164,-1.0,0.0008175010202405861
2017-09-28,0,-0.0004043637588980742,0.45306549431258025,0.47697194282689254,histgb_leaves7,0.5,2017-08-18,0.24735825327759164,0.0,-0.0
2017-09-29,1,0.006646599345850213,0.4778803390919116,0.47697194282689254,histgb_leaves7,0.5,2017-08-18,0.24735825327759164,0.0,0.0
2017-10-10,1,0.0033723197684725204,0.45550410987503415,0.47697194282689254,histgb_leaves7,0.5,2017-08-18,0.24735825327759164,0.0,0.0
2017-10-11,1,0.006415584096557181,0.5199272077998525,0.47697194282689254,histgb_leaves7,0.5,2017-08-18,0.24735825327759164,0.0,0.0
2017-10-12,1,0.005305276841207407,0.5868505072098142,0.47697194282689254,histgb_leaves7,0.5,2017-08-18,0.24735825327759164,1.0,0.004305276841207407
2017-10-13,0,-1.2127827299868166e-05,0.5460172116052477,0.47697194282689254,histgb_leaves7,0.5,2017-08-18,0.24735825327759164,0.0,-0.0
2017-10-16,0,-0.0012564584784771071,0.5456618210188493,0.47697194282689254,histgb_leaves7,0.5,2017-08-18,0.24735825327759164,0.0,-0.0
2017-10-17,0,-0.00023742836906837095,0.5411477041337216,0.47697194282689254,histgb_leaves7,0.5,2017-08-18,0.24735825327759164,0.0,-0.0
2017-10-18,1,0.0005561085298182444,0.5061632193951485,0.47697194282689254,histgb_leaves7,0.5,2017-08-18,0.24735825327759164,0.0,0.0
2017-10-19,0,-0.005093091740018929,0.493422917885169,0.47697194282689254,histgb_leaves7,0.5,2017-08-18,0.24735825327759164,0.0,-0.0
2017-10-20,1,0.004940863036370091,0.49238194845259065,0.47697194282689254,histgb_leaves7,0.5,2017-08-18,0.24735825327759164,0.0,0.0
2017-10-23,0,-0.0030428602886712897,0.4224871892792801,0.47697194282689254,histgb_leaves7,0.5,2017-08-18,0.24735825327759164,-1.0,0.0020428602886712896
2017-10-24,1,0.0004740269391918517,0.4548253811098819,0.47697194282689254,histgb_leaves7,0.5,2017-08-18,0.24735825327759164,0.0,0.0
2017-10-25,0,-0.0013502305809196535,0.4704015252670699,0.47697194282689254,histgb_leaves7,0.5,2017-08-18,0.24735825327759164,0.0,-0.0
2017-10-26,0,-0.0036029884318765637,0.4540798995564761,0.47697194282689254,histgb_leaves7,0.5,2017-08-18,0.24735825327759164,0.0,-0.0
2017-10-27,1,0.004502220934723855,0.48228910573321915,0.47697194282689254,histgb_leaves7,0.5,2017-08-18,0.24735825327759164,0.0,0.0
2017-10-30,0,-0.004749648947638518,0.4510859311241885,0.47697194282689254,histgb_leaves7,0.5,2017-08-18,0.24735825327759164,0.0,-0.0
2017-10-31,1,0.009287219873530539,0.43738406702266186,0.47697194282689254,histgb_leaves7,0.5,2017-08-18,0.24735825327759164,0.0,0.0
2017-11-01,1,0.008083691841780372,0.48321058811205636,0.47697194282689254,histgb_leaves7,0.5,2017-08-18,0.24735825327759164,0.0,0.0
2017-11-02,0,-0.005460212315551827,0.571837007868763,0.47697194282689254,histgb_leaves7,0.5,2017-08-18,0.24735825327759164,1.0,-0.006460212315551827
2017-11-03,0,-0.0001563495506905488,0.49998484110705677,0.47697194282689254,histgb_leaves7,0.5,2017-08-18,0.24735825327759164,0.0,-0.0
2017-11-06,0,-0.0030813869369528124,0.42039863238850533,0.47697194282689254,histgb_leaves7,0.5,2017-08-18,0.24735825327759164,-1.0,0.0020813869369528124
2017-11-07,0,-0.0011223168386768068,0.44685654989084744,0.47697194282689254,histgb_leaves7,0.5,2017-08-18,0.24735825327759164,0.0,-0.0
2017-11-08,1,0.007070483886240986,0.4641326092854234,0.47697194282689254,histgb_leaves7,0.5,2017-08-18,0.24735825327759164,0.0,0.0
2017-11-09,0,-0.0036563499783195397,0.4247214430603147,0.47697194282689254,histgb_leaves7,0.5,2017-08-18,0.24735825327759164,-1.0,0.0026563499783195397
2017-11-10,1,0.0006965268103793498,0.44620734146575,0.47697194282689254,histgb_leaves7,0.5,2017-08-18,0.24735825327759164,0.0,0.0
2017-11-13,0,-0.007032221860320931,0.42466915146457446,0.47697194282689254,histgb_leaves7,0.5,2017-08-18,0.24735825327759164,-1.0,0.006032221860320931
2017-11-14,0,-0.002333616315571385,0.49967985379881186,0.47697194282689254,histgb_leaves7,0.5,2017-08-18,0.24735825327759164,0.0,-0.0
2017-11-15,0,-0.0029101995565410377,0.4498673408075936,0.47697194282689254,histgb_leaves7,0.5,2017-08-18,0.24735825327759164,0.0,-0.0
2017-11-16,1,0.004904020741985926,0.41786562767637775,0.47697194282689254,histgb_leaves7,0.5,2017-08-18,0.24735825327759164,-1.0,-0.005904020741985926
2017-11-17,0,-0.004736749081911351,0.4234179123186503,0.47697194282689254,histgb_leaves7,0.5,2017-08-18,0.24735825327759164,-1.0,0.003736749081911351
2017-11-20,0,-0.003599022390413209,0.41770661997018665,0.47697194282689254,histgb_leaves7,0.5,2017-08-18,0.24735825327759164,-1.0,0.002599022390413209
2017-11-21,0,-0.0012431675118890206,0.4485684131504296,0.47697194282689254,histgb_leaves7,0.5,2017-08-18,0.24735825327759164,0.0,-0.0
2017-11-22,0,-0.002395341257593442,0.44502749327307056,0.47697194282689254,histgb_leaves7,0.5,2017-08-18,0.24735825327759164,0.0,-0.0
2017-11-23,0,-0.0020414264024481987,0.4691559278010826,0.47697194282689254,histgb_leaves7,0.5,2017-08-18,0.24735825327759164,0.0,-0.0
2017-11-24,1,0.0017875493643175755,0.47490721314660633,0.47697194282689254,histgb_leaves7,0.5,2017-08-18,0.24735825327759164,0.0,0.0
2017-11-27,0,-0.014512288092300096,0.4398624076897501,0.4738729508196721,logistic_C0.1,0.25,2017-11-23,0.24753477506423535,0.0,-0.0
2017-11-28,1,0.0006646713259994552,0.4654010677155192,0.4738729508196721,logistic_C0.1,0.25,2017-11-23,0.24753477506423535,0.0,0.0
2017-11-29,0,-0.0017320419821552635,0.45015592102619667,0.4738729508196721,logistic_C0.1,0.25,2017-11-23,0.24753477506423535,0.0,-0.0
2017-11-30,0,-0.010330826226310985,0.4323033508391025,0.4738729508196721,logistic_C0.1,0.25,2017-11-23,0.24753477506423535,0.0,-0.0
2017-12-01,0,-0.005428057149285737,0.4324180600534727,0.4738729508196721,logistic_C0.1,0.25,2017-11-23,0.24753477506423535,0.0,-0.0
2017-12-04,1,0.006011935400849433,0.44661180352380314,0.4738729508196721,logistic_C0.1,0.25,2017-11-23,0.24753477506423535,0.0,0.0
2017-12-05,1,0.007784866284181735,0.4425989182658343,0.4738729508196721,logistic_C0.1,0.25,2017-11-23,0.24753477506423535,0.0,0.0
2017-12-06,0,-0.01426983614786137,0.4234184130995815,0.4738729508196721,logistic_C0.1,0.25,2017-11-23,0.24753477506423535,-1.0,0.013269836147861369
2017-12-07,0,-0.007085963178802723,0.4646611721794256,0.4738729508196721,logistic_C0.1,0.25,2017-11-23,0.24753477506423535,0.0,-0.0
2017-12-08,0,-0.002465497208603784,0.44792029483119683,0.4738729508196721,logistic_C0.1,0.25,2017-11-23,0.24753477506423535,0.0,-0.0
2017-12-11,1,0.0014912007002159111,0.43571066785724266,0.4738729508196721,logistic_C0.1,0.25,2017-11-23,0.24753477506423535,0.0,0.0
2017-12-12,0,-0.004139638965211634,0.44859271180863336,0.4738729508196721,logistic_C0.1,0.25,2017-11-23,0.24753477506423535,0.0,-0.0
2017-12-13,1,0.00736267574174998,0.45690598870700294,0.4738729508196721,logistic_C0.1,0.25,2017-11-23,0.24753477506423535,0.0,0.0
2017-12-14,0,-0.006872921333403115,0.45701836845539984,0.4738729508196721,logistic_C0.1,0.25,2017-11-23,0.24753477506423535,0.0,-0.0
2017-12-15,0,-0.002539794807083995,0.45412383925469324,0.4738729508196721,logistic_C0.1,0.25,2017-11-23,0.24753477506423535,0.0,-0.0
2017-12-18,0,-0.0027924767862810285,0.43190997648675333,0.4738729508196721,logistic_C0.1,0.25,2017-11-23,0.24753477506423535,0.0,-0.0
2017-12-19,0,-0.0037381975456520777,0.4581172587008422,0.4738729508196721,logistic_C0.1,0.25,2017-11-23,0.24753477506423535,0.0,-0.0
2017-12-20,0,-0.0005861380375291603,0.4819924418427751,0.4738729508196721,logistic_C0.1,0.25,2017-11-23,0.24753477506423535,0.0,-0.0
2017-12-21,0,-0.016796555714713612,0.4713682416453259,0.4738729508196721,logistic_C0.1,0.25,2017-11-23,0.24753477506423535,0.0,-0.0
2017-12-22,1,0.0012102117255157196,0.467893971809266,0.4738729508196721,logistic_C0.1,0.25,2017-11-23,0.24753477506423535,0.0,0.0
2017-12-26,0,-0.008305858224352147,0.48704531312266136,0.4738729508196721,logistic_C0.1,0.25,2017-11-23,0.24753477506423535,0.0,-0.0
2017-12-27,1,0.006530737010814303,0.46214416985022005,0.4738729508196721,logistic_C0.1,0.25,2017-11-23,0.24753477506423535,0.0,0.0
2017-12-28,1,0.011552447208431849,0.4481972964142364,0.4738729508196721,logistic_C0.1,0.25,2017-11-23,0.24753477506423535,0.0,0.0
2018-01-02,1,0.0019354630160897113,0.48542175779766017,0.4738729508196721,logistic_C0.1,0.25,2017-11-23,0.24753477506423535,0.0,0.0
2018-01-03,1,0.0006922559898254743,0.44076281307255727,0.4738729508196721,logistic_C0.1,0.25,2017-11-23,0.24753477506423535,0.0,0.0
2018-01-04,0,-0.014401598401598381,0.4645587955971726,0.4738729508196721,logistic_C0.1,0.25,2017-11-23,0.24753477506423535,0.0,-0.0
2018-01-05,1,0.008345277267497009,0.48285511763691125,0.4738729508196721,logistic_C0.1,0.25,2017-11-23,0.24753477506423535,0.0,0.0
2018-01-08,1,0.0010276018640220652,0.44291965486731516,0.4738729508196721,logistic_C0.1,0.25,2017-11-23,0.24753477506423535,0.0,0.0
2018-01-09,0,-0.0001991452685076167,0.4840928300414361,0.4738729508196721,logistic_C0.1,0.25,2017-11-23,0.24753477506423535,0.0,-0.0
2018-01-10,0,-0.00658896090735317,0.45690482286524414,0.4738729508196721,logistic_C0.1,0.25,2017-11-23,0.24753477506423535,0.0,-0.0
2018-01-11,0,-0.003584502134681311,0.4783457954528607,0.4738729508196721,logistic_C0.1,0.25,2017-11-23,0.24753477506423535,0.0,-0.0
2018-01-12,0,-0.0013800717637316717,0.45190925411188043,0.4738729508196721,logistic_C0.1,0.25,2017-11-23,0.24753477506423535,0.0,-0.0
2018-01-15,0,-0.0028833478695483583,0.4345255019355187,0.4738729508196721,logistic_C0.1,0.25,2017-11-23,0.24753477506423535,0.0,-0.0
2018-01-16,1,0.007020318190530839,0.474224119820122,0.4738729508196721,logistic_C0.1,0.25,2017-11-23,0.24753477506423535,0.0,0.0
2018-01-17,0,-0.0006991923533782307,0.45634396727038273,0.4738729508196721,logistic_C0.1,0.25,2017-11-23,0.24753477506423535,0.0,-0.0
2018-01-18,0,-0.00469206818928114,0.4614900411085292,0.4738729508196721,logistic_C0.1,0.25,2017-11-23,0.24753477506423535,0.0,-0.0
2018-01-19,1,0.0002341576476285745,0.4644288326937547,0.4738729508196721,logistic_C0.1,0.25,2017-11-23,0.24753477506423535,0.0,0.0
2018-01-22,0,-0.005876276371727163,0.4397304157184665,0.4738729508196721,logistic_C0.1,0.25,2017-11-23,0.24753477506423535,0.0,-0.0
2018-01-23,1,0.010456709223813476,0.4668536285078015,0.4738729508196721,logistic_C0.1,0.25,2017-11-23,0.24753477506423535,0.0,0.0
2018-01-24,1,0.0016338708531646873,0.46287191347489526,0.4738729508196721,logistic_C0.1,0.25,2017-11-23,0.24753477506423535,0.0,0.0
2018-01-25,1,0.009960740413723412,0.4477853896457227,0.4738729508196721,logistic_C0.1,0.25,2017-11-23,0.24753477506423535,0.0,0.0
2018-01-26,1,0.005494612780149177,0.43314603008504815,0.4738729508196721,logistic_C0.1,0.25,2017-11-23,0.24753477506423535,0.0,0.0
2018-01-29,1,0.0036000262662860827,0.42387368770055933,0.4738729508196721,logistic_C0.1,0.25,2017-11-23,0.24753477506423535,-1.0,-0.004600026266286083
2018-01-30,0,-0.00875151037866595,0.4562173315046768,0.4738729508196721,logistic_C0.1,0.25,2017-11-23,0.24753477506423535,0.0,-0.0
2018-01-31,1,0.0035544328743983833,0.4502389604896072,0.4738729508196721,logistic_C0.1,0.25,2017-11-23,0.24753477506423535,0.0,0.0
2018-02-01,0,-0.004021078672772571,0.4495317971794617,0.4738729508196721,logistic_C0.1,0.25,2017-11-23,0.24753477506423535,0.0,-0.0
2018-02-02,0,-0.01582235316583458,0.4519036423571681,0.4738729508196721,logistic_C0.1,0.25,2017-11-23,0.24753477506423535,0.0,-0.0
2018-02-05,1,0.00177297836242718,0.45385445832400695,0.4738729508196721,logistic_C0.1,0.25,2017-11-23,0.24753477506423535,0.0,0.0
2018-02-06,1,0.0066843932343598755,0.45885758132291254,0.4738729508196721,logistic_C0.1,0.25,2017-11-23,0.24753477506423535,0.0,0.0
2018-02-07,0,-0.035092522506562696,0.4108583791931442,0.4738729508196721,logistic_C0.1,0.25,2017-11-23,0.24753477506423535,-1.0,0.034092522506562695
2018-02-08,1,0.0031039468037679097,0.4668663902986525,0.4738729508196721,logistic_C0.1,0.25,2017-11-23,0.24753477506423535,0.0,0.0
2018-02-09,1,0.007261167667349966,0.45757538111332635,0.4738729508196721,logistic_C0.1,0.25,2017-11-23,0.24753477506423535,0.0,0.0
2018-02-12,1,0.0020541989254314608,0.3929142307706133,0.4738729508196721,logistic_C0.1,0.25,2017-11-23,0.24753477506423535,-1.0,-0.003054198925431461
2018-02-13,0,-0.003204474611821495,0.456485889338894,0.4738729508196721,logistic_C0.1,0.25,2017-11-23,0.24753477506423535,0.0,-0.0
2018-02-14,1,0.0038798409928413324,0.4369716380869588,0.4738729508196721,logistic_C0.1,0.25,2017-11-23,0.24753477506423535,0.0,0.0
2018-02-19,0,-0.003955115554613142,0.42399717167883594,0.4738729508196721,logistic_C0.1,0.25,2017-11-23,0.24753477506423535,-1.0,0.002955115554613142
2018-02-20,0,-0.0074917295087020275,0.4877136823955421,0.4738729508196721,logistic_C0.1,0.25,2017-11-23,0.24753477506423535,0.0,-0.0
2018-02-21,1,0.004930244485529922,0.4578743879073704,0.4738729508196721,logistic_C0.1,0.25,2017-11-23,0.24753477506423535,0.0,0.0
2018-02-22,0,-0.0011997451575801454,0.4423771586836802,0.4738729508196721,logistic_C0.1,0.25,2017-11-23,0.24753477506423535,0.0,-0.0
2018-02-23,1,0.010048905497439309,0.44935579167471507,0.4738729508196721,logistic_C0.1,0.25,2017-11-23,0.24753477506423535,0.0,0.0
2018-02-26,0,-0.0031232887825257682,0.4229132458927394,0.4738729508196721,logistic_C0.1,0.25,2017-11-23,0.24753477506423535,-1.0,0.0021232887825257682
2018-02-27,0,-0.0072511802366940215,0.48070835181530136,0.4738729508196721,logistic_C0.1,0.25,2017-11-23,0.24753477506423535,0.0,-0.0
2018-02-28,0,-0.00807074467433011,0.4874950648279126,0.4738729508196721,logistic_C0.1,0.25,2017-11-23,0.24753477506423535,0.0,-0.0
2018-03-02,0,-0.001832483576210242,0.4969107779971693,0.47344913151364765,histgb_leaves15,0.25,2018-02-27,0.2474269936337265,0.0,-0.0
2018-03-05,0,-0.012826694154419171,0.4491071492618266,0.47344913151364765,histgb_leaves15,0.25,2018-02-27,0.2474269936337265,0.0,-0.0
2018-03-06,1,0.004473751077824106,0.4963945706755888,0.47344913151364765,histgb_leaves15,0.25,2018-02-27,0.2474269936337265,0.0,0.0
2018-03-07,0,-0.004794086326702196,0.4802214721809933,0.47344913151364765,histgb_leaves15,0.25,2018-02-27,0.2474269936337265,0.0,-0.0
2018-03-08,1,0.005126679803525436,0.49450645197755905,0.47344913151364765,histgb_leaves15,0.25,2018-02-27,0.2474269936337265,0.0,0.0
2018-03-09,1,0.00655635725189585,0.44932190948830647,0.47344913151364765,histgb_leaves15,0.25,2018-02-27,0.2474269936337265,0.0,0.0
2018-03-12,0,-0.0006115125279605449,0.3969822960636185,0.47344913151364765,histgb_leaves15,0.25,2018-02-27,0.2474269936337265,-1.0,-0.0003884874720394551
2018-03-13,1,0.00460723706731625,0.49709389083939237,0.47344913151364765,histgb_leaves15,0.25,2018-02-27,0.2474269936337265,0.0,0.0
2018-03-14,1,0.0034915214557020846,0.47019674697957625,0.47344913151364765,histgb_leaves15,0.25,2018-02-27,0.2474269936337265,0.0,0.0
2018-03-15,1,0.0025663716814159354,0.4374094048188164,0.47344913151364765,histgb_leaves15,0.25,2018-02-27,0.2474269936337265,0.0,0.0
2018-03-16,0,-0.0004568936840461113,0.47195553192461615,0.47344913151364765,histgb_leaves15,0.25,2018-02-27,0.2474269936337265,0.0,-0.0
2018-03-19,0,-0.0068058058017888,0.47585474025441227,0.47344913151364765,histgb_leaves15,0.25,2018-02-27,0.2474269936337265,0.0,-0.0
2018-03-20,1,0.011690003256268344,0.5366077430968126,0.47344913151364765,histgb_leaves15,0.25,2018-02-27,0.2474269936337265,0.0,0.0
2018-03-21,0,-0.0013061546004774494,0.4824240403842961,0.47344913151364765,histgb_leaves15,0.25,2018-02-27,0.2474269936337265,0.0,-0.0
2018-03-22,1,0.0004729762229240819,0.4752921170012419,0.47344913151364765,histgb_leaves15,0.25,2018-02-27,0.2474269936337265,0.0,0.0
2018-03-23,0,-0.012249001728838027,0.5161659419795062,0.47344913151364765,histgb_leaves15,0.25,2018-02-27,0.2474269936337265,0.0,-0.0
2018-03-26,1,0.009276591515231969,0.525599641295201,0.47344913151364765,histgb_leaves15,0.25,2018-02-27,0.2474269936337265,0.0,0.0
2018-03-27,0,-0.0011975560081466385,0.46205547064596403,0.47344913151364765,histgb_leaves15,0.25,2018-02-27,0.2474269936337265,0.0,-0.0
2018-03-28,0,-0.0027412054708690903,0.5091455818657915,0.47344913151364765,histgb_leaves15,0.25,2018-02-27,0.2474269936337265,0.0,-0.0
2018-03-29,1,0.006057728042284438,0.4864043763067479,0.47344913151364765,histgb_leaves15,0.25,2018-02-27,0.2474269936337265,0.0,0.0
2018-03-30,0,-0.003361721201254997,0.45932529330630417,0.47344913151364765,histgb_leaves15,0.25,2018-02-27,0.2474269936337265,0.0,-0.0
2018-04-02,0,-0.00430191630817367,0.44755198058487905,0.47344913151364765,histgb_leaves15,0.25,2018-02-27,0.2474269936337265,0.0,-0.0
2018-04-03,1,0.008326934350564974,0.5406110843763308,0.47344913151364765,histgb_leaves15,0.25,2018-02-27,0.2474269936337265,0.0,0.0
2018-04-04,0,-0.016303304370560046,0.46137473093906234,0.47344913151364765,histgb_leaves15,0.25,2018-02-27,0.2474269936337265,0.0,-0.0
2018-04-05,1,0.004367675901966184,0.4570394282693267,0.47344913151364765,histgb_leaves15,0.25,2018-02-27,0.2474269936337265,0.0,0.0
2018-04-06,1,0.0035937345097649676,0.48343732467059264,0.47344913151364765,histgb_leaves15,0.25,2018-02-27,0.2474269936337265,0.0,0.0
2018-04-09,1,0.008221438442340467,0.48603156529332536,0.47344913151364765,histgb_leaves15,0.25,2018-02-27,0.2474269936337265,0.0,0.0
2018-04-10,1,0.004426338352582437,0.4521919222215488,0.47344913151364765,histgb_leaves15,0.25,2018-02-27,0.2474269936337265,0.0,0.0
2018-04-11,0,-0.005011133590878347,0.4589462686823307,0.47344913151364765,histgb_leaves15,0.25,2018-02-27,0.2474269936337265,0.0,-0.0
2018-04-12,0,-0.0033619616883248105,0.49022092676009926,0.47344913151364765,histgb_leaves15,0.25,2018-02-27,0.2474269936337265,0.0,-0.0
2018-04-13,1,0.0023066685174448764,0.4717054890688522,0.47344913151364765,histgb_leaves15,0.25,2018-02-27,0.2474269936337265,0.0,0.0
2018-04-16,0,-0.0034670970462766793,0.4428690832530884,0.47344913151364765,histgb_leaves15,0.25,2018-02-27,0.2474269936337265,0.0,-0.0
2018-04-17,0,-0.0022851194808468644,0.48869996903582125,0.47344913151364765,histgb_leaves15,0.25,2018-02-27,0.2474269936337265,0.0,-0.0
2018-04-18,1,0.005037385260683536,0.46109425016143535,0.47344913151364765,histgb_leaves15,0.25,2018-02-27,0.2474269936337265,0.0,0.0
2018-04-19,1,0.0011436579335226682,0.44551069497847917,0.47344913151364765,histgb_leaves15,0.25,2018-02-27,0.2474269936337265,0.0,0.0
2018-04-20,0,-0.000911808729963548,0.4620045553441283,0.47344913151364765,histgb_leaves15,0.25,2018-02-27,0.2474269936337265,0.0,-0.0
2018-04-23,1,0.00016574362291321698,0.4448023695247404,0.47344913151364765,histgb_leaves15,0.25,2018-02-27,0.2474269936337265,0.0,0.0
2018-04-24,0,-0.005781792799590013,0.47538150801396867,0.47344913151364765,histgb_leaves15,0.25,2018-02-27,0.2474269936337265,0.0,-0.0
2018-04-25,1,0.0018901967522981789,0.45450324103818784,0.47344913151364765,histgb_leaves15,0.25,2018-02-27,0.2474269936337265,0.0,0.0
2018-04-26,1,0.006104152611943414,0.44833519519199405,0.47344913151364765,histgb_leaves15,0.25,2018-02-27,0.2474269936337265,0.0,0.0
2018-04-27,0,-0.0021419277349614685,0.4228822309822818,0.47344913151364765,histgb_leaves15,0.25,2018-02-27,0.2474269936337265,-1.0,0.0011419277349614685
2018-04-30,1,0.005231208213276606,0.4468292398735519,0.47344913151364765,histgb_leaves15,0.25,2018-02-27,0.2474269936337265,0.0,0.0
2018-05-02,0,-0.00403060717479875,0.46957331963327253,0.47344913151364765,histgb_leaves15,0.25,2018-02-27,0.2474269936337265,0.0,-0.0
2018-05-03,0,-0.007854196749822462,0.47594663087202654,0.47344913151364765,histgb_leaves15,0.25,2018-02-27,0.2474269936337265,0.0,-0.0
2018-05-04,0,-0.01009061038339476,0.49051154861839785,0.47344913151364765,histgb_leaves15,0.25,2018-02-27,0.2474269936337265,0.0,-0.0
2018-05-08,0,-0.0075512973728452115,0.48724585012476623,0.47344913151364765,histgb_leaves15,0.25,2018-02-27,0.2474269936337265,0.0,-0.0
2018-05-09,0,-0.0027461429544907157,0.4872793731653418,0.47344913151364765,histgb_leaves15,0.25,2018-02-27,0.2474269936337265,0.0,-0.0
2018-05-10,1,0.0022329145432284925,0.47588478041995125,0.47344913151364765,histgb_leaves15,0.25,2018-02-27,0.2474269936337265,0.0,0.0
2018-05-11,1,0.003405823512736328,0.4270003045050551,0.47344913151364765,histgb_leaves15,0.25,2018-02-27,0.2474269936337265,-1.0,-0.004405823512736328
2018-05-14,0,-0.0027628203321021783,0.4338107768525583,0.47344913151364765,histgb_leaves15,0.25,2018-02-27,0.2474269936337265,0.0,-0.0
2018-05-15,0,-0.007400469140487753,0.4835102969388396,0.47344913151364765,histgb_leaves15,0.25,2018-02-27,0.2474269936337265,0.0,-0.0
2018-05-16,1,0.005386979694601779,0.4746236466272266,0.47344913151364765,histgb_leaves15,0.25,2018-02-27,0.2474269936337265,0.0,0.0
2018-05-17,0,-0.008210732687384592,0.47972603132278957,0.47344913151364765,histgb_leaves15,0.25,2018-02-27,0.2474269936337265,0.0,-0.0
2018-05-18,1,0.00037402479133885613,0.4797017977289305,0.47344913151364765,histgb_leaves15,0.25,2018-02-27,0.2474269936337265,0.0,0.0
2018-05-21,1,0.0006087489397623713,0.5197786565617135,0.47344913151364765,histgb_leaves15,0.25,2018-02-27,0.2474269936337265,0.0,0.0
2018-05-23,1,0.0036256892057588974,0.4843148862844816,0.47344913151364765,histgb_leaves15,0.25,2018-02-27,0.2474269936337265,0.0,0.0
2018-05-24,0,-0.004629704377028143,0.4617545077481312,0.47344913151364765,histgb_leaves15,0.25,2018-02-27,0.2474269936337265,0.0,-0.0
2018-05-25,1,0.003261578604044413,0.49334702973792605,0.47344913151364765,histgb_leaves15,0.25,2018-02-27,0.2474269936337265,0.0,0.0
2018-05-28,1,0.0056632860040568556,0.4943546219012411,0.47344913151364765,histgb_leaves15,0.25,2018-02-27,0.2474269936337265,0.0,0.0
2018-05-29,0,-0.007853191747082766,0.462223622901611,0.47344913151364765,histgb_leaves15,0.25,2018-02-27,0.2474269936337265,0.0,-0.0
2018-05-30,0,-0.015440512340557655,0.4832442436521178,0.47344913151364765,histgb_leaves15,0.25,2018-02-27,0.2474269936337265,0.0,-0.0
2018-05-31,0,-0.002396215461765383,0.480477413420578,0.47344913151364765,histgb_leaves15,0.25,2018-02-27,0.2474269936337265,0.0,-0.0
2018-06-01,1,0.007988824737666489,0.45174498090791393,0.47344913151364765,histgb_leaves15,0.25,2018-02-27,0.2474269936337265,0.0,0.0
2018-06-04,1,0.0012844532074516302,0.4205877084607629,0.4735322425409047,histgb_leaves7,0.25,2018-05-31,0.24792346082749459,-1.0,-0.00228445320745163
2018-06-05,1,0.0013752912801636707,0.44280766057214516,0.4735322425409047,histgb_leaves7,0.25,2018-05-31,0.24792346082749459,0.0,0.0
2018-06-07,1,0.0009399333943749255,0.4595683811634762,0.4735322425409047,histgb_leaves7,0.25,2018-05-31,0.24792346082749459,0.0,0.0
2018-06-08,0,-0.006604859231405191,0.489963120413907,0.4735322425409047,histgb_leaves7,0.25,2018-05-31,0.24792346082749459,0.0,-0.0
2018-06-11,1,0.0064785576041561654,0.47649524574640245,0.4735322425409047,histgb_leaves7,0.25,2018-05-31,0.24792346082749459,0.0,0.0
2018-06-12,0,-0.002404254115517479,0.4546888742911664,0.4735322425409047,histgb_leaves7,0.25,2018-05-31,0.24792346082749459,0.0,-0.0
2018-06-14,0,-0.011171588748439376,0.4773852834109392,0.4735322425409047,histgb_leaves7,0.25,2018-05-31,0.24792346082749459,0.0,-0.0
2018-06-15,0,-0.011569867361790553,0.47341849357825017,0.4735322425409047,histgb_leaves7,0.25,2018-05-31,0.24792346082749459,0.0,-0.0
2018-06-18,0,-0.011826937471929755,0.4809352449934108,0.4735322425409047,histgb_leaves7,0.25,2018-05-31,0.24792346082749459,0.0,-0.0
2018-06-19,0,-0.013909958198489614,0.4905227421004774,0.4735322425409047,histgb_leaves7,0.25,2018-05-31,0.24792346082749459,0.0,-0.0
2018-06-20,1,0.005816427258492851,0.515972136912124,0.4735322425409047,histgb_leaves7,0.25,2018-05-31,0.24792346082749459,0.0,0.0
2018-06-21,0,-0.011137148077964287,0.4710659588194465,0.4735322425409047,histgb_leaves7,0.25,2018-05-31,0.24792346082749459,0.0,-0.0
2018-06-22,1,0.014696007025156277,0.482894584894461,0.4735322425409047,histgb_leaves7,0.25,2018-05-31,0.24792346082749459,0.0,0.0
2018-06-25,1,0.002546887822134636,0.46616177884922994,0.4735322425409047,histgb_leaves7,0.25,2018-05-31,0.24792346082749459,0.0,0.0
2018-06-26,1,0.006925795053003503,0.4984769846996939,0.4735322425409047,histgb_leaves7,0.25,2018-05-31,0.24792346082749459,0.0,0.0
2018-06-27,0,-0.003128484961989919,0.4691691425851644,0.4735322425409047,histgb_leaves7,0.25,2018-05-31,0.24792346082749459,0.0,-0.0
2018-06-28,0,-0.005641561075376944,0.5103953098336116,0.4735322425409047,histgb_leaves7,0.25,2018-05-31,0.24792346082749459,0.0,-0.0
2018-06-29,1,0.0001934917959480753,0.46068912888238134,0.4735322425409047,histgb_leaves7,0.25,2018-05-31,0.24792346082749459,0.0,0.0
2018-07-02,0,-0.02182815655641346,0.4652333916421292,0.4735322425409047,histgb_leaves7,0.25,2018-05-31,0.24792346082749459,0.0,-0.0
2018-07-03,0,-0.005739583880168597,0.4975550688931867,0.4735322425409047,histgb_leaves7,0.25,2018-05-31,0.24792346082749459,0.0,-0.0
2018-07-04,0,-0.0024174904775533523,0.49171757283641754,0.4735322425409047,histgb_leaves7,0.25,2018-05-31,0.24792346082749459,0.0,-0.0
2018-07-05,0,-0.0031747573672914475,0.48417745538700024,0.4735322425409047,histgb_leaves7,0.25,2018-05-31,0.24792346082749459,0.0,-0.0
2018-07-06,1,0.005054301683882656,0.4874302397433748,0.4735322425409047,histgb_leaves7,0.25,2018-05-31,0.24792346082749459,0.0,0.0
2018-07-09,1,0.0039000052702773402,0.4593250833048163,0.4735322425409047,histgb_leaves7,0.25,2018-05-31,0.24792346082749459,0.0,0.0
2018-07-10,0,-0.002144326668377605,0.45233643062545714,0.4735322425409047,histgb_leaves7,0.25,2018-05-31,0.24792346082749459,0.0,-0.0
2018-07-11,1,0.001493048541642894,0.47340331626453436,0.4735322425409047,histgb_leaves7,0.25,2018-05-31,0.24792346082749459,0.0,0.0
2018-07-12,0,-0.0003805890819053026,0.49047906621525394,0.4735322425409047,histgb_leaves7,0.25,2018-05-31,0.24792346082749459,0.0,-0.0
2018-07-13,1,0.007775602140362103,0.46089476105459876,0.4735322425409047,histgb_leaves7,0.25,2018-05-31,0.24792346082749459,0.0,0.0
2018-07-16,0,-0.004441542041120128,0.48727092160352575,0.4735322425409047,histgb_leaves7,0.25,2018-05-31,0.24792346082749459,0.0,-0.0
2018-07-17,0,-0.0021841551054081476,0.46402270365328013,0.4735322425409047,histgb_leaves7,0.25,2018-05-31,0.24792346082749459,0.0,-0.0
2018-07-18,0,-0.010230013225112189,0.46602140234855743,0.4735322425409047,histgb_leaves7,0.25,2018-05-31,0.24792346082749459,0.0,-0.0
2018-07-19,0,-0.007229513117085862,0.5003719695476425,0.4735322425409047,histgb_leaves7,0.25,2018-05-31,0.24792346082749459,0.0,-0.0
2018-07-20,1,0.003432163271031241,0.48235969664255346,0.4735322425409047,histgb_leaves7,0.25,2018-05-31,0.24792346082749459,0.0,0.0
2018-07-23,0,-0.008866138774725862,0.4580130444808156,0.4735322425409047,histgb_leaves7,0.25,2018-05-31,0.24792346082749459,0.0,-0.0
2018-07-24,1,0.0031014231352968213,0.4913248938924131,0.4735322425409047,histgb_leaves7,0.25,2018-05-31,0.24792346082749459,0.0,0.0
2018-07-25,0,-0.004968525376688571,0.471165179817454,0.4735322425409047,histgb_leaves7,0.25,2018-05-31,0.24792346082749459,0.0,-0.0
2018-07-26,1,0.0019916743634300627,0.48094381196057256,0.4735322425409047,histgb_leaves7,0.25,2018-05-31,0.24792346082749459,0.0,0.0
2018-07-27,1,0.0011603913921642839,0.4619343763445692,0.4735322425409047,histgb_leaves7,0.25,2018-05-31,0.24792346082749459,0.0,0.0
2018-07-30,1,0.0014540341807196544,0.49423966516044343,0.4735322425409047,histgb_leaves7,0.25,2018-05-31,0.24792346082749459,0.0,0.0
2018-07-31,1,0.0013218568817265908,0.5123447273636126,0.4735322425409047,histgb_leaves7,0.25,2018-05-31,0.24792346082749459,0.0,0.0
2018-08-01,1,0.0025639131398376147,0.4692913262825941,0.4735322425409047,histgb_leaves7,0.25,2018-05-31,0.24792346082749459,0.0,0.0
2018-08-02,0,-0.014730007725225036,0.44423268559565526,0.4735322425409047,histgb_leaves7,0.25,2018-05-31,0.24792346082749459,0.0,-0.0
2018-08-03,1,0.004103883107363648,0.491789453257495,0.4735322425409047,histgb_leaves7,0.25,2018-05-31,0.24792346082749459,0.0,0.0
2018-08-06,0,-0.0008783007284216549,0.4795092817836389,0.4735322425409047,histgb_leaves7,0.25,2018-05-31,0.24792346082749459,0.0,-0.0
2018-08-07,1,0.004063993714123582,0.47517229631515423,0.4735322425409047,histgb_leaves7,0.25,2018-05-31,0.24792346082749459,0.0,0.0
2018-08-08,0,-0.0018562450937448238,0.4529412400268353,0.4735322425409047,histgb_leaves7,0.25,2018-05-31,0.24792346082749459,0.0,-0.0
2018-08-09,1,0.00029091982770612645,0.46382025075256605,0.4735322425409047,histgb_leaves7,0.25,2018-05-31,0.24792346082749459,0.0,0.0
2018-08-10,0,-0.005411269557034082,0.4654267303868847,0.4735322425409047,histgb_leaves7,0.25,2018-05-31,0.24792346082749459,0.0,-0.0
2018-08-13,0,-0.007933181258631405,0.4890186207050572,0.4735322425409047,histgb_leaves7,0.25,2018-05-31,0.24792346082749459,0.0,-0.0
2018-08-14,1,0.004022472509400465,0.4864958541195327,0.4735322425409047,histgb_leaves7,0.25,2018-05-31,0.24792346082749459,0.0,0.0
2018-08-16,1,0.003470589552405867,0.4683882528659012,0.4735322425409047,histgb_leaves7,0.25,2018-05-31,0.24792346082749459,0.0,0.0
2018-08-17,1,0.00108704852958863,0.45624364040198995,0.4735322425409047,histgb_leaves7,0.25,2018-05-31,0.24792346082749459,0.0,0.0
2018-08-20,0,-0.00419518461913293,0.46020501599280617,0.4735322425409047,histgb_leaves7,0.25,2018-05-31,0.24792346082749459,0.0,-0.0
2018-08-21,1,0.009795199373676677,0.4744521494842095,0.4735322425409047,histgb_leaves7,0.25,2018-05-31,0.24792346082749459,0.0,0.0
2018-08-22,0,-0.0001539354702507767,0.47787880844252073,0.4735322425409047,histgb_leaves7,0.25,2018-05-31,0.24792346082749459,0.0,-0.0
2018-08-23,1,1.314307994926267e-05,0.481972412886078,0.4735322425409047,histgb_leaves7,0.25,2018-05-31,0.24792346082749459,0.0,0.0
2018-08-24,1,0.007490686067763264,0.47896174351921716,0.4735322425409047,histgb_leaves7,0.25,2018-05-31,0.24792346082749459,0.0,0.0
2018-08-27,1,0.000861873835599658,0.4640630852630927,0.4735322425409047,histgb_leaves7,0.25,2018-05-31,0.24792346082749459,0.0,0.0
2018-08-28,0,-0.0039011478543686806,0.46548418474955733,0.4735322425409047,histgb_leaves7,0.25,2018-05-31,0.24792346082749459,0.0,-0.0
2018-08-29,1,0.0018961582185659243,0.45184280790448517,0.4735322425409047,histgb_leaves7,0.25,2018-05-31,0.24792346082749459,0.0,0.0
2018-08-30,0,-0.0024901539485800983,0.4476589941219378,0.4735322425409047,histgb_leaves7,0.25,2018-05-31,0.24792346082749459,0.0,-0.0
2018-08-31,1,0.010769625739188049,0.4906477188318318,0.4735322425409047,histgb_leaves7,0.25,2018-05-31,0.24792346082749459,0.0,0.0
2018-09-03,0,-0.0047024716018170265,0.4541537224431713,0.4735322425409047,histgb_leaves7,0.25,2018-05-31,0.24792346082749459,0.0,-0.0
2018-09-04,1,0.0029277250363799467,0.4859212021262322,0.4750116767865483,histgb_leaves7,0.25,2018-08-31,0.24831468927334718,0.0,0.0
2018-09-05,0,-0.008278160024232983,0.4638147189684474,0.4750116767865483,histgb_leaves7,0.25,2018-08-31,0.24831468927334718,0.0,-0.0
2018-09-06,0,-0.0005199231038098828,0.4865366311455416,0.4750116767865483,histgb_leaves7,0.25,2018-08-31,0.24831468927334718,0.0,-0.0
2018-09-07,1,0.001536381514257723,0.49241947092968075,0.4750116767865483,histgb_leaves7,0.25,2018-08-31,0.24831468927334718,0.0,0.0
2018-09-10,1,0.004966298548751746,0.4635622390409948,0.4750116767865483,histgb_leaves7,0.25,2018-08-31,0.24831468927334718,0.0,0.0
2018-09-11,0,-0.0016222763466861023,0.4585596783170475,0.4750116767865483,histgb_leaves7,0.25,2018-08-31,0.24831468927334718,0.0,-0.0
2018-09-12,0,-0.0014696362650244987,0.46269119671601344,0.4750116767865483,histgb_leaves7,0.25,2018-08-31,0.24831468927334718,0.0,-0.0
2018-09-13,1,0.00041570398375689877,0.4815659878774,0.4750116767865483,histgb_leaves7,0.25,2018-08-31,0.24831468927334718,0.0,0.0
2018-09-14,1,0.005879290146223015,0.46459228949781095,0.4750116767865483,histgb_leaves7,0.25,2018-08-31,0.24831468927334718,0.0,0.0
2018-09-17,0,-0.00498585038128363,0.47904048847959946,0.4750116767865483,histgb_leaves7,0.25,2018-08-31,0.24831468927334718,0.0,-0.0
2018-09-18,1,0.009288683542201248,0.4969427168363487,0.4750116767865483,histgb_leaves7,0.25,2018-08-31,0.24831468927334718,0.0,0.0
2018-09-19,0,-0.004639490863307394,0.44555723515215845,0.4750116767865483,histgb_leaves7,0.25,2018-08-31,0.24831468927334718,0.0,-0.0
2018-09-20,1,0.003905963074822605,0.4620410213859928,0.4750116767865483,histgb_leaves7,0.25,2018-08-31,0.24831468927334718,0.0,0.0
2018-09-21,1,0.0030574089638257806,0.45051774151292007,0.4750116767865483,histgb_leaves7,0.25,2018-08-31,0.24831468927334718,0.0,0.0
2018-09-27,1,0.010177123986790715,0.47353729567071223,0.4750116767865483,histgb_leaves7,0.25,2018-08-31,0.24831468927334718,0.0,0.0
2018-09-28,0,-0.005542987865694959,0.46648933181488145,0.4750116767865483,histgb_leaves7,0.25,2018-08-31,0.24831468927334718,0.0,-0.0
2018-10-01,0,-0.004579424933181198,0.44710322018821,0.4750116767865483,histgb_leaves7,0.25,2018-08-31,0.24831468927334718,0.0,-0.0
2018-10-02,0,-0.0122782558119644,0.4537087731172247,0.4750116767865483,histgb_leaves7,0.25,2018-08-31,0.24831468927334718,0.0,-0.0
2018-10-04,0,-0.015823907644111457,0.46155157784208256,0.4750116767865483,histgb_leaves7,0.25,2018-08-31,0.24831468927334718,0.0,-0.0
2018-10-05,0,-0.0010661074742064347,0.5289867552612038,0.4750116767865483,histgb_leaves7,0.25,2018-08-31,0.24831468927334718,0.0,-0.0
2018-10-08,0,-0.002169360658423103,0.4731385991299275,0.4750116767865483,histgb_leaves7,0.25,2018-08-31,0.24831468927334718,0.0,-0.0
2018-10-10,0,-0.01215409369556264,0.4555027750805829,0.4750116767865483,histgb_leaves7,0.25,2018-08-31,0.24831468927334718,0.0,-0.0
2018-10-11,0,-0.02136331887361209,0.5174058630467814,0.4750116767865483,histgb_leaves7,0.25,2018-08-31,0.24831468927334718,0.0,-0.0
2018-10-12,1,0.014162671345336442,0.49817039087027654,0.4750116767865483,histgb_leaves7,0.25,2018-08-31,0.24831468927334718,0.0,0.0
2018-10-15,0,-0.004741711284530603,0.4451416742113999,0.4750116767865483,histgb_leaves7,0.25,2018-08-31,0.24831468927334718,0.0,-0.0
2018-10-16,0,-0.005046382189239362,0.4900338851830987,0.4750116767865483,histgb_leaves7,0.25,2018-08-31,0.24831468927334718,0.0,-0.0
2018-10-17,0,-0.0008896305037243701,0.46162506860433034,0.4750116767865483,histgb_leaves7,0.25,2018-08-31,0.24831468927334718,0.0,-0.0
2018-10-18,0,-0.004859181026496295,0.4928456793387572,0.4750116767865483,histgb_leaves7,0.25,2018-08-31,0.24831468927334718,0.0,-0.0
2018-10-19,1,0.012300123001230068,0.5092663259788068,0.4750116767865483,histgb_leaves7,0.25,2018-08-31,0.24831468927334718,0.0,0.0
2018-10-22,1,0.008693095918024474,0.465334601924664,0.4750116767865483,histgb_leaves7,0.25,2018-08-31,0.24831468927334718,0.0,0.0
2018-10-23,0,-0.019186885856657288,0.47852454083349755,0.4750116767865483,histgb_leaves7,0.25,2018-08-31,0.24831468927334718,0.0,-0.0
2018-10-24,0,-0.010197292361704302,0.508512888209891,0.4750116767865483,histgb_leaves7,0.25,2018-08-31,0.24831468927334718,0.0,-0.0
2018-10-25,1,0.008125393932583158,0.5306890032637015,0.4750116767865483,histgb_leaves7,0.25,2018-08-31,0.24831468927334718,0.0,0.0
2018-10-26,0,-0.019075085770140943,0.45934442629551675,0.4750116767865483,histgb_leaves7,0.25,2018-08-31,0.24831468927334718,0.0,-0.0
2018-10-29,0,-0.015113387411925028,0.525294622299429,0.4750116767865483,histgb_leaves7,0.25,2018-08-31,0.24831468927334718,0.0,-0.0
2018-10-30,1,0.01447166343563544,0.5255849077429757,0.4750116767865483,histgb_leaves7,0.25,2018-08-31,0.24831468927334718,0.0,0.0
2018-10-31,1,0.0033863281327244366,0.43629872171436695,0.4750116767865483,histgb_leaves7,0.25,2018-08-31,0.24831468927334718,0.0,0.0
2018-11-01,0,-0.005233132361395665,0.48732487118345547,0.4750116767865483,histgb_leaves7,0.25,2018-08-31,0.24831468927334718,0.0,-0.0
2018-11-02,1,0.024132589990276676,0.5035438022130793,0.4750116767865483,histgb_leaves7,0.25,2018-08-31,0.24831468927334718,0.0,0.0
2018-11-05,0,-0.0013895500069717182,0.5283855017067776,0.4750116767865483,histgb_leaves7,0.25,2018-08-31,0.24831468927334718,0.0,-0.0
2018-11-06,1,0.0018266285040344776,0.5209134726990106,0.4750116767865483,histgb_leaves7,0.25,2018-08-31,0.24831468927334718,0.0,0.0
2018-11-07,0,-0.005563741436717895,0.4958305140358378,0.4750116767865483,histgb_leaves7,0.25,2018-08-31,0.24831468927334718,0.0,-0.0
2018-11-08,0,-0.008218126324070818,0.48073864503213115,0.4750116767865483,histgb_leaves7,0.25,2018-08-31,0.24831468927334718,0.0,-0.0
2018-11-09,0,-0.0037251240514065698,0.48009413090392794,0.4750116767865483,histgb_leaves7,0.25,2018-08-31,0.24831468927334718,0.0,-0.0
2018-11-12,1,0.007028345724906959,0.5119430904881118,0.4750116767865483,histgb_leaves7,0.25,2018-08-31,0.24831468927334718,0.0,0.0
2018-11-13,1,0.011530459753274602,0.5150413729670413,0.4750116767865483,histgb_leaves7,0.25,2018-08-31,0.24831468927334718,0.0,0.0
2018-11-14,0,-0.001622083508334704,0.45540067785153643,0.4750116767865483,histgb_leaves7,0.25,2018-08-31,0.24831468927334718,0.0,-0.0
2018-11-15,1,0.01289856267614864,0.4884130695554306,0.4750116767865483,histgb_leaves7,0.25,2018-08-31,0.24831468927334718,0.0,0.0
2018-11-16,0,-0.0026406856249463484,0.42538027032059844,0.4750116767865483,histgb_leaves7,0.25,2018-08-31,0.24831468927334718,-1.0,0.0016406856249463484
2018-11-19,1,0.0021134185379723114,0.47541103811649205,0.4750116767865483,histgb_leaves7,0.25,2018-08-31,0.24831468927334718,0.0,0.0
2018-11-20,1,0.003812654542650007,0.5068312101610184,0.4750116767865483,histgb_leaves7,0.25,2018-08-31,0.24831468927334718,0.0,0.0
2018-11-21,1,0.009469779832480096,0.4964944511971848,0.4750116767865483,histgb_leaves7,0.25,2018-08-31,0.24831468927334718,0.0,0.0
2018-11-22,0,-0.004357843396616823,0.4820949758250055,0.4750116767865483,histgb_leaves7,0.25,2018-08-31,0.24831468927334718,0.0,-0.0
2018-11-23,0,-0.007611201682374724,0.4920413791925246,0.4750116767865483,histgb_leaves7,0.25,2018-08-31,0.24831468927334718,0.0,-0.0
2018-11-26,1,0.01109131770679106,0.4914582187278765,0.4750116767865483,histgb_leaves7,0.25,2018-08-31,0.24831468927334718,0.0,0.0
2018-11-27,1,0.0036667861838173277,0.449144763464303,0.4750116767865483,histgb_leaves7,0.25,2018-08-31,0.24831468927334718,0.0,0.0
2018-11-28,1,0.0019437962483304094,0.47822187767147206,0.4750116767865483,histgb_leaves7,0.25,2018-08-31,0.24831468927334718,0.0,0.0
2018-11-29,0,-0.009301998641017772,0.45812788813111344,0.4750116767865483,histgb_leaves7,0.25,2018-08-31,0.24831468927334718,0.0,-0.0
2018-11-30,0,-0.00943391769768942,0.5213008630172915,0.4750116767865483,histgb_leaves7,0.25,2018-08-31,0.24831468927334718,0.0,-0.0
2018-12-03,1,0.001950389607948022,0.5010825625042086,0.4750116767865483,histgb_leaves7,0.25,2018-08-31,0.24831468927334718,0.0,0.0
2018-12-04,0,-0.005325379762616045,0.4609905076032377,0.4750116767865483,histgb_leaves7,0.25,2018-08-31,0.24831468927334718,0.0,-0.0
2018-12-05,1,0.0070642250200088075,0.5012846567226192,0.4750116767865483,histgb_leaves7,0.25,2018-08-31,0.24831468927334718,0.0,0.0
2018-12-06,0,-0.012379333721629582,0.5009449468074506,0.4750116767865483,histgb_leaves7,0.25,2018-08-31,0.24831468927334718,0.0,-0.0
2018-12-07,0,-0.0028438568848235812,0.47231174196870707,0.47413793103448276,histgb_leaves7,0.25,2018-12-05,0.24821325971554276,0.0,-0.0
2018-12-10,1,0.0026068490810124967,0.5015429556232229,0.47413793103448276,histgb_leaves7,0.25,2018-12-05,0.24821325971554276,0.0,0.0
2018-12-11,0,-0.0025216698410230887,0.46743891050749653,0.47413793103448276,histgb_leaves7,0.25,2018-12-05,0.24821325971554276,0.0,-0.0
2018-12-12,1,0.00959874343722289,0.4736724267207556,0.47413793103448276,histgb_leaves7,0.25,2018-12-05,0.24821325971554276,0.0,0.0
2018-12-13,1,0.003889950800745501,0.48181533842124014,0.47413793103448276,histgb_leaves7,0.25,2018-12-05,0.24821325971554276,0.0,0.0
2018-12-14,0,-0.012530778187093139,0.4974694396822771,0.47413793103448276,histgb_leaves7,0.25,2018-12-05,0.24821325971554276,0.0,-0.0
2018-12-17,0,-5.7937147850739557e-05,0.5319940434588197,0.47413793103448276,histgb_leaves7,0.25,2018-12-05,0.24821325971554276,0.0,-0.0
2018-12-18,1,0.0022941688255508907,0.53290787792295,0.47413793103448276,histgb_leaves7,0.25,2018-12-05,0.24821325971554276,0.0,0.0
2018-12-19,1,0.004780202518185783,0.4720031625139525,0.47413793103448276,histgb_leaves7,0.25,2018-12-05,0.24821325971554276,0.0,0.0
2018-12-20,0,-0.0017347482676745019,0.5193068692895774,0.47413793103448276,histgb_leaves7,0.25,2018-12-05,0.24821325971554276,0.0,-0.0
2018-12-21,1,0.0042821649534758865,0.494103452667364,0.47413793103448276,histgb_leaves7,0.25,2018-12-05,0.24821325971554276,0.0,0.0
2018-12-24,1,0.002258118007393728,0.5171760246875459,0.47413793103448276,histgb_leaves7,0.25,2018-12-05,0.24821325971554276,0.0,0.0
2018-12-26,0,-0.00039431982295035084,0.5146183893175884,0.47413793103448276,histgb_leaves7,0.25,2018-12-05,0.24821325971554276,0.0,-0.0
2018-12-27,0,-0.0017961802872903387,0.47089471304588715,0.47413793103448276,histgb_leaves7,0.25,2018-12-05,0.24821325971554276,0.0,-0.0
2018-12-28,1,0.0021308980213088358,0.482076853639406,0.47413793103448276,histgb_leaves7,0.25,2018-12-05,0.24821325971554276,0.0,0.0
2019-01-02,0,-0.019775182268171987,0.4836641206388882,0.47413793103448276,histgb_leaves7,0.25,2018-12-05,0.24821325971554276,0.0,-0.0
2019-01-03,0,-0.00900184411052729,0.5014571630314719,0.47413793103448276,histgb_leaves7,0.25,2018-12-05,0.24821325971554276,0.0,-0.0
2019-01-04,1,0.008959044368600733,0.5277713055729891,0.47413793103448276,histgb_leaves7,0.25,2018-12-05,0.24821325971554276,0.0,0.0
2019-01-07,1,0.0014059304703475384,0.4740431166520674,0.47413793103448276,histgb_leaves7,0.25,2018-12-05,0.24821325971554276,0.0,0.0
2019-01-08,0,-0.006577785625993315,0.4944785434626067,0.47413793103448276,histgb_leaves7,0.25,2018-12-05,0.24821325971554276,0.0,-0.0
2019-01-09,1,0.015003514912569571,0.4580360820722458,0.47413793103448276,histgb_leaves7,0.25,2018-12-05,0.24821325971554276,0.0,0.0
2019-01-10,0,-0.0011860214064760566,0.4814886057098581,0.47413793103448276,histgb_leaves7,0.25,2018-12-05,0.24821325971554276,0.0,-0.0
2019-01-11,1,0.002516470565505635,0.4550027238947508,0.47413793103448276,histgb_leaves7,0.25,2018-12-05,0.24821325971554276,0.0,0.0
2019-01-14,0,-0.002883375432868429,0.452058250340527,0.47413793103448276,histgb_leaves7,0.25,2018-12-05,0.24821325971554276,0.0,-0.0
2019-01-15,1,0.01355152382149094,0.48056375850213895,0.47413793103448276,histgb_leaves7,0.25,2018-12-05,0.24821325971554276,0.0,0.0
2019-01-16,1,0.0035499011269148895,0.42716211963951006,0.47413793103448276,histgb_leaves7,0.25,2018-12-05,0.24821325971554276,-1.0,-0.0045499011269148895
2019-01-17,0,-0.0014596187930657756,0.472240911073543,0.47413793103448276,histgb_leaves7,0.25,2018-12-05,0.24821325971554276,0.0,-0.0
2019-01-18,1,0.003709076132922151,0.4734188659105205,0.47413793103448276,histgb_leaves7,0.25,2018-12-05,0.24821325971554276,0.0,0.0
2019-01-21,0,-0.004339533336145007,0.4416987805738238,0.47413793103448276,histgb_leaves7,0.25,2018-12-05,0.24821325971554276,0.0,-0.0
2019-01-22,0,-0.003885175656035078,0.4490018923924119,0.47413793103448276,histgb_leaves7,0.25,2018-12-05,0.24821325971554276,0.0,-0.0
2019-01-23,1,0.0090386585227058,0.5379912124576326,0.47413793103448276,histgb_leaves7,0.25,2018-12-05,0.24821325971554276,0.0,0.0
2019-01-24,1,0.008059665018704143,0.464846530538061,0.47413793103448276,histgb_leaves7,0.25,2018-12-05,0.24821325971554276,0.0,0.0
2019-01-25,1,0.013878542962493912,0.5047660248981471,0.47413793103448276,histgb_leaves7,0.25,2018-12-05,0.24821325971554276,0.0,0.0
2019-01-28,0,-0.0032548834696781714,0.4748925717273334,0.47413793103448276,histgb_leaves7,0.25,2018-12-05,0.24821325971554276,0.0,-0.0
2019-01-29,1,0.004846214384006231,0.50906459252864,0.47413793103448276,histgb_leaves7,0.25,2018-12-05,0.24821325971554276,0.0,0.0
2019-01-30,1,0.010400780402016974,0.4903347705058261,0.47413793103448276,histgb_leaves7,0.25,2018-12-05,0.24821325971554276,0.0,0.0
2019-01-31,0,-0.008111099114662124,0.4672633084185439,0.47413793103448276,histgb_leaves7,0.25,2018-12-05,0.24821325971554276,0.0,-0.0
2019-02-01,0,-0.003829235102376538,0.4825526903326992,0.47413793103448276,histgb_leaves7,0.25,2018-12-05,0.24821325971554276,0.0,-0.0
2019-02-07,0,-0.005573683189139644,0.4770256890452995,0.47413793103448276,histgb_leaves7,0.25,2018-12-05,0.24821325971554276,0.0,-0.0
2019-02-08,0,-0.006824786383273773,0.5009770742021666,0.47413793103448276,histgb_leaves7,0.25,2018-12-05,0.24821325971554276,0.0,-0.0
2019-02-11,1,8.713437955742975e-05,0.46644038582970215,0.47413793103448276,histgb_leaves7,0.25,2018-12-05,0.24821325971554276,0.0,0.0
2019-02-12,1,0.0035552134731593465,0.46283379900484467,0.47413793103448276,histgb_leaves7,0.25,2018-12-05,0.24821325971554276,0.0,0.0
2019-02-13,1,0.0006727272727273803,0.42982118847391787,0.47413793103448276,histgb_leaves7,0.25,2018-12-05,0.24821325971554276,-1.0,-0.0016727272727273803
2019-02-14,1,0.013629822580057516,0.44154504135489714,0.47413793103448276,histgb_leaves7,0.25,2018-12-05,0.24821325971554276,0.0,0.0
2019-02-15,0,-0.0067166001791092445,0.4937416785656925,0.47413793103448276,histgb_leaves7,0.25,2018-12-05,0.24821325971554276,0.0,-0.0
2019-02-18,1,0.0015991954189618074,0.44118260341013416,0.47413793103448276,histgb_leaves7,0.25,2018-12-05,0.24821325971554276,0.0,0.0
2019-02-19,0,-0.0015074967405475093,0.4362900690404556,0.47413793103448276,histgb_leaves7,0.25,2018-12-05,0.24821325971554276,0.0,-0.0
2019-02-20,1,0.005873489899582474,0.5068143301758278,0.47413793103448276,histgb_leaves7,0.25,2018-12-05,0.24821325971554276,0.0,0.0
2019-02-21,1,0.00197818600343469,0.464070313653494,0.47413793103448276,histgb_leaves7,0.25,2018-12-05,0.24821325971554276,0.0,0.0
2019-02-22,1,0.0036808380431261334,0.4507419206540273,0.47413793103448276,histgb_leaves7,0.25,2018-12-05,0.24821325971554276,0.0,0.0
2019-02-25,0,-0.0038239638039739843,0.44487950292826467,0.47413793103448276,histgb_leaves7,0.25,2018-12-05,0.24821325971554276,0.0,-0.0
2019-02-26,0,-0.0016903025058622179,0.46618246095666505,0.47413793103448276,histgb_leaves7,0.25,2018-12-05,0.24821325971554276,0.0,-0.0
2019-02-27,1,0.00014768668940146057,0.4759251230220324,0.47413793103448276,histgb_leaves7,0.25,2018-12-05,0.24821325971554276,0.0,0.0
2019-02-28,0,-0.016194803681696346,0.4394588550797616,0.47413793103448276,histgb_leaves7,0.25,2018-12-05,0.24821325971554276,0.0,-0.0
2019-03-04,0,-0.009186013378743252,0.46543484808062413,0.47413793103448276,histgb_leaves7,0.25,2018-12-05,0.24821325971554276,0.0,-0.0
2019-03-05,0,-0.0018870084961183364,0.47522580404675024,0.47413793103448276,histgb_leaves7,0.25,2018-12-05,0.24821325971554276,0.0,-0.0
2019-03-06,0,-0.0006935800212208854,0.45660003560679424,0.47413793103448276,histgb_leaves7,0.25,2018-12-05,0.24821325971554276,0.0,-0.0
2019-03-07,0,-0.003405132547085188,0.4871942408222093,0.47413793103448276,histgb_leaves7,0.25,2018-12-05,0.24821325971554276,0.0,-0.0
2019-03-08,0,-0.007134894091415878,0.49348241239116086,0.47413793103448276,histgb_leaves7,0.25,2018-12-05,0.24821325971554276,0.0,-0.0
2019-03-11,0,-0.0010232258245378434,0.4810496615053775,0.47413793103448276,histgb_leaves7,0.25,2018-12-05,0.24821325971554276,0.0,-0.0
2019-03-12,1,0.0011927912708098454,0.4421677564672586,0.47413793103448276,histgb_leaves7,0.25,2018-12-05,0.24821325971554276,0.0,0.0
2019-03-13,0,-0.0019743015617886828,0.46757506639350216,0.47413793103448276,histgb_leaves7,0.25,2018-12-05,0.24821325971554276,0.0,-0.0
2019-03-14,1,0.0006173555828903332,0.4852653462867976,0.47413793103448276,histgb_leaves7,0.25,2018-12-05,0.24821325971554276,0.0,0.0
2019-03-15,1,0.010752638228299638,0.44841379181695706,0.4741949713277459,histgb_leaves15,0.25,2019-03-13,0.2477097365863153,0.0,0.0
2019-03-18,0,-9.175616716150525e-05,0.44402551060740714,0.4741949713277459,histgb_leaves15,0.25,2019-03-13,0.2477097365863153,0.0,-0.0
2019-03-19,0,-0.002478206895920043,0.4675234663110661,0.4741949713277459,histgb_leaves15,0.25,2019-03-13,0.2477097365863153,0.0,-0.0
2019-03-20,1,0.0026204171483046323,0.45848205831550565,0.4741949713277459,histgb_leaves15,0.25,2019-03-13,0.2477097365863153,0.0,0.0
2019-03-21,1,0.0008107699566215487,0.47997188102536087,0.4741949713277459,histgb_leaves15,0.25,2019-03-13,0.2477097365863153,0.0,0.0
2019-03-22,0,-0.0026314349301324036,0.4358836954094577,0.4741949713277459,histgb_leaves15,0.25,2019-03-13,0.2477097365863153,0.0,-0.0
2019-03-25,0,-0.006457291087641259,0.47320941461234933,0.4741949713277459,histgb_leaves15,0.25,2019-03-13,0.2477097365863153,0.0,-0.0
2019-03-26,0,-0.0019414950440783674,0.4601010120789733,0.4741949713277459,histgb_leaves15,0.25,2019-03-13,0.2477097365863153,0.0,-0.0
2019-03-27,0,-0.000731188204117994,0.4998790163131346,0.4741949713277459,histgb_leaves15,0.25,2019-03-13,0.2477097365863153,0.0,-0.0
2019-03-28,0,-0.0014780058651027161,0.49347300062688426,0.4741949713277459,histgb_leaves15,0.25,2019-03-13,0.2477097365863153,0.0,-0.0
2019-03-29,1,0.0010381350978514448,0.44626079514672984,0.4741949713277459,histgb_leaves15,0.25,2019-03-13,0.2477097365863153,0.0,0.0
2019-04-01,1,0.0069520877161208805,0.44460654807611616,0.4741949713277459,histgb_leaves15,0.25,2019-03-13,0.2477097365863153,0.0,0.0
2019-04-02,0,-9.186110600745145e-06,0.4315191226552732,0.4741949713277459,histgb_leaves15,0.25,2019-03-13,0.2477097365863153,0.0,-0.0
2019-04-03,1,0.012155401711678948,0.5001135042607961,0.4741949713277459,histgb_leaves15,0.25,2019-03-13,0.2477097365863153,0.0,0.0
2019-04-04,1,0.002494275433431614,0.46961747834230055,0.4741949713277459,histgb_leaves15,0.25,2019-03-13,0.2477097365863153,0.0,0.0
2019-04-05,1,0.0014730143766203962,0.47459490848372765,0.4741949713277459,histgb_leaves15,0.25,2019-03-13,0.2477097365863153,0.0,0.0
2019-04-08,0,-0.0031835357989953295,0.461053244739388,0.4741949713277459,histgb_leaves15,0.25,2019-03-13,0.2477097365863153,0.0,-0.0
2019-04-09,1,0.000560497577204,0.46510881418753347,0.4741949713277459,histgb_leaves15,0.25,2019-03-13,0.2477097365863153,0.0,0.0
2019-04-10,1,0.008244946061100489,0.5030165929242443,0.4741949713277459,histgb_leaves15,0.25,2019-03-13,0.2477097365863153,0.0,0.0
2019-04-11,0,-0.001458910351081144,0.4697192712722346,0.4741949713277459,histgb_leaves15,0.25,2019-03-13,0.2477097365863153,0.0,-0.0
2019-04-12,1,0.0055603079555175405,0.46912428107764104,0.4741949713277459,histgb_leaves15,0.25,2019-03-13,0.2477097365863153,0.0,0.0
2019-04-15,1,0.0002542021397577976,0.45645448658040244,0.4741949713277459,histgb_leaves15,0.25,2019-03-13,0.2477097365863153,0.0,0.0
2019-04-16,1,0.003377865831347693,0.4883525572802818,0.4741949713277459,histgb_leaves15,0.25,2019-03-13,0.2477097365863153,0.0,0.0
2019-04-17,0,-0.0014050376825772704,0.4595104122328485,0.4741949713277459,histgb_leaves15,0.25,2019-03-13,0.2477097365863153,0.0,-0.0
2019-04-18,0,-0.015577196727143416,0.47497429737822366,0.4741949713277459,histgb_leaves15,0.25,2019-03-13,0.2477097365863153,0.0,-0.0
2019-04-19,0,-0.003269737611427459,0.46954516847548466,0.4741949713277459,histgb_leaves15,0.25,2019-03-13,0.2477097365863153,0.0,-0.0
2019-04-22,0,-0.0008338967771015504,0.4645117654701855,0.4741949713277459,histgb_leaves15,0.25,2019-03-13,0.2477097365863153,0.0,-0.0
2019-04-23,1,0.001307714160740714,0.4578485370761605,0.4741949713277459,histgb_leaves15,0.25,2019-03-13,0.2477097365863153,0.0,0.0
2019-04-24,0,-0.012880367754232402,0.467785541918813,0.4741949713277459,histgb_leaves15,0.25,2019-03-13,0.2477097365863153,0.0,-0.0
2019-04-25,0,-0.002263752180626355,0.4624046047293435,0.4741949713277459,histgb_leaves15,0.25,2019-03-13,0.2477097365863153,0.0,-0.0
2019-04-26,1,0.0005417491150665477,0.4796673546028831,0.4741949713277459,histgb_leaves15,0.25,2019-03-13,0.2477097365863153,0.0,0.0
2019-04-29,1,0.015123133080823026,0.4758644465174293,0.4741949713277459,histgb_leaves15,0.25,2019-03-13,0.2477097365863153,0.0,0.0
2019-04-30,0,-0.004445588972770587,0.4392902652855802,0.4741949713277459,histgb_leaves15,0.25,2019-03-13,0.2477097365863153,0.0,-0.0
2019-05-02,1,0.009033534889235417,0.46576436270700083,0.4741949713277459,histgb_leaves15,0.25,2019-03-13,0.2477097365863153,0.0,0.0
2019-05-03,0,-0.005938156274893136,0.43810303458825217,0.4741949713277459,histgb_leaves15,0.25,2019-03-13,0.2477097365863153,0.0,-0.0
2019-05-07,1,0.0021174835089463606,0.4883362814614256,0.4741949713277459,histgb_leaves15,0.25,2019-03-13,0.2477097365863153,0.0,0.0
2019-05-08,1,0.007748658975336387,0.5185966809232,0.4741949713277459,histgb_leaves15,0.25,2019-03-13,0.2477097365863153,0.0,0.0
2019-05-09,0,-0.026752600947314242,0.423744230248096,0.4741949713277459,histgb_leaves15,0.25,2019-03-13,0.2477097365863153,-1.0,0.02575260094731424
2019-05-10,0,-0.0048998782111197015,0.4690998483584504,0.4741949713277459,histgb_leaves15,0.25,2019-03-13,0.2477097365863153,0.0,-0.0
2019-05-13,0,-0.006114351276412688,0.46197435394034375,0.4741949713277459,histgb_leaves15,0.25,2019-03-13,0.2477097365863153,0.0,-0.0
2019-05-14,1,0.01048421543121214,0.518718237706905,0.4741949713277459,histgb_leaves15,0.25,2019-03-13,0.2477097365863153,0.0,0.0
2019-05-15,1,0.005216338764217676,0.43592540960158754,0.4741949713277459,histgb_leaves15,0.25,2019-03-13,0.2477097365863153,0.0,0.0
2019-05-16,0,-0.012979263728710055,0.4353709775579543,0.4741949713277459,histgb_leaves15,0.25,2019-03-13,0.2477097365863153,0.0,-0.0
2019-05-17,0,-0.012380078498441027,0.46212189037399953,0.4741949713277459,histgb_leaves15,0.25,2019-03-13,0.2477097365863153,0.0,-0.0
2019-05-20,0,-0.005235830111346207,0.5213970299261329,0.4741949713277459,histgb_leaves15,0.25,2019-03-13,0.2477097365863153,0.0,-0.0
2019-05-21,1,0.0020904737596927347,0.5006517651572291,0.4741949713277459,histgb_leaves15,0.25,2019-03-13,0.2477097365863153,0.0,0.0
2019-05-22,0,-0.0018321127305247487,0.4505050910533166,0.4741949713277459,histgb_leaves15,0.25,2019-03-13,0.2477097365863153,0.0,-0.0
2019-05-23,0,-0.0017739003998544778,0.4847241849110483,0.4741949713277459,histgb_leaves15,0.25,2019-03-13,0.2477097365863153,0.0,-0.0
2019-05-24,0,-0.0009720119181361175,0.5098761829037712,0.4741949713277459,histgb_leaves15,0.25,2019-03-13,0.2477097365863153,0.0,-0.0
2019-05-27,0,-1.9567078390569925e-05,0.4779913389021645,0.4741949713277459,histgb_leaves15,0.25,2019-03-13,0.2477097365863153,0.0,-0.0
2019-05-28,1,0.0019855533874224562,0.45824306596533787,0.4741949713277459,histgb_leaves15,0.25,2019-03-13,0.2477097365863153,0.0,0.0
2019-05-29,0,-0.011428096799253495,0.4430299296935708,0.4741949713277459,histgb_leaves15,0.25,2019-03-13,0.2477097365863153,0.0,-0.0
2019-05-30,1,0.0071480440442022175,0.4507606779634983,0.4741949713277459,histgb_leaves15,0.25,2019-03-13,0.2477097365863153,0.0,0.0
2019-05-31,1,0.006264076923456097,0.46416498900631625,0.4741949713277459,histgb_leaves15,0.25,2019-03-13,0.2477097365863153,0.0,0.0
2019-06-03,1,0.018128732711973683,0.49073632505256204,0.4741949713277459,histgb_leaves15,0.25,2019-03-13,0.2477097365863153,0.0,0.0
2019-06-04,1,9.193044252397975e-05,0.4733117645126652,0.4741949713277459,histgb_leaves15,0.25,2019-03-13,0.2477097365863153,0.0,0.0
2019-06-05,0,-0.007221134653769279,0.4604448923620122,0.4741949713277459,histgb_leaves15,0.25,2019-03-13,0.2477097365863153,0.0,-0.0
2019-06-07,1,0.0007485102232007712,0.4810910707112509,0.4741949713277459,histgb_leaves15,0.25,2019-03-13,0.2477097365863153,0.0,0.0
2019-06-10,1,0.0058063496169820095,0.42155209263042015,0.4741949713277459,histgb_leaves15,0.25,2019-03-13,0.2477097365863153,-1.0,-0.0068063496169820095
2019-06-11,1,0.007499677971842811,0.44329807794034837,0.4741949713277459,histgb_leaves15,0.25,2019-03-13,0.2477097365863153,0.0,0.0
2019-06-12,0,-0.0013780627563149128,0.4748129152857004,0.4741949713277459,histgb_leaves15,0.25,2019-03-13,0.2477097365863153,0.0,-0.0
2019-06-13,0,-0.0006224874789731993,0.497301299572993,0.4741949713277459,histgb_leaves15,0.25,2019-03-13,0.2477097365863153,0.0,-0.0
2019-06-14,0,-0.0004340940314456754,0.5116153634214887,0.4741949713277459,histgb_leaves15,0.25,2019-03-13,0.2477097365863153,0.0,-0.0
2019-06-17,0,-0.00046851619010279677,0.464346837381506,0.47467811158798284,histgb_leaves7,0.25,2019-06-13,0.24769921440470702,0.0,-0.0
2019-06-18,1,0.004499093001995913,0.4642731180504948,0.47467811158798284,histgb_leaves7,0.25,2019-06-13,0.24769921440470702,0.0,0.0
2019-06-19,1,0.0024722345414571745,0.4290911700336783,0.47467811158798284,histgb_leaves7,0.25,2019-06-13,0.24769921440470702,-1.0,-0.0034722345414571745
2019-06-20,1,0.004482085795888269,0.4818367673418867,0.47467811158798284,histgb_leaves7,0.25,2019-06-13,0.24769921440470702,0.0,0.0
2019-06-21,0,-0.003170166668230001,0.4507323183536852,0.47467811158798284,histgb_leaves7,0.25,2019-06-13,0.24769921440470702,0.0,-0.0
2019-06-24,0,-0.0018729580532502732,0.46111496571578714,0.47467811158798284,histgb_leaves7,0.25,2019-06-13,0.24769921440470702,0.0,-0.0
2019-06-25,0,-0.0019287401093266432,0.4713107318232415,0.47467811158798284,histgb_leaves7,0.25,2019-06-13,0.24769921440470702,0.0,-0.0
2019-06-26,1,0.0007782284690123209,0.5018929283080001,0.47467811158798284,histgb_leaves7,0.25,2019-06-13,0.24769921440470702,0.0,0.0
2019-06-27,1,0.006408170771385446,0.463335743717682,0.47467811158798284,histgb_leaves7,0.25,2019-06-13,0.24769921440470702,0.0,0.0
2019-06-28,0,-0.0020795668505803055,0.4638175980081689,0.47467811158798284,histgb_leaves7,0.25,2019-06-13,0.24769921440470702,0.0,-0.0
2019-07-01,0,-0.008149997205715298,0.4663700201041653,0.47467811158798284,histgb_leaves7,0.25,2019-06-13,0.24769921440470702,0.0,-0.0
2019-07-02,0,-2.3561899466173486e-05,0.4767318489707732,0.47467811158798284,histgb_leaves7,0.25,2019-06-13,0.24769921440470702,0.0,-0.0
2019-07-03,0,-0.011660968996817123,0.49312022131766364,0.47467811158798284,histgb_leaves7,0.25,2019-06-13,0.24769921440470702,0.0,-0.0
2019-07-04,1,0.0030299282710857245,0.4741905985962521,0.47467811158798284,histgb_leaves7,0.25,2019-06-13,0.24769921440470702,0.0,0.0
2019-07-05,0,-0.00019422074846042747,0.4692130014246372,0.47467811158798284,histgb_leaves7,0.25,2019-06-13,0.24769921440470702,0.0,-0.0
2019-07-08,0,-0.013260608725996659,0.4874985854100512,0.47467811158798284,histgb_leaves7,0.25,2019-06-13,0.24769921440470702,0.0,-0.0
2019-07-09,0,-0.008848745381215606,0.48655599636901264,0.47467811158798284,histgb_leaves7,0.25,2019-06-13,0.24769921440470702,0.0,-0.0
2019-07-10,0,-0.0013436491959932795,0.482449150825058,0.47467811158798284,histgb_leaves7,0.25,2019-06-13,0.24769921440470702,0.0,-0.0
2019-07-11,1,0.004824711797120518,0.4799113561473536,0.47467811158798284,histgb_leaves7,0.25,2019-06-13,0.24769921440470702,0.0,0.0
2019-07-12,1,0.0015022581868269214,0.4641196414376839,0.47467811158798284,histgb_leaves7,0.25,2019-06-13,0.24769921440470702,0.0,0.0
2019-07-15,0,-0.00043678811936309625,0.4850273388305262,0.47467811158798284,histgb_leaves7,0.25,2019-06-13,0.24769921440470702,0.0,-0.0
2019-07-16,1,0.003554877522235822,0.4723467769778847,0.47467811158798284,histgb_leaves7,0.25,2019-06-13,0.24769921440470702,0.0,0.0
2019-07-17,0,-0.003360722338947242,0.4608457798766623,0.47467811158798284,histgb_leaves7,0.25,2019-06-13,0.24769921440470702,0.0,-0.0
2019-07-18,0,-0.0010199839509632547,0.4840801681319596,0.47467811158798284,histgb_leaves7,0.25,2019-06-13,0.24769921440470702,0.0,-0.0
2019-07-19,1,0.006802197855024339,0.4815488969637082,0.47467811158798284,histgb_leaves7,0.25,2019-06-13,0.24769921440470702,0.0,0.0
2019-07-22,1,0.0014303824718349123,0.4771049053361069,0.47467811158798284,histgb_leaves7,0.25,2019-06-13,0.24769921440470702,0.0,0.0
2019-07-23,1,0.0027150055349847158,0.4587274768927108,0.47467811158798284,histgb_leaves7,0.25,2019-06-13,0.24769921440470702,0.0,0.0
2019-07-24,0,-0.0070857731408188185,0.471788913892976,0.47467811158798284,histgb_leaves7,0.25,2019-06-13,0.24769921440470702,0.0,-0.0
2019-07-25,0,-0.0053651824114073765,0.4674461571103332,0.47467811158798284,histgb_leaves7,0.25,2019-06-13,0.24769921440470702,0.0,-0.0
2019-07-26,1,0.0014103278648800455,0.48029085925102477,0.47467811158798284,histgb_leaves7,0.25,2019-06-13,0.24769921440470702,0.0,0.0
2019-07-29,0,-0.01439928513498423,0.5034752656758303,0.47467811158798284,histgb_leaves7,0.25,2019-06-13,0.24769921440470702,0.0,-0.0
2019-07-30,1,0.0016508460586051044,0.49366921642822803,0.47467811158798284,histgb_leaves7,0.25,2019-06-13,0.24769921440470702,0.0,0.0
2019-07-31,0,-0.005848383960401882,0.47888031414200327,0.47467811158798284,histgb_leaves7,0.25,2019-06-13,0.24769921440470702,0.0,-0.0
2019-08-01,1,0.0011165754383180015,0.48697580628737125,0.47467811158798284,histgb_leaves7,0.25,2019-06-13,0.24769921440470702,0.0,0.0
2019-08-02,1,0.0014133142218504258,0.4847514290405911,0.47467811158798284,histgb_leaves7,0.25,2019-06-13,0.24769921440470702,0.0,0.0
2019-08-05,0,-0.019612977295272227,0.47946367984950655,0.47467811158798284,histgb_leaves7,0.25,2019-06-13,0.24769921440470702,0.0,-0.0
2019-08-06,1,0.009019343703298377,0.5178472175623277,0.47467811158798284,histgb_leaves7,0.25,2019-06-13,0.24769921440470702,0.0,0.0
2019-08-07,0,-0.008112894932297277,0.43457579350342473,0.47467811158798284,histgb_leaves7,0.25,2019-06-13,0.24769921440470702,0.0,-0.0
2019-08-08,0,-0.002943497310879062,0.4904832126858651,0.47467811158798284,histgb_leaves7,0.25,2019-06-13,0.24769921440470702,0.0,-0.0
2019-08-09,0,-0.001190684824180721,0.47788179786770757,0.47467811158798284,histgb_leaves7,0.25,2019-06-13,0.24769921440470702,0.0,-0.0
2019-08-12,1,0.00039144386128464603,0.47302875368959224,0.47467811158798284,histgb_leaves7,0.25,2019-06-13,0.24769921440470702,0.0,0.0
2019-08-13,0,-0.0015191107239884705,0.49568639391499625,0.47467811158798284,histgb_leaves7,0.25,2019-06-13,0.24769921440470702,0.0,-0.0
2019-08-14,0,-0.004012989548757173,0.4811899784234233,0.47467811158798284,histgb_leaves7,0.25,2019-06-13,0.24769921440470702,0.0,-0.0
2019-08-16,1,0.0029560393236498506,0.5038784157602979,0.47467811158798284,histgb_leaves7,0.25,2019-06-13,0.24769921440470702,0.0,0.0
2019-08-19,1,0.0016833278255121709,0.46474816775292416,0.47467811158798284,histgb_leaves7,0.25,2019-06-13,0.24769921440470702,0.0,0.0
2019-08-20,1,0.008883216074194955,0.4633231781038999,0.47467811158798284,histgb_leaves7,0.25,2019-06-13,0.24769921440470702,0.0,0.0
2019-08-21,1,0.0051571445381850545,0.47130744715362316,0.47467811158798284,histgb_leaves7,0.25,2019-06-13,0.24769921440470702,0.0,0.0
2019-08-22,0,-0.007927387369063288,0.46156539709537203,0.47467811158798284,histgb_leaves7,0.25,2019-06-13,0.24769921440470702,0.0,-0.0
2019-08-23,1,0.0030271516973672252,0.5027956209292398,0.47467811158798284,histgb_leaves7,0.25,2019-06-13,0.24769921440470702,0.0,0.0
2019-08-26,1,0.000506437499347312,0.5301000406077128,0.47467811158798284,histgb_leaves7,0.25,2019-06-13,0.24769921440470702,0.0,0.0
2019-08-27,0,-0.0022706300739251395,0.4488435353174902,0.47467811158798284,histgb_leaves7,0.25,2019-06-13,0.24769921440470702,0.0,-0.0
2019-08-28,1,0.005766958900702557,0.5107644892012325,0.47467811158798284,histgb_leaves7,0.25,2019-06-13,0.24769921440470702,0.0,0.0
2019-08-29,0,-0.005217257081114424,0.5028264607545925,0.47467811158798284,histgb_leaves7,0.25,2019-06-13,0.24769921440470702,0.0,-0.0
2019-08-30,1,0.008264759230603547,0.49737632526829967,0.47467811158798284,histgb_leaves7,0.25,2019-06-13,0.24769921440470702,0.0,0.0
2019-09-02,1,0.0040791560226189905,0.5013094322952536,0.47467811158798284,histgb_leaves7,0.25,2019-06-13,0.24769921440470702,0.0,0.0
2019-09-03,0,-0.0004118993135011628,0.48039657091956395,0.47467811158798284,histgb_leaves7,0.25,2019-06-13,0.24769921440470702,0.0,-0.0
2019-09-04,1,0.013299837446431262,0.5070858737305589,0.47467811158798284,histgb_leaves7,0.25,2019-06-13,0.24769921440470702,0.0,0.0
2019-09-05,1,0.005582809161224445,0.46224152089954396,0.47467811158798284,histgb_leaves7,0.25,2019-06-13,0.24769921440470702,0.0,0.0
2019-09-06,0,-0.0034621126823436432,0.46156216272431105,0.47467811158798284,histgb_leaves7,0.25,2019-06-13,0.24769921440470702,0.0,-0.0
2019-09-09,1,0.003064498505001456,0.4994782881681872,0.47467811158798284,histgb_leaves7,0.25,2019-06-13,0.24769921440470702,0.0,0.0
2019-09-10,1,0.0036003733720533226,0.5085524245427592,0.47467811158798284,histgb_leaves7,0.25,2019-06-13,0.24769921440470702,0.0,0.0
2019-09-11,1,0.00268138492552783,0.49448563191938055,0.47467811158798284,histgb_leaves7,0.25,2019-06-13,0.24769921440470702,0.0,0.0
2019-09-16,1,0.002898466147276846,0.5089724587264937,0.47467811158798284,histgb_leaves7,0.25,2019-06-13,0.24769921440470702,0.0,0.0
2019-09-17,1,0.0017535167482707337,0.5315095510972947,0.47555369828666944,histgb_leaves7,0.5,2019-09-11,0.24596596905071524,0.0,0.0
2019-09-18,1,0.0030565485705427164,0.5118265894801686,0.47555369828666944,histgb_leaves7,0.5,2019-09-11,0.24596596905071524,0.0,0.0
2019-09-19,1,0.00474274702612365,0.5008171768760068,0.47555369828666944,histgb_leaves7,0.5,2019-09-11,0.24596596905071524,0.0,0.0
2019-09-20,1,0.005122881885374353,0.5007569562876912,0.47555369828666944,histgb_leaves7,0.5,2019-09-11,0.24596596905071524,0.0,0.0
2019-09-23,1,0.0019159840973319575,0.476116240382252,0.47555369828666944,histgb_leaves7,0.5,2019-09-11,0.24596596905071524,0.0,0.0
2019-09-24,1,0.005190915658385142,0.4881626983560907,0.47555369828666944,histgb_leaves7,0.5,2019-09-11,0.24596596905071524,0.0,0.0
2019-09-25,0,-0.009591730476194993,0.5363251228927446,0.47555369828666944,histgb_leaves7,0.5,2019-09-11,0.24596596905071524,0.0,-0.0
2019-09-26,0,-0.003908463215311131,0.45027224769889695,0.47555369828666944,histgb_leaves7,0.5,2019-09-11,0.24596596905071524,0.0,-0.0
2019-09-27,0,-0.008239153152455825,0.502242948366979,0.47555369828666944,histgb_leaves7,0.5,2019-09-11,0.24596596905071524,0.0,-0.0
2019-09-30,1,0.00844669733156711,0.49750600186052485,0.47555369828666944,histgb_leaves7,0.5,2019-09-11,0.24596596905071524,0.0,0.0
2019-10-01,1,0.0048389286476213655,0.4485225610697809,0.47555369828666944,histgb_leaves7,0.5,2019-09-11,0.24596596905071524,0.0,0.0
2019-10-02,0,-0.012787686507338747,0.5026511795353149,0.47555369828666944,histgb_leaves7,0.5,2019-09-11,0.24596596905071524,0.0,-0.0
2019-10-04,0,-0.0038010254387694786,0.47939274214890515,0.47555369828666944,histgb_leaves7,0.5,2019-09-11,0.24596596905071524,0.0,-0.0
2019-10-07,0,-0.00482395042160344,0.45370562855670976,0.47555369828666944,histgb_leaves7,0.5,2019-09-11,0.24596596905071524,0.0,-0.0
2019-10-08,1,0.008317852338410425,0.5393324326298679,0.47555369828666944,histgb_leaves7,0.5,2019-09-11,0.24596596905071524,0.0,0.0
2019-10-10,0,-0.0009753070000443342,0.4907624138769402,0.47555369828666944,histgb_leaves7,0.5,2019-09-11,0.24596596905071524,0.0,-0.0
2019-10-11,0,-0.001694269755087685,0.4880856585897273,0.47555369828666944,histgb_leaves7,0.5,2019-09-11,0.24596596905071524,0.0,-0.0
2019-10-14,0,-0.0003529758767581992,0.4886408971372169,0.47555369828666944,histgb_leaves7,0.5,2019-09-11,0.24596596905071524,0.0,-0.0
2019-10-15,1,0.0016418214047015933,0.5517402918631377,0.47555369828666944,histgb_leaves7,0.5,2019-09-11,0.24596596905071524,0.0,0.0
2019-10-16,1,0.0009178632527919728,0.41541098236253404,0.47555369828666944,histgb_leaves7,0.5,2019-09-11,0.24596596905071524,-1.0,-0.0019178632527919728
2019-10-17,0,-0.0018349857812620662,0.5218385233513421,0.47555369828666944,histgb_leaves7,0.5,2019-09-11,0.24596596905071524,0.0,-0.0
2019-10-18,0,-0.010344678541755692,0.502589050774907,0.47555369828666944,histgb_leaves7,0.5,2019-09-11,0.24596596905071524,0.0,-0.0
2019-10-21,0,-0.0015135616087272874,0.5239158814363916,0.47555369828666944,histgb_leaves7,0.5,2019-09-11,0.24596596905071524,0.0,-0.0
2019-10-22,1,0.0060540675917142295,0.47973742700712396,0.47555369828666944,histgb_leaves7,0.5,2019-09-11,0.24596596905071524,0.0,0.0
2019-10-23,0,-0.0029662499221300154,0.4789260301982893,0.47555369828666944,histgb_leaves7,0.5,2019-09-11,0.24596596905071524,0.0,-0.0
2019-10-24,0,-0.0020049285833911856,0.48412635556015504,0.47555369828666944,histgb_leaves7,0.5,2019-09-11,0.24596596905071524,0.0,-0.0
2019-10-25,0,-0.0015637253964306819,0.4432139294788464,0.47555369828666944,histgb_leaves7,0.5,2019-09-11,0.24596596905071524,0.0,-0.0
2019-10-28,0,-0.0014642266069530008,0.4203903725780229,0.47555369828666944,histgb_leaves7,0.5,2019-09-11,0.24596596905071524,-1.0,0.00046422660695300075
2019-10-29,0,-0.005337655424160648,0.45274637638483417,0.47555369828666944,histgb_leaves7,0.5,2019-09-11,0.24596596905071524,0.0,-0.0
2019-10-30,0,-0.006324307025044162,0.5095950251093536,0.47555369828666944,histgb_leaves7,0.5,2019-09-11,0.24596596905071524,0.0,-0.0
2019-10-31,0,-0.0027474368424578177,0.5224408386468329,0.47555369828666944,histgb_leaves7,0.5,2019-09-11,0.24596596905071524,0.0,-0.0
2019-11-01,1,0.00739163177106561,0.47968914664676754,0.47555369828666944,histgb_leaves7,0.5,2019-09-11,0.24596596905071524,0.0,0.0
2019-11-04,1,0.008961218574161878,0.37692694261157683,0.47555369828666944,histgb_leaves7,0.5,2019-09-11,0.24596596905071524,-1.0,-0.009961218574161879
2019-11-05,1,0.004208730538136418,0.4817678357346903,0.47555369828666944,histgb_leaves7,0.5,2019-09-11,0.24596596905071524,0.0,0.0
2019-11-06,1,0.0006813864814789738,0.4830878218324672,0.47555369828666944,histgb_leaves7,0.5,2019-09-11,0.24596596905071524,0.0,0.0
2019-11-07,1,0.0015132761962588503,0.5197646018786894,0.47555369828666944,histgb_leaves7,0.5,2019-09-11,0.24596596905071524,0.0,0.0
2019-11-08,0,-0.007868423251538803,0.4594844079187801,0.47555369828666944,histgb_leaves7,0.5,2019-09-11,0.24596596905071524,0.0,-0.0
2019-11-11,0,-0.007003043378664531,0.4568199362390669,0.47555369828666944,histgb_leaves7,0.5,2019-09-11,0.24596596905071524,0.0,-0.0
2019-11-12,1,0.0045325300526448675,0.48280740584931103,0.47555369828666944,histgb_leaves7,0.5,2019-09-11,0.24596596905071524,0.0,0.0
2019-11-13,0,-0.004703443877551061,0.5016309683650939,0.47555369828666944,histgb_leaves7,0.5,2019-09-11,0.24596596905071524,0.0,-0.0
2019-11-14,1,0.005494608797014466,0.46446417621481456,0.47555369828666944,histgb_leaves7,0.5,2019-09-11,0.24596596905071524,0.0,0.0
2019-11-15,1,0.011328556193754613,0.4792976702019035,0.47555369828666944,histgb_leaves7,0.5,2019-09-11,0.24596596905071524,0.0,0.0
2019-11-18,0,-0.0005550698694197775,0.4646558078873808,0.47555369828666944,histgb_leaves7,0.5,2019-09-11,0.24596596905071524,0.0,-0.0
2019-11-19,1,0.0010227610830109146,0.48489733299689214,0.47555369828666944,histgb_leaves7,0.5,2019-09-11,0.24596596905071524,0.0,0.0
2019-11-20,0,-0.0068876573554012,0.4730443216882031,0.47555369828666944,histgb_leaves7,0.5,2019-09-11,0.24596596905071524,0.0,-0.0
2019-11-21,0,-0.012737503825960061,0.487142086044215,0.47555369828666944,histgb_leaves7,0.5,2019-09-11,0.24596596905071524,0.0,-0.0
2019-11-22,1,0.001462677891647557,0.4405390910475343,0.47555369828666944,histgb_leaves7,0.5,2019-09-11,0.24596596905071524,0.0,0.0
2019-11-25,1,0.0030040526370480602,0.43911517925022886,0.47555369828666944,histgb_leaves7,0.5,2019-09-11,0.24596596905071524,0.0,0.0
2019-11-26,0,-0.0037195846463812243,0.46804503266299935,0.47555369828666944,histgb_leaves7,0.5,2019-09-11,0.24596596905071524,0.0,-0.0
2019-11-27,0,-0.0031014724966853535,0.4811146319100652,0.47555369828666944,histgb_leaves7,0.5,2019-09-11,0.24596596905071524,0.0,-0.0
2019-11-28,1,0.0007888782340466083,0.48425663401023655,0.47555369828666944,histgb_leaves7,0.5,2019-09-11,0.24596596905071524,0.0,0.0
2019-11-29,0,-0.017675591499531906,0.45490818792319815,0.47555369828666944,histgb_leaves7,0.5,2019-09-11,0.24596596905071524,0.0,-0.0
2019-12-02,0,-0.002684083812066529,0.4959944522224351,0.47555369828666944,histgb_leaves7,0.5,2019-09-11,0.24596596905071524,0.0,-0.0
2019-12-03,1,0.004361403745506198,0.47195732926169065,0.47555369828666944,histgb_leaves7,0.5,2019-09-11,0.24596596905071524,0.0,0.0
2019-12-04,0,-0.0009416468679377399,0.4639022296514751,0.47555369828666944,histgb_leaves7,0.5,2019-09-11,0.24596596905071524,0.0,-0.0
2019-12-05,0,-0.008453984246815982,0.46437190928831307,0.47555369828666944,histgb_leaves7,0.5,2019-09-11,0.24596596905071524,0.0,-0.0
2019-12-06,1,0.004540541583833546,0.44784356029160854,0.47555369828666944,histgb_leaves7,0.5,2019-09-11,0.24596596905071524,0.0,0.0
2019-12-09,0,-0.0015727028499861184,0.44892428931706196,0.47555369828666944,histgb_leaves7,0.5,2019-09-11,0.24596596905071524,0.0,-0.0
2019-12-10,1,0.00806257867981297,0.46695597153567375,0.47555369828666944,histgb_leaves7,0.5,2019-09-11,0.24596596905071524,0.0,0.0
2019-12-11,1,0.003498103208341874,0.5034695873089323,0.47555369828666944,histgb_leaves7,0.5,2019-09-11,0.24596596905071524,0.0,0.0
2019-12-12,1,0.00812214345346729,0.49030584730227145,0.47555369828666944,histgb_leaves7,0.5,2019-09-11,0.24596596905071524,0.0,0.0
2019-12-13,1,0.002596286663309577,0.44905880027596456,0.47555369828666944,histgb_leaves7,0.5,2019-09-11,0.24596596905071524,0.0,0.0
2019-12-16,1,4.6124397500069136e-05,0.49375735651790165,0.47555369828666944,histgb_leaves7,0.5,2019-09-11,0.24596596905071524,0.0,0.0
2019-12-17,1,0.007469945856657612,0.47008556935396245,0.4759771986970684,logistic_C0.1,0.25,2019-12-13,0.24785741708230044,0.0,0.0
2019-12-18,0,-7.289559528356193e-05,0.48405479148761926,0.4759771986970684,logistic_C0.1,0.25,2019-12-13,0.24785741708230044,0.0,-0.0
2019-12-19,0,-0.0013003428176520115,0.46713970374184877,0.4759771986970684,logistic_C0.1,0.25,2019-12-13,0.24785741708230044,0.0,-0.0
2019-12-20,0,-0.0006302225728498367,0.45012919678247526,0.4759771986970684,logistic_C0.1,0.25,2019-12-13,0.24785741708230044,0.0,-0.0
2019-12-23,0,-0.002042368966860053,0.46062078963033004,0.4759771986970684,logistic_C0.1,0.25,2019-12-13,0.24785741708230044,0.0,-0.0
2019-12-24,0,-0.007320179673016902,0.4726805707021595,0.4759771986970684,logistic_C0.1,0.25,2019-12-13,0.24785741708230044,0.0,-0.0
2019-12-26,1,0.0026046655901323934,0.48130280996594665,0.4759771986970684,logistic_C0.1,0.25,2019-12-13,0.24785741708230044,0.0,0.0
2019-12-27,1,0.009392315794294115,0.4458439355518354,0.4759771986970684,logistic_C0.1,0.25,2019-12-13,0.24785741708230044,0.0,0.0
2019-12-30,0,-0.0022473236418446563,0.43857664979193495,0.4759771986970684,logistic_C0.1,0.25,2019-12-13,0.24785741708230044,0.0,-0.0
2020-01-02,0,-0.011829857214895378,0.4764680748608806,0.4759771986970684,logistic_C0.1,0.25,2019-12-13,0.24785741708230044,0.0,-0.0
2020-01-03,0,-0.007352069251749027,0.46123202990744194,0.4759771986970684,logistic_C0.1,0.25,2019-12-13,0.24785741708230044,0.0,-0.0
2020-01-06,1,4.640435829750267e-05,0.47854307655546846,0.4759771986970684,logistic_C0.1,0.25,2019-12-13,0.24785741708230044,0.0,0.0
2020-01-07,1,0.0041262808086401925,0.4467336585711347,0.4759771986970684,logistic_C0.1,0.25,2019-12-13,0.24785741708230044,0.0,0.0
2020-01-08,0,-0.0023002685192485828,0.48192115899214216,0.4759771986970684,logistic_C0.1,0.25,2019-12-13,0.24785741708230044,0.0,-0.0
2020-01-09,1,0.0019475758408944444,0.4488937082537404,0.4759771986970684,logistic_C0.1,0.25,2019-12-13,0.24785741708230044,0.0,0.0
2020-01-10,1,0.007723295028956523,0.4676757351060781,0.4759771986970684,logistic_C0.1,0.25,2019-12-13,0.24785741708230044,0.0,0.0
2020-01-13,1,0.011236158930183704,0.4475973725643159,0.4759771986970684,logistic_C0.1,0.25,2019-12-13,0.24785741708230044,0.0,0.0
2020-01-14,0,-0.001863525719329795,0.4448592925342857,0.4759771986970684,logistic_C0.1,0.25,2019-12-13,0.24785741708230044,0.0,-0.0
2020-01-15,1,0.0005291954435373558,0.4792987295911174,0.4759771986970684,logistic_C0.1,0.25,2019-12-13,0.24785741708230044,0.0,0.0
2020-01-16,1,0.007222448732711273,0.45371530047704234,0.4759771986970684,logistic_C0.1,0.25,2019-12-13,0.24785741708230044,0.0,0.0
2020-01-17,0,-0.004863877748643608,0.43880687377296435,0.4759771986970684,logistic_C0.1,0.25,2019-12-13,0.24785741708230044,0.0,-0.0
2020-01-20,1,0.0005483328911293217,0.45719297961025657,0.4759771986970684,logistic_C0.1,0.25,2019-12-13,0.24785741708230044,0.0,0.0
2020-01-21,0,-0.008903403383470287,0.47500942518298916,0.4759771986970684,logistic_C0.1,0.25,2019-12-13,0.24785741708230044,0.0,-0.0
2020-01-22,1,0.012829848159283008,0.4877957494542045,0.4759771986970684,logistic_C0.1,0.25,2019-12-13,0.24785741708230044,0.0,0.0
2020-01-23,0,-0.0037302509602845646,0.4494119890353117,0.4759771986970684,logistic_C0.1,0.25,2019-12-13,0.24785741708230044,0.0,-0.0
2020-01-28,0,-0.007070458256926759,0.48040452922940935,0.4759771986970684,logistic_C0.1,0.25,2019-12-13,0.24785741708230044,0.0,-0.0
2020-01-29,0,-0.0013253023060258995,0.4295863605107644,0.4759771986970684,logistic_C0.1,0.25,2019-12-13,0.24785741708230044,-1.0,0.00032530230602589947
2020-01-30,0,-0.015374460243681054,0.4530599379007879,0.4759771986970684,logistic_C0.1,0.25,2019-12-13,0.24785741708230044,0.0,-0.0
2020-01-31,0,-0.019249282606683238,0.4453570423948266,0.4759771986970684,logistic_C0.1,0.25,2019-12-13,0.24785741708230044,0.0,-0.0
2020-02-03,1,0.015465276213571189,0.4646578606730428,0.4759771986970684,logistic_C0.1,0.25,2019-12-13,0.24785741708230044,0.0,0.0
2020-02-04,1,0.017291935772810074,0.4201481636729015,0.4759771986970684,logistic_C0.1,0.25,2019-12-13,0.24785741708230044,-1.0,-0.018291935772810075
2020-02-05,0,-0.005341576109421986,0.41429597777588933,0.4759771986970684,logistic_C0.1,0.25,2019-12-13,0.24785741708230044,-1.0,0.004341576109421986
2020-02-06,1,0.01975951702009815,0.4831292768422344,0.4759771986970684,logistic_C0.1,0.25,2019-12-13,0.24785741708230044,0.0,0.0
2020-02-07,0,-0.0042944150097457,0.4331569950117004,0.4759771986970684,logistic_C0.1,0.25,2019-12-13,0.24785741708230044,0.0,-0.0
2020-02-10,1,0.0070643247027173395,0.4477989894992169,0.4759771986970684,logistic_C0.1,0.25,2019-12-13,0.24785741708230044,0.0,0.0
2020-02-11,1,0.004346058278744014,0.45439245097924924,0.4759771986970684,logistic_C0.1,0.25,2019-12-13,0.24785741708230044,0.0,0.0
2020-02-12,1,0.005584132617534321,0.46605411449307366,0.4759771986970684,logistic_C0.1,0.25,2019-12-13,0.24785741708230044,0.0,0.0
2020-02-13,0,-0.005681919384428968,0.44364589154996936,0.4759771986970684,logistic_C0.1,0.25,2019-12-13,0.24785741708230044,0.0,-0.0
2020-02-14,1,0.004873001867685467,0.4751666964031818,0.4759771986970684,logistic_C0.1,0.25,2019-12-13,0.24785741708230044,0.0,0.0
2020-02-17,0,-0.0004012358062833732,0.4484809004160062,0.4759771986970684,logistic_C0.1,0.25,2019-12-13,0.24785741708230044,0.0,-0.0
2020-02-18,0,-0.007682009721560745,0.466623965431636,0.4759771986970684,logistic_C0.1,0.25,2019-12-13,0.24785741708230044,0.0,-0.0
2020-02-19,0,-0.005475790885080434,0.45850808334736215,0.4759771986970684,logistic_C0.1,0.25,2019-12-13,0.24785741708230044,0.0,-0.0
2020-02-20,0,-0.012614962559870602,0.45505080375440726,0.4759771986970684,logistic_C0.1,0.25,2019-12-13,0.24785741708230044,0.0,-0.0
2020-02-21,0,-0.0012975319188234247,0.4844344715923003,0.4759771986970684,logistic_C0.1,0.25,2019-12-13,0.24785741708230044,0.0,-0.0
2020-02-24,0,-0.016555978127187787,0.47128699057187873,0.4759771986970684,logistic_C0.1,0.25,2019-12-13,0.24785741708230044,0.0,-0.0
2020-02-25,1,0.013519308135192976,0.5096378437360457,0.4759771986970684,logistic_C0.1,0.25,2019-12-13,0.24785741708230044,0.0,0.0
2020-02-26,1,0.006152892101527474,0.4901093823056397,0.4759771986970684,logistic_C0.1,0.25,2019-12-13,0.24785741708230044,0.0,0.0
2020-02-27,0,-0.009151971917236823,0.43546256581700515,0.4759771986970684,logistic_C0.1,0.25,2019-12-13,0.24785741708230044,0.0,-0.0
2020-02-28,0,-0.01641446016919368,0.5268016210080735,0.4759771986970684,logistic_C0.1,0.25,2019-12-13,0.24785741708230044,0.0,-0.0
2020-03-02,1,0.0027440749513027995,0.49174082870615327,0.4759771986970684,logistic_C0.1,0.25,2019-12-13,0.24785741708230044,0.0,0.0
2020-03-03,0,-0.018373662792114387,0.4333112303202077,0.4759771986970684,logistic_C0.1,0.25,2019-12-13,0.24785741708230044,0.0,-0.0
2020-03-04,1,0.026682487374178,0.5449074448727835,0.4759771986970684,logistic_C0.1,0.25,2019-12-13,0.24785741708230044,0.0,0.0
2020-03-05,1,0.0034406263383555125,0.4171909968310956,0.4759771986970684,logistic_C0.1,0.25,2019-12-13,0.24785741708230044,-1.0,-0.0044406263383555125
2020-03-06,0,-0.0062686000126639385,0.5361155496831937,0.4759771986970684,logistic_C0.1,0.25,2019-12-13,0.24785741708230044,0.0,-0.0
2020-03-09,0,-0.013250749613835322,0.5247585092393471,0.4759771986970684,logistic_C0.1,0.25,2019-12-13,0.24785741708230044,0.0,-0.0
2020-03-10,1,0.010335332115191775,0.5676673796604563,0.4759771986970684,logistic_C0.1,0.25,2019-12-13,0.24785741708230044,0.0,0.0
2020-03-11,0,-0.029201239272105717,0.4088838796726287,0.4759771986970684,logistic_C0.1,0.25,2019-12-13,0.24785741708230044,-1.0,0.028201239272105716
2020-03-12,0,-0.028411468402570028,0.5612353251364902,0.4759771986970684,logistic_C0.1,0.25,2019-12-13,0.24785741708230044,0.0,-0.0
2020-03-13,1,0.028304734483479255,0.5893769888492718,0.4759771986970684,logistic_C0.1,0.25,2019-12-13,0.24785741708230044,1.0,0.027304734483479254
2020-03-16,0,-0.05016533457403505,0.3787349552783338,0.4759771986970684,logistic_C0.1,0.25,2019-12-13,0.24785741708230044,-1.0,0.04916533457403505
2020-03-17,1,0.01925842860973659,0.6047263264775069,0.4759771986970684,logistic_C0.1,0.25,2019-12-13,0.24785741708230044,1.0,0.018258428609736588
2020-03-18,0,-0.05629492562806904,0.40424601627774487,0.4759771986970684,logistic_C0.1,0.25,2019-12-13,0.24785741708230044,-1.0,0.055294925628069036
2020-03-19,0,-0.1035920521004371,0.5853705857370546,0.4759771986970684,logistic_C0.1,0.25,2019-12-13,0.24785741708230044,1.0,-0.1045920521004371
2020-03-20,1,0.0451521198005993,0.5767868932184758,0.47518856689162364,logistic_C0.1,0.25,2020-03-18,0.2475270190241584,1.0,0.0441521198005993
2020-03-23,1,0.005432534165281888,0.5584545104357391,0.47518856689162364,logistic_C0.1,0.25,2020-03-18,0.2475270190241584,0.0,0.0
2020-03-24,1,0.056625691577683046,0.5086278401874481,0.47518856689162364,logistic_C0.1,0.25,2020-03-18,0.2475270190241584,0.0,0.0
2020-03-25,1,0.021921963325520544,0.42207792615199496,0.47518856689162364,logistic_C0.1,0.25,2020-03-18,0.2475270190241584,-1.0,-0.022921963325520545
2020-03-26,0,-0.007574553736956369,0.5556068181618844,0.47518856689162364,logistic_C0.1,0.25,2020-03-18,0.2475270190241584,0.0,-0.0
2020-03-27,0,-0.02183284265433605,0.47861896940405346,0.47518856689162364,logistic_C0.1,0.25,2020-03-18,0.2475270190241584,0.0,-0.0
2020-03-30,1,0.02800627417172552,0.5911849345518775,0.47518856689162364,logistic_C0.1,0.25,2020-03-18,0.2475270190241584,1.0,0.02700627417172552
2020-03-31,1,0.008825440265855633,0.43527386325523953,0.47518856689162364,logistic_C0.1,0.25,2020-03-18,0.2475270190241584,0.0,0.0
2020-04-01,0,-0.02982823724442807,0.5078609487997863,0.47518856689162364,logistic_C0.1,0.25,2020-03-18,0.2475270190241584,0.0,-0.0
2020-04-02,1,0.01849981990280658,0.5728158282762722,0.47518856689162364,logistic_C0.1,0.25,2020-03-18,0.2475270190241584,1.0,0.01749981990280658
2020-04-03,0,-0.003309900240877517,0.43092783179449556,0.47518856689162364,logistic_C0.1,0.25,2020-03-18,0.2475270190241584,0.0,-0.0
2020-04-06,1,0.02671823520985539,0.5391329505997207,0.47518856689162364,logistic_C0.1,0.25,2020-03-18,0.2475270190241584,0.0,0.0
2020-04-07,0,-0.0017079793290707412,0.40107398485269835,0.47518856689162364,logistic_C0.1,0.25,2020-03-18,0.2475270190241584,-1.0,0.0007079793290707412
2020-04-08,0,-0.004741842213961123,0.5247485004141266,0.47518856689162364,logistic_C0.1,0.25,2020-03-18,0.2475270190241584,0.0,-0.0
2020-04-09,0,-0.0010228008421785395,0.5452639007154297,0.47518856689162364,logistic_C0.1,0.25,2020-03-18,0.2475270190241584,0.0,-0.0
2020-04-10,1,0.01358565389811317,0.5499565540504296,0.47518856689162364,logistic_C0.1,0.25,2020-03-18,0.2475270190241584,0.0,0.0
2020-04-13,0,-0.014859979496034126,0.5147208179213297,0.47518856689162364,logistic_C0.1,0.25,2020-03-18,0.2475270190241584,0.0,-0.0
2020-04-14,1,0.005778781527396415,0.5281070343761132,0.47518856689162364,logistic_C0.1,0.25,2020-03-18,0.2475270190241584,0.0,0.0
2020-04-16,1,0.009546020407608546,0.5689054256678232,0.47518856689162364,logistic_C0.1,0.25,2020-03-18,0.2475270190241584,0.0,0.0
2020-04-17,1,0.011207884604211626,0.4549212331788626,0.47518856689162364,logistic_C0.1,0.25,2020-03-18,0.2475270190241584,0.0,0.0
2020-04-20,0,-0.005229676053533416,0.5030936138031477,0.47518856689162364,logistic_C0.1,0.25,2020-03-18,0.2475270190241584,0.0,-0.0
2020-04-21,0,-0.003922025885370717,0.5202613511934139,0.47518856689162364,logistic_C0.1,0.25,2020-03-18,0.2475270190241584,0.0,-0.0
2020-04-22,1,0.021902334129161316,0.5402742241348308,0.47518856689162364,logistic_C0.1,0.25,2020-03-18,0.2475270190241584,0.0,0.0
2020-04-23,1,0.0038166138037694086,0.4653866974073634,0.47518856689162364,logistic_C0.1,0.25,2020-03-18,0.2475270190241584,0.0,0.0
2020-04-24,0,-0.0089503533448404,0.511027162374732,0.47518856689162364,logistic_C0.1,0.25,2020-03-18,0.2475270190241584,0.0,-0.0
2020-04-27,1,0.013552549734852981,0.4938444822668221,0.47518856689162364,logistic_C0.1,0.25,2020-03-18,0.2475270190241584,0.0,0.0
2020-04-28,1,0.0014705501618121897,0.5179060946513738,0.47518856689162364,logistic_C0.1,0.25,2020-03-18,0.2475270190241584,0.0,0.0
2020-04-29,1,0.005508831167490014,0.563795767678402,0.47518856689162364,logistic_C0.1,0.25,2020-03-18,0.2475270190241584,0.0,0.0
2020-05-04,0,-0.005796204404066363,0.527135603111149,0.47518856689162364,logistic_C0.1,0.25,2020-03-18,0.2475270190241584,0.0,-0.0
2020-05-06,1,0.004850347755867457,0.4776909374143873,0.47518856689162364,logistic_C0.1,0.25,2020-03-18,0.2475270190241584,0.0,0.0
2020-05-07,1,0.003439125910509766,0.5038476665063154,0.47518856689162364,logistic_C0.1,0.25,2020-03-18,0.2475270190241584,0.0,0.0
2020-05-08,1,0.0004524561168981478,0.5154452097158668,0.47518856689162364,logistic_C0.1,0.25,2020-03-18,0.2475270190241584,0.0,0.0
2020-05-11,0,-0.009270492600498503,0.48451308811212956,0.47518856689162364,logistic_C0.1,0.25,2020-03-18,0.2475270190241584,0.0,-0.0
2020-05-12,0,-0.008485417461905786,0.5169251853001029,0.47518856689162364,logistic_C0.1,0.25,2020-03-18,0.2475270190241584,0.0,-0.0
2020-05-13,1,0.022619235836627283,0.5503896235670195,0.47518856689162364,logistic_C0.1,0.25,2020-03-18,0.2475270190241584,0.0,0.0
2020-05-14,1,0.0013108341482699348,0.49456430560208475,0.47518856689162364,logistic_C0.1,0.25,2020-03-18,0.2475270190241584,0.0,0.0
2020-05-15,0,-0.0053415770812798025,0.49393085186851315,0.47518856689162364,logistic_C0.1,0.25,2020-03-18,0.2475270190241584,0.0,-0.0
2020-05-18,1,0.001344009594160811,0.4701780581328034,0.47518856689162364,logistic_C0.1,0.25,2020-03-18,0.2475270190241584,0.0,0.0
2020-05-19,1,0.001587887553287759,0.49315471565005964,0.47518856689162364,logistic_C0.1,0.25,2020-03-18,0.2475270190241584,0.0,0.0
2020-05-20,1,0.00888384073991455,0.5330974782930418,0.47518856689162364,logistic_C0.1,0.25,2020-03-18,0.2475270190241584,0.0,0.0
2020-05-21,0,-0.0024410942492013588,0.5035701695463906,0.47518856689162364,logistic_C0.1,0.25,2020-03-18,0.2475270190241584,0.0,-0.0
2020-05-22,0,-0.015722422062349972,0.5180188076136556,0.47518856689162364,logistic_C0.1,0.25,2020-03-18,0.2475270190241584,0.0,-0.0
2020-05-25,1,0.007114329137444253,0.5146616995830163,0.47518856689162364,logistic_C0.1,0.25,2020-03-18,0.2475270190241584,0.0,0.0
2020-05-26,1,0.014382808595702068,0.518913330131435,0.47518856689162364,logistic_C0.1,0.25,2020-03-18,0.2475270190241584,0.0,0.0
2020-05-27,1,0.0016272991764880729,0.48605228705550524,0.47518856689162364,logistic_C0.1,0.25,2020-03-18,0.2475270190241584,0.0,0.0
2020-05-28,0,-0.009056802860660018,0.5035903703755571,0.47518856689162364,logistic_C0.1,0.25,2020-03-18,0.2475270190241584,0.0,-0.0
2020-05-29,1,0.005563895618741821,0.5142667110122611,0.47518856689162364,logistic_C0.1,0.25,2020-03-18,0.2475270190241584,0.0,0.0
2020-06-01,1,0.013765070887169495,0.4771846437810069,0.47518856689162364,logistic_C0.1,0.25,2020-03-18,0.2475270190241584,0.0,0.0
2020-06-02,1,0.01248635669067899,0.47611293858305076,0.47518856689162364,logistic_C0.1,0.25,2020-03-18,0.2475270190241584,0.0,0.0
2020-06-03,1,0.018235280168836354,0.4717546420117845,0.47518856689162364,logistic_C0.1,0.25,2020-03-18,0.2475270190241584,0.0,0.0
2020-06-04,0,-0.013961973561174235,0.47344440497744456,0.47518856689162364,logistic_C0.1,0.25,2020-03-18,0.2475270190241584,0.0,-0.0
2020-06-05,1,0.014271303523198942,0.5347766041237703,0.47518856689162364,logistic_C0.1,0.25,2020-03-18,0.2475270190241584,0.0,0.0
2020-06-08,0,-0.014131612204368982,0.4431534472127434,0.47518856689162364,logistic_C0.1,0.25,2020-03-18,0.2475270190241584,0.0,-0.0
2020-06-09,0,-0.007845963476156181,0.5080449479662265,0.47518856689162364,logistic_C0.1,0.25,2020-03-18,0.2475270190241584,0.0,-0.0
2020-06-10,1,0.0035559049503866014,0.5029050762499796,0.47518856689162364,logistic_C0.1,0.25,2020-03-18,0.2475270190241584,0.0,0.0
2020-06-11,0,-0.003470123972239003,0.47788492594834403,0.47518856689162364,logistic_C0.1,0.25,2020-03-18,0.2475270190241584,0.0,-0.0
2020-06-12,1,0.02109910738229348,0.4972427843870315,0.47518856689162364,logistic_C0.1,0.25,2020-03-18,0.2475270190241584,0.0,0.0
2020-06-15,0,-0.03953348688286562,0.38446416887168305,0.47518856689162364,logistic_C0.1,0.25,2020-03-18,0.2475270190241584,-1.0,0.03853348688286562
2020-06-16,1,0.022457187399872902,0.44255109804361065,0.47518856689162364,logistic_C0.1,0.25,2020-03-18,0.2475270190241584,0.0,0.0
2020-06-17,1,0.003689327670426401,0.4128356391432452,0.47518856689162364,logistic_C0.1,0.25,2020-03-18,0.2475270190241584,-1.0,-0.004689327670426401
2020-06-18,0,-0.0004076182444303633,0.4461146394128622,0.47518856689162364,logistic_C0.1,0.25,2020-03-18,0.2475270190241584,0.0,-0.0
2020-06-19,0,-0.005466562010877363,0.4720437384244733,0.47518856689162364,logistic_C0.1,0.25,2020-03-18,0.2475270190241584,0.0,-0.0
2020-06-22,1,0.00016459898983245402,0.4675245090005855,0.47518856689162364,logistic_C0.1,0.25,2020-03-18,0.2475270190241584,0.0,0.0
2020-06-23,0,-0.008324298669694419,0.43391841268188236,0.47792408985282725,histgb_leaves7,0.5,2020-06-19,0.2468991933712669,0.0,-0.0
2020-06-24,1,0.0072602554603367064,0.5424414246500452,0.47792408985282725,histgb_leaves7,0.5,2020-06-19,0.2468991933712669,0.0,0.0
2020-06-25,0,-0.008486469994602008,0.537693324953481,0.47792408985282725,histgb_leaves7,0.5,2020-06-19,0.2468991933712669,0.0,-0.0
2020-06-26,0,-0.0013193167623404278,0.43410917111068215,0.47792408985282725,histgb_leaves7,0.5,2020-06-19,0.2468991933712669,0.0,-0.0
2020-06-29,0,-0.005727746801295619,0.5926207665310631,0.47792408985282725,histgb_leaves7,0.5,2020-06-19,0.2468991933712669,1.0,-0.006727746801295619
2020-06-30,0,-0.007555145501275784,0.4441050828524114,0.47792408985282725,histgb_leaves7,0.5,2020-06-19,0.2468991933712669,0.0,-0.0
2020-07-01,0,-0.01038608424424925,0.534772298482465,0.47792408985282725,histgb_leaves7,0.5,2020-06-19,0.2468991933712669,0.0,-0.0
2020-07-02,1,0.008810801617597175,0.49343821113302055,0.47792408985282725,histgb_leaves7,0.5,2020-06-19,0.2468991933712669,0.0,0.0
2020-07-03,1,0.0021043908207589723,0.5183067734457671,0.47792408985282725,histgb_leaves7,0.5,2020-06-19,0.2468991933712669,0.0,0.0
2020-07-06,1,0.01342319182936147,0.4890781897294867,0.47792408985282725,histgb_leaves7,0.5,2020-06-19,0.2468991933712669,0.0,0.0
2020-07-07,0,-0.017197689415269446,0.397050440910384,0.47792408985282725,histgb_leaves7,0.5,2020-06-19,0.2468991933712669,-1.0,0.016197689415269445
2020-07-08,0,-0.0036367664162160196,0.5137438717176218,0.47792408985282725,histgb_leaves7,0.5,2020-06-19,0.2468991933712669,0.0,-0.0
2020-07-09,0,-0.0014969025631578203,0.5261895953103359,0.47792408985282725,histgb_leaves7,0.5,2020-06-19,0.2468991933712669,0.0,-0.0
2020-07-10,0,-0.009758501271045938,0.5289516566100694,0.47792408985282725,histgb_leaves7,0.5,2020-06-19,0.2468991933712669,0.0,-0.0
2020-07-13,1,0.007164214861944851,0.516811317114327,0.47792408985282725,histgb_leaves7,0.5,2020-06-19,0.2468991933712669,0.0,0.0
2020-07-14,1,0.0032989804404461864,0.6169331078903049,0.47792408985282725,histgb_leaves7,0.5,2020-06-19,0.2468991933712669,1.0,0.0022989804404461864
2020-07-15,0,-0.0031013297234157022,0.48415825518430633,0.47792408985282725,histgb_leaves7,0.5,2020-06-19,0.2468991933712669,0.0,-0.0
2020-07-16,0,-0.008868515408705147,0.5048529655367506,0.47792408985282725,histgb_leaves7,0.5,2020-06-19,0.2468991933712669,0.0,-0.0
2020-07-17,1,0.006097310144662638,0.5737568750610034,0.47792408985282725,histgb_leaves7,0.5,2020-06-19,0.2468991933712669,1.0,0.005097310144662638
2020-07-20,0,-0.005154802474667375,0.5326559278242123,0.47792408985282725,histgb_leaves7,0.5,2020-06-19,0.2468991933712669,0.0,-0.0
2020-07-21,1,0.004343927288785521,0.5510409249880598,0.47792408985282725,histgb_leaves7,0.5,2020-06-19,0.2468991933712669,0.0,0.0
2020-07-22,1,0.0002064446638543327,0.6071121762791019,0.47792408985282725,histgb_leaves7,0.5,2020-06-19,0.2468991933712669,1.0,-0.0007935553361456673
2020-07-23,0,-0.004961297390492114,0.5032436266692607,0.47792408985282725,histgb_leaves7,0.5,2020-06-19,0.2468991933712669,0.0,-0.0
2020-07-24,1,0.0016888739171405653,0.5897317993091777,0.47792408985282725,histgb_leaves7,0.5,2020-06-19,0.2468991933712669,1.0,0.0006888739171405653
2020-07-27,1,0.006526040626645191,0.5563460188886232,0.47792408985282725,histgb_leaves7,0.5,2020-06-19,0.2468991933712669,0.0,0.0
2020-07-28,1,0.00839964435548346,0.5554398063400449,0.47792408985282725,histgb_leaves7,0.5,2020-06-19,0.2468991933712669,0.0,0.0
2020-07-29,1,0.0021298735802688373,0.5333241437635274,0.47792408985282725,histgb_leaves7,0.5,2020-06-19,0.2468991933712669,0.0,0.0
2020-07-30,0,-0.0036566124474251005,0.45655200470563895,0.47792408985282725,histgb_leaves7,0.5,2020-06-19,0.2468991933712669,0.0,-0.0
2020-07-31,0,-0.012797724848915837,0.5647664990778569,0.47792408985282725,histgb_leaves7,0.5,2020-06-19,0.2468991933712669,0.0,-0.0
2020-08-03,0,-0.0002709124419870701,0.5138722004970323,0.47792408985282725,histgb_leaves7,0.5,2020-06-19,0.2468991933712669,0.0,-0.0
2020-08-04,1,0.003362187710411746,0.5545427637844684,0.47792408985282725,histgb_leaves7,0.5,2020-06-19,0.2468991933712669,0.0,0.0
2020-08-05,1,0.00988541998838044,0.49322399670960204,0.47792408985282725,histgb_leaves7,0.5,2020-06-19,0.2468991933712669,0.0,0.0
2020-08-06,1,0.00859797471842394,0.4822163915279385,0.47792408985282725,histgb_leaves7,0.5,2020-06-19,0.2468991933712669,0.0,0.0
2020-08-07,1,0.0010301159944663407,0.43355598945534557,0.47792408985282725,histgb_leaves7,0.5,2020-06-19,0.2468991933712669,0.0,0.0
2020-08-10,1,0.013789763458401216,0.4226207662582865,0.47792408985282725,histgb_leaves7,0.5,2020-06-19,0.2468991933712669,-1.0,-0.014789763458401217
2020-08-11,1,0.009415260568170991,0.46794686319924894,0.47792408985282725,histgb_leaves7,0.5,2020-06-19,0.2468991933712669,0.0,0.0
2020-08-12,1,0.00727602514514758,0.5221997756378344,0.47792408985282725,histgb_leaves7,0.5,2020-06-19,0.2468991933712669,0.0,0.0
2020-08-13,0,-0.007229318041119592,0.38814844847439534,0.47792408985282725,histgb_leaves7,0.5,2020-06-19,0.2468991933712669,-1.0,0.006229318041119592
2020-08-14,0,-0.008386020553164397,0.49876965063361145,0.47792408985282725,histgb_leaves7,0.5,2020-06-19,0.2468991933712669,0.0,-0.0
2020-08-18,0,-0.023941741761713264,0.49367277081296346,0.47792408985282725,histgb_leaves7,0.5,2020-06-19,0.2468991933712669,0.0,-0.0
2020-08-19,0,-0.004357050365477622,0.5635014694337921,0.47792408985282725,histgb_leaves7,0.5,2020-06-19,0.2468991933712669,0.0,-0.0
2020-08-20,0,-0.02807372933147001,0.485145476649397,0.47792408985282725,histgb_leaves7,0.5,2020-06-19,0.2468991933712669,0.0,-0.0
2020-08-21,0,-0.0006807853748220793,0.5156179707919577,0.47792408985282725,histgb_leaves7,0.5,2020-06-19,0.2468991933712669,0.0,-0.0
2020-08-24,1,0.008855190570629334,0.476886796169225,0.47792408985282725,histgb_leaves7,0.5,2020-06-19,0.2468991933712669,0.0,0.0
2020-08-25,1,0.006198584273962027,0.438334325673477,0.47792408985282725,histgb_leaves7,0.5,2020-06-19,0.2468991933712669,0.0,0.0
2020-08-26,1,0.0006673029977954936,0.44183678605605,0.47792408985282725,histgb_leaves7,0.5,2020-06-19,0.2468991933712669,0.0,0.0
2020-08-27,0,-0.011593836295031523,0.38406744511055085,0.47792408985282725,histgb_leaves7,0.5,2020-06-19,0.2468991933712669,-1.0,0.010593836295031522
2020-08-28,0,-0.003564443616597801,0.5611186372947701,0.47792408985282725,histgb_leaves7,0.5,2020-06-19,0.2468991933712669,0.0,-0.0
2020-08-31,0,-0.02142114938853812,0.6201747487149759,0.47792408985282725,histgb_leaves7,0.5,2020-06-19,0.2468991933712669,1.0,-0.02242114938853812
2020-09-01,1,0.003999675240044631,0.5435825494054136,0.47792408985282725,histgb_leaves7,0.5,2020-06-19,0.2468991933712669,0.0,0.0
2020-09-02,1,0.00039772703232165973,0.5613749928296604,0.47792408985282725,histgb_leaves7,0.5,2020-06-19,0.2468991933712669,0.0,0.0
2020-09-03,1,0.005303659693025375,0.4524421209807274,0.47792408985282725,histgb_leaves7,0.5,2020-06-19,0.2468991933712669,0.0,0.0
2020-09-04,1,0.015248555309772538,0.5592477104120565,0.47792408985282725,histgb_leaves7,0.5,2020-06-19,0.2468991933712669,0.0,0.0
2020-09-07,1,0.006063674916133799,0.44922608484475185,0.47792408985282725,histgb_leaves7,0.5,2020-06-19,0.2468991933712669,0.0,0.0
2020-09-08,0,-0.0003121540292841951,0.5419073146222061,0.47792408985282725,histgb_leaves7,0.5,2020-06-19,0.2468991933712669,0.0,-0.0
2020-09-09,1,0.0013824904216173106,0.5559260107906704,0.47792408985282725,histgb_leaves7,0.5,2020-06-19,0.2468991933712669,0.0,0.0
2020-09-10,0,-0.003472178906617107,0.426327949306056,0.47792408985282725,histgb_leaves7,0.5,2020-06-19,0.2468991933712669,-1.0,0.002472178906617107
2020-09-11,1,0.0028998727905731325,0.5711640223303137,0.47792408985282725,histgb_leaves7,0.5,2020-06-19,0.2468991933712669,1.0,0.0018998727905731325
2020-09-14,1,0.003961411387196856,0.5295293821199407,0.47792408985282725,histgb_leaves7,0.5,2020-06-19,0.2468991933712669,0.0,0.0
2020-09-15,1,0.003692613540678291,0.45293708690257656,0.47792408985282725,histgb_leaves7,0.5,2020-06-19,0.2468991933712669,0.0,0.0
2020-09-16,0,-0.0027837820134930524,0.49345248689293975,0.47792408985282725,histgb_leaves7,0.5,2020-06-19,0.2468991933712669,0.0,-0.0
2020-09-17,0,-0.01012024996194616,0.4799687112449321,0.47792408985282725,histgb_leaves7,0.5,2020-06-19,0.2468991933712669,0.0,-0.0
2020-09-18,0,-0.0004681938902769689,0.5576174863363548,0.47792408985282725,histgb_leaves7,0.5,2020-06-19,0.2468991933712669,0.0,-0.0
2020-09-21,0,-0.009554641773474204,0.47688114182814956,0.47901701323251417,logistic_C0.1,0.5,2020-09-17,0.24683091578436936,0.0,-0.0
2020-09-22,0,-0.023260780356260446,0.48046580800144345,0.47901701323251417,logistic_C0.1,0.5,2020-09-17,0.24683091578436936,0.0,-0.0
2020-09-23,0,-0.008212330397524448,0.4594228017421943,0.47901701323251417,logistic_C0.1,0.5,2020-09-17,0.24683091578436936,0.0,-0.0
2020-09-24,0,-0.009984230839598873,0.5678311215420204,0.47901701323251417,logistic_C0.1,0.5,2020-09-17,0.24683091578436936,0.0,-0.0
2020-09-25,0,-0.007145377942566866,0.4411620663613279,0.47901701323251417,logistic_C0.1,0.5,2020-09-17,0.24683091578436936,0.0,-0.0
2020-09-28,1,0.0030071789879886346,0.43258832564465416,0.47901701323251417,logistic_C0.1,0.5,2020-09-17,0.24683091578436936,0.0,0.0
2020-09-29,0,-0.0015526418501315975,0.4858016554995094,0.47901701323251417,logistic_C0.1,0.5,2020-09-17,0.24683091578436936,0.0,-0.0
2020-10-05,1,0.011778335586020372,0.5603422349617385,0.47901701323251417,logistic_C0.1,0.5,2020-09-17,0.24683091578436936,0.0,0.0
2020-10-06,0,-0.0013802302072033479,0.4610540492721248,0.47901701323251417,logistic_C0.1,0.5,2020-09-17,0.24683091578436936,0.0,-0.0
2020-10-07,1,0.015364851413549374,0.5901226939987848,0.47901701323251417,logistic_C0.1,0.5,2020-09-17,0.24683091578436936,1.0,0.014364851413549373
2020-10-08,0,-0.006863221354458493,0.432324854843809,0.47901701323251417,logistic_C0.1,0.5,2020-09-17,0.24683091578436936,0.0,-0.0
2020-10-12,0,-0.00018717400527412664,0.5195051847734081,0.47901701323251417,logistic_C0.1,0.5,2020-09-17,0.24683091578436936,0.0,-0.0
2020-10-13,0,-0.00566853549041102,0.4621727730381108,0.47901701323251417,logistic_C0.1,0.5,2020-09-17,0.24683091578436936,0.0,-0.0
2020-10-14,0,-0.009676587318095842,0.6105486075945142,0.47901701323251417,logistic_C0.1,0.5,2020-09-17,0.24683091578436936,1.0,-0.010676587318095843
2020-10-15,0,-0.006187103046832454,0.5875047616582635,0.47901701323251417,logistic_C0.1,0.5,2020-09-17,0.24683091578436936,1.0,-0.007187103046832454
2020-10-16,0,-0.009454794659627397,0.5436861691165087,0.47901701323251417,logistic_C0.1,0.5,2020-09-17,0.24683091578436936,0.0,-0.0
2020-10-19,0,-0.002626523638712852,0.5342790420608979,0.47901701323251417,logistic_C0.1,0.5,2020-09-17,0.24683091578436936,0.0,-0.0
2020-10-20,1,0.010648965529062915,0.60033945241844,0.47901701323251417,logistic_C0.1,0.5,2020-09-17,0.24683091578436936,1.0,0.009648965529062914
2020-10-21,1,0.0033135423587511426,0.5377757019302013,0.47901701323251417,logistic_C0.1,0.5,2020-09-17,0.24683091578436936,0.0,0.0
2020-10-22,0,-0.00023773035434559997,0.5432267430568382,0.47901701323251417,logistic_C0.1,0.5,2020-09-17,0.24683091578436936,0.0,-0.0
2020-10-23,0,-0.0017041322034472284,0.5183000095098682,0.47901701323251417,logistic_C0.1,0.5,2020-09-17,0.24683091578436936,0.0,-0.0
2020-10-26,0,-0.009545742657933731,0.5353544575712846,0.47901701323251417,logistic_C0.1,0.5,2020-09-17,0.24683091578436936,0.0,-0.0
2020-10-27,1,0.0009361607104516612,0.6351923005956951,0.47901701323251417,logistic_C0.1,0.5,2020-09-17,0.24683091578436936,1.0,-6.383928954833886e-05
2020-10-28,1,0.009069865500951124,0.5462610477879587,0.47901701323251417,logistic_C0.1,0.5,2020-09-17,0.24683091578436936,0.0,0.0
2020-10-29,1,0.00619718553499915,0.6341915700716071,0.47901701323251417,logistic_C0.1,0.5,2020-09-17,0.24683091578436936,1.0,0.00519718553499915
2020-10-30,0,-0.02259480246253598,0.4560544543879207,0.47901701323251417,logistic_C0.1,0.5,2020-09-17,0.24683091578436936,0.0,-0.0
2020-11-02,1,0.010344327750470894,0.6067354263087618,0.47901701323251417,logistic_C0.1,0.5,2020-09-17,0.24683091578436936,1.0,0.009344327750470893
2020-11-03,1,0.011874894745251163,0.5749684742321394,0.47901701323251417,logistic_C0.1,0.5,2020-09-17,0.24683091578436936,1.0,0.010874894745251162
2020-11-04,0,-0.0016939677807328302,0.49188695262198634,0.47901701323251417,logistic_C0.1,0.5,2020-09-17,0.24683091578436936,0.0,-0.0
2020-11-05,1,0.017013495350571617,0.5439341776810451,0.47901701323251417,logistic_C0.1,0.5,2020-09-17,0.24683091578436936,0.0,0.0
2020-11-06,0,-0.0021843347276188085,0.5166938245400121,0.47901701323251417,logistic_C0.1,0.5,2020-09-17,0.24683091578436936,0.0,-0.0
2020-11-09,1,0.0035142682571771555,0.535951445633462,0.47901701323251417,logistic_C0.1,0.5,2020-09-17,0.24683091578436936,0.0,0.0
2020-11-10,0,-0.0004564070172577983,0.5702702872403418,0.47901701323251417,logistic_C0.1,0.5,2020-09-17,0.24683091578436936,1.0,-0.0014564070172577983
2020-11-11,1,0.010721691400691125,0.5359089639730721,0.47901701323251417,logistic_C0.1,0.5,2020-09-17,0.24683091578436936,0.0,0.0
2020-11-12,0,-0.0028437011616478935,0.4619254141411806,0.47901701323251417,logistic_C0.1,0.5,2020-09-17,0.24683091578436936,0.0,-0.0
2020-11-13,1,0.009614917493886876,0.5686976568170965,0.47901701323251417,logistic_C0.1,0.5,2020-09-17,0.24683091578436936,0.0,0.0
2020-11-16,1,0.014185669960836922,0.4402591405134867,0.47901701323251417,logistic_C0.1,0.5,2020-09-17,0.24683091578436936,0.0,0.0
2020-11-17,0,-0.001953524204833079,0.492994608145928,0.47901701323251417,logistic_C0.1,0.5,2020-09-17,0.24683091578436936,0.0,-0.0
2020-11-18,0,-0.0012593914902799819,0.5100434715116436,0.47901701323251417,logistic_C0.1,0.5,2020-09-17,0.24683091578436936,0.0,-0.0
2020-11-19,1,0.004150751510707984,0.4957421391055358,0.47901701323251417,logistic_C0.1,0.5,2020-09-17,0.24683091578436936,0.0,0.0
2020-11-20,1,0.00371060430964687,0.4625462082862413,0.47901701323251417,logistic_C0.1,0.5,2020-09-17,0.24683091578436936,0.0,0.0
2020-11-23,1,0.016620834049468014,0.46594445967079656,0.47901701323251417,logistic_C0.1,0.5,2020-09-17,0.24683091578436936,0.0,0.0
2020-11-24,1,0.0005656886877551948,0.49490122807508785,0.47901701323251417,logistic_C0.1,0.5,2020-09-17,0.24683091578436936,0.0,0.0
2020-11-25,0,-0.013574283179264013,0.4298582938281774,0.47901701323251417,logistic_C0.1,0.5,2020-09-17,0.24683091578436936,-1.0,0.012574283179264012
2020-11-26,1,0.007744470839265771,0.4880892149376292,0.47901701323251417,logistic_C0.1,0.5,2020-09-17,0.24683091578436936,0.0,0.0
2020-11-27,1,0.0032954891801277864,0.4403622339509148,0.47901701323251417,logistic_C0.1,0.5,2020-09-17,0.24683091578436936,0.0,0.0
2020-11-30,0,-0.021415758765884307,0.42174221078224383,0.47901701323251417,logistic_C0.1,0.5,2020-09-17,0.24683091578436936,-1.0,0.020415758765884306
2020-12-01,1,0.007970398940851497,0.5479369378841062,0.47901701323251417,logistic_C0.1,0.5,2020-09-17,0.24683091578436936,0.0,0.0
2020-12-02,1,0.011345941614888,0.44225590362499123,0.47901701323251417,logistic_C0.1,0.5,2020-09-17,0.24683091578436936,0.0,0.0
2020-12-03,1,0.0036629218502222116,0.4502773472439784,0.47901701323251417,logistic_C0.1,0.5,2020-09-17,0.24683091578436936,0.0,0.0
2020-12-04,1,0.009651282278752227,0.44935161228003007,0.47901701323251417,logistic_C0.1,0.5,2020-09-17,0.24683091578436936,0.0,0.0
2020-12-07,1,0.002677029045582424,0.416945544529939,0.47901701323251417,logistic_C0.1,0.5,2020-09-17,0.24683091578436936,-1.0,-0.003677029045582424
2020-12-08,0,-0.016101241106978637,0.4614504266992053,0.47901701323251417,logistic_C0.1,0.5,2020-09-17,0.24683091578436936,0.0,-0.0
2020-12-09,1,0.0192986350016644,0.44740601122484724,0.47901701323251417,logistic_C0.1,0.5,2020-09-17,0.24683091578436936,0.0,0.0
2020-12-10,0,-0.0014107346728041703,0.440376483661328,0.47901701323251417,logistic_C0.1,0.5,2020-09-17,0.24683091578436936,0.0,-0.0
2020-12-11,1,0.005773085078571993,0.39846654115986163,0.47901701323251417,logistic_C0.1,0.5,2020-09-17,0.24683091578436936,-1.0,-0.006773085078571993
2020-12-14,0,-0.0026106455118923844,0.4480530737638446,0.47901701323251417,logistic_C0.1,0.5,2020-09-17,0.24683091578436936,0.0,-0.0
2020-12-15,0,-0.0024713693846905027,0.4376558067722388,0.47901701323251417,logistic_C0.1,0.5,2020-09-17,0.24683091578436936,0.0,-0.0
2020-12-16,1,0.00294900927761943,0.4215579757888517,0.47901701323251417,logistic_C0.1,0.5,2020-09-17,0.24683091578436936,-1.0,-0.00394900927761943
2020-12-17,1,0.00019495359021481917,0.4298983467510195,0.47901701323251417,logistic_C0.1,0.5,2020-09-17,0.24683091578436936,-1.0,-0.0011949535902148192
2020-12-18,1,0.0004438910842852195,0.3985160468970243,0.47901701323251417,logistic_C0.1,0.5,2020-09-17,0.24683091578436936,-1.0,-0.0014438910842852195
2020-12-21,1,0.002406222267115954,0.43727296226350165,0.47901701323251417,logistic_C0.1,0.5,2020-09-17,0.24683091578436936,0.0,0.0
2020-12-22,0,-0.013834626609380285,0.49604776709172327,0.47901701323251417,logistic_C0.1,0.5,2020-09-17,0.24683091578436936,0.0,-0.0
2020-12-23,1,0.008065046352100813,0.4647381349072843,0.47968980797636634,logistic_C1.0,0.25,2020-12-21,0.24692132570371067,0.0,0.0
2020-12-24,1,0.016021139506262383,0.4836804779393741,0.47968980797636634,logistic_C1.0,0.25,2020-12-21,0.24692132570371067,0.0,0.0
2020-12-28,0,-0.004377957780180353,0.46139729598692686,0.47968980797636634,logistic_C1.0,0.25,2020-12-21,0.24692132570371067,0.0,-0.0
2020-12-29,1,0.003543790361317134,0.4737573613056163,0.47968980797636634,logistic_C1.0,0.25,2020-12-21,0.24692132570371067,0.0,0.0
2020-12-30,1,0.018830929384901163,0.5014729615223262,0.47968980797636634,logistic_C1.0,0.25,2020-12-21,0.24692132570371067,0.0,0.0
2021-01-04,1,0.024334666898591095,0.4593936879164049,0.47968980797636634,logistic_C1.0,0.25,2020-12-21,0.24692132570371067,0.0,0.0
2021-01-05,1,0.01593249243291539,0.504813443499214,0.47968980797636634,logistic_C1.0,0.25,2020-12-21,0.24692132570371067,0.0,0.0
2021-01-06,0,-0.008395304242084123,0.4538089491641325,0.47968980797636634,logistic_C1.0,0.25,2020-12-21,0.24692132570371067,0.0,-0.0
2021-01-07,1,0.017086303782605006,0.4855181062825577,0.47968980797636634,logistic_C1.0,0.25,2020-12-21,0.24692132570371067,0.0,0.0
2021-01-08,1,0.0368637976915307,0.4520757386759751,0.47968980797636634,logistic_C1.0,0.25,2020-12-21,0.24692132570371067,0.0,0.0
2021-01-11,0,-0.004253771466523393,0.4114354757029016,0.47968980797636634,logistic_C1.0,0.25,2020-12-21,0.24692132570371067,-1.0,0.0032537714665233928
2021-01-12,0,-0.006332111625718784,0.5076201797797973,0.47968980797636634,logistic_C1.0,0.25,2020-12-21,0.24692132570371067,0.0,-0.0
2021-01-13,1,0.006402920473362217,0.4910441099379384,0.47968980797636634,logistic_C1.0,0.25,2020-12-21,0.24692132570371067,0.0,0.0
2021-01-14,1,0.00040652343067648644,0.469557168173648,0.47968980797636634,logistic_C1.0,0.25,2020-12-21,0.24692132570371067,0.0,0.0
2021-01-15,0,-0.02154199325266981,0.44844497206355205,0.47968980797636634,logistic_C1.0,0.25,2020-12-21,0.24692132570371067,0.0,-0.0
2021-01-18,0,-0.021419526608006834,0.4780585043544381,0.47968980797636634,logistic_C1.0,0.25,2020-12-21,0.24692132570371067,0.0,-0.0
2021-01-19,1,0.026421732131892917,0.5155322360561636,0.47968980797636634,logistic_C1.0,0.25,2020-12-21,0.24692132570371067,0.0,0.0
2021-01-20,0,-0.0001573013508654464,0.46796565856179034,0.47968980797636634,logistic_C1.0,0.25,2020-12-21,0.24692132570371067,0.0,-0.0
2021-01-21,1,0.012029059287221422,0.4253520739010347,0.47968980797636634,logistic_C1.0,0.25,2020-12-21,0.24692132570371067,-1.0,-0.013029059287221423
2021-01-22,0,-0.00733288451022962,0.4468695051772541,0.47968980797636634,logistic_C1.0,0.25,2020-12-21,0.24692132570371067,0.0,-0.0
2021-01-25,1,0.02066787319378749,0.4580419709011724,0.47968980797636634,logistic_C1.0,0.25,2020-12-21,0.24692132570371067,0.0,0.0
2021-01-26,0,-0.01986604077454157,0.46710403321368843,0.47968980797636634,logistic_C1.0,0.25,2020-12-21,0.24692132570371067,0.0,-0.0
2021-01-27,0,-0.006648724653725568,0.4611043664730696,0.47968980797636634,logistic_C1.0,0.25,2020-12-21,0.24692132570371067,0.0,-0.0
2021-01-28,0,-0.01474487797674462,0.46544255102532567,0.47968980797636634,logistic_C1.0,0.25,2020-12-21,0.24692132570371067,0.0,-0.0
2021-01-29,0,-0.03329944490098191,0.4685656238752529,0.47968980797636634,logistic_C1.0,0.25,2020-12-21,0.24692132570371067,0.0,-0.0
2021-02-01,1,0.026780345403300876,0.49351636763530493,0.47968980797636634,logistic_C1.0,0.25,2020-12-21,0.24692132570371067,0.0,0.0
2021-02-02,1,0.010193896058142693,0.43112085117757254,0.47968980797636634,logistic_C1.0,0.25,2020-12-21,0.24692132570371067,0.0,0.0
2021-02-03,1,0.006839487585332593,0.4312283912277862,0.47968980797636634,logistic_C1.0,0.25,2020-12-21,0.24692132570371067,0.0,0.0
2021-02-04,0,-0.015141849174805877,0.4383731384863091,0.47968980797636634,logistic_C1.0,0.25,2020-12-21,0.24692132570371067,0.0,-0.0
2021-02-05,1,0.007145415992951598,0.45289688401267236,0.47968980797636634,logistic_C1.0,0.25,2020-12-21,0.24692132570371067,0.0,0.0
2021-02-08,0,-0.007190963601969469,0.4302422175780214,0.47968980797636634,logistic_C1.0,0.25,2020-12-21,0.24692132570371067,0.0,-0.0
2021-02-09,0,-0.005666854702232271,0.48212446818240823,0.47968980797636634,logistic_C1.0,0.25,2020-12-21,0.24692132570371067,0.0,-0.0
2021-02-10,1,0.004031566028632083,0.4827680743727645,0.47968980797636634,logistic_C1.0,0.25,2020-12-21,0.24692132570371067,0.0,0.0
2021-02-15,1,0.012320262489143419,0.4793913989332147,0.47968980797636634,logistic_C1.0,0.25,2020-12-21,0.24692132570371067,0.0,0.0
2021-02-16,1,0.003616923394197169,0.49985926101845046,0.47968980797636634,logistic_C1.0,0.25,2020-12-21,0.24692132570371067,0.0,0.0
2021-02-17,0,-0.009238211163628773,0.46040499382753475,0.47968980797636634,logistic_C1.0,0.25,2020-12-21,0.24692132570371067,0.0,-0.0
2021-02-18,0,-0.014394553826307388,0.5026631170065405,0.47968980797636634,logistic_C1.0,0.25,2020-12-21,0.24692132570371067,0.0,-0.0
2021-02-19,1,0.005715284340250371,0.5033471235211128,0.47968980797636634,logistic_C1.0,0.25,2020-12-21,0.24692132570371067,0.0,0.0
2021-02-22,0,-0.011008243337411683,0.5042810434576894,0.47968980797636634,logistic_C1.0,0.25,2020-12-21,0.24692132570371067,0.0,-0.0
2021-02-23,1,0.0002704234897010771,0.5287719069023488,0.47968980797636634,logistic_C1.0,0.25,2020-12-21,0.24692132570371067,0.0,0.0
2021-02-24,0,-0.024620755687850493,0.5203175820736596,0.47968980797636634,logistic_C1.0,0.25,2020-12-21,0.24692132570371067,0.0,-0.0
2021-02-25,1,0.02419320198118613,0.5244482012041172,0.47968980797636634,logistic_C1.0,0.25,2020-12-21,0.24692132570371067,0.0,0.0
2021-02-26,0,-0.024774315501911337,0.49836770231140204,0.47968980797636634,logistic_C1.0,0.25,2020-12-21,0.24692132570371067,0.0,-0.0
2021-03-02,1,0.007343596939450858,0.4961850673603231,0.47968980797636634,logistic_C1.0,0.25,2020-12-21,0.24692132570371067,0.0,0.0
2021-03-03,1,0.013741286334341796,0.5518729233373684,0.47968980797636634,logistic_C1.0,0.25,2020-12-21,0.24692132570371067,0.0,0.0
2021-03-04,0,-0.010851901926627106,0.5390786269486997,0.47968980797636634,logistic_C1.0,0.25,2020-12-21,0.24692132570371067,0.0,-0.0
2021-03-05,0,-0.0032606977234400647,0.5102792436738327,0.47968980797636634,logistic_C1.0,0.25,2020-12-21,0.24692132570371067,0.0,-0.0
2021-03-08,0,-0.011833812116794462,0.5088127720848251,0.47968980797636634,logistic_C1.0,0.25,2020-12-21,0.24692132570371067,0.0,-0.0
2021-03-09,0,-0.0046288244658792,0.5289480843510006,0.47968980797636634,logistic_C1.0,0.25,2020-12-21,0.24692132570371067,0.0,-0.0
2021-03-10,0,-0.007595378359881444,0.4873005296941655,0.47968980797636634,logistic_C1.0,0.25,2020-12-21,0.24692132570371067,0.0,-0.0
2021-03-11,1,0.016664979927807355,0.5360980271725784,0.47968980797636634,logistic_C1.0,0.25,2020-12-21,0.24692132570371067,0.0,0.0
2021-03-12,1,0.007806700035964953,0.47313238809752506,0.47968980797636634,logistic_C1.0,0.25,2020-12-21,0.24692132570371067,0.0,0.0
2021-03-15,0,-0.003712717447482139,0.5189648736684618,0.47968980797636634,logistic_C1.0,0.25,2020-12-21,0.24692132570371067,0.0,-0.0
2021-03-16,1,0.005883452543756995,0.5270868098977108,0.47968980797636634,logistic_C1.0,0.25,2020-12-21,0.24692132570371067,0.0,0.0
2021-03-17,0,-0.006604167209951273,0.525427823228045,0.47968980797636634,logistic_C1.0,0.25,2020-12-21,0.24692132570371067,0.0,-0.0
2021-03-18,1,0.003626924348512306,0.5374288946589897,0.47968980797636634,logistic_C1.0,0.25,2020-12-21,0.24692132570371067,0.0,0.0
2021-03-19,0,-0.007665662208089397,0.5335251638339424,0.47968980797636634,logistic_C1.0,0.25,2020-12-21,0.24692132570371067,0.0,-0.0
2021-03-22,0,-0.0014967056029421277,0.5067164072001403,0.47968980797636634,logistic_C1.0,0.25,2020-12-21,0.24692132570371067,0.0,-0.0
2021-03-23,0,-0.011029375462848767,0.5409169826685681,0.47968980797636634,logistic_C1.0,0.25,2020-12-21,0.24692132570371067,0.0,-0.0
2021-03-24,1,1.0012281732141304e-05,0.548396039176322,0.47968980797636634,logistic_C1.0,0.25,2020-12-21,0.24692132570371067,0.0,0.0
2021-03-25,1,0.0042260996705243414,0.5548628176652103,0.47968980797636634,logistic_C1.0,0.25,2020-12-21,0.24692132570371067,0.0,0.0
2021-03-26,1,0.009366733160957263,0.5174423258788442,0.47968980797636634,logistic_C1.0,0.25,2020-12-21,0.24692132570371067,0.0,0.0
2021-03-29,0,-0.0038291044751633807,0.5382401959795776,0.47968980797636634,logistic_C1.0,0.25,2020-12-21,0.24692132570371067,0.0,-0.0
2021-03-30,1,0.010386909071760542,0.5272854747722308,0.48033201010465537,logistic_C1.0,0.25,2021-03-26,0.2470035297488357,0.0,0.0
2021-03-31,0,-0.0038947221146681255,0.5193300142892441,0.48033201010465537,logistic_C1.0,0.25,2021-03-26,0.2470035297488357,0.0,-0.0
2021-04-01,1,0.004434294042820364,0.5139032092998814,0.48033201010465537,logistic_C1.0,0.25,2021-03-26,0.2470035297488357,0.0,0.0
2021-04-02,1,0.002602489113350037,0.5338773459063882,0.48033201010465537,logistic_C1.0,0.25,2021-03-26,0.2470035297488357,0.0,0.0
2021-04-05,0,-0.0001281546057163574,0.5184169910457449,0.48033201010465537,logistic_C1.0,0.25,2021-03-26,0.2470035297488357,0.0,-0.0
2021-04-06,1,0.001050003201229277,0.5455724478170573,0.48033201010465537,logistic_C1.0,0.25,2021-03-26,0.2470035297488357,0.0,0.0
2021-04-07,1,0.002665328675932388,0.5518297690523901,0.48033201010465537,logistic_C1.0,0.25,2021-03-26,0.2470035297488357,0.0,0.0
2021-04-08,1,0.0019156904932664531,0.5381121471230835,0.48033201010465537,logistic_C1.0,0.25,2021-03-26,0.2470035297488357,0.0,0.0
2021-04-09,0,-0.004649595901490944,0.5269386986810538,0.48033201010465537,logistic_C1.0,0.25,2021-03-26,0.2470035297488357,0.0,-0.0
2021-04-12,1,0.00022648394834900998,0.5044521532592984,0.48033201010465537,logistic_C1.0,0.25,2021-03-26,0.2470035297488357,0.0,0.0
2021-04-13,1,0.009836817803779763,0.5276837817092237,0.48033201010465537,logistic_C1.0,0.25,2021-03-26,0.2470035297488357,0.0,0.0
2021-04-14,1,0.003921197495228679,0.5323040269096486,0.48033201010465537,logistic_C1.0,0.25,2021-03-26,0.2470035297488357,0.0,0.0
2021-04-15,1,0.00427574802010855,0.5372721904884401,0.48033201010465537,logistic_C1.0,0.25,2021-03-26,0.2470035297488357,0.0,0.0
2021-04-16,1,0.0014213795521715866,0.5185564868599233,0.48033201010465537,logistic_C1.0,0.25,2021-03-26,0.2470035297488357,0.0,0.0
2021-04-19,0,-0.0007091290208708356,0.5110631229943692,0.48033201010465537,logistic_C1.0,0.25,2021-03-26,0.2470035297488357,0.0,-0.0
2021-04-20,1,0.007000572177181086,0.5275325507607284,0.48033201010465537,logistic_C1.0,0.25,2021-03-26,0.2470035297488357,0.0,0.0
2021-04-21,0,-0.013247299517148647,0.5313595003099585,0.48033201010465537,logistic_C1.0,0.25,2021-03-26,0.2470035297488357,0.0,-0.0
2021-04-22,1,0.0009450247596487493,0.5183260493339371,0.48033201010465537,logistic_C1.0,0.25,2021-03-26,0.2470035297488357,0.0,0.0
2021-04-23,1,0.003979870614815972,0.5122447376621595,0.48033201010465537,logistic_C1.0,0.25,2021-03-26,0.2470035297488357,0.0,0.0
2021-04-26,1,0.00820658406813446,0.4864748634939269,0.48033201010465537,logistic_C1.0,0.25,2021-03-26,0.2470035297488357,0.0,0.0
2021-04-27,0,-0.0008948823913246251,0.5068074276319539,0.48033201010465537,logistic_C1.0,0.25,2021-03-26,0.2470035297488357,0.0,-0.0
2021-04-28,0,-0.011109004385787768,0.5340729940293046,0.48033201010465537,logistic_C1.0,0.25,2021-03-26,0.2470035297488357,0.0,-0.0
2021-04-29,0,-0.003353481434963501,0.5130925405955762,0.48033201010465537,logistic_C1.0,0.25,2021-03-26,0.2470035297488357,0.0,-0.0
2021-04-30,0,-0.00899437418737381,0.522330039540682,0.48033201010465537,logistic_C1.0,0.25,2021-03-26,0.2470035297488357,0.0,-0.0
2021-05-03,0,-0.006938600530318806,0.4871288274594696,0.48033201010465537,logistic_C1.0,0.25,2021-03-26,0.2470035297488357,0.0,-0.0
2021-05-04,1,0.0051031650481097035,0.5117384601525634,0.48033201010465537,logistic_C1.0,0.25,2021-03-26,0.2470035297488357,0.0,0.0
2021-05-06,1,0.009854752010979295,0.5277460492713142,0.48033201010465537,logistic_C1.0,0.25,2021-03-26,0.2470035297488357,0.0,0.0
2021-05-07,1,0.005525800171717998,0.49246780443272065,0.48033201010465537,logistic_C1.0,0.25,2021-03-26,0.2470035297488357,0.0,0.0
2021-05-10,1,0.014943182173133618,0.49407220600945123,0.48033201010465537,logistic_C1.0,0.25,2021-03-26,0.2470035297488357,0.0,0.0
2021-05-11,0,-0.009410726190770213,0.4935190221450888,0.48033201010465537,logistic_C1.0,0.25,2021-03-26,0.2470035297488357,0.0,-0.0
2021-05-12,0,-0.01486277637909128,0.4791471844860692,0.48033201010465537,logistic_C1.0,0.25,2021-03-26,0.2470035297488357,0.0,-0.0
2021-05-13,0,-0.007899662214765235,0.5003696723210003,0.48033201010465537,logistic_C1.0,0.25,2021-03-26,0.2470035297488357,0.0,-0.0
2021-05-14,1,0.007016143197023705,0.4704505903831504,0.48033201010465537,logistic_C1.0,0.25,2021-03-26,0.2470035297488357,0.0,0.0
2021-05-17,0,-0.009069900512454154,0.4435115339947623,0.48033201010465537,logistic_C1.0,0.25,2021-03-26,0.2470035297488357,0.0,-0.0
2021-05-18,1,0.012014492661176712,0.5017107937379519,0.48033201010465537,logistic_C1.0,0.25,2021-03-26,0.2470035297488357,0.0,0.0
2021-05-20,0,-0.0038588389462377304,0.5001785603867809,0.48033201010465537,logistic_C1.0,0.25,2021-03-26,0.2470035297488357,0.0,-0.0
2021-05-21,0,-0.004883492911211151,0.47461716576248936,0.48033201010465537,logistic_C1.0,0.25,2021-03-26,0.2470035297488357,0.0,-0.0
2021-05-24,0,-0.0036788121334258017,0.47662465267478654,0.48033201010465537,logistic_C1.0,0.25,2021-03-26,0.2470035297488357,0.0,-0.0
2021-05-25,1,0.005832669929240586,0.5018863704831504,0.48033201010465537,logistic_C1.0,0.25,2021-03-26,0.2470035297488357,0.0,0.0
2021-05-26,0,-0.001097130750872477,0.5092296475591769,0.48033201010465537,logistic_C1.0,0.25,2021-03-26,0.2470035297488357,0.0,-0.0
2021-05-27,0,-0.0016809425893453689,0.491457494453998,0.48033201010465537,logistic_C1.0,0.25,2021-03-26,0.2470035297488357,0.0,-0.0
2021-05-28,1,0.00524575280020434,0.495002672739144,0.48033201010465537,logistic_C1.0,0.25,2021-03-26,0.2470035297488357,0.0,0.0
2021-05-31,1,0.00371546900747477,0.48196741603272875,0.48033201010465537,logistic_C1.0,0.25,2021-03-26,0.2470035297488357,0.0,0.0
2021-06-01,1,0.004599141909251925,0.5115349953204642,0.48033201010465537,logistic_C1.0,0.25,2021-03-26,0.2470035297488357,0.0,0.0
2021-06-02,0,-5.272298722247548e-05,0.4685089013364313,0.48033201010465537,logistic_C1.0,0.25,2021-03-26,0.2470035297488357,0.0,-0.0
2021-06-03,1,0.006967528279420376,0.5196593628883677,0.48033201010465537,logistic_C1.0,0.25,2021-03-26,0.2470035297488357,0.0,0.0
2021-06-04,0,-0.0018760570148822486,0.4742692047792721,0.48033201010465537,logistic_C1.0,0.25,2021-03-26,0.2470035297488357,0.0,-0.0
2021-06-07,1,0.002320786293491528,0.49988669098369554,0.48033201010465537,logistic_C1.0,0.25,2021-03-26,0.2470035297488357,0.0,0.0
2021-06-08,0,-0.0012300766030204358,0.48054941509295046,0.48033201010465537,logistic_C1.0,0.25,2021-03-26,0.2470035297488357,0.0,-0.0
2021-06-09,0,-0.008905789687773558,0.5188449202368669,0.48033201010465537,logistic_C1.0,0.25,2021-03-26,0.2470035297488357,0.0,-0.0
2021-06-10,1,0.002393578991215284,0.5058649316856835,0.48033201010465537,logistic_C1.0,0.25,2021-03-26,0.2470035297488357,0.0,0.0
2021-06-11,1,0.006922881455726504,0.5291932384522875,0.48033201010465537,logistic_C1.0,0.25,2021-03-26,0.2470035297488357,0.0,0.0
2021-06-14,1,0.0007785573609060403,0.4867789430598316,0.48033201010465537,logistic_C1.0,0.25,2021-03-26,0.2470035297488357,0.0,0.0
2021-06-15,1,0.0016783629505989772,0.5236362885055008,0.48033201010465537,logistic_C1.0,0.25,2021-03-26,0.2470035297488357,0.0,0.0
2021-06-16,1,0.006020140776788363,0.5486644918873865,0.48033201010465537,logistic_C1.0,0.25,2021-03-26,0.2470035297488357,0.0,0.0
2021-06-17,0,-0.0034308039802208867,0.4916427961984039,0.48033201010465537,logistic_C1.0,0.25,2021-03-26,0.2470035297488357,0.0,-0.0
2021-06-18,1,0.0006889836113765924,0.5193245067656023,0.48033201010465537,logistic_C1.0,0.25,2021-03-26,0.2470035297488357,0.0,0.0
2021-06-21,0,-0.007165658756563609,0.5266790352805264,0.48033201010465537,logistic_C1.0,0.25,2021-03-26,0.2470035297488357,0.0,-0.0
2021-06-22,1,0.005573373508452439,0.5394231282527953,0.48033201010465537,logistic_C1.0,0.25,2021-03-26,0.2470035297488357,0.0,0.0
2021-06-23,1,0.003202959215856893,0.5463652153570023,0.48033201010465537,logistic_C1.0,0.25,2021-03-26,0.2470035297488357,0.0,0.0
2021-06-24,1,0.0014109530180073104,0.5285232341455155,0.48033201010465537,logistic_C1.0,0.25,2021-03-26,0.2470035297488357,0.0,0.0
2021-06-25,1,0.004153010780802546,0.5263541109405222,0.48033201010465537,logistic_C1.0,0.25,2021-03-26,0.2470035297488357,0.0,0.0
2021-06-28,0,-0.0010800312210705876,0.5152109258833001,0.48033201010465537,logistic_C1.0,0.25,2021-03-26,0.2470035297488357,0.0,-0.0
2021-06-29,0,-0.00562134295032779,0.5563184224624592,0.4827099505998589,logistic_C1.0,0.25,2021-06-25,0.24680468809198658,0.0,-0.0
2021-06-30,1,0.002447827818878867,0.5400160458067929,0.4827099505998589,logistic_C1.0,0.25,2021-06-25,0.24680468809198658,0.0,0.0
2021-07-01,0,-0.004809091791189601,0.5561346970551099,0.4827099505998589,logistic_C1.0,0.25,2021-06-25,0.24680468809198658,0.0,-0.0
2021-07-02,0,-0.0003137555935310843,0.5137463715128565,0.4827099505998589,logistic_C1.0,0.25,2021-06-25,0.24680468809198658,0.0,-0.0
2021-07-05,1,0.0024107460832984984,0.5268242707620656,0.4827099505998589,logistic_C1.0,0.25,2021-06-25,0.24680468809198658,0.0,0.0
2021-07-06,1,0.002964702740756886,0.5467140580564285,0.4827099505998589,logistic_C1.0,0.25,2021-06-25,0.24680468809198658,0.0,0.0
2021-07-07,0,-0.005524293268837854,0.5407976309212211,0.4827099505998589,logistic_C1.0,0.25,2021-06-25,0.24680468809198658,0.0,-0.0
2021-07-08,0,-0.010645804944520165,0.5256553566422366,0.4827099505998589,logistic_C1.0,0.25,2021-06-25,0.24680468809198658,0.0,-0.0
2021-07-09,0,-0.008494786659764886,0.5449624807534741,0.4827099505998589,logistic_C1.0,0.25,2021-06-25,0.24680468809198658,0.0,-0.0
2021-07-12,1,0.005874497677776258,0.4876257843470335,0.4827099505998589,logistic_C1.0,0.25,2021-06-25,0.24680468809198658,0.0,0.0
2021-07-13,1,0.00557597963876022,0.5481584503444038,0.4827099505998589,logistic_C1.0,0.25,2021-06-25,0.24680468809198658,0.0,0.0
2021-07-14,0,-0.0016146344596020823,0.5172972574166489,0.4827099505998589,logistic_C1.0,0.25,2021-06-25,0.24680468809198658,0.0,-0.0
2021-07-15,1,0.005166196131929146,0.5550065907599674,0.4827099505998589,logistic_C1.0,0.25,2021-06-25,0.24680468809198658,0.0,0.0
2021-07-16,0,-0.0018215657545638253,0.5296742964385042,0.4827099505998589,logistic_C1.0,0.25,2021-06-25,0.24680468809198658,0.0,-0.0
2021-07-19,0,-0.004550657129618552,0.47738841033006973,0.4827099505998589,logistic_C1.0,0.25,2021-06-25,0.24680468809198658,0.0,-0.0
2021-07-20,1,0.002934935034313302,0.5567670071096068,0.4827099505998589,logistic_C1.0,0.25,2021-06-25,0.24680468809198658,0.0,0.0
2021-07-21,0,-0.010833156471749872,0.5008887722476232,0.4827099505998589,logistic_C1.0,0.25,2021-06-25,0.24680468809198658,0.0,-0.0
2021-07-22,1,0.0046489056216521,0.5171799399341818,0.4827099505998589,logistic_C1.0,0.25,2021-06-25,0.24680468809198658,0.0,0.0
2021-07-23,1,0.0003012196321432459,0.5252464207212587,0.4827099505998589,logistic_C1.0,0.25,2021-06-25,0.24680468809198658,0.0,0.0
2021-07-26,0,-0.012565868235971278,0.479618846044887,0.4827099505998589,logistic_C1.0,0.25,2021-06-25,0.24680468809198658,0.0,-0.0
2021-07-27,0,-0.003667824548533871,0.5436158114514617,0.4827099505998589,logistic_C1.0,0.25,2021-06-25,0.24680468809198658,0.0,-0.0
2021-07-28,1,0.003347736867882256,0.5600072168757464,0.4827099505998589,logistic_C1.0,0.25,2021-06-25,0.24680468809198658,0.0,0.0
2021-07-29,0,-0.0017977583431070254,0.5014117959923667,0.4827099505998589,logistic_C1.0,0.25,2021-06-25,0.24680468809198658,0.0,-0.0
2021-07-30,0,-0.009909194062522109,0.5330078636509519,0.4827099505998589,logistic_C1.0,0.25,2021-06-25,0.24680468809198658,0.0,-0.0
2021-08-02,1,0.0014354869780823787,0.548183971310104,0.4827099505998589,logistic_C1.0,0.25,2021-06-25,0.24680468809198658,0.0,0.0
2021-08-03,1,0.004833047240941468,0.5549312939909653,0.4827099505998589,logistic_C1.0,0.25,2021-06-25,0.24680468809198658,0.0,0.0
2021-08-04,1,0.01038917037561804,0.5289828361119602,0.4827099505998589,logistic_C1.0,0.25,2021-06-25,0.24680468809198658,0.0,0.0
2021-08-05,0,-0.002168582958958276,0.5185551751506285,0.4827099505998589,logistic_C1.0,0.25,2021-06-25,0.24680468809198658,0.0,-0.0
2021-08-06,0,-0.0020445155108541613,0.4777864483150275,0.4827099505998589,logistic_C1.0,0.25,2021-06-25,0.24680468809198658,0.0,-0.0
2021-08-09,1,0.0007120714526871463,0.5176939777661017,0.4827099505998589,logistic_C1.0,0.25,2021-06-25,0.24680468809198658,0.0,0.0
2021-08-10,0,-0.008938284582757805,0.5106337998750989,0.4827099505998589,logistic_C1.0,0.25,2021-06-25,0.24680468809198658,0.0,-0.0
2021-08-11,0,-0.004555907225162081,0.5242797372927666,0.4827099505998589,logistic_C1.0,0.25,2021-06-25,0.24680468809198658,0.0,-0.0
2021-08-12,0,-0.0016181330478780565,0.5290550913488308,0.4827099505998589,logistic_C1.0,0.25,2021-06-25,0.24680468809198658,0.0,-0.0
2021-08-13,0,-0.010749434609685693,0.5067708912838487,0.4827099505998589,logistic_C1.0,0.25,2021-06-25,0.24680468809198658,0.0,-0.0
2021-08-17,0,-0.008407629647857462,0.5504456185581201,0.4827099505998589,logistic_C1.0,0.25,2021-06-25,0.24680468809198658,0.0,-0.0
2021-08-18,1,0.0053946874263999245,0.5263235335404586,0.4827099505998589,logistic_C1.0,0.25,2021-06-25,0.24680468809198658,0.0,0.0
2021-08-19,0,-0.013433078238604401,0.5155951703351697,0.4827099505998589,logistic_C1.0,0.25,2021-06-25,0.24680468809198658,0.0,-0.0
2021-08-20,0,-0.0162611295040338,0.532905106127989,0.4827099505998589,logistic_C1.0,0.25,2021-06-25,0.24680468809198658,0.0,-0.0
2021-08-23,1,0.0011014607313051261,0.5012133209504095,0.4827099505998589,logistic_C1.0,0.25,2021-06-25,0.24680468809198658,0.0,0.0
2021-08-24,1,0.0059621117415136204,0.5340368975611828,0.4827099505998589,logistic_C1.0,0.25,2021-06-25,0.24680468809198658,0.0,0.0
2021-08-25,0,-0.00041929653476835416,0.503365973834887,0.4827099505998589,logistic_C1.0,0.25,2021-06-25,0.24680468809198658,0.0,-0.0
2021-08-26,0,-0.007225589439278979,0.5251189085574592,0.4827099505998589,logistic_C1.0,0.25,2021-06-25,0.24680468809198658,0.0,-0.0
2021-08-27,1,0.005650950328756288,0.5275163380691801,0.4827099505998589,logistic_C1.0,0.25,2021-06-25,0.24680468809198658,0.0,0.0
2021-08-30,0,-0.005277028159968555,0.5166213588065058,0.4827099505998589,logistic_C1.0,0.25,2021-06-25,0.24680468809198658,0.0,-0.0
2021-08-31,1,0.017420949025120258,0.5301144285888,0.4827099505998589,logistic_C1.0,0.25,2021-06-25,0.24680468809198658,0.0,0.0
2021-09-01,1,0.0035516808681748113,0.49466026391062645,0.4827099505998589,logistic_C1.0,0.25,2021-06-25,0.24680468809198658,0.0,0.0
2021-09-02,0,-0.006935519679302615,0.5045623422839413,0.4827099505998589,logistic_C1.0,0.25,2021-06-25,0.24680468809198658,0.0,-0.0
2021-09-03,1,0.0035583172137905184,0.513644726302422,0.4827099505998589,logistic_C1.0,0.25,2021-06-25,0.24680468809198658,0.0,0.0
2021-09-06,1,0.002199418077151627,0.4786922888002131,0.4827099505998589,logistic_C1.0,0.25,2021-06-25,0.24680468809198658,0.0,0.0
2021-09-07,0,-0.003953038527282238,0.4922754573118803,0.4827099505998589,logistic_C1.0,0.25,2021-06-25,0.24680468809198658,0.0,-0.0
2021-09-08,0,-0.0049547934087090795,0.48897004500108776,0.4827099505998589,logistic_C1.0,0.25,2021-06-25,0.24680468809198658,0.0,-0.0
2021-09-09,0,-0.010150509750082692,0.5257062432675927,0.4827099505998589,logistic_C1.0,0.25,2021-06-25,0.24680468809198658,0.0,-0.0
2021-09-10,1,0.0014962721356961417,0.5185151323600086,0.4827099505998589,logistic_C1.0,0.25,2021-06-25,0.24680468809198658,0.0,0.0
2021-09-13,1,0.0033714533177218176,0.5248274371095485,0.4827099505998589,logistic_C1.0,0.25,2021-06-25,0.24680468809198658,0.0,0.0
2021-09-14,1,0.003668736373720227,0.5413958816391933,0.4827099505998589,logistic_C1.0,0.25,2021-06-25,0.24680468809198658,0.0,0.0
2021-09-15,1,0.001966821406896857,0.5433903734112135,0.4827099505998589,logistic_C1.0,0.25,2021-06-25,0.24680468809198658,0.0,0.0
2021-09-16,0,-0.011148740435587445,0.519811842954392,0.4827099505998589,logistic_C1.0,0.25,2021-06-25,0.24680468809198658,0.0,-0.0
2021-09-17,1,0.004079609943250073,0.5068645223617603,0.4827099505998589,logistic_C1.0,0.25,2021-06-25,0.24680468809198658,0.0,0.0
2021-09-23,1,0.001261348939058271,0.5117985142778558,0.4827099505998589,logistic_C1.0,0.25,2021-06-25,0.24680468809198658,0.0,0.0
2021-09-24,0,-0.004931974413591833,0.4933889327363869,0.4827099505998589,logistic_C1.0,0.25,2021-06-25,0.24680468809198658,0.0,-0.0
2021-09-27,1,0.0038248390300157364,0.5148468026086914,0.4827099505998589,logistic_C1.0,0.25,2021-06-25,0.24680468809198658,0.0,0.0
2021-09-28,0,-0.01132316333695027,0.5464600844437458,0.4827099505998589,logistic_C1.0,0.25,2021-06-25,0.24680468809198658,0.0,-0.0
2021-09-29,1,0.001561119293078006,0.5430350981299343,0.4827099505998589,logistic_C1.0,0.25,2021-06-25,0.24680468809198658,0.0,0.0
2021-09-30,1,0.004566479097310339,0.4744356364162491,0.4822229892992751,logistic_C1.0,0.25,2021-09-28,0.2466763389081665,0.0,0.0
2021-10-01,0,-0.012116313996747619,0.487343253636912,0.4822229892992751,logistic_C1.0,0.25,2021-09-28,0.2466763389081665,0.0,-0.0
2021-10-05,0,-0.012007324467925407,0.5152776743550878,0.4822229892992751,logistic_C1.0,0.25,2021-09-28,0.2466763389081665,0.0,-0.0
2021-10-06,0,-0.02603765497009436,0.4850152894235961,0.4822229892992751,logistic_C1.0,0.25,2021-09-28,0.2466763389081665,0.0,-0.0
2021-10-07,1,0.00769186242496267,0.5092829962475484,0.4822229892992751,logistic_C1.0,0.25,2021-09-28,0.2466763389081665,0.0,0.0
2021-10-08,0,-0.007226763202611286,0.47291484065027967,0.4822229892992751,logistic_C1.0,0.25,2021-09-28,0.2466763389081665,0.0,-0.0
2021-10-12,0,-0.011470331026160685,0.5146340028296574,0.4822229892992751,logistic_C1.0,0.25,2021-09-28,0.2466763389081665,0.0,-0.0
2021-10-13,1,0.010664735320971674,0.49200549646707215,0.4822229892992751,logistic_C1.0,0.25,2021-09-28,0.2466763389081665,0.0,0.0
2021-10-14,1,0.006659099253251144,0.4904827889644466,0.4822229892992751,logistic_C1.0,0.25,2021-09-28,0.2466763389081665,0.0,0.0
2021-10-15,1,0.0008099262436018773,0.4866616707380489,0.4822229892992751,logistic_C1.0,0.25,2021-09-28,0.2466763389081665,0.0,0.0
2021-10-18,0,-0.0035791455121492177,0.4533762539786824,0.4822229892992751,logistic_C1.0,0.25,2021-09-28,0.2466763389081665,0.0,-0.0
2021-10-19,1,0.002253303024587705,0.4971108330763703,0.4822229892992751,logistic_C1.0,0.25,2021-09-28,0.2466763389081665,0.0,0.0
2021-10-20,0,-0.009858270925001578,0.510608262320769,0.4822229892992751,logistic_C1.0,0.25,2021-09-28,0.2466763389081665,0.0,-0.0
2021-10-21,0,-0.0016432735336688875,0.5114154540610627,0.4822229892992751,logistic_C1.0,0.25,2021-09-28,0.2466763389081665,0.0,-0.0
2021-10-22,1,0.00026619107195124947,0.45481582046792,0.4822229892992751,logistic_C1.0,0.25,2021-09-28,0.2466763389081665,0.0,0.0
2021-10-25,1,0.0064776248708806605,0.49045107965249446,0.4822229892992751,logistic_C1.0,0.25,2021-09-28,0.2466763389081665,0.0,0.0
2021-10-26,1,0.003046233000638221,0.4959170991173563,0.4822229892992751,logistic_C1.0,0.25,2021-09-28,0.2466763389081665,0.0,0.0
2021-10-27,0,-0.0066779826845227985,0.4996285848175448,0.4822229892992751,logistic_C1.0,0.25,2021-09-28,0.2466763389081665,0.0,-0.0
2021-10-28,0,-0.004505204801582452,0.48217180638833845,0.4822229892992751,logistic_C1.0,0.25,2021-09-28,0.2466763389081665,0.0,-0.0
2021-10-29,0,-0.018174486973133286,0.4826869966916655,0.4822229892992751,logistic_C1.0,0.25,2021-09-28,0.2466763389081665,0.0,-0.0
2021-11-01,0,-0.0017559262510973284,0.5126320059256007,0.4822229892992751,logistic_C1.0,0.25,2021-09-28,0.2466763389081665,0.0,-0.0
2021-11-02,1,0.00597880877826662,0.5037443628104709,0.4822229892992751,logistic_C1.0,0.25,2021-09-28,0.2466763389081665,0.0,0.0
2021-11-03,0,-0.014783005999284837,0.5363907181969081,0.4822229892992751,logistic_C1.0,0.25,2021-09-28,0.2466763389081665,0.0,-0.0
2021-11-04,0,-0.005898191221358928,0.5060180516317502,0.4822229892992751,logistic_C1.0,0.25,2021-09-28,0.2466763389081665,0.0,-0.0
2021-11-05,0,-0.011406578259581246,0.5616936574688177,0.4822229892992751,logistic_C1.0,0.25,2021-09-28,0.2466763389081665,0.0,-0.0
2021-11-08,0,-0.0017400922653574291,0.5473535603032794,0.4822229892992751,logistic_C1.0,0.25,2021-09-28,0.2466763389081665,0.0,-0.0
2021-11-09,1,0.0014569917008941946,0.5204976591225283,0.4822229892992751,logistic_C1.0,0.25,2021-09-28,0.2466763389081665,0.0,0.0
2021-11-10,0,-0.005866067732895441,0.5633697053034479,0.4822229892992751,logistic_C1.0,0.25,2021-09-28,0.2466763389081665,0.0,-0.0
2021-11-11,1,0.004640363260413505,0.5057890461981167,0.4822229892992751,logistic_C1.0,0.25,2021-09-28,0.2466763389081665,0.0,0.0
2021-11-12,1,0.007756411344388203,0.4892668139318634,0.4822229892992751,logistic_C1.0,0.25,2021-09-28,0.2466763389081665,0.0,0.0
2021-11-15,1,0.0032913221481898347,0.49762170850566234,0.4822229892992751,logistic_C1.0,0.25,2021-09-28,0.2466763389081665,0.0,0.0
2021-11-16,1,0.0005107354590612179,0.5160977156864408,0.4822229892992751,logistic_C1.0,0.25,2021-09-28,0.2466763389081665,0.0,0.0
2021-11-17,0,-0.013848110199000008,0.5245052342319058,0.4822229892992751,logistic_C1.0,0.25,2021-09-28,0.2466763389081665,0.0,-0.0
2021-11-18,0,-0.004014517142799212,0.5443337799643084,0.4822229892992751,logistic_C1.0,0.25,2021-09-28,0.2466763389081665,0.0,-0.0
2021-11-19,1,0.006763671358765988,0.5299391360380573,0.4822229892992751,logistic_C1.0,0.25,2021-09-28,0.2466763389081665,0.0,0.0
2021-11-22,1,0.010012133888408492,0.507406705700746,0.4822229892992751,logistic_C1.0,0.25,2021-09-28,0.2466763389081665,0.0,0.0
2021-11-23,0,-0.005253620783496338,0.5171424113457125,0.4822229892992751,logistic_C1.0,0.25,2021-09-28,0.2466763389081665,0.0,-0.0
2021-11-24,0,-0.004008196012427079,0.5468005838359665,0.4822229892992751,logistic_C1.0,0.25,2021-09-28,0.2466763389081665,0.0,-0.0
2021-11-25,0,-0.005495972289888296,0.5361206377879737,0.4822229892992751,logistic_C1.0,0.25,2021-09-28,0.2466763389081665,0.0,-0.0
2021-11-26,0,-0.012310631542125194,0.516907805583131,0.4822229892992751,logistic_C1.0,0.25,2021-09-28,0.2466763389081665,0.0,-0.0
2021-11-29,1,0.0010907902207388798,0.5595934330082213,0.4822229892992751,logistic_C1.0,0.25,2021-09-28,0.2466763389081665,0.0,0.0
2021-11-30,0,-0.031949971187059,0.5224669925522418,0.4822229892992751,logistic_C1.0,0.25,2021-09-28,0.2466763389081665,0.0,-0.0
2021-12-01,1,0.013845572913024684,0.5718921411340612,0.4822229892992751,logistic_C1.0,0.25,2021-09-28,0.2466763389081665,1.0,0.012845572913024683
2021-12-02,1,0.024570033117190304,0.5590559868646279,0.4822229892992751,logistic_C1.0,0.25,2021-09-28,0.2466763389081665,0.0,0.0
2021-12-03,1,0.011035685455715871,0.4664711558180464,0.4822229892992751,logistic_C1.0,0.25,2021-09-28,0.2466763389081665,0.0,0.0
2021-12-06,1,0.006237266567844957,0.5541203777781444,0.4822229892992751,logistic_C1.0,0.25,2021-09-28,0.2466763389081665,0.0,0.0
2021-12-07,1,0.006012428375433698,0.49896412117020583,0.4822229892992751,logistic_C1.0,0.25,2021-09-28,0.2466763389081665,0.0,0.0
2021-12-08,0,-0.005344723038638977,0.488543180660484,0.4822229892992751,logistic_C1.0,0.25,2021-09-28,0.2466763389081665,0.0,-0.0
2021-12-09,1,0.007505819753907517,0.5118695979861607,0.4822229892992751,logistic_C1.0,0.25,2021-09-28,0.2466763389081665,0.0,0.0
2021-12-10,1,0.0005085252766976467,0.5367537139079656,0.4822229892992751,logistic_C1.0,0.25,2021-09-28,0.2466763389081665,0.0,0.0
2021-12-13,0,-0.005964227879205364,0.5018569418581711,0.4822229892992751,logistic_C1.0,0.25,2021-09-28,0.2466763389081665,0.0,-0.0
2021-12-14,1,0.0013405050352719439,0.5554267761468766,0.4822229892992751,logistic_C1.0,0.25,2021-09-28,0.2466763389081665,0.0,0.0
2021-12-15,1,0.0032082367114902866,0.5109492273862983,0.4822229892992751,logistic_C1.0,0.25,2021-09-28,0.2466763389081665,0.0,0.0
2021-12-16,0,-0.002273285411813264,0.4833335806072494,0.4822229892992751,logistic_C1.0,0.25,2021-09-28,0.2466763389081665,0.0,-0.0
2021-12-17,1,0.010897092322122548,0.5442676725734867,0.4822229892992751,logistic_C1.0,0.25,2021-09-28,0.2466763389081665,0.0,0.0
2021-12-20,0,-0.012771004854514434,0.47959618503142,0.4822229892992751,logistic_C1.0,0.25,2021-09-28,0.2466763389081665,0.0,-0.0
2021-12-21,0,-0.0022269399363443743,0.5369925420930313,0.4822229892992751,logistic_C1.0,0.25,2021-09-28,0.2466763389081665,0.0,-0.0
2021-12-22,0,-0.0030131952563888786,0.4937858384369692,0.4822229892992751,logistic_C1.0,0.25,2021-09-28,0.2466763389081665,0.0,-0.0
2021-12-23,1,5.003302179451552e-05,0.4968229598762449,0.4822229892992751,logistic_C1.0,0.25,2021-09-28,0.2466763389081665,0.0,0.0
2021-12-24,1,0.0009802357882424673,0.49630874099692324,0.4822229892992751,logistic_C1.0,0.25,2021-09-28,0.2466763389081665,0.0,0.0
2021-12-27,0,-0.004774481243820294,0.49798272010719213,0.4822229892992751,logistic_C1.0,0.25,2021-09-28,0.2466763389081665,0.0,-0.0
2021-12-28,1,0.0044798903807075074,0.5209360856116365,0.4822229892992751,logistic_C1.0,0.25,2021-09-28,0.2466763389081665,0.0,0.0
2021-12-29,0,-0.0032002397682241446,0.5277057048278289,0.4822229892992751,logistic_C1.0,0.25,2021-09-28,0.2466763389081665,0.0,-0.0
2021-12-30,0,-0.007367280606717208,0.48746473393367407,0.48277027027027025,logistic_C1.0,0.25,2021-12-28,0.24704979126663765,0.0,-0.0
2022-01-03,0,-0.0031851169988527106,0.5081501499431509,0.48277027027027025,logistic_C1.0,0.25,2021-12-28,0.24704979126663765,0.0,-0.0
2022-01-04,0,-0.0009124423039000851,0.49802069879238575,0.48277027027027025,logistic_C1.0,0.25,2021-12-28,0.24704979126663765,0.0,-0.0
2022-01-05,0,-0.010080260049261991,0.5288479886432634,0.48277027027027025,logistic_C1.0,0.25,2021-12-28,0.24704979126663765,0.0,-0.0
2022-01-06,0,-0.0016647296096260478,0.5370642196943094,0.48277027027027025,logistic_C1.0,0.25,2021-12-28,0.24704979126663765,0.0,-0.0
2022-01-07,1,0.0071954952314077225,0.49868190062167705,0.48277027027027025,logistic_C1.0,0.25,2021-12-28,0.24704979126663765,0.0,0.0
2022-01-10,0,-0.007006246246653802,0.48471747397023124,0.48277027027027025,logistic_C1.0,0.25,2021-12-28,0.24704979126663765,0.0,-0.0
2022-01-11,0,-0.001211219647006101,0.497577621349285,0.48277027027027025,logistic_C1.0,0.25,2021-12-28,0.24704979126663765,0.0,-0.0
2022-01-12,1,0.007353987759168623,0.497595008213271,0.48277027027027025,logistic_C1.0,0.25,2021-12-28,0.24704979126663765,0.0,0.0
2022-01-13,0,-0.0059800463772394785,0.5139502772252695,0.48277027027027025,logistic_C1.0,0.25,2021-12-28,0.24704979126663765,0.0,-0.0
2022-01-14,0,-0.00534107658947236,0.5298484842174528,0.48277027027027025,logistic_C1.0,0.25,2021-12-28,0.24704979126663765,0.0,-0.0
2022-01-17,0,-0.009747991297048286,0.4727275457533441,0.48277027027027025,logistic_C1.0,0.25,2021-12-28,0.24704979126663765,0.0,-0.0
2022-01-18,0,-0.011983525239912085,0.5128787647762619,0.48277027027027025,logistic_C1.0,0.25,2021-12-28,0.24704979126663765,0.0,-0.0
2022-01-19,1,0.0006830168219298383,0.5197412165016844,0.48277027027027025,logistic_C1.0,0.25,2021-12-28,0.24704979126663765,0.0,0.0
2022-01-20,1,0.007177336504496257,0.5005005190954892,0.48277027027027025,logistic_C1.0,0.25,2021-12-28,0.24704979126663765,0.0,0.0
2022-01-21,0,-0.0011277572784397227,0.47468104344666895,0.48277027027027025,logistic_C1.0,0.25,2021-12-28,0.24704979126663765,0.0,-0.0
2022-01-24,0,-0.011247414794458566,0.5307384130615965,0.48277027027027025,logistic_C1.0,0.25,2021-12-28,0.24704979126663765,0.0,-0.0
2022-01-25,0,-0.02369356986229587,0.5038803226984271,0.48277027027027025,logistic_C1.0,0.25,2021-12-28,0.24704979126663765,0.0,-0.0
2022-01-26,0,-0.007513508563055327,0.518334874900537,0.48277027027027025,logistic_C1.0,0.25,2021-12-28,0.24704979126663765,0.0,-0.0
2022-01-27,0,-0.034972907531263364,0.5032311602578544,0.48277027027027025,logistic_C1.0,0.25,2021-12-28,0.24704979126663765,0.0,-0.0
2022-01-28,1,0.017369082498366994,0.5178858180356791,0.48277027027027025,logistic_C1.0,0.25,2021-12-28,0.24704979126663765,0.0,0.0
2022-02-03,1,0.0005468640303878392,0.5416590310297802,0.48277027027027025,logistic_C1.0,0.25,2021-12-28,0.24704979126663765,0.0,0.0
2022-02-04,1,0.01305054091784763,0.5469430416882268,0.48277027027027025,logistic_C1.0,0.25,2021-12-28,0.24704979126663765,0.0,0.0
2022-02-07,0,-0.002050387174173829,0.4331700565916019,0.48277027027027025,logistic_C1.0,0.25,2021-12-28,0.24704979126663765,0.0,-0.0
2022-02-08,0,-0.007692140937075598,0.5185005486183721,0.48277027027027025,logistic_C1.0,0.25,2021-12-28,0.24704979126663765,0.0,-0.0
2022-02-09,0,-0.0013633265167007913,0.49553771291362314,0.48277027027027025,logistic_C1.0,0.25,2021-12-28,0.24704979126663765,0.0,-0.0
2022-02-10,0,-0.005564245329047535,0.490977099657982,0.48277027027027025,logistic_C1.0,0.25,2021-12-28,0.24704979126663765,0.0,-0.0
2022-02-11,1,0.0031287192330440305,0.5093477736013557,0.48277027027027025,logistic_C1.0,0.25,2021-12-28,0.24704979126663765,0.0,0.0
2022-02-14,0,-0.003911458141504842,0.5206978920686486,0.48277027027027025,logistic_C1.0,0.25,2021-12-28,0.24704979126663765,0.0,-0.0
2022-02-15,0,-0.013238953713432422,0.5189232442274571,0.48277027027027025,logistic_C1.0,0.25,2021-12-28,0.24704979126663765,0.0,-0.0
2022-02-16,1,0.003702736789465977,0.5011707600764412,0.48277027027027025,logistic_C1.0,0.25,2021-12-28,0.24704979126663765,0.0,0.0
2022-02-17,1,0.0032832317530191446,0.5245421502495579,0.48277027027027025,logistic_C1.0,0.25,2021-12-28,0.24704979126663765,0.0,0.0
2022-02-18,1,0.011051677644666524,0.5311476397426624,0.48277027027027025,logistic_C1.0,0.25,2021-12-28,0.24704979126663765,0.0,0.0
2022-02-21,1,0.013725453974470225,0.5207390369701753,0.48277027027027025,logistic_C1.0,0.25,2021-12-28,0.24704979126663765,0.0,0.0
2022-02-22,1,0.0006321439661673978,0.5427590012531279,0.48277027027027025,logistic_C1.0,0.25,2021-12-28,0.24704979126663765,0.0,0.0
2022-02-23,0,-0.002896499635187566,0.5095025449063323,0.48277027027027025,logistic_C1.0,0.25,2021-12-28,0.24704979126663765,0.0,-0.0
2022-02-24,0,-0.015052356020942459,0.5400561280676943,0.48277027027027025,logistic_C1.0,0.25,2021-12-28,0.24704979126663765,0.0,-0.0
2022-02-25,0,-0.0006384241749952668,0.4637687785054219,0.48277027027027025,logistic_C1.0,0.25,2021-12-28,0.24704979126663765,0.0,-0.0
2022-02-28,1,0.01358618099887332,0.5222790299024662,0.48277027027027025,logistic_C1.0,0.25,2021-12-28,0.24704979126663765,0.0,0.0
2022-03-02,1,0.0019308381913123451,0.5396005088141226,0.48277027027027025,logistic_C1.0,0.25,2021-12-28,0.24704979126663765,0.0,0.0
2022-03-03,1,0.006308015795681854,0.4878631205336516,0.48277027027027025,logistic_C1.0,0.25,2021-12-28,0.24704979126663765,0.0,0.0
2022-03-04,0,-0.008459464002514072,0.5474293896374144,0.48277027027027025,logistic_C1.0,0.25,2021-12-28,0.24704979126663765,0.0,-0.0
2022-03-07,0,-0.010767973673311837,0.5315729451358827,0.48277027027027025,logistic_C1.0,0.25,2021-12-28,0.24704979126663765,0.0,-0.0
2022-03-08,1,0.0019370885597154164,0.5377637741600299,0.48277027027027025,logistic_C1.0,0.25,2021-12-28,0.24704979126663765,0.0,0.0
2022-03-10,1,0.0073134249829003295,0.4699967900519884,0.48277027027027025,logistic_C1.0,0.25,2021-12-28,0.24704979126663765,0.0,0.0
2022-03-11,0,-0.0017517207749581098,0.5139160356530124,0.48277027027027025,logistic_C1.0,0.25,2021-12-28,0.24704979126663765,0.0,-0.0
2022-03-14,0,-0.003495384059090001,0.5278742909969447,0.48277027027027025,logistic_C1.0,0.25,2021-12-28,0.24704979126663765,0.0,-0.0
2022-03-15,0,-0.0033380095882233896,0.5274821436300602,0.48277027027027025,logistic_C1.0,0.25,2021-12-28,0.24704979126663765,0.0,-0.0
2022-03-16,1,0.0035398230088496963,0.48737409702616424,0.48277027027027025,logistic_C1.0,0.25,2021-12-28,0.24704979126663765,0.0,0.0
2022-03-17,0,-0.0032405198148908188,0.4682508906243166,0.48277027027027025,logistic_C1.0,0.25,2021-12-28,0.24704979126663765,0.0,-0.0
2022-03-18,1,0.004221631968660544,0.49557817285020334,0.48277027027027025,logistic_C1.0,0.25,2021-12-28,0.24704979126663765,0.0,0.0
2022-03-21,0,-0.01168587943969579,0.48489280403399193,0.48277027027027025,logistic_C1.0,0.25,2021-12-28,0.24704979126663765,0.0,-0.0
2022-03-22,1,0.00867985766820012,0.5334289916763622,0.48277027027027025,logistic_C1.0,0.25,2021-12-28,0.24704979126663765,0.0,0.0
2022-03-23,1,0.0029078295051190306,0.4746613163963844,0.48277027027027025,logistic_C1.0,0.25,2021-12-28,0.24704979126663765,0.0,0.0
2022-03-24,1,0.004936953520478626,0.4969817079186901,0.48277027027027025,logistic_C1.0,0.25,2021-12-28,0.24704979126663765,0.0,0.0
2022-03-25,0,-0.003958654860024113,0.4926145839496854,0.48277027027027025,logistic_C1.0,0.25,2021-12-28,0.24704979126663765,0.0,-0.0
2022-03-28,1,0.003064801816832219,0.503289171195058,0.48277027027027025,logistic_C1.0,0.25,2021-12-28,0.24704979126663765,0.0,0.0
2022-03-29,0,-0.0016571848981286053,0.5071386370067004,0.48277027027027025,logistic_C1.0,0.25,2021-12-28,0.24704979126663765,0.0,-0.0
2022-03-30,0,-0.004194597416534052,0.5033478389765424,0.48277027027027025,logistic_C1.0,0.25,2021-12-28,0.24704979126663765,0.0,-0.0
2022-03-31,1,0.005252912614281069,0.5213105675050018,0.48277027027027025,logistic_C1.0,0.25,2021-12-28,0.24704979126663765,0.0,0.0
2022-04-01,0,-0.0021851157200867277,0.4971501132105448,0.48277027027027025,logistic_C1.0,0.25,2021-12-28,0.24704979126663765,0.0,-0.0
2022-04-04,1,0.010271589019217098,0.45348074218703405,0.48277027027027025,logistic_C1.0,0.25,2021-12-28,0.24704979126663765,0.0,0.0
2022-04-05,0,-0.0022780690652685065,0.4623803691871321,0.48277027027027025,logistic_C1.0,0.25,2021-12-28,0.24704979126663765,0.0,-0.0
2022-04-06,0,-0.0014749531775383184,0.4733973803880343,0.48130995699636125,logistic_C0.1,0.25,2022-04-04,0.24731722565943193,0.0,-0.0
2022-04-07,0,-0.006939993369432962,0.48789628682251696,0.48130995699636125,logistic_C0.1,0.25,2022-04-04,0.24731722565943193,0.0,-0.0
2022-04-08,0,-0.002309136050601457,0.469974866515776,0.48130995699636125,logistic_C0.1,0.25,2022-04-04,0.24731722565943193,0.0,-0.0
2022-04-11,1,0.002068806417764968,0.4751282718647263,0.48130995699636125,logistic_C0.1,0.25,2022-04-04,0.24731722565943193,0.0,0.0
2022-04-12,0,-0.002770953230348039,0.4838065681233742,0.48130995699636125,logistic_C0.1,0.25,2022-04-04,0.24731722565943193,0.0,-0.0
2022-04-13,1,0.014550723988153047,0.4892471457641168,0.48130995699636125,logistic_C0.1,0.25,2022-04-04,0.24731722565943193,0.0,0.0
2022-04-14,0,-0.0009671464399449992,0.46633556183202085,0.48130995699636125,logistic_C0.1,0.25,2022-04-04,0.24731722565943193,0.0,-0.0
2022-04-15,1,0.0002003324033952314,0.4749605722804749,0.48130995699636125,logistic_C0.1,0.25,2022-04-04,0.24731722565943193,0.0,0.0
2022-04-18,1,0.0030427852099037533,0.46193347988918154,0.48130995699636125,logistic_C0.1,0.25,2022-04-04,0.24731722565943193,0.0,0.0
2022-04-19,1,0.004110408603421156,0.49857968715351897,0.48130995699636125,logistic_C0.1,0.25,2022-04-04,0.24731722565943193,0.0,0.0
2022-04-20,1,7.357025407506157e-05,0.45546419867339993,0.48130995699636125,logistic_C0.1,0.25,2022-04-04,0.24731722565943193,0.0,0.0
2022-04-21,1,0.0009171922178075054,0.5207054184630031,0.48130995699636125,logistic_C0.1,0.25,2022-04-04,0.24731722565943193,0.0,0.0
2022-04-22,0,-3.6972403797408404e-06,0.4964275078481015,0.48130995699636125,logistic_C0.1,0.25,2022-04-04,0.24731722565943193,0.0,-0.0
2022-04-25,0,-0.007300115441948418,0.4905025491226712,0.48130995699636125,logistic_C0.1,0.25,2022-04-04,0.24731722565943193,0.0,-0.0
2022-04-26,0,-0.002127898279730811,0.48969257144569844,0.48130995699636125,logistic_C0.1,0.25,2022-04-04,0.24731722565943193,0.0,-0.0
2022-04-27,1,0.003223623687551802,0.5248239364639447,0.48130995699636125,logistic_C0.1,0.25,2022-04-04,0.24731722565943193,0.0,0.0
2022-04-28,1,0.00412190292636283,0.45275912283666775,0.48130995699636125,logistic_C0.1,0.25,2022-04-04,0.24731722565943193,0.0,0.0
2022-04-29,1,0.00969211518144153,0.4713494464894988,0.48130995699636125,logistic_C0.1,0.25,2022-04-04,0.24731722565943193,0.0,0.0
2022-05-02,1,0.00683348256600258,0.511958048410903,0.48130995699636125,logistic_C0.1,0.25,2022-04-04,0.24731722565943193,0.0,0.0
2022-05-03,0,-0.0036057334879708858,0.4478647601520629,0.48130995699636125,logistic_C0.1,0.25,2022-04-04,0.24731722565943193,0.0,-0.0
2022-05-04,0,-0.00478730323923493,0.5014066614643256,0.48130995699636125,logistic_C0.1,0.25,2022-04-04,0.24731722565943193,0.0,-0.0
2022-05-06,0,-0.002406738868832581,0.5112149610256403,0.48130995699636125,logistic_C0.1,0.25,2022-04-04,0.24731722565943193,0.0,-0.0
2022-05-09,0,-0.008924504236387465,0.47107524201027345,0.48130995699636125,logistic_C0.1,0.25,2022-04-04,0.24731722565943193,0.0,-0.0
2022-05-10,1,0.0024825008783342373,0.5398737172558044,0.48130995699636125,logistic_C0.1,0.25,2022-04-04,0.24731722565943193,0.0,0.0
2022-05-11,1,0.002223064194361468,0.4693641738565596,0.48130995699636125,logistic_C0.1,0.25,2022-04-04,0.24731722565943193,0.0,0.0
2022-05-12,0,-0.007557890640202403,0.5102191875117108,0.48130995699636125,logistic_C0.1,0.25,2022-04-04,0.24731722565943193,0.0,-0.0
2022-05-13,1,0.01331901432290139,0.4789285150755433,0.48130995699636125,logistic_C0.1,0.25,2022-04-04,0.24731722565943193,0.0,0.0
2022-05-16,0,-0.010709836209228607,0.43236079095088614,0.48130995699636125,logistic_C0.1,0.25,2022-04-04,0.24731722565943193,0.0,-0.0
2022-05-17,1,0.006475698845435973,0.5239120862152393,0.48130995699636125,logistic_C0.1,0.25,2022-04-04,0.24731722565943193,0.0,0.0
2022-05-18,0,-0.003328589050194508,0.4612958410644923,0.48130995699636125,logistic_C0.1,0.25,2022-04-04,0.24731722565943193,0.0,-0.0
2022-05-19,1,0.006249417756109876,0.5424793174603295,0.48130995699636125,logistic_C0.1,0.25,2022-04-04,0.24731722565943193,0.0,0.0
2022-05-20,1,0.01285987305144709,0.45880949586074116,0.48130995699636125,logistic_C0.1,0.25,2022-04-04,0.24731722565943193,0.0,0.0
2022-05-23,0,-0.0016027877192519302,0.4765222103255635,0.48130995699636125,logistic_C0.1,0.25,2022-04-04,0.24731722565943193,0.0,-0.0
2022-05-24,0,-0.012531546757410195,0.4472868979775561,0.48130995699636125,logistic_C0.1,0.25,2022-04-04,0.24731722565943193,0.0,-0.0
2022-05-25,0,-0.001727853532945578,0.5079412245908068,0.48130995699636125,logistic_C0.1,0.25,2022-04-04,0.24731722565943193,0.0,-0.0
2022-05-26,0,-0.0017348174811520067,0.48171368744409876,0.48130995699636125,logistic_C0.1,0.25,2022-04-04,0.24731722565943193,0.0,-0.0
2022-05-27,0,-0.001022436807724958,0.43727095716958386,0.48130995699636125,logistic_C0.1,0.25,2022-04-04,0.24731722565943193,0.0,-0.0
2022-05-30,1,0.002760760392290784,0.4558956053506836,0.48130995699636125,logistic_C0.1,0.25,2022-04-04,0.24731722565943193,0.0,0.0
2022-05-31,1,0.007131929445644447,0.46762605666774243,0.48130995699636125,logistic_C0.1,0.25,2022-04-04,0.24731722565943193,0.0,0.0
2022-06-02,0,-0.004399529718355222,0.4634326677997957,0.48130995699636125,logistic_C0.1,0.25,2022-04-04,0.24731722565943193,0.0,-0.0
2022-06-03,0,-0.003328892322275623,0.455895193978365,0.48130995699636125,logistic_C0.1,0.25,2022-04-04,0.24731722565943193,0.0,-0.0
2022-06-07,0,-0.01238309761701517,0.4580430546626198,0.48130995699636125,logistic_C0.1,0.25,2022-04-04,0.24731722565943193,0.0,-0.0
2022-06-08,0,-0.002802322358203657,0.4741741281008903,0.48130995699636125,logistic_C0.1,0.25,2022-04-04,0.24731722565943193,0.0,-0.0
2022-06-09,1,0.002489575855696202,0.4897607435544886,0.48130995699636125,logistic_C0.1,0.25,2022-04-04,0.24731722565943193,0.0,0.0
2022-06-10,0,-0.00019257655881099733,0.4902772396206163,0.48130995699636125,logistic_C0.1,0.25,2022-04-04,0.24731722565943193,0.0,-0.0
2022-06-13,0,-0.017920092855098102,0.4781668368379241,0.48130995699636125,logistic_C0.1,0.25,2022-04-04,0.24731722565943193,0.0,-0.0
2022-06-14,1,0.008091517857142794,0.49609891514619797,0.48130995699636125,logistic_C0.1,0.25,2022-04-04,0.24731722565943193,0.0,0.0
2022-06-15,0,-0.017120413171031523,0.45984819721208214,0.48130995699636125,logistic_C0.1,0.25,2022-04-04,0.24731722565943193,0.0,-0.0
2022-06-16,0,-0.012189421596834338,0.46718935720394206,0.48130995699636125,logistic_C0.1,0.25,2022-04-04,0.24731722565943193,0.0,-0.0
2022-06-17,1,0.012951712232126544,0.539166016745052,0.48130995699636125,logistic_C0.1,0.25,2022-04-04,0.24731722565943193,0.0,0.0
2022-06-20,0,-0.024025568494911886,0.4372797175091855,0.48130995699636125,logistic_C0.1,0.25,2022-04-04,0.24731722565943193,0.0,-0.0
2022-06-21,1,0.002471920399169436,0.4944794825949028,0.48130995699636125,logistic_C0.1,0.25,2022-04-04,0.24731722565943193,0.0,0.0
2022-06-22,0,-0.03073918853506885,0.4838949334881569,0.48130995699636125,logistic_C0.1,0.25,2022-04-04,0.24731722565943193,0.0,-0.0
2022-06-23,0,-0.014276952432874412,0.5166472032331171,0.48130995699636125,logistic_C0.1,0.25,2022-04-04,0.24731722565943193,0.0,-0.0
2022-06-24,1,0.016969545917468354,0.48781893905629486,0.48130995699636125,logistic_C0.1,0.25,2022-04-04,0.24731722565943193,0.0,0.0
2022-06-27,1,0.007854984894259953,0.4930435958419167,0.48130995699636125,logistic_C0.1,0.25,2022-04-04,0.24731722565943193,0.0,0.0
2022-06-28,1,0.007022285049060439,0.5153087627672842,0.48130995699636125,logistic_C0.1,0.25,2022-04-04,0.24731722565943193,0.0,0.0
2022-06-29,0,-0.0038163461941268517,0.5388577687423621,0.48130995699636125,logistic_C0.1,0.25,2022-04-04,0.24731722565943193,0.0,-0.0
2022-06-30,0,-0.015169490452045076,0.474927242704014,0.48130995699636125,logistic_C0.1,0.25,2022-04-04,0.24731722565943193,0.0,-0.0
2022-07-01,0,-0.016005668140610885,0.515175596804537,0.48130995699636125,logistic_C0.1,0.25,2022-04-04,0.24731722565943193,0.0,-0.0
2022-07-04,0,-0.004496414552976669,0.471282834899425,0.48130995699636125,logistic_C0.1,0.25,2022-04-04,0.24731722565943193,0.0,-0.0
2022-07-05,1,0.00847074427998673,0.4718552968316555,0.48130995699636125,logistic_C0.1,0.25,2022-04-04,0.24731722565943193,0.0,0.0
2022-07-06,0,-0.01635115938732501,0.4879137716630931,0.48130995699636125,logistic_C0.1,0.25,2022-04-04,0.24731722565943193,0.0,-0.0
2022-07-07,1,0.010957266660025944,0.48064123523482694,0.48023331173039535,logistic_C0.1,0.25,2022-07-05,0.24767504136360485,0.0,0.0
2022-07-08,0,-0.0007991532376331323,0.4661332078567305,0.48023331173039535,logistic_C0.1,0.25,2022-07-05,0.24767504136360485,0.0,-0.0
2022-07-11,0,-0.007279113271655979,0.4688479976365747,0.48023331173039535,logistic_C0.1,0.25,2022-07-05,0.24767504136360485,0.0,-0.0
2022-07-12,0,-0.00562877539813289,0.531875538684,0.48023331173039535,logistic_C0.1,0.25,2022-07-05,0.24767504136360485,0.0,-0.0
2022-07-13,1,0.0017896706747833058,0.5338880369239758,0.48023331173039535,logistic_C0.1,0.25,2022-07-05,0.24767504136360485,0.0,0.0
2022-07-14,1,0.002551361805552599,0.517925202882489,0.48023331173039535,logistic_C0.1,0.25,2022-07-05,0.24767504136360485,0.0,0.0
2022-07-15,0,-0.0017729281578676703,0.4969201910450569,0.48023331173039535,logistic_C0.1,0.25,2022-07-05,0.24767504136360485,0.0,-0.0
2022-07-18,1,0.010538273033593226,0.49658103691315336,0.48023331173039535,logistic_C0.1,0.25,2022-07-05,0.24767504136360485,0.0,0.0
2022-07-19,1,0.0014572210583225775,0.5271127789736881,0.48023331173039535,logistic_C0.1,0.25,2022-07-05,0.24767504136360485,0.0,0.0
2022-07-20,0,-0.008078826741581446,0.49112380454099613,0.48023331173039535,logistic_C0.1,0.25,2022-07-05,0.24767504136360485,0.0,-0.0
2022-07-21,1,0.008898995355771433,0.5154239907674838,0.48023331173039535,logistic_C0.1,0.25,2022-07-05,0.24767504136360485,0.0,0.0
2022-07-22,0,-0.00508445686110659,0.5097604872537416,0.48023331173039535,logistic_C0.1,0.25,2022-07-05,0.24767504136360485,0.0,-0.0
2022-07-25,1,0.007561880409951094,0.5287227689798326,0.48023331173039535,logistic_C0.1,0.25,2022-07-05,0.24767504136360485,0.0,0.0
2022-07-26,1,0.006544944874795178,0.5290120050401361,0.48023331173039535,logistic_C0.1,0.25,2022-07-05,0.24767504136360485,0.0,0.0
2022-07-27,1,0.0012476580505031976,0.5164065736110075,0.48023331173039535,logistic_C0.1,0.25,2022-07-05,0.24767504136360485,0.0,0.0
2022-07-28,0,-0.0009435626464061597,0.46468069903504,0.48023331173039535,logistic_C0.1,0.25,2022-07-05,0.24767504136360485,0.0,-0.0
2022-07-29,0,-0.0008273793269290008,0.5098847578028955,0.48023331173039535,logistic_C0.1,0.25,2022-07-05,0.24767504136360485,0.0,-0.0
2022-08-01,1,0.0033550868435587855,0.46785539912464197,0.48023331173039535,logistic_C0.1,0.25,2022-07-05,0.24767504136360485,0.0,0.0
2022-08-02,0,-0.004643002855977185,0.525595731487315,0.48023331173039535,logistic_C0.1,0.25,2022-07-05,0.24767504136360485,0.0,-0.0
2022-08-03,1,0.009386687225247714,0.5046727704745135,0.48023331173039535,logistic_C0.1,0.25,2022-07-05,0.24767504136360485,0.0,0.0
2022-08-04,0,-0.002150546311389445,0.47695115611669486,0.48023331173039535,logistic_C0.1,0.25,2022-07-05,0.24767504136360485,0.0,-0.0
2022-08-05,1,0.0037760484881703693,0.515231090597901,0.48023331173039535,logistic_C0.1,0.25,2022-07-05,0.24767504136360485,0.0,0.0
2022-08-08,1,0.004808215478987687,0.4872813229459593,0.48023331173039535,logistic_C0.1,0.25,2022-07-05,0.24767504136360485,0.0,0.0
2022-08-09,1,0.0039662010691499106,0.5036922730151139,0.48023331173039535,logistic_C0.1,0.25,2022-07-05,0.24767504136360485,0.0,0.0
2022-08-10,0,-0.005140955207121878,0.4950527740984292,0.48023331173039535,logistic_C0.1,0.25,2022-07-05,0.24767504136360485,0.0,-0.0
2022-08-11,1,0.006396197372933621,0.45634464416188614,0.48023331173039535,logistic_C0.1,0.25,2022-07-05,0.24767504136360485,0.0,0.0
2022-08-12,1,0.0032861576561917794,0.48939089844178607,0.48023331173039535,logistic_C0.1,0.25,2022-07-05,0.24767504136360485,0.0,0.0
2022-08-16,0,-0.003747468590865388,0.49913115969963306,0.48023331173039535,logistic_C0.1,0.25,2022-07-05,0.24767504136360485,0.0,-0.0
2022-08-17,0,-0.007924086463216184,0.5187700400384054,0.48023331173039535,logistic_C0.1,0.25,2022-07-05,0.24767504136360485,0.0,-0.0
2022-08-18,1,0.0035009802744767615,0.5008316953102424,0.48023331173039535,logistic_C0.1,0.25,2022-07-05,0.24767504136360485,0.0,0.0
2022-08-19,0,-0.007181206984450572,0.49352157661904394,0.48023331173039535,logistic_C0.1,0.25,2022-07-05,0.24767504136360485,0.0,-0.0
2022-08-22,0,-0.0019778064181439348,0.484180054306282,0.48023331173039535,logistic_C0.1,0.25,2022-07-05,0.24767504136360485,0.0,-0.0
2022-08-23,0,-0.005703647149605362,0.49693304060119226,0.48023331173039535,logistic_C0.1,0.25,2022-07-05,0.24767504136360485,0.0,-0.0
2022-08-24,1,0.0005191768389898321,0.48433540913315887,0.48023331173039535,logistic_C0.1,0.25,2022-07-05,0.24767504136360485,0.0,0.0
2022-08-25,1,0.007102232304383893,0.4888180157294819,0.48023331173039535,logistic_C0.1,0.25,2022-07-05,0.24767504136360485,0.0,0.0
2022-08-26,0,-0.003258153418449594,0.46710097665081773,0.48023331173039535,logistic_C0.1,0.25,2022-07-05,0.24767504136360485,0.0,-0.0
2022-08-29,0,-0.00212576992343938,0.5016294876242662,0.48023331173039535,logistic_C0.1,0.25,2022-07-05,0.24767504136360485,0.0,-0.0
2022-08-30,1,0.0039816320595114085,0.4688294037606006,0.48023331173039535,logistic_C0.1,0.25,2022-07-05,0.24767504136360485,0.0,0.0
2022-08-31,1,0.015853904095797455,0.49313283288328746,0.48023331173039535,logistic_C0.1,0.25,2022-07-05,0.24767504136360485,0.0,0.0
2022-09-01,0,-0.011211625051166574,0.45315832591823113,0.48023331173039535,logistic_C0.1,0.25,2022-07-05,0.24767504136360485,0.0,-0.0
2022-09-02,0,-0.007533879803929611,0.4336332871472334,0.48023331173039535,logistic_C0.1,0.25,2022-07-05,0.24767504136360485,0.0,-0.0
2022-09-05,0,-0.0026513752712578054,0.49883954940267883,0.48023331173039535,logistic_C0.1,0.25,2022-07-05,0.24767504136360485,0.0,-0.0
2022-09-06,1,0.00012449579204232286,0.5093860370260475,0.48023331173039535,logistic_C0.1,0.25,2022-07-05,0.24767504136360485,0.0,0.0
2022-09-07,0,-0.008014492874614865,0.46241060016916036,0.48023331173039535,logistic_C0.1,0.25,2022-07-05,0.24767504136360485,0.0,-0.0
2022-09-08,0,-0.00375636681193503,0.44565979846988285,0.48023331173039535,logistic_C0.1,0.25,2022-07-05,0.24767504136360485,0.0,-0.0
2022-09-13,1,0.012796712133929189,0.49064805637024833,0.48023331173039535,logistic_C0.1,0.25,2022-07-05,0.24767504136360485,0.0,0.0
2022-09-14,1,0.008763966918639454,0.543785027232291,0.48023331173039535,logistic_C0.1,0.25,2022-07-05,0.24767504136360485,0.0,0.0
2022-09-15,0,-0.005869181005045632,0.4302176376207865,0.48023331173039535,logistic_C0.1,0.25,2022-07-05,0.24767504136360485,0.0,-0.0
2022-09-16,0,-0.0020020439276917656,0.48188010169020845,0.48023331173039535,logistic_C0.1,0.25,2022-07-05,0.24767504136360485,0.0,-0.0
2022-09-19,0,-0.013844176612677117,0.4765811635796465,0.48023331173039535,logistic_C0.1,0.25,2022-07-05,0.24767504136360485,0.0,-0.0
2022-09-20,0,-0.002439291552215117,0.46864562858853637,0.48023331173039535,logistic_C0.1,0.25,2022-07-05,0.24767504136360485,0.0,-0.0
2022-09-21,0,-0.0018413465218537484,0.5030905873520259,0.48023331173039535,logistic_C0.1,0.25,2022-07-05,0.24767504136360485,0.0,-0.0
2022-09-22,1,0.005436047764797225,0.48919191526588435,0.48023331173039535,logistic_C0.1,0.25,2022-07-05,0.24767504136360485,0.0,0.0
2022-09-23,0,-0.017728077964080602,0.46907773288115195,0.48023331173039535,logistic_C0.1,0.25,2022-07-05,0.24767504136360485,0.0,-0.0
2022-09-26,0,-0.017630927105449445,0.4919092524770054,0.48023331173039535,logistic_C0.1,0.25,2022-07-05,0.24767504136360485,0.0,-0.0
2022-09-27,0,-0.00023826756998535092,0.45718911581132016,0.48023331173039535,logistic_C0.1,0.25,2022-07-05,0.24767504136360485,0.0,-0.0
2022-09-28,0,-0.0167078394488136,0.5053993448000986,0.48023331173039535,logistic_C0.1,0.25,2022-07-05,0.24767504136360485,0.0,-0.0
2022-09-29,0,-0.012203389830508504,0.4972898790343462,0.48023331173039535,logistic_C0.1,0.25,2022-07-05,0.24767504136360485,0.0,-0.0
2022-09-30,0,-0.002600515475843612,0.5479512255730637,0.48023331173039535,logistic_C0.1,0.25,2022-07-05,0.24767504136360485,0.0,-0.0
2022-10-04,1,0.009075089860288266,0.5198108681394307,0.48023331173039535,logistic_C0.1,0.25,2022-07-05,0.24767504136360485,0.0,0.0
2022-10-05,0,-0.014954309980656832,0.49093172166485544,0.48023331173039535,logistic_C0.1,0.25,2022-07-05,0.24767504136360485,0.0,-0.0
2022-10-06,1,0.00333119622673661,0.5192763790593165,0.48023331173039535,logistic_C0.1,0.25,2022-07-05,0.24767504136360485,0.0,0.0
2022-10-07,1,0.006763337301157968,0.4990137021460936,0.48023331173039535,logistic_C0.1,0.25,2022-07-05,0.24767504136360485,0.0,0.0
2022-10-11,0,-0.0004331925837428585,0.4484305566904733,0.4791997459510956,logistic_C0.1,0.25,2022-10-06,0.24791411895708507,0.0,-0.0
2022-10-12,1,0.005074497455906046,0.4396194096216889,0.4791997459510956,logistic_C0.1,0.25,2022-10-06,0.24791411895708507,0.0,0.0
2022-10-13,0,-0.01611252382533701,0.44158242603671977,0.4791997459510956,logistic_C0.1,0.25,2022-10-06,0.24791411895708507,0.0,-0.0
2022-10-14,1,0.005402924577172508,0.4400415476079658,0.4791997459510956,logistic_C0.1,0.25,2022-10-06,0.24791411895708507,0.0,0.0
2022-10-17,1,0.014877672974665801,0.4994454578479928,0.4791997459510956,logistic_C0.1,0.25,2022-10-06,0.24791411895708507,0.0,0.0
2022-10-18,1,0.0003556899273058356,0.4335583946940843,0.4791997459510956,logistic_C0.1,0.25,2022-10-06,0.24791411895708507,0.0,0.0
2022-10-19,0,-0.005294862960410707,0.46579054804383896,0.4791997459510956,logistic_C0.1,0.25,2022-10-06,0.24791411895708507,0.0,-0.0
2022-10-20,0,-0.003343023908911613,0.4901115302507838,0.4791997459510956,logistic_C0.1,0.25,2022-10-06,0.24791411895708507,0.0,-0.0
2022-10-21,1,0.0011444908372877372,0.4565674729655171,0.4791997459510956,logistic_C0.1,0.25,2022-10-06,0.24791411895708507,0.0,0.0
2022-10-24,0,-0.005381939811231917,0.4675756585657962,0.4791997459510956,logistic_C0.1,0.25,2022-10-06,0.24791411895708507,0.0,-0.0
2022-10-25,0,-0.0008806279726780719,0.5071309853733965,0.4791997459510956,logistic_C0.1,0.25,2022-10-06,0.24791411895708507,0.0,-0.0
2022-10-26,1,0.003954121479894823,0.4798485624102715,0.4791997459510956,logistic_C0.1,0.25,2022-10-06,0.24791411895708507,0.0,0.0
2022-10-27,1,0.010021755726875137,0.5478936351916024,0.4791997459510956,logistic_C0.1,0.25,2022-10-06,0.24791411895708507,0.0,0.0
2022-10-28,0,-0.003658756198583024,0.5067374063999385,0.4791997459510956,logistic_C0.1,0.25,2022-10-06,0.24791411895708507,0.0,-0.0
2022-10-31,0,-6.103542234325854e-05,0.4388080140649986,0.4791997459510956,logistic_C0.1,0.25,2022-10-06,0.24791411895708507,0.0,-0.0
2022-11-01,1,0.014616046368147062,0.5046323015629943,0.4791997459510956,logistic_C0.1,0.25,2022-10-06,0.24791411895708507,0.0,0.0
2022-11-02,1,0.0046516626899677505,0.5007504366054154,0.4791997459510956,logistic_C0.1,0.25,2022-10-06,0.24791411895708507,0.0,0.0
2022-11-03,1,0.013806611678164993,0.5025745199512429,0.4791997459510956,logistic_C0.1,0.25,2022-10-06,0.24791411895708507,0.0,0.0
2022-11-04,1,0.009708278693810746,0.4837443931770418,0.4791997459510956,logistic_C0.1,0.25,2022-10-06,0.24791411895708507,0.0,0.0
2022-11-07,1,0.004902085398818867,0.4552988477781382,0.4791997459510956,logistic_C0.1,0.25,2022-10-06,0.24791411895708507,0.0,0.0
2022-11-08,1,0.004959785522788307,0.4818775522252904,0.4791997459510956,logistic_C0.1,0.25,2022-10-06,0.24791411895708507,0.0,0.0
2022-11-09,1,0.006589053949695556,0.49381652434081397,0.4791997459510956,logistic_C0.1,0.25,2022-10-06,0.24791411895708507,0.0,0.0
2022-11-10,0,-0.0014714623592446685,0.49951363687890815,0.4791997459510956,logistic_C0.1,0.25,2022-10-06,0.24791411895708507,0.0,-0.0
2022-11-11,1,0.006591268393530303,0.4398502917810784,0.4791997459510956,logistic_C0.1,0.25,2022-10-06,0.24791411895708507,0.0,0.0
2022-11-14,0,-0.004237117633330234,0.49569417643070524,0.4791997459510956,logistic_C0.1,0.25,2022-10-06,0.24791411895708507,0.0,-0.0
2022-11-15,0,-0.0009787494562504273,0.48082203650828725,0.4791997459510956,logistic_C0.1,0.25,2022-10-06,0.24791411895708507,0.0,-0.0
2022-11-16,0,-0.003839967832730218,0.47455394389479755,0.4791997459510956,logistic_C0.1,0.25,2022-10-06,0.24791411895708507,0.0,-0.0
2022-11-17,0,-0.009568214068518155,0.5140538536198586,0.4791997459510956,logistic_C0.1,0.25,2022-10-06,0.24791411895708507,0.0,-0.0
2022-11-18,0,-0.0014909338964842478,0.44365786478624325,0.4791997459510956,logistic_C0.1,0.25,2022-10-06,0.24791411895708507,0.0,-0.0
2022-11-21,0,-0.010854234377874583,0.4545166937868565,0.4791997459510956,logistic_C0.1,0.25,2022-10-06,0.24791411895708507,0.0,-0.0
2022-11-22,0,-0.00028678781027113853,0.4903720237952842,0.4791997459510956,logistic_C0.1,0.25,2022-10-06,0.24791411895708507,0.0,-0.0
2022-11-23,0,-0.0026192479664736146,0.459119465809949,0.4791997459510956,logistic_C0.1,0.25,2022-10-06,0.24791411895708507,0.0,-0.0
2022-11-24,1,0.0015671730577513365,0.492357233394618,0.4791997459510956,logistic_C0.1,0.25,2022-10-06,0.24791411895708507,0.0,0.0
2022-11-25,0,-0.0017811736091490893,0.4445460604424054,0.4791997459510956,logistic_C0.1,0.25,2022-10-06,0.24791411895708507,0.0,-0.0
2022-11-28,0,-0.006919444959897825,0.4612957724414474,0.4791997459510956,logistic_C0.1,0.25,2022-10-06,0.24791411895708507,0.0,-0.0
2022-11-29,1,0.011577442071218913,0.47013623054417825,0.4791997459510956,logistic_C0.1,0.25,2022-10-06,0.24791411895708507,0.0,0.0
2022-11-30,1,0.019835508406065072,0.45885840019177965,0.4791997459510956,logistic_C0.1,0.25,2022-10-06,0.24791411895708507,0.0,0.0
2022-12-01,0,-0.008631063031945607,0.41313381027724116,0.4791997459510956,logistic_C0.1,0.25,2022-10-06,0.24791411895708507,-1.0,0.007631063031945607
2022-12-02,0,-0.015039449726886533,0.45108314535457944,0.4791997459510956,logistic_C0.1,0.25,2022-10-06,0.24791411895708507,0.0,-0.0
2022-12-05,0,-0.009356433008349097,0.44050790238753595,0.4791997459510956,logistic_C0.1,0.25,2022-10-06,0.24791411895708507,0.0,-0.0
2022-12-06,0,-0.0018934812528673683,0.4826973889942877,0.4791997459510956,logistic_C0.1,0.25,2022-10-06,0.24791411895708507,0.0,-0.0
2022-12-07,0,-0.001282551019125111,0.45958543575147376,0.4791997459510956,logistic_C0.1,0.25,2022-10-06,0.24791411895708507,0.0,-0.0
2022-12-08,0,-0.006627843646570986,0.44036686377052914,0.4791997459510956,logistic_C0.1,0.25,2022-10-06,0.24791411895708507,0.0,-0.0
2022-12-09,1,0.002648222836830083,0.450421388662954,0.4791997459510956,logistic_C0.1,0.25,2022-10-06,0.24791411895708507,0.0,0.0
2022-12-12,0,-0.00023593053530945873,0.4539496930371181,0.4791997459510956,logistic_C0.1,0.25,2022-10-06,0.24791411895708507,0.0,-0.0
2022-12-13,0,-0.005303872036225732,0.44640539098919124,0.4791997459510956,logistic_C0.1,0.25,2022-10-06,0.24791411895708507,0.0,-0.0
2022-12-14,1,0.007745263166737404,0.46688015667300864,0.4791997459510956,logistic_C0.1,0.25,2022-10-06,0.24791411895708507,0.0,0.0
2022-12-15,0,-0.009589609997357251,0.46093930296131735,0.4791997459510956,logistic_C0.1,0.25,2022-10-06,0.24791411895708507,0.0,-0.0
2022-12-16,1,0.012992810387380649,0.47375799867438984,0.4791997459510956,logistic_C0.1,0.25,2022-10-06,0.24791411895708507,0.0,0.0
2022-12-19,1,0.0005912931027147739,0.440021740041794,0.4791997459510956,logistic_C0.1,0.25,2022-10-06,0.24791411895708507,0.0,0.0
2022-12-20,0,-0.004879026583018087,0.4668836873120421,0.4791997459510956,logistic_C0.1,0.25,2022-10-06,0.24791411895708507,0.0,-0.0
2022-12-21,0,-0.007432694479604818,0.43157615344252787,0.4791997459510956,logistic_C0.1,0.25,2022-10-06,0.24791411895708507,0.0,-0.0
2022-12-22,1,0.007149572649572722,0.4475638576351049,0.4791997459510956,logistic_C0.1,0.25,2022-10-06,0.24791411895708507,0.0,0.0
2022-12-23,0,-0.005232473149716643,0.4466344370303287,0.4791997459510956,logistic_C0.1,0.25,2022-10-06,0.24791411895708507,0.0,-0.0
2022-12-26,1,0.00198915478218753,0.41460605011182416,0.4791997459510956,logistic_C0.1,0.25,2022-10-06,0.24791411895708507,-1.0,-0.00298915478218753
2022-12-27,1,0.002264212552416378,0.4616600680406133,0.4791997459510956,logistic_C0.1,0.25,2022-10-06,0.24791411895708507,0.0,0.0
2022-12-28,0,-0.006967275577521859,0.4484543825818297,0.4791997459510956,logistic_C0.1,0.25,2022-10-06,0.24791411895708507,0.0,-0.0
2022-12-29,0,-0.01294505523606071,0.44346819683769856,0.4791997459510956,logistic_C0.1,0.25,2022-10-06,0.24791411895708507,0.0,-0.0
2023-01-02,0,-0.010791350918909148,0.4637211927641515,0.4791997459510956,logistic_C0.1,0.25,2022-10-06,0.24791411895708507,0.0,-0.0
2023-01-03,0,-0.005513272194282437,0.5035178388357096,0.4791997459510956,logistic_C0.1,0.25,2022-10-06,0.24791411895708507,0.0,-0.0
2023-01-04,1,0.02266566333330311,0.49630772757864516,0.4791997459510956,logistic_C0.1,0.25,2022-10-06,0.24791411895708507,0.0,0.0
2023-01-05,0,-0.0015651177144870854,0.49358511095046576,0.4791997459510956,logistic_C0.1,0.25,2022-10-06,0.24791411895708507,0.0,-0.0
2023-01-06,1,0.01622880979852659,0.4897171308196867,0.4791997459510956,logistic_C0.1,0.25,2022-10-06,0.24791411895708507,0.0,0.0
2023-01-09,1,0.014819484686100726,0.47682900244346527,0.47820672478206727,logistic_C0.1,0.25,2023-01-05,0.24787712231743297,0.0,0.0
2023-01-10,1,0.001392650891807623,0.49260149040452594,0.47820672478206727,logistic_C0.1,0.25,2023-01-05,0.24787712231743297,0.0,0.0
2023-01-11,0,-0.00191197309701574,0.44573027698062884,0.47820672478206727,logistic_C0.1,0.25,2023-01-05,0.24787712231743297,0.0,-0.0
2023-01-12,0,-0.004889090847891131,0.46556811125958564,0.47820672478206727,logistic_C0.1,0.25,2023-01-05,0.24787712231743297,0.0,-0.0
2023-01-13,1,0.0036805841823213115,0.4912939202913734,0.47820672478206727,logistic_C0.1,0.25,2023-01-05,0.24787712231743297,0.0,0.0
2023-01-16,1,0.004100315473251737,0.4473050695286369,0.47820672478206727,logistic_C0.1,0.25,2023-01-05,0.24787712231743297,0.0,0.0
2023-01-17,0,-0.008967395831598002,0.4926513934068779,0.47820672478206727,logistic_C0.1,0.25,2023-01-05,0.24787712231743297,0.0,-0.0
2023-01-18,0,-0.005058058444941116,0.4781351460614203,0.47820672478206727,logistic_C0.1,0.25,2023-01-05,0.24787712231743297,0.0,-0.0
2023-01-19,1,0.010948967110627983,0.5130756604635818,0.47820672478206727,logistic_C0.1,0.25,2023-01-05,0.24787712231743297,0.0,0.0
2023-01-20,1,0.006411764705882339,0.4572838073530559,0.47820672478206727,logistic_C0.1,0.25,2023-01-05,0.24787712231743297,0.0,0.0
2023-01-25,1,0.0008200842337777736,0.4707866565450578,0.47820672478206727,logistic_C0.1,0.25,2023-01-05,0.24787712231743297,0.0,0.0
2023-01-26,1,0.013328243397450201,0.5015630028162232,0.47820672478206727,logistic_C0.1,0.25,2023-01-05,0.24787712231743297,0.0,0.0
2023-01-27,1,0.0038391283966183742,0.46588361894512564,0.47820672478206727,logistic_C0.1,0.25,2023-01-05,0.24787712231743297,0.0,0.0
2023-01-30,0,-0.013752495331315617,0.4520608704266546,0.47820672478206727,logistic_C0.1,0.25,2023-01-05,0.24787712231743297,0.0,-0.0
2023-01-31,0,-0.010139106583072155,0.5000997689470544,0.47820672478206727,logistic_C0.1,0.25,2023-01-05,0.24787712231743297,0.0,-0.0
2023-02-01,1,0.001541273001557597,0.4723325963119382,0.47820672478206727,logistic_C0.1,0.25,2023-01-05,0.24787712231743297,0.0,0.0
2023-02-02,0,-0.005262012780325009,0.49929427070249577,0.47820672478206727,logistic_C0.1,0.25,2023-01-05,0.24787712231743297,0.0,-0.0
2023-02-03,1,0.005619207472816301,0.45381400319413334,0.47820672478206727,logistic_C0.1,0.25,2023-01-05,0.24787712231743297,0.0,0.0
2023-02-06,0,-0.009598589661307555,0.4805383878621172,0.47820672478206727,logistic_C0.1,0.25,2023-01-05,0.24787712231743297,0.0,-0.0
2023-02-07,1,0.004741531223618312,0.4976397083561769,0.47820672478206727,logistic_C0.1,0.25,2023-01-05,0.24787712231743297,0.0,0.0
2023-02-08,1,0.005758437203877698,0.47242300368214707,0.47820672478206727,logistic_C0.1,0.25,2023-01-05,0.24787712231743297,0.0,0.0
2023-02-09,1,0.004395586604389212,0.48202557006316343,0.47820672478206727,logistic_C0.1,0.25,2023-01-05,0.24787712231743297,0.0,0.0
2023-02-10,0,-0.0003723716430898971,0.46885453706944313,0.47820672478206727,logistic_C0.1,0.25,2023-01-05,0.24787712231743297,0.0,-0.0
2023-02-13,0,-0.0037612308892103208,0.4794229915059995,0.47820672478206727,logistic_C0.1,0.25,2023-01-05,0.24787712231743297,0.0,-0.0
2023-02-14,0,-0.0023024039687131737,0.4779941143051261,0.47820672478206727,logistic_C0.1,0.25,2023-01-05,0.24787712231743297,0.0,-0.0
2023-02-15,0,-0.018272687205075466,0.46889775075102225,0.47820672478206727,logistic_C0.1,0.25,2023-01-05,0.24787712231743297,0.0,-0.0
2023-02-16,1,0.01285565820806367,0.4686956245975558,0.47820672478206727,logistic_C0.1,0.25,2023-01-05,0.24787712231743297,0.0,0.0
2023-02-17,1,0.0014503648382537815,0.4855950074524229,0.47820672478206727,logistic_C0.1,0.25,2023-01-05,0.24787712231743297,0.0,0.0
2023-02-20,1,0.0007622541526546289,0.466431395234813,0.47820672478206727,logistic_C0.1,0.25,2023-01-05,0.24787712231743297,0.0,0.0
2023-02-21,1,0.0005900281178916611,0.5039328425941824,0.47820672478206727,logistic_C0.1,0.25,2023-01-05,0.24787712231743297,0.0,0.0
2023-02-22,0,-0.005426040882482441,0.47764907588781,0.47820672478206727,logistic_C0.1,0.25,2023-01-05,0.24787712231743297,0.0,-0.0
2023-02-23,1,0.0037366101374067817,0.4409572475308625,0.47820672478206727,logistic_C0.1,0.25,2023-01-05,0.24787712231743297,0.0,0.0
2023-02-24,0,-0.007729816703445969,0.47770235154232504,0.47820672478206727,logistic_C0.1,0.25,2023-01-05,0.24787712231743297,0.0,-0.0
2023-02-27,0,-0.001155723324824831,0.4702453125611187,0.47820672478206727,logistic_C0.1,0.25,2023-01-05,0.24787712231743297,0.0,-0.0
2023-02-28,0,-0.001956501956501988,0.46197618332233525,0.47820672478206727,logistic_C0.1,0.25,2023-01-05,0.24787712231743297,0.0,-0.0
2023-03-02,1,0.005483287156103689,0.5083515364864902,0.47820672478206727,logistic_C0.1,0.25,2023-01-05,0.24787712231743297,0.0,0.0
2023-03-03,0,-0.0027309296232054248,0.4403102467877987,0.47820672478206727,logistic_C0.1,0.25,2023-01-05,0.24787712231743297,0.0,-0.0
2023-03-06,1,0.004142779087120685,0.4608809525396794,0.47820672478206727,logistic_C0.1,0.25,2023-01-05,0.24787712231743297,0.0,0.0
2023-03-07,1,0.002568130758962006,0.4788071380970195,0.47820672478206727,logistic_C0.1,0.25,2023-01-05,0.24787712231743297,0.0,0.0
2023-03-08,0,-0.0015068279424202968,0.46806674229209994,0.47820672478206727,logistic_C0.1,0.25,2023-01-05,0.24787712231743297,0.0,-0.0
2023-03-09,0,-0.008890564120633049,0.475105379455885,0.47820672478206727,logistic_C0.1,0.25,2023-01-05,0.24787712231743297,0.0,-0.0
2023-03-10,1,0.001995966223397483,0.5026690004820701,0.47820672478206727,logistic_C0.1,0.25,2023-01-05,0.24787712231743297,0.0,0.0
2023-03-13,1,0.004228373846570488,0.48652768998047313,0.47820672478206727,logistic_C0.1,0.25,2023-01-05,0.24787712231743297,0.0,0.0
2023-03-14,0,-0.017315383456885325,0.5150962952682349,0.47820672478206727,logistic_C0.1,0.25,2023-01-05,0.24787712231743297,0.0,-0.0
2023-03-15,0,-0.00015545630627422646,0.4639001061072107,0.47820672478206727,logistic_C0.1,0.25,2023-01-05,0.24787712231743297,0.0,-0.0
2023-03-16,1,0.008452149721371649,0.48375790064413615,0.47820672478206727,logistic_C0.1,0.25,2023-01-05,0.24787712231743297,0.0,0.0
2023-03-17,0,-0.0033323626076464663,0.4423153464337624,0.47820672478206727,logistic_C0.1,0.25,2023-01-05,0.24787712231743297,0.0,-0.0
2023-03-20,0,-0.00529711062892213,0.4891843045435783,0.47820672478206727,logistic_C0.1,0.25,2023-01-05,0.24787712231743297,0.0,-0.0
2023-03-21,0,-0.003417426790289335,0.49570909340342983,0.47820672478206727,logistic_C0.1,0.25,2023-01-05,0.24787712231743297,0.0,-0.0
2023-03-22,1,0.0023680663556246984,0.4708881968843185,0.47820672478206727,logistic_C0.1,0.25,2023-01-05,0.24787712231743297,0.0,0.0
2023-03-23,1,0.010928711112593748,0.521097366658811,0.47820672478206727,logistic_C0.1,0.25,2023-01-05,0.24787712231743297,0.0,0.0
2023-03-24,0,-0.0026060703680299557,0.47337386136121073,0.47820672478206727,logistic_C0.1,0.25,2023-01-05,0.24787712231743297,0.0,-0.0
2023-03-27,0,-0.006072757576507826,0.45656156913692825,0.47820672478206727,logistic_C0.1,0.25,2023-01-05,0.24787712231743297,0.0,-0.0
2023-03-28,1,0.006718512914015484,0.49852264656580936,0.47820672478206727,logistic_C0.1,0.25,2023-01-05,0.24787712231743297,0.0,0.0
2023-03-29,1,0.004641067486629735,0.47608983989126663,0.47820672478206727,logistic_C0.1,0.25,2023-01-05,0.24787712231743297,0.0,0.0
2023-03-30,1,7.745712340545552e-05,0.46803582558462775,0.47820672478206727,logistic_C0.1,0.25,2023-01-05,0.24787712231743297,0.0,0.0
2023-03-31,1,0.006878216541866822,0.48301545252879896,0.47820672478206727,logistic_C0.1,0.25,2023-01-05,0.24787712231743297,0.0,0.0
2023-04-03,0,-0.005418756863959762,0.4768826870823917,0.47820672478206727,logistic_C0.1,0.25,2023-01-05,0.24787712231743297,0.0,-0.0
2023-04-04,1,0.0018740887041728271,0.5093822505777804,0.47820672478206727,logistic_C0.1,0.25,2023-01-05,0.24787712231743297,0.0,0.0
2023-04-05,1,0.005075303813325549,0.5001446034332432,0.47820672478206727,logistic_C0.1,0.25,2023-01-05,0.24787712231743297,0.0,0.0
2023-04-06,0,-0.01156350482315116,0.5011781809492362,0.47820672478206727,logistic_C0.1,0.25,2023-01-05,0.24787712231743297,0.0,-0.0
2023-04-07,1,0.004748571797437373,0.4654059882361718,0.47820672478206727,logistic_C0.1,0.25,2023-01-05,0.24787712231743297,0.0,0.0
2023-04-10,1,0.008187247158543576,0.47601921477543363,0.47820672478206727,logistic_C0.1,0.25,2023-01-05,0.24787712231743297,0.0,0.0
2023-04-11,1,0.00972128100565528,0.49414461661742215,0.47969465648854964,logistic_C0.1,0.25,2023-04-07,0.24749236648344466,0.0,0.0
2023-04-12,1,0.0016808306759452663,0.5017436955798225,0.47969465648854964,logistic_C0.1,0.25,2023-04-07,0.24749236648344466,0.0,0.0
2023-04-13,1,0.010632380035585864,0.49983563756513816,0.47969465648854964,logistic_C0.1,0.25,2023-04-07,0.24749236648344466,0.0,0.0
2023-04-14,0,-0.0033370799581412536,0.44398683005363637,0.47969465648854964,logistic_C0.1,0.25,2023-04-07,0.24749236648344466,0.0,-0.0
2023-04-17,1,0.0021826245963505464,0.47705019816687094,0.47969465648854964,logistic_C0.1,0.25,2023-04-07,0.24749236648344466,0.0,0.0
2023-04-18,0,-0.004314100602967108,0.4698660177716799,0.47969465648854964,logistic_C0.1,0.25,2023-04-07,0.24749236648344466,0.0,-0.0
2023-04-19,1,0.001953261791553418,0.4876414309401301,0.47969465648854964,logistic_C0.1,0.25,2023-04-07,0.24749236648344466,0.0,0.0
2023-04-20,0,-0.001149622378276316,0.4850574361978034,0.47969465648854964,logistic_C0.1,0.25,2023-04-07,0.24749236648344466,0.0,-0.0
2023-04-21,0,-0.0048108890366487245,0.48700582029426537,0.47969465648854964,logistic_C0.1,0.25,2023-04-07,0.24749236648344466,0.0,-0.0
2023-04-24,0,-0.0058541735608819145,0.4713418171693241,0.47969465648854964,logistic_C0.1,0.25,2023-04-07,0.24749236648344466,0.0,-0.0
2023-04-25,0,-0.0167223023287969,0.501369755782076,0.47969465648854964,logistic_C0.1,0.25,2023-04-07,0.24749236648344466,0.0,-0.0
2023-04-26,0,-0.001871869338699872,0.5265616597597949,0.47969465648854964,logistic_C0.1,0.25,2023-04-07,0.24749236648344466,0.0,-0.0
2023-04-27,1,0.004629051929912142,0.4776968037999528,0.47969465648854964,logistic_C0.1,0.25,2023-04-07,0.24749236648344466,0.0,0.0
2023-04-28,0,-0.004084736383216603,0.43899820622130314,0.47969465648854964,logistic_C0.1,0.25,2023-04-07,0.24749236648344466,0.0,-0.0
2023-05-02,1,0.00813894513200819,0.49670443922214036,0.47969465648854964,logistic_C0.1,0.25,2023-04-07,0.24749236648344466,0.0,0.0
2023-05-03,0,-0.0035017269609073365,0.5194114946384273,0.47969465648854964,logistic_C0.1,0.25,2023-04-07,0.24749236648344466,0.0,-0.0
2023-05-04,1,0.002453082787535754,0.48155025123037587,0.47969465648854964,logistic_C0.1,0.25,2023-04-07,0.24749236648344466,0.0,0.0
2023-05-08,0,-0.002112343311376108,0.43292544926211646,0.47969465648854964,logistic_C0.1,0.25,2023-04-07,0.24749236648344466,0.0,-0.0
2023-05-09,0,-0.0009075204789161795,0.4813735602475535,0.47969465648854964,logistic_C0.1,0.25,2023-04-07,0.24749236648344466,0.0,-0.0
2023-05-10,0,-0.0037710099123688945,0.47301761233333806,0.47969465648854964,logistic_C0.1,0.25,2023-04-07,0.24749236648344466,0.0,-0.0
2023-05-11,0,-0.005815044081785792,0.48174251527335576,0.47969465648854964,logistic_C0.1,0.25,2023-04-07,0.24749236648344466,0.0,-0.0
2023-05-12,0,-0.004796269121756014,0.48139515301604796,0.47969465648854964,logistic_C0.1,0.25,2023-04-07,0.24749236648344466,0.0,-0.0
2023-05-15,1,0.0038667098550488888,0.4649684687139692,0.47969465648854964,logistic_C0.1,0.25,2023-04-07,0.24749236648344466,0.0,0.0
2023-05-16,0,-0.005676715843489499,0.4951100601532483,0.47969465648854964,logistic_C0.1,0.25,2023-04-07,0.24749236648344466,0.0,-0.0
2023-05-17,1,0.006053273647490531,0.4958181550847011,0.47969465648854964,logistic_C0.1,0.25,2023-04-07,0.24749236648344466,0.0,0.0
2023-05-18,1,0.0017163861112106105,0.4886258007767566,0.47969465648854964,logistic_C0.1,0.25,2023-04-07,0.24749236648344466,0.0,0.0
2023-05-19,1,0.0027500859401856648,0.4878499596815583,0.47969465648854964,logistic_C0.1,0.25,2023-04-07,0.24749236648344466,0.0,0.0
2023-05-22,1,0.006712519143474482,0.48072112068608763,0.47969465648854964,logistic_C0.1,0.25,2023-04-07,0.24749236648344466,0.0,0.0
2023-05-23,1,0.00068204848390363,0.4841283530679942,0.47969465648854964,logistic_C0.1,0.25,2023-04-07,0.24749236648344466,0.0,0.0
2023-05-24,1,0.004043627376217662,0.5024512841925364,0.47969465648854964,logistic_C0.1,0.25,2023-04-07,0.24749236648344466,0.0,0.0
2023-05-25,0,-0.0062046805464786026,0.4642155279293321,0.47969465648854964,logistic_C0.1,0.25,2023-04-07,0.24749236648344466,0.0,-0.0
2023-05-26,0,-0.0012217304074256807,0.47745985710677136,0.47969465648854964,logistic_C0.1,0.25,2023-04-07,0.24749236648344466,0.0,-0.0
2023-05-30,1,0.001204301408374464,0.5222498756596985,0.47969465648854964,logistic_C0.1,0.25,2023-04-07,0.24749236648344466,0.0,0.0
2023-05-31,0,-0.0034454356677997566,0.5243919746290595,0.47969465648854964,logistic_C0.1,0.25,2023-04-07,0.24749236648344466,0.0,-0.0
2023-06-01,0,-0.001317753521783649,0.5050954000003971,0.47969465648854964,logistic_C0.1,0.25,2023-04-07,0.24749236648344466,0.0,-0.0
2023-06-02,1,0.005834657634353757,0.4950095246729337,0.47969465648854964,logistic_C0.1,0.25,2023-04-07,0.24749236648344466,0.0,0.0
2023-06-05,0,-0.0007717493877582582,0.4595571735164674,0.47969465648854964,logistic_C0.1,0.25,2023-04-07,0.24749236648344466,0.0,-0.0
2023-06-07,0,-0.002996043393076353,0.4664288056842835,0.47969465648854964,logistic_C0.1,0.25,2023-04-07,0.24749236648344466,0.0,-0.0
2023-06-08,1,0.0006285427389898235,0.4912507367026211,0.47969465648854964,logistic_C0.1,0.25,2023-04-07,0.24749236648344466,0.0,0.0
2023-06-09,1,0.006482098965379102,0.46393713845693174,0.47969465648854964,logistic_C0.1,0.25,2023-04-07,0.24749236648344466,0.0,0.0
2023-06-12,0,-0.006851772811228729,0.4688981301285024,0.47969465648854964,logistic_C0.1,0.25,2023-04-07,0.24749236648344466,0.0,-0.0
2023-06-13,0,-0.0024504335527882892,0.48749725426853513,0.47969465648854964,logistic_C0.1,0.25,2023-04-07,0.24749236648344466,0.0,-0.0
2023-06-14,0,-0.008228535941623982,0.4769034021129432,0.47969465648854964,logistic_C0.1,0.25,2023-04-07,0.24749236648344466,0.0,-0.0
2023-06-15,0,-0.007872997520195879,0.495978795277475,0.47969465648854964,logistic_C0.1,0.25,2023-04-07,0.24749236648344466,0.0,-0.0
2023-06-16,1,0.0008461752497550545,0.4770432901252668,0.47969465648854964,logistic_C0.1,0.25,2023-04-07,0.24749236648344466,0.0,0.0
2023-06-19,0,-0.0032695965715071607,0.47245979231365653,0.47969465648854964,logistic_C0.1,0.25,2023-04-07,0.24749236648344466,0.0,-0.0
2023-06-20,1,0.0007991301775374104,0.5021924439690022,0.47969465648854964,logistic_C0.1,0.25,2023-04-07,0.24749236648344466,0.0,0.0
2023-06-21,0,-0.0063712156479518445,0.4855840722544936,0.47969465648854964,logistic_C0.1,0.25,2023-04-07,0.24749236648344466,0.0,-0.0
2023-06-22,1,0.007007939743365554,0.4943608358969267,0.47969465648854964,logistic_C0.1,0.25,2023-04-07,0.24749236648344466,0.0,0.0
2023-06-23,0,-0.011134880571287864,0.44382628609178737,0.47969465648854964,logistic_C0.1,0.25,2023-04-07,0.24749236648344466,0.0,-0.0
2023-06-26,1,0.0052751445311738365,0.48891520325580784,0.47969465648854964,logistic_C0.1,0.25,2023-04-07,0.24749236648344466,0.0,0.0
2023-06-27,1,0.0001433541778055325,0.5105445381758688,0.47969465648854964,logistic_C0.1,0.25,2023-04-07,0.24749236648344466,0.0,0.0
2023-06-28,0,-0.010163982520883796,0.48287309675434653,0.47969465648854964,logistic_C0.1,0.25,2023-04-07,0.24749236648344466,0.0,-0.0
2023-06-29,0,-0.005460175817661339,0.4961448522604628,0.47969465648854964,logistic_C0.1,0.25,2023-04-07,0.24749236648344466,0.0,-0.0
2023-06-30,1,0.0022865585534879163,0.48346915844513066,0.47969465648854964,logistic_C0.1,0.25,2023-04-07,0.24749236648344466,0.0,0.0
2023-07-03,1,0.00836145670679489,0.48398154417218264,0.47969465648854964,logistic_C0.1,0.25,2023-04-07,0.24749236648344466,0.0,0.0
2023-07-04,0,-0.004380509229398921,0.5021444138599738,0.47969465648854964,logistic_C0.1,0.25,2023-04-07,0.24749236648344466,0.0,-0.0
2023-07-05,0,-0.005579397486764726,0.5016011770922388,0.47969465648854964,logistic_C0.1,0.25,2023-04-07,0.24749236648344466,0.0,-0.0
2023-07-06,0,-0.007169628119234939,0.47038070359721984,0.47969465648854964,logistic_C0.1,0.25,2023-04-07,0.24749236648344466,0.0,-0.0
2023-07-07,0,-0.008125900424352461,0.47476314801210756,0.47969465648854964,logistic_C0.1,0.25,2023-04-07,0.24749236648344466,0.0,-0.0
2023-07-10,0,-0.00291921141736029,0.45531663060266875,0.47969465648854964,logistic_C0.1,0.25,2023-04-07,0.24749236648344466,0.0,-0.0
2023-07-11,1,0.009315277843424452,0.49386344960114126,0.47969465648854964,logistic_C0.1,0.25,2023-04-07,0.24749236648344466,0.0,0.0
2023-07-12,1,0.006689839342198356,0.47839320645739886,0.47969465648854964,logistic_C0.1,0.25,2023-04-07,0.24749236648344466,0.0,0.0
2023-07-13,1,0.0005173964917428719,0.4739363947927957,0.47902935889754344,logistic_C0.1,0.25,2023-07-11,0.24726919454390212,0.0,0.0
2023-07-14,1,0.007988586637622141,0.4654531010541556,0.47902935889754344,logistic_C0.1,0.25,2023-07-11,0.24726919454390212,0.0,0.0
2023-07-17,1,0.0005080854347567776,0.44117223274049544,0.47902935889754344,logistic_C0.1,0.25,2023-07-11,0.24726919454390212,0.0,0.0
2023-07-18,0,-0.006465771796737907,0.46065362721604275,0.47902935889754344,logistic_C0.1,0.25,2023-07-11,0.24726919454390212,0.0,-0.0
2023-07-19,0,-0.0053389468545975705,0.47101085655833946,0.47902935889754344,logistic_C0.1,0.25,2023-07-11,0.24726919454390212,0.0,-0.0
2023-07-20,1,0.0018687051607086946,0.4776459808587496,0.47902935889754344,logistic_C0.1,0.25,2023-07-11,0.24726919454390212,0.0,0.0
2023-07-21,1,0.01111946254639573,0.47128162489166575,0.47902935889754344,logistic_C0.1,0.25,2023-07-11,0.24726919454390212,0.0,0.0
2023-07-24,1,0.00769033188037449,0.47241310921179114,0.47902935889754344,logistic_C0.1,0.25,2023-07-11,0.24726919454390212,0.0,0.0
2023-07-25,0,-0.002606540942364788,0.4717447485318895,0.47902935889754344,logistic_C0.1,0.25,2023-07-11,0.24726919454390212,0.0,-0.0
2023-07-26,0,-0.017584016735133212,0.4790089448995203,0.47902935889754344,logistic_C0.1,0.25,2023-07-11,0.24726919454390212,0.0,-0.0
2023-07-27,1,0.0015347216345746872,0.4831667764757294,0.47902935889754344,logistic_C0.1,0.25,2023-07-11,0.24726919454390212,0.0,0.0
2023-07-28,1,0.005648366985776976,0.48423492071823804,0.47902935889754344,logistic_C0.1,0.25,2023-07-11,0.24726919454390212,0.0,0.0
2023-07-31,1,0.0014112527435743427,0.4481521957832691,0.47902935889754344,logistic_C0.1,0.25,2023-07-11,0.24726919454390212,0.0,0.0
2023-08-01,1,0.008595717645990986,0.4908895973594234,0.47902935889754344,logistic_C0.1,0.25,2023-07-11,0.24726919454390212,0.0,0.0
2023-08-02,0,-0.013222554525123331,0.48662534355023845,0.47902935889754344,logistic_C0.1,0.25,2023-07-11,0.24726919454390212,0.0,-0.0
2023-08-03,0,-0.007379722336518513,0.49086585762514234,0.47902935889754344,logistic_C0.1,0.25,2023-07-11,0.24726919454390212,0.0,-0.0
2023-08-04,0,-0.0012930852553747485,0.472557584371858,0.47902935889754344,logistic_C0.1,0.25,2023-07-11,0.24726919454390212,0.0,-0.0
2023-08-07,0,-0.004194352479954255,0.46058161651168095,0.47902935889754344,logistic_C0.1,0.25,2023-07-11,0.24726919454390212,0.0,-0.0
2023-08-08,0,-0.009356153470166939,0.47063783500818873,0.47902935889754344,logistic_C0.1,0.25,2023-07-11,0.24726919454390212,0.0,-0.0
2023-08-09,1,0.009501666279159826,0.518261206409747,0.47902935889754344,logistic_C0.1,0.25,2023-07-11,0.24726919454390212,0.0,0.0
2023-08-10,1,0.003533405338682183,0.4910199882697467,0.47902935889754344,logistic_C0.1,0.25,2023-07-11,0.24726919454390212,0.0,0.0
2023-08-11,0,-0.0076553374820487186,0.453828683977335,0.47902935889754344,logistic_C0.1,0.25,2023-07-11,0.24726919454390212,0.0,-0.0
2023-08-14,0,-0.006046757986630791,0.46208140508825296,0.47902935889754344,logistic_C0.1,0.25,2023-07-11,0.24726919454390212,0.0,-0.0
2023-08-16,0,-0.009603431981899058,0.48183234855242574,0.47902935889754344,logistic_C0.1,0.25,2023-07-11,0.24726919454390212,0.0,-0.0
2023-08-17,1,0.0027577479585501052,0.48662383426720923,0.47902935889754344,logistic_C0.1,0.25,2023-07-11,0.24726919454390212,0.0,0.0
2023-08-18,1,0.003735201468431093,0.4947710795521589,0.47902935889754344,logistic_C0.1,0.25,2023-07-11,0.24726919454390212,0.0,0.0
2023-08-21,0,-0.0011545964884339677,0.47431813262314043,0.47902935889754344,logistic_C0.1,0.25,2023-07-11,0.24726919454390212,0.0,-0.0
2023-08-22,0,-0.005003183844264569,0.47912938603125765,0.47902935889754344,logistic_C0.1,0.25,2023-07-11,0.24726919454390212,0.0,-0.0
2023-08-23,0,-0.0017928286852589848,0.4925894691655457,0.47902935889754344,logistic_C0.1,0.25,2023-07-11,0.24726919454390212,0.0,-0.0
2023-08-24,1,0.0023303762570205944,0.4695590319508268,0.47902935889754344,logistic_C0.1,0.25,2023-07-11,0.24726919454390212,0.0,0.0
2023-08-25,1,0.0054881675108466865,0.4974097517836331,0.47902935889754344,logistic_C0.1,0.25,2023-07-11,0.24726919454390212,0.0,0.0
2023-08-28,1,0.003547162664435888,0.43774664521619844,0.47902935889754344,logistic_C0.1,0.25,2023-07-11,0.24726919454390212,0.0,0.0
2023-08-29,1,0.0005488560272230991,0.4849407376626971,0.47902935889754344,logistic_C0.1,0.25,2023-07-11,0.24726919454390212,0.0,0.0
2023-08-30,0,-0.005513663790760459,0.48205263417704874,0.47902935889754344,logistic_C0.1,0.25,2023-07-11,0.24726919454390212,0.0,-0.0
2023-08-31,0,-0.0031897677864648477,0.47519530172027064,0.47902935889754344,logistic_C0.1,0.25,2023-07-11,0.24726919454390212,0.0,-0.0
2023-09-01,1,0.004616114078364264,0.4991614965493479,0.47902935889754344,logistic_C0.1,0.25,2023-07-11,0.24726919454390212,0.0,0.0
2023-09-04,1,0.006864230812682948,0.47490506654457904,0.47902935889754344,logistic_C0.1,0.25,2023-07-11,0.24726919454390212,0.0,0.0
2023-09-05,1,0.0012679775564095053,0.5109595921581584,0.47902935889754344,logistic_C0.1,0.25,2023-07-11,0.24726919454390212,0.0,0.0
2023-09-06,0,-0.005458968499384875,0.483126922001777,0.47902935889754344,logistic_C0.1,0.25,2023-07-11,0.24726919454390212,0.0,-0.0
2023-09-07,0,-0.0025872157878873425,0.4894467563155357,0.47902935889754344,logistic_C0.1,0.25,2023-07-11,0.24726919454390212,0.0,-0.0
2023-09-08,1,0.0006323471075027065,0.49380354999789167,0.47902935889754344,logistic_C0.1,0.25,2023-07-11,0.24726919454390212,0.0,0.0
2023-09-11,1,0.0027452272263792654,0.46071869224311685,0.47902935889754344,logistic_C0.1,0.25,2023-07-11,0.24726919454390212,0.0,0.0
2023-09-12,0,-0.011627091434761372,0.47205532053595345,0.47902935889754344,logistic_C0.1,0.25,2023-07-11,0.24726919454390212,0.0,-0.0
2023-09-13,0,-0.0005993170939428971,0.507033156253336,0.47902935889754344,logistic_C0.1,0.25,2023-07-11,0.24726919454390212,0.0,-0.0
2023-09-14,1,0.011002440184055162,0.48555373516885114,0.47902935889754344,logistic_C0.1,0.25,2023-07-11,0.24726919454390212,0.0,0.0
2023-09-15,1,0.01021367156249764,0.4696265994345802,0.47902935889754344,logistic_C0.1,0.25,2023-07-11,0.24726919454390212,0.0,0.0
2023-09-18,0,-0.005396551923946169,0.4632561386660281,0.47902935889754344,logistic_C0.1,0.25,2023-07-11,0.24726919454390212,0.0,-0.0
2023-09-19,0,-0.007812015383661053,0.48232737491230715,0.47902935889754344,logistic_C0.1,0.25,2023-07-11,0.24726919454390212,0.0,-0.0
2023-09-20,1,0.0012477753222113197,0.49358692412228056,0.47902935889754344,logistic_C0.1,0.25,2023-07-11,0.24726919454390212,0.0,0.0
2023-09-21,0,-0.011725826289585517,0.49053047568537345,0.47902935889754344,logistic_C0.1,0.25,2023-07-11,0.24726919454390212,0.0,-0.0
2023-09-22,1,0.006694896546188156,0.4707820566754836,0.47902935889754344,logistic_C0.1,0.25,2023-07-11,0.24726919454390212,0.0,0.0
2023-09-25,0,-0.00333053791781468,0.4715847506117146,0.47902935889754344,logistic_C0.1,0.25,2023-07-11,0.24726919454390212,0.0,-0.0
2023-09-26,0,-0.012299289392213808,0.4839133921758138,0.47902935889754344,logistic_C0.1,0.25,2023-07-11,0.24726919454390212,0.0,-0.0
2023-09-27,1,0.006977152684447319,0.4999166326063925,0.47902935889754344,logistic_C0.1,0.25,2023-07-11,0.24726919454390212,0.0,0.0
2023-10-04,0,-0.012353332402762263,0.4970919036011482,0.47902935889754344,logistic_C0.1,0.25,2023-07-11,0.24726919454390212,0.0,-0.0
2023-10-05,0,-0.008149875172797971,0.4604993647388899,0.47902935889754344,logistic_C0.1,0.25,2023-07-11,0.24726919454390212,0.0,-0.0
2023-10-06,0,-3.321141974665931e-05,0.5000152831464127,0.47902935889754344,logistic_C0.1,0.25,2023-07-11,0.24726919454390212,0.0,-0.0
2023-10-10,0,-0.013953984683449772,0.47450657481729264,0.47902935889754344,logistic_C0.1,0.25,2023-07-11,0.24726919454390212,0.0,-0.0
2023-10-11,1,0.005565314464892612,0.5115880008046361,0.47902935889754344,logistic_C0.1,0.25,2023-07-11,0.24726919454390212,0.0,0.0
2023-10-12,1,0.005934633841610637,0.5073003599126739,0.47902935889754344,logistic_C0.1,0.25,2023-07-11,0.24726919454390212,0.0,0.0
2023-10-13,0,-0.001909909177723046,0.4806704195908611,0.47902935889754344,logistic_C0.1,0.25,2023-07-11,0.24726919454390212,0.0,-0.0
2023-10-16,0,-0.0025343612713568664,0.47076735301440703,0.47902935889754344,logistic_C0.1,0.25,2023-07-11,0.24726919454390212,0.0,-0.0
2023-10-17,1,0.002457072538649019,0.4847615324349458,0.47902935889754344,logistic_C0.1,0.25,2023-07-11,0.24726919454390212,0.0,0.0
2023-10-18,1,0.004302522379233675,0.4729218833486662,0.47927080270508676,logistic_C0.1,0.25,2023-10-16,0.24754556849595755,0.0,0.0
2023-10-19,0,-0.006628507516694637,0.48646913952612403,0.47927080270508676,logistic_C0.1,0.25,2023-10-16,0.24754556849595755,0.0,-0.0
2023-10-20,0,-0.006916045727857312,0.4695261787657873,0.47927080270508676,logistic_C0.1,0.25,2023-10-16,0.24754556849595755,0.0,-0.0
2023-10-23,0,-0.005506166484534281,0.48226636563549874,0.47927080270508676,logistic_C0.1,0.25,2023-10-16,0.24754556849595755,0.0,-0.0
2023-10-24,1,0.005043115262170383,0.47337041738208474,0.47927080270508676,logistic_C0.1,0.25,2023-10-16,0.24754556849595755,0.0,0.0
2023-10-25,0,-0.010907279751216858,0.4657569687590403,0.47927080270508676,logistic_C0.1,0.25,2023-10-16,0.24754556849595755,0.0,-0.0
2023-10-26,0,-0.011497020405706437,0.47810865376316686,0.47927080270508676,logistic_C0.1,0.25,2023-10-16,0.24754556849595755,0.0,-0.0
2023-10-27,0,-0.003798251420018328,0.5020017796489402,0.47927080270508676,logistic_C0.1,0.25,2023-10-16,0.24754556849595755,0.0,-0.0
2023-10-30,1,0.007943847771272994,0.4861800697447345,0.47927080270508676,logistic_C0.1,0.25,2023-10-16,0.24754556849595755,0.0,0.0
2023-10-31,0,-0.017425886067486518,0.4452622655630957,0.47927080270508676,logistic_C0.1,0.25,2023-10-16,0.24754556849595755,0.0,-0.0
2023-11-01,1,0.0037812542250172942,0.4933995073940165,0.47927080270508676,logistic_C0.1,0.25,2023-10-16,0.24754556849595755,0.0,0.0
2023-11-02,1,0.0034947065474353334,0.5100358696697668,0.47927080270508676,logistic_C0.1,0.25,2023-10-16,0.24754556849595755,0.0,0.0
2023-11-03,1,0.001162500686932244,0.49660144823130353,0.47927080270508676,logistic_C0.1,0.25,2023-10-16,0.24754556849595755,0.0,0.0
2023-11-06,1,0.04274106175514625,0.4842064860325669,0.47927080270508676,logistic_C0.1,0.25,2023-10-16,0.24754556849595755,0.0,0.0
2023-11-07,0,-0.013079734286348788,0.484070638954027,0.47927080270508676,logistic_C0.1,0.25,2023-10-16,0.24754556849595755,0.0,-0.0
2023-11-08,0,-0.015689653770801004,0.44556285936360374,0.47927080270508676,logistic_C0.1,0.25,2023-10-16,0.24754556849595755,0.0,-0.0
2023-11-09,1,0.0004740450054205869,0.5014186504682376,0.47927080270508676,logistic_C0.1,0.25,2023-10-16,0.24754556849595755,0.0,0.0
2023-11-10,1,0.001354720744680682,0.4592321903619936,0.47927080270508676,logistic_C0.1,0.25,2023-10-16,0.24754556849595755,0.0,0.0
2023-11-13,0,-0.01130287425346721,0.41933210103927765,0.47927080270508676,logistic_C0.1,0.25,2023-10-16,0.24754556849595755,-1.0,0.010302874253467209
2023-11-14,1,0.0034310268750026296,0.5176698066034244,0.47927080270508676,logistic_C0.1,0.25,2023-10-16,0.24754556849595755,0.0,0.0
2023-11-15,1,0.0017967859286684984,0.4884194442355868,0.47927080270508676,logistic_C0.1,0.25,2023-10-16,0.24754556849595755,0.0,0.0
2023-11-16,1,0.0018925056775169757,0.48083121294357534,0.47927080270508676,logistic_C0.1,0.25,2023-10-16,0.24754556849595755,0.0,0.0
2023-11-17,0,-0.0030596222698522357,0.4737622612332196,0.47927080270508676,logistic_C0.1,0.25,2023-10-16,0.24754556849595755,0.0,-0.0
2023-11-20,1,0.010743613879061309,0.42477220371244995,0.47927080270508676,logistic_C0.1,0.25,2023-10-16,0.24754556849595755,-1.0,-0.01174361387906131
2023-11-21,1,0.002283706631532878,0.496865480241805,0.47927080270508676,logistic_C0.1,0.25,2023-10-16,0.24754556849595755,0.0,0.0
2023-11-22,1,0.007432305057416766,0.4818994652059278,0.47927080270508676,logistic_C0.1,0.25,2023-10-16,0.24754556849595755,0.0,0.0
2023-11-23,0,-0.0003458103289967207,0.46674595675408803,0.47927080270508676,logistic_C0.1,0.25,2023-10-16,0.24754556849595755,0.0,-0.0
2023-11-24,0,-0.00843963969688788,0.49220893290563056,0.47927080270508676,logistic_C0.1,0.25,2023-10-16,0.24754556849595755,0.0,-0.0
2023-11-27,0,-0.002466194745446404,0.4833565015795185,0.47927080270508676,logistic_C0.1,0.25,2023-10-16,0.24754556849595755,0.0,-0.0
2023-11-28,1,0.006232692507202486,0.4917934915692035,0.47927080270508676,logistic_C0.1,0.25,2023-10-16,0.24754556849595755,0.0,0.0
2023-11-29,1,0.00040098459583925994,0.4697789282728354,0.47927080270508676,logistic_C0.1,0.25,2023-10-16,0.24754556849595755,0.0,0.0
2023-11-30,1,0.009227302944536664,0.4901223083262551,0.47927080270508676,logistic_C0.1,0.25,2023-10-16,0.24754556849595755,0.0,0.0
2023-12-01,0,-0.006141662930620462,0.47519367942758395,0.47927080270508676,logistic_C0.1,0.25,2023-10-16,0.24754556849595755,0.0,-0.0
2023-12-04,0,-0.0028823813941686316,0.4589922724621024,0.47927080270508676,logistic_C0.1,0.25,2023-10-16,0.24754556849595755,0.0,-0.0
2023-12-05,0,-0.005252348002951046,0.4962323496633026,0.47927080270508676,logistic_C0.1,0.25,2023-10-16,0.24754556849595755,0.0,-0.0
2023-12-06,0,-0.0032713285428408456,0.48152283473076457,0.47927080270508676,logistic_C0.1,0.25,2023-10-16,0.24754556849595755,0.0,-0.0
2023-12-07,0,-0.0004291776635085842,0.5011492901752287,0.47927080270508676,logistic_C0.1,0.25,2023-10-16,0.24754556849595755,0.0,-0.0
2023-12-08,1,0.0030315826375166832,0.48920267296651293,0.47927080270508676,logistic_C0.1,0.25,2023-10-16,0.24754556849595755,0.0,0.0
2023-12-11,1,0.00022576135044904966,0.47620299252506115,0.47927080270508676,logistic_C0.1,0.25,2023-10-16,0.24754556849595755,0.0,0.0
2023-12-12,1,6.311363215005805e-05,0.5143108961430759,0.47927080270508676,logistic_C0.1,0.25,2023-10-16,0.24754556849595755,0.0,0.0
2023-12-13,0,-0.008126483962342501,0.5017480773674554,0.47927080270508676,logistic_C0.1,0.25,2023-10-16,0.24754556849595755,0.0,-0.0
2023-12-14,0,-0.0013973168376678613,0.5008875872839251,0.47927080270508676,logistic_C0.1,0.25,2023-10-16,0.24754556849595755,0.0,-0.0
2023-12-15,1,0.002001219493128481,0.5304560648092371,0.47927080270508676,logistic_C0.1,0.25,2023-10-16,0.24754556849595755,0.0,0.0
2023-12-18,0,-0.0007435465222654924,0.4792192126728071,0.47927080270508676,logistic_C0.1,0.25,2023-10-16,0.24754556849595755,0.0,-0.0
2023-12-19,1,0.001458197683259277,0.4815839549960088,0.47927080270508676,logistic_C0.1,0.25,2023-10-16,0.24754556849595755,0.0,0.0
2023-12-20,1,0.010556670106958377,0.48368777553568354,0.47927080270508676,logistic_C0.1,0.25,2023-10-16,0.24754556849595755,0.0,0.0
2023-12-21,1,0.0006350134892258996,0.49185226481525923,0.47927080270508676,logistic_C0.1,0.25,2023-10-16,0.24754556849595755,0.0,0.0
2023-12-22,0,-0.0069564353712389115,0.4433624606619706,0.47927080270508676,logistic_C0.1,0.25,2023-10-16,0.24754556849595755,0.0,-0.0
2023-12-26,0,-0.0026250843092771037,0.5102868997237834,0.47927080270508676,logistic_C0.1,0.25,2023-10-16,0.24754556849595755,0.0,-0.0
2023-12-27,1,0.005443668609460106,0.47995460944355783,0.47927080270508676,logistic_C0.1,0.25,2023-10-16,0.24754556849595755,0.0,0.0
2023-12-28,1,0.014910540578763065,0.4825827427942785,0.47927080270508676,logistic_C0.1,0.25,2023-10-16,0.24754556849595755,0.0,0.0
2024-01-02,1,0.009200633535817904,0.5000531767649936,0.47927080270508676,logistic_C0.1,0.25,2023-10-16,0.24754556849595755,0.0,0.0
2024-01-03,0,-0.013705107545185613,0.4689397710951729,0.47927080270508676,logistic_C0.1,0.25,2023-10-16,0.24754556849595755,0.0,-0.0
2024-01-04,0,-0.002090694480875177,0.46830546508664356,0.47927080270508676,logistic_C0.1,0.25,2023-10-16,0.24754556849595755,0.0,-0.0
2024-01-05,0,-0.003405633791927709,0.45933441672542935,0.47927080270508676,logistic_C0.1,0.25,2023-10-16,0.24754556849595755,0.0,-0.0
2024-01-08,0,-0.006350053981263204,0.4415198201383687,0.47927080270508676,logistic_C0.1,0.25,2023-10-16,0.24754556849595755,0.0,-0.0
2024-01-09,0,-0.014266965835485479,0.46679794267340113,0.47927080270508676,logistic_C0.1,0.25,2023-10-16,0.24754556849595755,0.0,-0.0
2024-01-10,0,-0.00857654340729408,0.5064249570412099,0.47927080270508676,logistic_C0.1,0.25,2023-10-16,0.24754556849595755,0.0,-0.0
2024-01-11,0,-0.0010853194810915845,0.47102889786863145,0.47927080270508676,logistic_C0.1,0.25,2023-10-16,0.24754556849595755,0.0,-0.0
2024-01-12,0,-0.004533717056632081,0.4859270074374612,0.47927080270508676,logistic_C0.1,0.25,2023-10-16,0.24754556849595755,0.0,-0.0
2024-01-15,1,0.00011877942265270391,0.4574070841239048,0.47927080270508676,logistic_C0.1,0.25,2023-10-16,0.24754556849595755,0.0,0.0
2024-01-16,0,-0.00742368664729931,0.502889604949321,0.47927080270508676,logistic_C0.1,0.25,2023-10-16,0.24754556849595755,0.0,-0.0
2024-01-17,0,-0.02611914937850579,0.5001999638444689,0.47927080270508676,logistic_C0.1,0.25,2023-10-16,0.24754556849595755,0.0,-0.0
2024-01-18,1,3.2787422744595673e-05,0.5051812049523703,0.4792147806004619,logistic_C0.1,0.25,2024-01-16,0.2478780459349931,0.0,0.0
2024-01-19,1,0.0017460491081375817,0.4948448204178296,0.4792147806004619,logistic_C0.1,0.25,2024-01-16,0.2478780459349931,0.0,0.0
2024-01-22,0,-0.01013026345915169,0.4894094064104491,0.4792147806004619,logistic_C0.1,0.25,2024-01-16,0.2478780459349931,0.0,-0.0
2024-01-23,1,0.00011701475192871236,0.513560839990104,0.4792147806004619,logistic_C0.1,0.25,2024-01-16,0.2478780459349931,0.0,0.0
2024-01-24,0,-0.0026370839424605386,0.5149755319856704,0.4792147806004619,logistic_C0.1,0.25,2024-01-16,0.2478780459349931,0.0,-0.0
2024-01-25,1,0.0010576521742655665,0.49485207566053646,0.4792147806004619,logistic_C0.1,0.25,2024-01-16,0.2478780459349931,0.0,0.0
2024-01-26,1,0.008344012530257627,0.48614571417857644,0.4792147806004619,logistic_C0.1,0.25,2024-01-16,0.2478780459349931,0.0,0.0
2024-01-29,1,0.0039021570256894123,0.45844609827478816,0.4792147806004619,logistic_C0.1,0.25,2024-01-16,0.2478780459349931,0.0,0.0
2024-01-30,0,-0.009854656691815067,0.48936286187248246,0.4792147806004619,logistic_C0.1,0.25,2024-01-16,0.2478780459349931,0.0,-0.0
2024-01-31,1,0.003693878371317183,0.5152734294493052,0.4792147806004619,logistic_C0.1,0.25,2024-01-16,0.2478780459349931,0.0,0.0
2024-02-01,1,0.020277455626763308,0.5074361554927913,0.4792147806004619,logistic_C0.1,0.25,2024-01-16,0.2478780459349931,0.0,0.0
2024-02-02,1,0.02184496366335864,0.4534521124233376,0.4792147806004619,logistic_C0.1,0.25,2024-01-16,0.2478780459349931,0.0,0.0
2024-02-05,0,-0.008213505207117389,0.43548394187727346,0.4792147806004619,logistic_C0.1,0.25,2024-01-16,0.2478780459349931,0.0,-0.0
2024-02-06,0,-0.0030957356241776424,0.46957872296373726,0.4792147806004619,logistic_C0.1,0.25,2024-01-16,0.2478780459349931,0.0,-0.0
2024-02-07,1,0.006553292267577948,0.4888071399369091,0.4792147806004619,logistic_C0.1,0.25,2024-01-16,0.2478780459349931,0.0,0.0
2024-02-08,1,2.2898490989353704e-05,0.4839425318050677,0.4792147806004619,logistic_C0.1,0.25,2024-01-16,0.2478780459349931,0.0,0.0
2024-02-13,1,0.0020687020879897045,0.48358708410662044,0.4792147806004619,logistic_C0.1,0.25,2024-01-16,0.2478780459349931,0.0,0.0
2024-02-14,1,0.004146229307173677,0.49456581865389926,0.4792147806004619,logistic_C0.1,0.25,2024-01-16,0.2478780459349931,0.0,0.0
2024-02-15,0,-0.0113510426240917,0.45967747095856315,0.4792147806004619,logistic_C0.1,0.25,2024-01-16,0.2478780459349931,0.0,-0.0
2024-02-16,1,0.004981731123109068,0.4901676763876104,0.4792147806004619,logistic_C0.1,0.25,2024-01-16,0.2478780459349931,0.0,0.0
2024-02-19,1,0.010229465685683392,0.4666053674248769,0.4792147806004619,logistic_C0.1,0.25,2024-01-16,0.2478780459349931,0.0,0.0
2024-02-20,0,-0.0051505680223091765,0.4734221736005999,0.4792147806004619,logistic_C0.1,0.25,2024-01-16,0.2478780459349931,0.0,-0.0
2024-02-21,0,-0.0013587161073724818,0.48912396758431065,0.4792147806004619,logistic_C0.1,0.25,2024-01-16,0.2478780459349931,0.0,-0.0
2024-02-22,0,-0.0027772683208007187,0.487573021595386,0.4792147806004619,logistic_C0.1,0.25,2024-01-16,0.2478780459349931,0.0,-0.0
2024-02-23,0,-0.004971969728052472,0.4494974948354772,0.4792147806004619,logistic_C0.1,0.25,2024-01-16,0.2478780459349931,0.0,-0.0
2024-02-26,0,-0.0038647524789734433,0.4739220811699755,0.4792147806004619,logistic_C0.1,0.25,2024-01-16,0.2478780459349931,0.0,-0.0
2024-02-27,0,-0.011191218791905877,0.48472038372361725,0.4792147806004619,logistic_C0.1,0.25,2024-01-16,0.2478780459349931,0.0,-0.0
2024-02-28,1,0.008816671801484155,0.49855048137614566,0.4792147806004619,logistic_C0.1,0.25,2024-01-16,0.2478780459349931,0.0,0.0
2024-02-29,0,-0.0004236839317868224,0.4968539276660439,0.4792147806004619,logistic_C0.1,0.25,2024-01-16,0.2478780459349931,0.0,-0.0
2024-03-04,1,0.00365919565250028,0.4693430402354042,0.4792147806004619,logistic_C0.1,0.25,2024-01-16,0.2478780459349931,0.0,0.0
2024-03-05,0,-0.0042844257366205785,0.5102273652294328,0.4792147806004619,logistic_C0.1,0.25,2024-01-16,0.2478780459349931,0.0,-0.0
2024-03-06,1,0.0010042291309817486,0.5157177915974965,0.4792147806004619,logistic_C0.1,0.25,2024-01-16,0.2478780459349931,0.0,0.0
2024-03-07,0,-0.002396400877173188,0.4964484565944397,0.4792147806004619,logistic_C0.1,0.25,2024-01-16,0.2478780459349931,0.0,-0.0
2024-03-08,1,0.0013299511728599445,0.49259803405827896,0.4792147806004619,logistic_C0.1,0.25,2024-01-16,0.2478780459349931,0.0,0.0
2024-03-11,0,-0.0021533775013317102,0.4686224367532639,0.4792147806004619,logistic_C0.1,0.25,2024-01-16,0.2478780459349931,0.0,-0.0
2024-03-12,1,0.003119541270334203,0.47060668295475705,0.4792147806004619,logistic_C0.1,0.25,2024-01-16,0.2478780459349931,0.0,0.0
2024-03-13,0,-0.00042305108898543775,0.47140627309112393,0.4792147806004619,logistic_C0.1,0.25,2024-01-16,0.2478780459349931,0.0,-0.0
2024-03-14,1,0.007556413686781394,0.45067137208840147,0.4792147806004619,logistic_C0.1,0.25,2024-01-16,0.2478780459349931,0.0,0.0
2024-03-15,0,-0.012979706948047731,0.436253340947487,0.4792147806004619,logistic_C0.1,0.25,2024-01-16,0.2478780459349931,0.0,-0.0
2024-03-18,1,0.0027328524707674884,0.4481249126569406,0.4792147806004619,logistic_C0.1,0.25,2024-01-16,0.2478780459349931,0.0,0.0
2024-03-19,0,-0.006508152021454494,0.47206928853659674,0.4792147806004619,logistic_C0.1,0.25,2024-01-16,0.2478780459349931,0.0,-0.0
2024-03-20,1,0.0035214682732123137,0.45690192678863084,0.4792147806004619,logistic_C0.1,0.25,2024-01-16,0.2478780459349931,0.0,0.0
2024-03-21,1,0.008670245095526496,0.4680396943807831,0.4792147806004619,logistic_C0.1,0.25,2024-01-16,0.2478780459349931,0.0,0.0
2024-03-22,0,-0.0009414244952111739,0.4866766863206618,0.4792147806004619,logistic_C0.1,0.25,2024-01-16,0.2478780459349931,0.0,-0.0
2024-03-25,0,-0.006899829136723268,0.45874236170913674,0.4792147806004619,logistic_C0.1,0.25,2024-01-16,0.2478780459349931,0.0,-0.0
2024-03-26,1,0.00024306890822156646,0.48910905260634097,0.4792147806004619,logistic_C0.1,0.25,2024-01-16,0.2478780459349931,0.0,0.0
2024-03-27,1,0.0036830601092896487,0.48371096668648683,0.4792147806004619,logistic_C0.1,0.25,2024-01-16,0.2478780459349931,0.0,0.0
2024-03-28,0,-0.002687761965988744,0.4497389763106142,0.4792147806004619,logistic_C0.1,0.25,2024-01-16,0.2478780459349931,0.0,-0.0
2024-03-29,0,-0.0038588894087266956,0.48082807306716074,0.4792147806004619,logistic_C0.1,0.25,2024-01-16,0.2478780459349931,0.0,-0.0
2024-04-01,0,-0.006644398172248156,0.4717201150239097,0.4792147806004619,logistic_C0.1,0.25,2024-01-16,0.2478780459349931,0.0,-0.0
2024-04-02,1,0.0032833482134722036,0.48571205744926216,0.4792147806004619,logistic_C0.1,0.25,2024-01-16,0.2478780459349931,0.0,0.0
2024-04-03,0,-0.008682818931548208,0.47312271042530596,0.4792147806004619,logistic_C0.1,0.25,2024-01-16,0.2478780459349931,0.0,-0.0
2024-04-04,1,0.0013731447937361807,0.4492043465642985,0.4792147806004619,logistic_C0.1,0.25,2024-01-16,0.2478780459349931,0.0,0.0
2024-04-05,1,9.211631711592005e-05,0.48439579515917397,0.4792147806004619,logistic_C0.1,0.25,2024-01-16,0.2478780459349931,0.0,0.0
2024-04-08,0,-0.0004082743603701644,0.42480892184178565,0.4792147806004619,logistic_C0.1,0.25,2024-01-16,0.2478780459349931,-1.0,-0.0005917256396298356
2024-04-09,0,-0.010269900447456015,0.4668629285256375,0.4792147806004619,logistic_C0.1,0.25,2024-01-16,0.2478780459349931,0.0,-0.0
2024-04-11,1,0.015592406393036606,0.472807841333366,0.4792147806004619,logistic_C0.1,0.25,2024-01-16,0.2478780459349931,0.0,0.0
2024-04-12,0,-0.010723415557252314,0.44718762388948785,0.4792147806004619,logistic_C0.1,0.25,2024-01-16,0.2478780459349931,0.0,-0.0
2024-04-15,1,0.003408031983647364,0.4805464286093835,0.4792147806004619,logistic_C0.1,0.25,2024-01-16,0.2478780459349931,0.0,0.0
2024-04-16,0,-0.013062700204601096,0.48890036286069116,0.4792147806004619,logistic_C0.1,0.25,2024-01-16,0.2478780459349931,0.0,-0.0
2024-04-17,0,-0.013351659889658918,0.47451110798725604,0.4792147806004619,logistic_C0.1,0.25,2024-01-16,0.2478780459349931,0.0,-0.0
2024-04-18,1,0.015118707281175592,0.5151670182064428,0.4792147806004619,logistic_C0.1,0.25,2024-01-16,0.2478780459349931,0.0,0.0
2024-04-19,0,-0.003395252798295778,0.4567273133434293,0.4792147806004619,logistic_C0.1,0.25,2024-01-16,0.2478780459349931,0.0,-0.0
2024-04-22,1,0.005245209731928657,0.48127527095068845,0.4797278140062376,histgb_leaves7,0.25,2024-04-18,0.24791172433889583,0.0,0.0
2024-04-23,0,-0.003468647303535133,0.4636991136335334,0.4797278140062376,histgb_leaves7,0.25,2024-04-18,0.24791172433889583,0.0,-0.0
2024-04-24,1,0.00484820717729928,0.4842175415951785,0.4797278140062376,histgb_leaves7,0.25,2024-04-18,0.24791172433889583,0.0,0.0
2024-04-25,0,-0.006868671603445731,0.4866586616984714,0.4797278140062376,histgb_leaves7,0.25,2024-04-18,0.24791172433889583,0.0,-0.0
2024-04-26,1,0.002033241039027578,0.47652702784492584,0.4797278140062376,histgb_leaves7,0.25,2024-04-18,0.24791172433889583,0.0,0.0
2024-04-29,1,0.004477734669925848,0.4635766404273671,0.4797278140062376,histgb_leaves7,0.25,2024-04-18,0.24791172433889583,0.0,0.0
2024-04-30,0,-0.0004307111932927432,0.4840122963074236,0.4797278140062376,histgb_leaves7,0.25,2024-04-18,0.24791172433889583,0.0,-0.0
2024-05-02,1,0.0017207656473960942,0.4822875265915223,0.4797278140062376,histgb_leaves7,0.25,2024-04-18,0.24791172433889583,0.0,0.0
2024-05-03,0,-0.010235512940454217,0.47667215727393747,0.4797278140062376,histgb_leaves7,0.25,2024-04-18,0.24791172433889583,0.0,-0.0
2024-05-07,1,0.00595621318754902,0.4862307435605291,0.4797278140062376,histgb_leaves7,0.25,2024-04-18,0.24791172433889583,0.0,0.0
2024-05-08,1,0.004736266109344189,0.49974678333925016,0.4797278140062376,histgb_leaves7,0.25,2024-04-18,0.24791172433889583,0.0,0.0
2024-05-09,0,-0.01135497887572956,0.48850594716618256,0.4797278140062376,histgb_leaves7,0.25,2024-04-18,0.24791172433889583,0.0,-0.0
2024-05-10,0,-0.0037692434120417673,0.4712262286058726,0.4797278140062376,histgb_leaves7,0.25,2024-04-18,0.24791172433889583,0.0,-0.0
2024-05-13,0,-0.002921175782392482,0.49089365478078123,0.4797278140062376,histgb_leaves7,0.25,2024-04-18,0.24791172433889583,0.0,-0.0
2024-05-14,0,-0.0009659785289317657,0.47441003631690876,0.4797278140062376,histgb_leaves7,0.25,2024-04-18,0.24791172433889583,0.0,-0.0
2024-05-16,0,-0.006234049388687768,0.48652322986809327,0.4797278140062376,histgb_leaves7,0.25,2024-04-18,0.24791172433889583,0.0,-0.0
2024-05-17,0,-0.009758420044557958,0.4904667988863771,0.4797278140062376,histgb_leaves7,0.25,2024-04-18,0.24791172433889583,0.0,-0.0
2024-05-20,1,0.0003283185711575598,0.4860138567647912,0.4797278140062376,histgb_leaves7,0.25,2024-04-18,0.24791172433889583,0.0,0.0
2024-05-21,0,-0.0032381642352994344,0.4764085453385212,0.4797278140062376,histgb_leaves7,0.25,2024-04-18,0.24791172433889583,0.0,-0.0
2024-05-22,0,0.0,0.4832560373814395,0.4797278140062376,histgb_leaves7,0.25,2024-04-18,0.24791172433889583,0.0,0.0
2024-05-23,1,0.001022423437770037,0.4799583782615995,0.4797278140062376,histgb_leaves7,0.25,2024-04-18,0.24791172433889583,0.0,0.0
2024-05-24,0,-0.00224602305422017,0.4714267765848068,0.4797278140062376,histgb_leaves7,0.25,2024-04-18,0.24791172433889583,0.0,-0.0
2024-05-27,1,0.009576739978347515,0.4397693364347922,0.4797278140062376,histgb_leaves7,0.25,2024-04-18,0.24791172433889583,0.0,0.0
2024-05-28,1,0.002699298845156628,0.4889088405534161,0.4797278140062376,histgb_leaves7,0.25,2024-04-18,0.24791172433889583,0.0,0.0
2024-05-29,0,-0.01553927841268432,0.4572424700712757,0.4797278140062376,histgb_leaves7,0.25,2024-04-18,0.24791172433889583,0.0,-0.0
2024-05-30,0,-0.011696410825648873,0.467196802230386,0.4797278140062376,histgb_leaves7,0.25,2024-04-18,0.24791172433889583,0.0,-0.0
2024-05-31,0,-0.008032748027555825,0.50360353125212,0.4797278140062376,histgb_leaves7,0.25,2024-04-18,0.24791172433889583,0.0,-0.0
2024-06-03,1,0.009297128086657835,0.4676612307887051,0.4797278140062376,histgb_leaves7,0.25,2024-04-18,0.24791172433889583,0.0,0.0
2024-06-04,0,-0.002484327751402393,0.49316574006382463,0.4797278140062376,histgb_leaves7,0.25,2024-04-18,0.24791172433889583,0.0,-0.0
2024-06-05,1,0.0031293009238710923,0.48674534068323505,0.4797278140062376,histgb_leaves7,0.25,2024-04-18,0.24791172433889583,0.0,0.0
2024-06-07,1,0.0016260461694104222,0.4779127742041231,0.4797278140062376,histgb_leaves7,0.25,2024-04-18,0.24791172433889583,0.0,0.0
2024-06-10,1,0.0009115466278333262,0.50371209175654,0.4797278140062376,histgb_leaves7,0.25,2024-04-18,0.24791172433889583,0.0,0.0
2024-06-11,0,-0.004196236638299045,0.47603361251083043,0.4797278140062376,histgb_leaves7,0.25,2024-04-18,0.24791172433889583,0.0,-0.0
2024-06-12,1,0.006834831066742986,0.47624457009659027,0.4797278140062376,histgb_leaves7,0.25,2024-04-18,0.24791172433889583,0.0,0.0
2024-06-13,0,-0.0033608520429204702,0.48455558555625894,0.4797278140062376,histgb_leaves7,0.25,2024-04-18,0.24791172433889583,0.0,-0.0
2024-06-14,0,-0.0002899370111841826,0.513055458495064,0.4797278140062376,histgb_leaves7,0.25,2024-04-18,0.24791172433889583,0.0,-0.0
2024-06-17,0,-0.003894977185525117,0.48327539066868136,0.4797278140062376,histgb_leaves7,0.25,2024-04-18,0.24791172433889583,0.0,-0.0
2024-06-18,0,-0.0006435983656939426,0.46669512205476205,0.4797278140062376,histgb_leaves7,0.25,2024-04-18,0.24791172433889583,0.0,-0.0
2024-06-19,1,0.004009102133402331,0.48771684443553887,0.4797278140062376,histgb_leaves7,0.25,2024-04-18,0.24791172433889583,0.0,0.0
2024-06-20,1,0.0019735198601049664,0.49530618512566915,0.4797278140062376,histgb_leaves7,0.25,2024-04-18,0.24791172433889583,0.0,0.0
2024-06-21,0,-0.003796240970062925,0.4819227013320276,0.4797278140062376,histgb_leaves7,0.25,2024-04-18,0.24791172433889583,0.0,-0.0
2024-06-24,0,-0.0029283949726814917,0.46306968809647664,0.4797278140062376,histgb_leaves7,0.25,2024-04-18,0.24791172433889583,0.0,-0.0
2024-06-25,1,0.0031202996644681402,0.4908777238887642,0.4797278140062376,histgb_leaves7,0.25,2024-04-18,0.24791172433889583,0.0,0.0
2024-06-26,1,0.008896340648182788,0.48174124682156677,0.4797278140062376,histgb_leaves7,0.25,2024-04-18,0.24791172433889583,0.0,0.0
2024-06-27,1,0.00594012183753545,0.4527737329166523,0.4797278140062376,histgb_leaves7,0.25,2024-04-18,0.24791172433889583,0.0,0.0
2024-06-28,1,0.0018010663171954544,0.4754806306532253,0.4797278140062376,histgb_leaves7,0.25,2024-04-18,0.24791172433889583,0.0,0.0
2024-07-01,1,0.004063788955086967,0.46813282714788246,0.4797278140062376,histgb_leaves7,0.25,2024-04-18,0.24791172433889583,0.0,0.0
2024-07-02,0,-0.006356636235327784,0.4635636949411504,0.4797278140062376,histgb_leaves7,0.25,2024-04-18,0.24791172433889583,0.0,-0.0
2024-07-03,0,-0.001119000121552638,0.4774712646907713,0.4797278140062376,histgb_leaves7,0.25,2024-04-18,0.24791172433889583,0.0,-0.0
2024-07-04,1,0.0027972425152464897,0.4879833812740242,0.4797278140062376,histgb_leaves7,0.25,2024-04-18,0.24791172433889583,0.0,0.0
2024-07-05,1,0.009174214885357523,0.47727727175256557,0.4797278140062376,histgb_leaves7,0.25,2024-04-18,0.24791172433889583,0.0,0.0
2024-07-08,0,-0.0016837957367129563,0.4822446796942064,0.4797278140062376,histgb_leaves7,0.25,2024-04-18,0.24791172433889583,0.0,-0.0
2024-07-09,0,-0.0018275935292745293,0.46655369140842573,0.4797278140062376,histgb_leaves7,0.25,2024-04-18,0.24791172433889583,0.0,-0.0
2024-07-10,1,0.0017254326679587706,0.46621960072457186,0.4797278140062376,histgb_leaves7,0.25,2024-04-18,0.24791172433889583,0.0,0.0
2024-07-11,1,0.000896578462731279,0.47193353754265965,0.4797278140062376,histgb_leaves7,0.25,2024-04-18,0.24791172433889583,0.0,0.0
2024-07-12,0,-0.003748583384186155,0.5008097745777154,0.4797278140062376,histgb_leaves7,0.25,2024-04-18,0.24791172433889583,0.0,-0.0
2024-07-15,0,-0.0028684453583813774,0.4700443790177266,0.4797278140062376,histgb_leaves7,0.25,2024-04-18,0.24791172433889583,0.0,-0.0
2024-07-16,1,0.0015305534103735585,0.4787005388967077,0.4797278140062376,histgb_leaves7,0.25,2024-04-18,0.24791172433889583,0.0,0.0
2024-07-17,0,-0.007889319236540016,0.47000368072778687,0.4797278140062376,histgb_leaves7,0.25,2024-04-18,0.24791172433889583,0.0,-0.0
2024-07-18,1,0.006668710169515757,0.4841656826216819,0.4797278140062376,histgb_leaves7,0.25,2024-04-18,0.24791172433889583,0.0,0.0
2024-07-19,0,-0.001696301348827367,0.46830139382824876,0.4797278140062376,histgb_leaves7,0.25,2024-04-18,0.24791172433889583,0.0,-0.0
2024-07-22,0,-0.009845968634785374,0.4748033794327414,0.4797278140062376,histgb_leaves7,0.25,2024-04-18,0.24791172433889583,0.0,-0.0
2024-07-23,0,-0.005213655905881631,0.47603123425846183,0.4797278140062376,histgb_leaves7,0.25,2024-04-18,0.24791172433889583,0.0,-0.0
2024-07-24,1,0.0011649428415896335,0.49910875578416075,0.47938718662952645,histgb_leaves15,0.25,2024-07-22,0.24821327189577133,0.0,0.0
2024-07-25,0,-0.003909910373389058,0.5022457523585877,0.47938718662952645,histgb_leaves15,0.25,2024-07-22,0.24821327189577133,0.0,-0.0
2024-07-26,1,0.0025357891221620132,0.47136429645098527,0.47938718662952645,histgb_leaves15,0.25,2024-07-22,0.24821327189577133,0.0,0.0
2024-07-29,1,0.006262007335390285,0.5079569203723698,0.47938718662952645,histgb_leaves15,0.25,2024-07-22,0.24821327189577133,0.0,0.0
2024-07-30,0,-0.002262789680804511,0.48376528166080424,0.47938718662952645,histgb_leaves15,0.25,2024-07-22,0.24821327189577133,0.0,-0.0
2024-07-31,1,0.009145608578151165,0.495647849024253,0.47938718662952645,histgb_leaves15,0.25,2024-07-22,0.24821327189577133,0.0,0.0
2024-08-01,0,-0.0034406426359843145,0.48292270741326404,0.47938718662952645,histgb_leaves15,0.25,2024-07-22,0.24821327189577133,0.0,-0.0
2024-08-02,0,-0.015885915591364208,0.5211307160693532,0.47938718662952645,histgb_leaves15,0.25,2024-07-22,0.24821327189577133,0.0,-0.0
2024-08-05,0,-0.0650059357408187,0.46669750482522554,0.47938718662952645,histgb_leaves15,0.25,2024-07-22,0.24821327189577133,0.0,-0.0
2024-08-06,0,-0.004417093639227265,0.5084140468279909,0.47938718662952645,histgb_leaves15,0.25,2024-07-22,0.24821327189577133,0.0,-0.0
2024-08-07,1,0.021126956549396336,0.5096245245633045,0.47938718662952645,histgb_leaves15,0.25,2024-07-22,0.24821327189577133,0.0,0.0
2024-08-08,1,0.010481343445800873,0.44283533789019014,0.47938718662952645,histgb_leaves15,0.25,2024-07-22,0.24821327189577133,0.0,0.0
2024-08-09,0,-0.005627948430320995,0.45933885721690226,0.47938718662952645,histgb_leaves15,0.25,2024-07-22,0.24821327189577133,0.0,-0.0
2024-08-12,1,0.00620253942878235,0.4772427608109242,0.47938718662952645,histgb_leaves15,0.25,2024-07-22,0.24821327189577133,0.0,0.0
2024-08-13,0,-0.0011430748714040817,0.5092543539617379,0.47938718662952645,histgb_leaves15,0.25,2024-07-22,0.24821327189577133,0.0,-0.0
2024-08-14,0,-0.0017402070884183773,0.5016196133326655,0.47938718662952645,histgb_leaves15,0.25,2024-07-22,0.24821327189577133,0.0,-0.0
2024-08-16,1,0.0006455227064467994,0.44245838421897693,0.47938718662952645,histgb_leaves15,0.25,2024-07-22,0.24821327189577133,0.0,0.0
2024-08-19,0,-0.008751023917982659,0.4835019313204296,0.47938718662952645,histgb_leaves15,0.25,2024-07-22,0.24821327189577133,0.0,-0.0
2024-08-20,0,-0.0011519627816011235,0.5193365483892083,0.47938718662952645,histgb_leaves15,0.25,2024-07-22,0.24821327189577133,0.0,-0.0
2024-08-21,1,0.005183834474546067,0.5318886948683829,0.47938718662952645,histgb_leaves15,0.25,2024-07-22,0.24821327189577133,0.0,0.0
2024-08-22,0,-0.001209907965842194,0.48019162638019547,0.47938718662952645,histgb_leaves15,0.25,2024-07-22,0.24821327189577133,0.0,-0.0
2024-08-23,1,0.0040471235320349574,0.4964736912823927,0.47938718662952645,histgb_leaves15,0.25,2024-07-22,0.24821327189577133,0.0,0.0
2024-08-26,0,-0.00694546685904418,0.4717678423544319,0.47938718662952645,histgb_leaves15,0.25,2024-07-22,0.24821327189577133,0.0,-0.0
2024-08-27,0,-0.002592499184048802,0.5092399473060562,0.47938718662952645,histgb_leaves15,0.25,2024-07-22,0.24821327189577133,0.0,-0.0
2024-08-28,0,-0.0002824659275475483,0.4878907509651521,0.47938718662952645,histgb_leaves15,0.25,2024-07-22,0.24821327189577133,0.0,-0.0
2024-08-29,1,0.0019193280093936504,0.499194724379858,0.47938718662952645,histgb_leaves15,0.25,2024-07-22,0.24821327189577133,0.0,0.0
2024-08-30,0,-0.0009003556591649087,0.4738628450222723,0.47938718662952645,histgb_leaves15,0.25,2024-07-22,0.24821327189577133,0.0,-0.0
2024-09-02,0,-0.0010432968179447943,0.4811357984345399,0.47938718662952645,histgb_leaves15,0.25,2024-07-22,0.24821327189577133,0.0,-0.0
2024-09-03,0,-0.006891231104087736,0.48299982474339287,0.47938718662952645,histgb_leaves15,0.25,2024-07-22,0.24821327189577133,0.0,-0.0
2024-09-04,0,-0.003529039282763269,0.5237869066611308,0.47938718662952645,histgb_leaves15,0.25,2024-07-22,0.24821327189577133,0.0,-0.0
2024-09-05,0,-0.008797857109869356,0.45894870954335065,0.47938718662952645,histgb_leaves15,0.25,2024-07-22,0.24821327189577133,0.0,-0.0
2024-09-06,0,-0.012566656058618397,0.489462083066383,0.47938718662952645,histgb_leaves15,0.25,2024-07-22,0.24821327189577133,0.0,-0.0
2024-09-09,1,0.014911933148434864,0.5159813967612578,0.47938718662952645,histgb_leaves15,0.25,2024-07-22,0.24821327189577133,0.0,0.0
2024-09-10,0,-0.007574655188009594,0.4702910485033602,0.47938718662952645,histgb_leaves15,0.25,2024-07-22,0.24821327189577133,0.0,-0.0
2024-09-11,0,-0.00455074736817096,0.4833325483281143,0.47938718662952645,histgb_leaves15,0.25,2024-07-22,0.24821327189577133,0.0,-0.0
2024-09-12,1,0.009652600588812676,0.48804353112205023,0.47938718662952645,histgb_leaves15,0.25,2024-07-22,0.24821327189577133,0.0,0.0
2024-09-13,1,0.0013997923641326793,0.49212019934714263,0.47938718662952645,histgb_leaves15,0.25,2024-07-22,0.24821327189577133,0.0,0.0
2024-09-19,0,-0.005345573810927706,0.4520589406973558,0.47938718662952645,histgb_leaves15,0.25,2024-07-22,0.24821327189577133,0.0,-0.0
2024-09-20,0,-0.004017159338359222,0.5015169801554006,0.47938718662952645,histgb_leaves15,0.25,2024-07-22,0.24821327189577133,0.0,-0.0
2024-09-23,1,0.0021336660928108486,0.49781527272762116,0.47938718662952645,histgb_leaves15,0.25,2024-07-22,0.24821327189577133,0.0,0.0
2024-09-24,1,0.007360906428831138,0.48457604881006655,0.47938718662952645,histgb_leaves15,0.25,2024-07-22,0.24821327189577133,0.0,0.0
2024-09-25,0,-0.021257506474510968,0.48160048478396594,0.47938718662952645,histgb_leaves15,0.25,2024-07-22,0.24821327189577133,0.0,-0.0
2024-09-26,1,0.015454728592008138,0.518091690071166,0.47938718662952645,histgb_leaves15,0.25,2024-07-22,0.24821327189577133,0.0,0.0
2024-09-27,0,-0.009272483904014694,0.46442696476590484,0.47938718662952645,histgb_leaves15,0.25,2024-07-22,0.24821327189577133,0.0,-0.0
2024-09-30,0,-0.027003196710239874,0.5093881852053146,0.47938718662952645,histgb_leaves15,0.25,2024-07-22,0.24821327189577133,0.0,-0.0
2024-10-02,0,-0.0018935925658959407,0.5104185124435848,0.47938718662952645,histgb_leaves15,0.25,2024-07-22,0.24821327189577133,0.0,-0.0
2024-10-04,1,0.0023442680500840307,0.43962263124306417,0.47938718662952645,histgb_leaves15,0.25,2024-07-22,0.24821327189577133,0.0,0.0
2024-10-07,1,0.012089019851116767,0.4717114588762908,0.47938718662952645,histgb_leaves15,0.25,2024-07-22,0.24821327189577133,0.0,0.0
2024-10-08,1,0.0006595568240990168,0.491255345956482,0.47938718662952645,histgb_leaves15,0.25,2024-07-22,0.24821327189577133,0.0,0.0
2024-10-10,0,-0.004782417245802528,0.4710390758248532,0.47938718662952645,histgb_leaves15,0.25,2024-07-22,0.24821327189577133,0.0,-0.0
2024-10-11,0,-0.005784794909686752,0.49334646310249175,0.47938718662952645,histgb_leaves15,0.25,2024-07-22,0.24821327189577133,0.0,-0.0
2024-10-14,1,0.00793812412828565,0.5004088312299133,0.47938718662952645,histgb_leaves15,0.25,2024-07-22,0.24821327189577133,0.0,0.0
2024-10-15,1,0.0004102766708327099,0.4733822244631487,0.47938718662952645,histgb_leaves15,0.25,2024-07-22,0.24821327189577133,0.0,0.0
2024-10-16,1,0.0014040741166994053,0.49048197958020445,0.47938718662952645,histgb_leaves15,0.25,2024-07-22,0.24821327189577133,0.0,0.0
2024-10-17,0,-0.004365179300502731,0.47604086900089126,0.47938718662952645,histgb_leaves15,0.25,2024-07-22,0.24821327189577133,0.0,-0.0
2024-10-18,0,-0.008493753918135782,0.5028004461044537,0.47938718662952645,histgb_leaves15,0.25,2024-07-22,0.24821327189577133,0.0,-0.0
2024-10-21,1,0.0015956812790058894,0.47190748684246775,0.47938718662952645,histgb_leaves15,0.25,2024-07-22,0.24821327189577133,0.0,0.0
2024-10-22,0,-0.011599964627220904,0.47144993608520114,0.47938718662952645,histgb_leaves15,0.25,2024-07-22,0.24821327189577133,0.0,-0.0
2024-10-23,1,0.009463158916610093,0.5098407004576639,0.47938718662952645,histgb_leaves15,0.25,2024-07-22,0.24821327189577133,0.0,0.0
2024-10-24,0,-0.004113146248200916,0.48065942343765183,0.47938718662952645,histgb_leaves15,0.25,2024-07-22,0.24821327189577133,0.0,-0.0
2024-10-25,0,-0.005455371442651291,0.48127602862305896,0.47938718662952645,histgb_leaves15,0.25,2024-07-22,0.24821327189577133,0.0,-0.0
2024-10-28,1,0.009264231489887864,0.48200131819355585,0.47938718662952645,histgb_leaves15,0.25,2024-07-22,0.24821327189577133,0.0,0.0
2024-10-29,1,0.004165803585813199,0.4747754753523487,0.47938718662952645,histgb_leaves15,0.25,2024-07-22,0.24821327189577133,0.0,0.0
2024-10-30,0,-0.00506331056122189,0.4591047640359125,0.4782370654256775,histgb_leaves7,0.5,2024-10-28,0.24774510998005772,0.0,-0.0
2024-10-31,0,-0.007412901321818377,0.4534760129643059,0.4782370654256775,histgb_leaves7,0.5,2024-10-28,0.24774510998005772,0.0,-0.0
2024-11-01,0,-0.00023594551231631566,0.5313633996577315,0.4782370654256775,histgb_leaves7,0.5,2024-10-28,0.24774510998005772,0.0,-0.0
2024-11-04,1,0.015664720836079393,0.44547776515657317,0.4782370654256775,histgb_leaves7,0.5,2024-10-28,0.24774510998005772,0.0,0.0
2024-11-05,1,0.0025834163346614147,0.5169594451254775,0.4782370654256775,histgb_leaves7,0.5,2024-10-28,0.24774510998005772,0.0,0.0
2024-11-06,0,-0.010953354681893512,0.41169399927160066,0.4782370654256775,histgb_leaves7,0.5,2024-10-28,0.24774510998005772,-1.0,0.009953354681893511
2024-11-07,1,0.002893756134567438,0.4436511509176847,0.4782370654256775,histgb_leaves7,0.5,2024-10-28,0.24774510998005772,0.0,0.0
2024-11-08,0,-0.009877450032860335,0.4889282198506903,0.4782370654256775,histgb_leaves7,0.5,2024-10-28,0.24774510998005772,0.0,-0.0
2024-11-11,0,-0.011861595206963282,0.4730256075694308,0.4782370654256775,histgb_leaves7,0.5,2024-10-28,0.24774510998005772,0.0,-0.0
2024-11-12,0,-0.017947419638124296,0.4830553243280433,0.4782370654256775,histgb_leaves7,0.5,2024-10-28,0.24774510998005772,0.0,-0.0
2024-11-13,0,-0.020739222208267405,0.4712947360792661,0.4782370654256775,histgb_leaves7,0.5,2024-10-28,0.24774510998005772,0.0,-0.0
2024-11-14,0,-0.004690856122390286,0.4769217666177691,0.4782370654256775,histgb_leaves7,0.5,2024-10-28,0.24774510998005772,0.0,-0.0
2024-11-15,1,0.0015789146515821084,0.5040008118791605,0.4782370654256775,histgb_leaves7,0.5,2024-10-28,0.24774510998005772,0.0,0.0
2024-11-18,1,0.011785387922026436,0.5112345721830455,0.4782370654256775,histgb_leaves7,0.5,2024-10-28,0.24774510998005772,0.0,0.0
2024-11-19,1,0.0011421026839411041,0.5135472846410374,0.4782370654256775,histgb_leaves7,0.5,2024-10-28,0.24774510998005772,0.0,0.0
2024-11-20,1,0.0026375739166961676,0.4709696335658217,0.4782370654256775,histgb_leaves7,0.5,2024-10-28,0.24774510998005772,0.0,0.0
2024-11-21,1,0.0024286557127963793,0.4267963523165606,0.4782370654256775,histgb_leaves7,0.5,2024-10-28,0.24774510998005772,-1.0,-0.0034286557127963793
2024-11-22,1,0.0031362546221653798,0.44981250106769066,0.4782370654256775,histgb_leaves7,0.5,2024-10-28,0.24774510998005772,0.0,0.0
2024-11-25,1,0.004052913700274496,0.48549529034015304,0.4782370654256775,histgb_leaves7,0.5,2024-10-28,0.24774510998005772,0.0,0.0
2024-11-26,0,-0.0004085048326517571,0.5035198530071757,0.4782370654256775,histgb_leaves7,0.5,2024-10-28,0.24774510998005772,0.0,-0.0
2024-11-27,0,-0.006256898071319239,0.47732613679255587,0.4782370654256775,histgb_leaves7,0.5,2024-10-28,0.24774510998005772,0.0,-0.0
2024-11-28,1,0.0019922470386328772,0.4722218351434125,0.4782370654256775,histgb_leaves7,0.5,2024-10-28,0.24774510998005772,0.0,0.0
2024-11-29,0,-0.01642817379742323,0.5105547935023562,0.4782370654256775,histgb_leaves7,0.5,2024-10-28,0.24774510998005772,0.0,-0.0
2024-12-02,0,-0.009899073020790405,0.4173193631357221,0.4782370654256775,histgb_leaves7,0.5,2024-10-28,0.24774510998005772,-1.0,0.008899073020790405
2024-12-03,1,0.011342766761324619,0.5129545879994382,0.4782370654256775,histgb_leaves7,0.5,2024-10-28,0.24774510998005772,0.0,0.0
2024-12-04,1,0.005402405784328046,0.5130345309574592,0.4782370654256775,histgb_leaves7,0.5,2024-10-28,0.24774510998005772,0.0,0.0
2024-12-05,0,-0.011976774767848752,0.45264248708931104,0.4782370654256775,histgb_leaves7,0.5,2024-10-28,0.24774510998005772,0.0,-0.0
2024-12-06,0,-0.009561102953173473,0.5355152404529417,0.4782370654256775,histgb_leaves7,0.5,2024-10-28,0.24774510998005772,0.0,-0.0
2024-12-09,0,-0.013288078349084742,0.4971120793982444,0.4782370654256775,histgb_leaves7,0.5,2024-10-28,0.24774510998005772,0.0,-0.0
2024-12-10,1,0.013977714498995653,0.47968953746188725,0.4782370654256775,histgb_leaves7,0.5,2024-10-28,0.24774510998005772,0.0,0.0
2024-12-11,1,0.01258628194764011,0.49109057568898407,0.4782370654256775,histgb_leaves7,0.5,2024-10-28,0.24774510998005772,0.0,0.0
2024-12-12,1,0.010376002898279335,0.45773718942583547,0.4782370654256775,histgb_leaves7,0.5,2024-10-28,0.24774510998005772,0.0,0.0
2024-12-13,1,0.008371905002526603,0.4900872751445515,0.4782370654256775,histgb_leaves7,0.5,2024-10-28,0.24774510998005772,0.0,0.0
2024-12-16,0,-0.008804976344839677,0.4365633135189213,0.4782370654256775,histgb_leaves7,0.5,2024-10-28,0.24774510998005772,0.0,-0.0
2024-12-17,0,-0.012262243146210161,0.44500646375744335,0.4782370654256775,histgb_leaves7,0.5,2024-10-28,0.24774510998005772,0.0,-0.0
2024-12-18,1,0.008676199524169093,0.5093373877357356,0.4782370654256775,histgb_leaves7,0.5,2024-10-28,0.24774510998005772,0.0,0.0
2024-12-19,1,0.0038655704601180396,0.4742750313456014,0.4782370654256775,histgb_leaves7,0.5,2024-10-28,0.24774510998005772,0.0,0.0
2024-12-20,0,-0.010487193523293636,0.4228921008492934,0.4782370654256775,histgb_leaves7,0.5,2024-10-28,0.24774510998005772,-1.0,0.009487193523293636
2024-12-23,1,0.0076959263171794134,0.4532227461255869,0.4782370654256775,histgb_leaves7,0.5,2024-10-28,0.24774510998005772,0.0,0.0
2024-12-24,0,-0.004092958723551976,0.4826442718723112,0.4782370654256775,histgb_leaves7,0.5,2024-10-28,0.24774510998005772,0.0,-0.0
2024-12-26,0,-0.008103628465985113,0.4726166377812675,0.4782370654256775,histgb_leaves7,0.5,2024-10-28,0.24774510998005772,0.0,-0.0
2024-12-27,0,-0.006071602754333605,0.4840850169008457,0.4782370654256775,histgb_leaves7,0.5,2024-10-28,0.24774510998005772,0.0,-0.0
2024-12-30,1,0.0008342057735382102,0.496221077274104,0.4782370654256775,histgb_leaves7,0.5,2024-10-28,0.24774510998005772,0.0,0.0
2025-01-02,0,-0.0008038752618841905,0.5278522101466375,0.4782370654256775,histgb_leaves7,0.5,2024-10-28,0.24774510998005772,0.0,-0.0
2025-01-03,1,0.0163740645472783,0.48370715754379245,0.4782370654256775,histgb_leaves7,0.5,2024-10-28,0.24774510998005772,0.0,0.0
2025-01-06,1,0.014405087025638919,0.45491821041462593,0.4782370654256775,histgb_leaves7,0.5,2024-10-28,0.24774510998005772,0.0,0.0
2025-01-07,0,-0.008510079610422161,0.4806287493316608,0.4782370654256775,histgb_leaves7,0.5,2024-10-28,0.24774510998005772,0.0,-0.0
2025-01-08,1,0.016040302267002593,0.5156594398177105,0.4782370654256775,histgb_leaves7,0.5,2024-10-28,0.24774510998005772,0.0,0.0
2025-01-09,0,-0.0016626420173389,0.474706294645853,0.4782370654256775,histgb_leaves7,0.5,2024-10-28,0.24774510998005772,0.0,-0.0
2025-01-10,0,-0.004999169441785689,0.48500170407101945,0.4782370654256775,histgb_leaves7,0.5,2024-10-28,0.24774510998005772,0.0,-0.0
2025-01-13,0,-0.007411837410043365,0.4590471656333074,0.4782370654256775,histgb_leaves7,0.5,2024-10-28,0.24774510998005772,0.0,-0.0
2025-01-14,0,-0.0016350255247871148,0.45375406230584414,0.4782370654256775,histgb_leaves7,0.5,2024-10-28,0.24774510998005772,0.0,-0.0
2025-01-15,0,-0.0056788540343361005,0.4880871096719783,0.4782370654256775,histgb_leaves7,0.5,2024-10-28,0.24774510998005772,0.0,-0.0
2025-01-16,0,-0.00030851135361342763,0.4665267326420635,0.4782370654256775,histgb_leaves7,0.5,2024-10-28,0.24774510998005772,0.0,-0.0
2025-01-17,1,0.001071067298728634,0.5291468848244668,0.4782370654256775,histgb_leaves7,0.5,2024-10-28,0.24774510998005772,0.0,0.0
2025-01-20,0,-0.005379527012092988,0.45339004662439475,0.4782370654256775,histgb_leaves7,0.5,2024-10-28,0.24774510998005772,0.0,-0.0
2025-01-21,0,-0.006000244746825145,0.4417502917780242,0.4782370654256775,histgb_leaves7,0.5,2024-10-28,0.24774510998005772,0.0,-0.0
2025-01-22,1,0.004440413281804556,0.47897522854978447,0.4782370654256775,histgb_leaves7,0.5,2024-10-28,0.24774510998005772,0.0,0.0
2025-01-23,0,-0.01013284853063856,0.4788613356868131,0.4782370654256775,histgb_leaves7,0.5,2024-10-28,0.24774510998005772,0.0,-0.0
2025-01-24,1,0.0029692127039604443,0.4766350281446404,0.4782370654256775,histgb_leaves7,0.5,2024-10-28,0.24774510998005772,0.0,0.0
2025-01-31,0,-0.006692104027494428,0.42996536067769253,0.4782370654256775,histgb_leaves7,0.5,2024-10-28,0.24774510998005772,-1.0,0.005692104027494428
2025-02-03,0,-0.00599091034292798,0.4292208471628454,0.4782370654256775,histgb_leaves7,0.5,2024-10-28,0.24774510998005772,-1.0,0.00499091034292798
2025-02-04,1,0.00010074795280168303,0.5051258438089726,0.4782370654256775,histgb_leaves7,0.5,2024-10-28,0.24774510998005772,0.0,0.0
2025-02-05,1,0.0021286452550779433,0.47806911592678636,0.4776641550053821,logistic_C0.1,0.25,2025-02-03,0.24792884017082345,0.0,0.0
2025-02-06,1,0.005920327382604507,0.4779553161332178,0.4776641550053821,logistic_C0.1,0.25,2025-02-03,0.24792884017082345,0.0,0.0
2025-02-07,0,-0.004016444913095496,0.4435814163217211,0.4776641550053821,logistic_C0.1,0.25,2025-02-03,0.24792884017082345,0.0,-0.0
2025-02-10,1,0.00423398018035237,0.4551501026671826,0.4776641550053821,logistic_C0.1,0.25,2025-02-03,0.24792884017082345,0.0,0.0
2025-02-11,1,0.0024399199327247434,0.4374148613680747,0.4776641550053821,logistic_C0.1,0.25,2025-02-03,0.24792884017082345,0.0,0.0
2025-02-12,1,0.0053970671201044595,0.46945696372785445,0.4776641550053821,logistic_C0.1,0.25,2025-02-03,0.24792884017082345,0.0,0.0
2025-02-13,1,0.009464819554895643,0.42768794896953505,0.4776641550053821,logistic_C0.1,0.25,2025-02-03,0.24792884017082345,-1.0,-0.010464819554895644
2025-02-14,1,0.0011011513793370842,0.4430642636771831,0.4776641550053821,logistic_C0.1,0.25,2025-02-03,0.24792884017082345,0.0,0.0
2025-02-17,1,0.0055585730299423375,0.45467715123143004,0.4776641550053821,logistic_C0.1,0.25,2025-02-03,0.24792884017082345,0.0,0.0
2025-02-18,1,0.005188940973883005,0.4607685298353813,0.4776641550053821,logistic_C0.1,0.25,2025-02-03,0.24792884017082345,0.0,0.0
2025-02-19,1,0.014279151527576861,0.4502984193767545,0.4776641550053821,logistic_C0.1,0.25,2025-02-03,0.24792884017082345,0.0,0.0
2025-02-20,0,-0.002877838390213827,0.4511269906496491,0.4776641550053821,logistic_C0.1,0.25,2025-02-03,0.24792884017082345,0.0,-0.0
2025-02-21,1,0.0003089955384056875,0.45340978807098026,0.4776641550053821,logistic_C0.1,0.25,2025-02-03,0.24792884017082345,0.0,0.0
2025-02-24,1,0.00347101042441178,0.46703913728180385,0.4776641550053821,logistic_C0.1,0.25,2025-02-03,0.24792884017082345,0.0,0.0
2025-02-25,1,0.004832597301386077,0.4549847265970782,0.4776641550053821,logistic_C0.1,0.25,2025-02-03,0.24792884017082345,0.0,0.0
2025-02-26,1,0.004270189287642667,0.44788454850925363,0.4776641550053821,logistic_C0.1,0.25,2025-02-03,0.24792884017082345,0.0,0.0
2025-02-27,0,-0.006020556332768434,0.44337998872859086,0.4776641550053821,logistic_C0.1,0.25,2025-02-03,0.24792884017082345,0.0,-0.0
2025-02-28,0,-0.02043231577848159,0.4472548761503744,0.4776641550053821,logistic_C0.1,0.25,2025-02-03,0.24792884017082345,0.0,-0.0
2025-03-04,1,0.0026643406549837767,0.4685647932348792,0.4776641550053821,logistic_C0.1,0.25,2025-02-03,0.24792884017082345,0.0,0.0
2025-03-05,1,0.003798387254998259,0.4616471604534365,0.4776641550053821,logistic_C0.1,0.25,2025-02-03,0.24792884017082345,0.0,0.0
2025-03-06,1,0.0010141633152647156,0.4307973466768371,0.4776641550053821,logistic_C0.1,0.25,2025-02-03,0.24792884017082345,0.0,0.0
2025-03-07,1,0.003931950623472735,0.46821645731788564,0.4776641550053821,logistic_C0.1,0.25,2025-02-03,0.24792884017082345,0.0,0.0
2025-03-10,1,0.005866009235344638,0.42462806943791576,0.4776641550053821,logistic_C0.1,0.25,2025-02-03,0.24792884017082345,-1.0,-0.006866009235344638
2025-03-11,1,0.008308532238773925,0.48752021581970595,0.4776641550053821,logistic_C0.1,0.25,2025-02-03,0.24792884017082345,0.0,0.0
2025-03-12,1,0.00870484995690668,0.4141084723256696,0.4776641550053821,logistic_C0.1,0.25,2025-02-03,0.24792884017082345,-1.0,-0.00970484995690668
2025-03-13,0,-0.009399321031846819,0.42651617295737476,0.4776641550053821,logistic_C0.1,0.25,2025-02-03,0.24792884017082345,-1.0,0.008399321031846818
2025-03-14,1,0.0004600067051825363,0.47832634936709073,0.4776641550053821,logistic_C0.1,0.25,2025-02-03,0.24792884017082345,0.0,0.0
2025-03-17,1,0.008642671694380821,0.4208552692460101,0.4776641550053821,logistic_C0.1,0.25,2025-02-03,0.24792884017082345,-1.0,-0.009642671694380822
2025-03-18,0,-0.005682704860939247,0.48198369524004425,0.4776641550053821,logistic_C0.1,0.25,2025-02-03,0.24792884017082345,0.0,-0.0
2025-03-19,1,0.0057930422272218784,0.4681267608983234,0.4776641550053821,logistic_C0.1,0.25,2025-02-03,0.24792884017082345,0.0,0.0
2025-03-20,0,-0.004176484804543468,0.43123720616695,0.4776641550053821,logistic_C0.1,0.25,2025-02-03,0.24792884017082345,0.0,-0.0
2025-03-21,1,0.0035043091992861264,0.4604034168254907,0.4776641550053821,logistic_C0.1,0.25,2025-02-03,0.24792884017082345,0.0,0.0
2025-03-24,0,-0.0016537514745317283,0.4164697464795608,0.4776641550053821,logistic_C0.1,0.25,2025-02-03,0.24792884017082345,-1.0,0.0006537514745317283
2025-03-25,0,-0.014032958417513508,0.42939667013935146,0.4776641550053821,logistic_C0.1,0.25,2025-02-03,0.24792884017082345,-1.0,0.013032958417513507
2025-03-26,1,0.006030995894356739,0.4521615978496497,0.4776641550053821,logistic_C0.1,0.25,2025-02-03,0.24792884017082345,0.0,0.0
2025-03-27,0,-0.005010914864060356,0.46743913691459194,0.4776641550053821,logistic_C0.1,0.25,2025-02-03,0.24792884017082345,0.0,-0.0
2025-03-28,0,-0.013364807164925274,0.4285195268196132,0.4776641550053821,logistic_C0.1,0.25,2025-02-03,0.24792884017082345,-1.0,0.012364807164925273
2025-03-31,0,-0.012858870711057402,0.45346975703662146,0.4776641550053821,logistic_C0.1,0.25,2025-02-03,0.24792884017082345,0.0,-0.0
2025-04-01,1,0.004041827941574816,0.44719354849916704,0.4776641550053821,logistic_C0.1,0.25,2025-02-03,0.24792884017082345,0.0,0.0
2025-04-02,0,-0.007823821477498494,0.45727528787982197,0.4776641550053821,logistic_C0.1,0.25,2025-02-03,0.24792884017082345,0.0,-0.0
2025-04-03,1,0.020213913835474218,0.43948769004384464,0.4776641550053821,logistic_C0.1,0.25,2025-02-03,0.24792884017082345,0.0,0.0
2025-04-04,1,0.00609265901921674,0.46260973263449867,0.4776641550053821,logistic_C0.1,0.25,2025-02-03,0.24792884017082345,0.0,0.0
2025-04-07,0,-0.013160962170181256,0.4620961195855604,0.4776641550053821,logistic_C0.1,0.25,2025-02-03,0.24792884017082345,0.0,-0.0
2025-04-08,0,-0.0197253485637493,0.39550030673268965,0.4776641550053821,logistic_C0.1,0.25,2025-02-03,0.24792884017082345,-1.0,0.0187253485637493
2025-04-09,0,-0.0155751741423783,0.47546527172088365,0.4776641550053821,logistic_C0.1,0.25,2025-02-03,0.24792884017082345,0.0,-0.0
2025-04-10,1,0.020846467623886644,0.37478019634076215,0.4776641550053821,logistic_C0.1,0.25,2025-02-03,0.24792884017082345,-1.0,-0.021846467623886645
2025-04-11,1,0.013320892724743238,0.5084725894823651,0.4776641550053821,logistic_C0.1,0.25,2025-02-03,0.24792884017082345,0.0,0.0
2025-04-14,1,0.0006559968707726682,0.3995888319684231,0.4776641550053821,logistic_C0.1,0.25,2025-02-03,0.24792884017082345,-1.0,-0.0016559968707726682
2025-04-15,1,0.005234306210970763,0.4233431694691421,0.4776641550053821,logistic_C0.1,0.25,2025-02-03,0.24792884017082345,-1.0,-0.006234306210970763
2025-04-16,0,-0.010251619634581433,0.44141056754911917,0.4776641550053821,logistic_C0.1,0.25,2025-02-03,0.24792884017082345,0.0,-0.0
2025-04-17,1,0.007631439409389484,0.4046163680434322,0.4776641550053821,logistic_C0.1,0.25,2025-02-03,0.24792884017082345,-1.0,-0.008631439409389485
2025-04-18,1,0.00409169934904785,0.40810932980626563,0.4776641550053821,logistic_C0.1,0.25,2025-02-03,0.24792884017082345,-1.0,-0.00509169934904785
2025-04-21,1,0.0008204699201248555,0.41363788872549845,0.4776641550053821,logistic_C0.1,0.25,2025-02-03,0.24792884017082345,-1.0,-0.0018204699201248556
2025-04-22,1,0.002200565859792558,0.39078344947082955,0.4776641550053821,logistic_C0.1,0.25,2025-02-03,0.24792884017082345,-1.0,-0.003200565859792558
2025-04-23,1,0.001983686164979126,0.400200311569355,0.4776641550053821,logistic_C0.1,0.25,2025-02-03,0.24792884017082345,-1.0,-0.002983686164979126
2025-04-24,0,-0.0011919187119359131,0.38723159465030954,0.4776641550053821,logistic_C0.1,0.25,2025-02-03,0.24792884017082345,-1.0,0.00019191871193591312
2025-04-25,1,0.0006720139590268293,0.42124948827884906,0.4776641550053821,logistic_C0.1,0.25,2025-02-03,0.24792884017082345,-1.0,-0.0016720139590268293
2025-04-28,0,-0.0009289636763443188,0.42803640669516835,0.4776641550053821,logistic_C0.1,0.25,2025-02-03,0.24792884017082345,-1.0,-7.103632365568126e-05
2025-04-29,1,0.005948436427801296,0.4636554191364022,0.4776641550053821,logistic_C0.1,0.25,2025-02-03,0.24792884017082345,0.0,0.0
2025-04-30,0,-0.0017297660325492625,0.4497187486152199,0.4776641550053821,logistic_C0.1,0.25,2025-02-03,0.24792884017082345,0.0,-0.0
2025-05-02,1,0.0012790825027773067,0.4024007097889607,0.4776641550053821,logistic_C0.1,0.25,2025-02-03,0.24792884017082345,-1.0,-0.0022790825027773067
2025-05-07,0,-0.0012572563871727782,0.43676483368662805,0.4776641550053821,logistic_C0.1,0.25,2025-02-03,0.24792884017082345,0.0,-0.0
2025-05-08,0,-0.0006934570967004339,0.4366214377492888,0.4776641550053821,logistic_C0.1,0.25,2025-02-03,0.24792884017082345,0.0,-0.0
2025-05-09,0,-0.004119122232826955,0.4609182237725504,0.48081503043133106,logistic_C0.1,0.25,2025-05-07,0.24779965916694194,0.0,-0.0
2025-05-12,1,0.00516203150419825,0.4666618698610967,0.48081503043133106,logistic_C0.1,0.25,2025-05-07,0.24779965916694194,0.0,0.0
2025-05-13,1,0.0025598056700080196,0.4741574181003708,0.48081503043133106,logistic_C0.1,0.25,2025-05-07,0.24779965916694194,0.0,0.0
2025-05-14,1,0.005793491178352594,0.49072732142120096,0.48081503043133106,logistic_C0.1,0.25,2025-05-07,0.24779965916694194,0.0,0.0
2025-05-15,0,-0.004987663693300393,0.5094779746975908,0.48081503043133106,logistic_C0.1,0.25,2025-05-07,0.24779965916694194,0.0,-0.0
2025-05-16,0,-0.0014331113341240487,0.5092482769062262,0.48081503043133106,logistic_C0.1,0.25,2025-05-07,0.24779965916694194,0.0,-0.0
2025-05-19,0,-0.003933121628342917,0.49652053005985086,0.48081503043133106,logistic_C0.1,0.25,2025-05-07,0.24779965916694194,0.0,-0.0
2025-05-20,0,-0.007961322006497018,0.4952672256504206,0.48081503043133106,logistic_C0.1,0.25,2025-05-07,0.24779965916694194,0.0,-0.0
2025-05-21,1,0.0037004472648036746,0.4946421874057711,0.48081503043133106,logistic_C0.1,0.25,2025-05-07,0.24779965916694194,0.0,0.0
2025-05-22,0,-0.008027812411556257,0.4864586685320812,0.48081503043133106,logistic_C0.1,0.25,2025-05-07,0.24779965916694194,0.0,-0.0
2025-05-23,0,-0.004409330265750522,0.45960260338392445,0.48081503043133106,logistic_C0.1,0.25,2025-05-07,0.24779965916694194,0.0,-0.0
2025-05-26,1,0.017683619080605784,0.474636883686277,0.48081503043133106,logistic_C0.1,0.25,2025-05-07,0.24779965916694194,0.0,0.0
2025-05-27,1,0.0026346904713927533,0.49532770908965784,0.48081503043133106,logistic_C0.1,0.25,2025-05-07,0.24779965916694194,0.0,0.0
2025-05-28,1,0.008037419871189888,0.43418485190482864,0.48081503043133106,logistic_C0.1,0.25,2025-05-07,0.24779965916694194,0.0,0.0
2025-05-29,1,0.01099195112706508,0.47906132811391217,0.48081503043133106,logistic_C0.1,0.25,2025-05-07,0.24779965916694194,0.0,0.0
2025-05-30,0,-0.005738526632365626,0.47282544627984785,0.48081503043133106,logistic_C0.1,0.25,2025-05-07,0.24779965916694194,0.0,-0.0
2025-06-02,1,0.0022503537065849955,0.4536111936808195,0.48081503043133106,logistic_C0.1,0.25,2025-05-07,0.24779965916694194,0.0,0.0
2025-06-04,1,0.012023726040205629,0.480061178952829,0.48081503043133106,logistic_C0.1,0.25,2025-05-07,0.24779965916694194,0.0,0.0
2025-06-05,1,0.007784025545365614,0.4892160153678689,0.48081503043133106,logistic_C0.1,0.25,2025-05-07,0.24779965916694194,0.0,0.0
2025-06-09,1,0.005000774222610138,0.4480249649867491,0.48081503043133106,logistic_C0.1,0.25,2025-05-07,0.24779965916694194,0.0,0.0
2025-06-10,0,-0.0002680479840703187,0.48746159225303254,0.48081503043133106,logistic_C0.1,0.25,2025-05-07,0.24779965916694194,0.0,-0.0
2025-06-11,1,0.006829862987129953,0.46523216426496233,0.48081503043133106,logistic_C0.1,0.25,2025-05-07,0.24779965916694194,0.0,0.0
2025-06-12,1,0.003450183677607299,0.4754925700253304,0.48081503043133106,logistic_C0.1,0.25,2025-05-07,0.24779965916694194,0.0,0.0
2025-06-13,0,-0.012267238114087142,0.4583767578144647,0.48081503043133106,logistic_C0.1,0.25,2025-05-07,0.24779965916694194,0.0,-0.0
2025-06-16,1,0.014864818322714024,0.4534582442095999,0.48081503043133106,logistic_C0.1,0.25,2025-05-07,0.24779965916694194,0.0,0.0
2025-06-17,0,-0.0032534553181999826,0.46696580292968326,0.48081503043133106,logistic_C0.1,0.25,2025-05-07,0.24779965916694194,0.0,-0.0
2025-06-18,1,0.013144125196429046,0.4803853772702643,0.48081503043133106,logistic_C0.1,0.25,2025-05-07,0.24779965916694194,0.0,0.0
2025-06-19,0,-0.0039537590816040025,0.4370372836638882,0.48081503043133106,logistic_C0.1,0.25,2025-05-07,0.24779965916694194,0.0,-0.0
2025-06-20,1,0.0118264736214726,0.4635818454708372,0.48081503043133106,logistic_C0.1,0.25,2025-05-07,0.24779965916694194,0.0,0.0
2025-06-23,1,0.007442684312545911,0.4461205984085252,0.48081503043133106,logistic_C0.1,0.25,2025-05-07,0.24779965916694194,0.0,0.0
2025-06-24,1,0.013883716523909406,0.4485280846907325,0.48081503043133106,logistic_C0.1,0.25,2025-05-07,0.24779965916694194,0.0,0.0
2025-06-25,0,-0.006247222479770054,0.46650137549692944,0.48081503043133106,logistic_C0.1,0.25,2025-05-07,0.24779965916694194,0.0,-0.0
2025-06-26,0,-0.009258961374881802,0.45402391989052693,0.48081503043133106,logistic_C0.1,0.25,2025-05-07,0.24779965916694194,0.0,-0.0
2025-06-27,0,-0.00712505726362711,0.45359343056821516,0.48081503043133106,logistic_C0.1,0.25,2025-05-07,0.24779965916694194,0.0,-0.0
2025-06-30,0,-0.000341713448865133,0.44433098940472016,0.48081503043133106,logistic_C0.1,0.25,2025-05-07,0.24779965916694194,0.0,-0.0
2025-07-01,1,3.236623037139452e-06,0.46670840357207927,0.48081503043133106,logistic_C0.1,0.25,2025-05-07,0.24779965916694194,0.0,0.0
2025-07-02,0,-0.002840632721754277,0.4654791924649198,0.48081503043133106,logistic_C0.1,0.25,2025-05-07,0.24779965916694194,0.0,-0.0
2025-07-03,1,0.005141388174807249,0.4423009954978817,0.48081503043133106,logistic_C0.1,0.25,2025-05-07,0.24779965916694194,0.0,0.0
2025-07-04,0,-0.021778956403653793,0.4372838693799976,0.48081503043133106,logistic_C0.1,0.25,2025-05-07,0.24779965916694194,0.0,-0.0
2025-07-07,1,0.004824650713680434,0.43908578314323116,0.48081503043133106,logistic_C0.1,0.25,2025-05-07,0.24779965916694194,0.0,0.0
2025-07-08,1,0.014066945770149886,0.4373754067413475,0.48081503043133106,logistic_C0.1,0.25,2025-05-07,0.24779965916694194,0.0,0.0
2025-07-09,1,0.0033683185942712246,0.4610675283064046,0.48081503043133106,logistic_C0.1,0.25,2025-05-07,0.24779965916694194,0.0,0.0
2025-07-10,1,0.012432652490029117,0.4425675816600146,0.48081503043133106,logistic_C0.1,0.25,2025-05-07,0.24779965916694194,0.0,0.0
2025-07-11,0,-0.003320413639430697,0.4487932105125043,0.48081503043133106,logistic_C0.1,0.25,2025-05-07,0.24779965916694194,0.0,-0.0
2025-07-14,1,0.008326011859213667,0.42670269859530685,0.48081503043133106,logistic_C0.1,0.25,2025-05-07,0.24779965916694194,-1.0,-0.009326011859213668
2025-07-15,1,0.006404116663849546,0.4342088423462618,0.48081503043133106,logistic_C0.1,0.25,2025-05-07,0.24779965916694194,0.0,0.0
2025-07-16,0,-0.006578373052988584,0.43454984904655736,0.48081503043133106,logistic_C0.1,0.25,2025-05-07,0.24779965916694194,0.0,-0.0
2025-07-17,0,-0.0028518594873525593,0.42813296866522466,0.48081503043133106,logistic_C0.1,0.25,2025-05-07,0.24779965916694194,-1.0,0.0018518594873525593
2025-07-18,0,-0.003865093549636933,0.45588302139416353,0.48081503043133106,logistic_C0.1,0.25,2025-05-07,0.24779965916694194,0.0,-0.0
2025-07-21,1,0.006173400478203472,0.44459883061978306,0.48081503043133106,logistic_C0.1,0.25,2025-05-07,0.24779965916694194,0.0,0.0
2025-07-22,0,-0.012516666043636993,0.4445522352565925,0.48081503043133106,logistic_C0.1,0.25,2025-05-07,0.24779965916694194,0.0,-0.0
2025-07-23,0,-0.0018434624488580242,0.45624770721985347,0.48081503043133106,logistic_C0.1,0.25,2025-05-07,0.24779965916694194,0.0,-0.0
2025-07-24,0,-0.005913822703719984,0.43771048197740803,0.48081503043133106,logistic_C0.1,0.25,2025-05-07,0.24779965916694194,0.0,-0.0
2025-07-25,1,0.0036679154746466214,0.44966192355037116,0.48081503043133106,logistic_C0.1,0.25,2025-05-07,0.24779965916694194,0.0,0.0
2025-07-28,0,-0.0059127612192244605,0.42600069529895335,0.48081503043133106,logistic_C0.1,0.25,2025-05-07,0.24779965916694194,-1.0,0.0049127612192244605
2025-07-29,1,0.012029434522597526,0.4609909115950947,0.48081503043133106,logistic_C0.1,0.25,2025-05-07,0.24779965916694194,0.0,0.0
2025-07-30,1,0.006544377124370948,0.4620452145954608,0.48081503043133106,logistic_C0.1,0.25,2025-05-07,0.24779965916694194,0.0,0.0
2025-07-31,0,-0.00926191624590178,0.4493799721363486,0.48081503043133106,logistic_C0.1,0.25,2025-05-07,0.24779965916694194,0.0,-0.0
2025-08-01,0,-0.02831804929103654,0.4503601760620894,0.48081503043133106,logistic_C0.1,0.25,2025-05-07,0.24779965916694194,0.0,-0.0
2025-08-04,1,0.010750512961303915,0.47877690638693193,0.48081503043133106,logistic_C0.1,0.25,2025-05-07,0.24779965916694194,0.0,0.0
2025-08-05,1,0.003404295373609534,0.46461859116810467,0.48081503043133106,logistic_C0.1,0.25,2025-05-07,0.24779965916694194,0.0,0.0
2025-08-06,1,0.00505333023261656,0.4710511580048331,0.48081503043133106,logistic_C0.1,0.25,2025-05-07,0.24779965916694194,0.0,0.0
2025-08-07,1,0.004003347009621017,0.4227198905214175,0.48081503043133106,logistic_C0.1,0.25,2025-05-07,0.24779965916694194,-1.0,-0.005003347009621017
2025-08-08,0,-0.0032820175247936234,0.4755978815845131,0.48178032274856847,logistic_C0.1,0.25,2025-08-06,0.24747243293575408,0.0,-0.0
2025-08-11,0,-0.004331329640577253,0.4447355115025419,0.48178032274856847,logistic_C0.1,0.25,2025-08-06,0.24747243293575408,0.0,-0.0
2025-08-12,0,-0.006181166757535661,0.47563273893008196,0.48178032274856847,logistic_C0.1,0.25,2025-08-06,0.24747243293575408,0.0,-0.0
2025-08-13,0,-0.00031934023686985835,0.4687996727774218,0.48178032274856847,logistic_C0.1,0.25,2025-08-06,0.24747243293575408,0.0,-0.0
2025-08-14,0,-0.0002665410411217817,0.49603532694433305,0.48178032274856847,logistic_C0.1,0.25,2025-08-06,0.24747243293575408,0.0,-0.0
2025-08-18,0,-0.007915369555646423,0.48714475542592717,0.48178032274856847,logistic_C0.1,0.25,2025-08-06,0.24747243293575408,0.0,-0.0
2025-08-19,0,-0.010511641926004067,0.4749893782325773,0.48178032274856847,logistic_C0.1,0.25,2025-08-06,0.24747243293575408,0.0,-0.0
2025-08-20,1,0.0027454573412952765,0.4988673326041461,0.48178032274856847,logistic_C0.1,0.25,2025-08-06,0.24747243293575408,0.0,0.0
2025-08-21,1,0.0003279513231084774,0.47786581566862596,0.48178032274856847,logistic_C0.1,0.25,2025-08-06,0.24747243293575408,0.0,0.0
2025-08-22,1,0.0010488372754240416,0.4697045641595925,0.48178032274856847,logistic_C0.1,0.25,2025-08-06,0.24747243293575408,0.0,0.0
2025-08-25,1,0.004606996876506342,0.4795722338056962,0.48178032274856847,logistic_C0.1,0.25,2025-08-06,0.24747243293575408,0.0,0.0
2025-08-26,0,-0.006425160629015658,0.49357377258107005,0.48178032274856847,logistic_C0.1,0.25,2025-08-06,0.24747243293575408,0.0,-0.0
2025-08-27,1,0.0004049129437171395,0.4835339080995795,0.48178032274856847,logistic_C0.1,0.25,2025-08-06,0.24747243293575408,0.0,0.0
2025-08-28,1,0.006610336563443786,0.4785448922812832,0.48178032274856847,logistic_C0.1,0.25,2025-08-06,0.24747243293575408,0.0,0.0
2025-08-29,0,-0.007102343555223101,0.46894508570653204,0.48178032274856847,logistic_C0.1,0.25,2025-08-06,0.24747243293575408,0.0,-0.0
2025-09-01,0,-0.0068413501949705635,0.48072693252198645,0.48178032274856847,logistic_C0.1,0.25,2025-08-06,0.24747243293575408,0.0,-0.0
2025-09-02,1,0.005266610261334126,0.5099685517987318,0.48178032274856847,logistic_C0.1,0.25,2025-08-06,0.24747243293575408,0.0,0.0
2025-09-03,1,0.0020989693965856038,0.5006371947937732,0.48178032274856847,logistic_C0.1,0.25,2025-08-06,0.24747243293575408,0.0,0.0
2025-09-04,1,0.0037599879580034745,0.46514836537278226,0.48178032274856847,logistic_C0.1,0.25,2025-08-06,0.24747243293575408,0.0,0.0
2025-09-05,0,-0.00115618465297318,0.4629630715358008,0.48178032274856847,logistic_C0.1,0.25,2025-08-06,0.24747243293575408,0.0,-0.0
2025-09-08,1,0.0030469093186200613,0.4779741431634883,0.48178032274856847,logistic_C0.1,0.25,2025-08-06,0.24747243293575408,0.0,0.0
2025-09-09,1,0.00889422556176922,0.4979751665940997,0.48178032274856847,logistic_C0.1,0.25,2025-08-06,0.24747243293575408,0.0,0.0
2025-09-10,1,0.012936250840413388,0.48315524319936914,0.48178032274856847,logistic_C0.1,0.25,2025-08-06,0.24747243293575408,0.0,0.0
2025-09-11,1,0.0022777677875680524,0.49689426917777535,0.48178032274856847,logistic_C0.1,0.25,2025-08-06,0.24747243293575408,0.0,0.0
2025-09-12,1,0.006190271583719653,0.48440146011025603,0.48178032274856847,logistic_C0.1,0.25,2025-08-06,0.24747243293575408,0.0,0.0
2025-09-15,0,-0.00013791970138921084,0.48062613583359515,0.48178032274856847,logistic_C0.1,0.25,2025-08-06,0.24747243293575408,0.0,-0.0
2025-09-16,1,0.008327657820661472,0.47872596846718596,0.48178032274856847,logistic_C0.1,0.25,2025-08-06,0.24747243293575408,0.0,0.0
2025-09-17,0,-0.005949624763019634,0.4918639127338497,0.48178032274856847,logistic_C0.1,0.25,2025-08-06,0.24747243293575408,0.0,-0.0
2025-09-18,1,0.00831107239925788,0.4717913439264837,0.48178032274856847,logistic_C0.1,0.25,2025-08-06,0.24747243293575408,0.0,0.0
2025-09-19,0,-0.004619745003943798,0.4770077058846576,0.48178032274856847,logistic_C0.1,0.25,2025-08-06,0.24747243293575408,0.0,-0.0
2025-09-22,1,0.0013886322693887898,0.46024116274236826,0.48178032274856847,logistic_C0.1,0.25,2025-08-06,0.24747243293575408,0.0,0.0
2025-09-23,0,-0.0009371077473305789,0.48247815693936635,0.48178032274856847,logistic_C0.1,0.25,2025-08-06,0.24747243293575408,0.0,-0.0
2025-09-24,0,-0.005695827355435168,0.5051690313603349,0.48178032274856847,logistic_C0.1,0.25,2025-08-06,0.24747243293575408,0.0,-0.0
2025-09-25,1,0.003506814147523185,0.48070253308841293,0.48178032274856847,logistic_C0.1,0.25,2025-08-06,0.24747243293575408,0.0,0.0
2025-09-26,0,-0.015794720947334362,0.4659742878077817,0.48178032274856847,logistic_C0.1,0.25,2025-08-06,0.24747243293575408,0.0,-0.0
2025-09-29,1,0.0049144366702496,0.4665894621262678,0.48178032274856847,logistic_C0.1,0.25,2025-08-06,0.24747243293575408,0.0,0.0
2025-09-30,0,-0.003317811408614646,0.4922546372100607,0.48178032274856847,logistic_C0.1,0.25,2025-08-06,0.24747243293575408,0.0,-0.0
2025-10-01,1,0.0034174782088580713,0.49433637762305627,0.48178032274856847,logistic_C0.1,0.25,2025-08-06,0.24747243293575408,0.0,0.0
2025-10-02,1,0.006730998332141969,0.4790258686139231,0.48178032274856847,logistic_C0.1,0.25,2025-08-06,0.24747243293575408,0.0,0.0
2025-10-10,1,0.0034712668595455742,0.5036663849743082,0.48178032274856847,logistic_C0.1,0.25,2025-08-06,0.24747243293575408,0.0,0.0
2025-10-13,1,0.009709640346133197,0.4900692129597236,0.48178032274856847,logistic_C0.1,0.25,2025-08-06,0.24747243293575408,0.0,0.0
2025-10-14,0,-0.01173934275218358,0.4253699313159436,0.48178032274856847,logistic_C0.1,0.25,2025-08-06,0.24747243293575408,-1.0,0.010739342752183578
2025-10-15,1,0.021403994816569183,0.49271318387811924,0.48178032274856847,logistic_C0.1,0.25,2025-08-06,0.24747243293575408,0.0,0.0
2025-10-16,1,0.019737092675919943,0.46168268174955135,0.48178032274856847,logistic_C0.1,0.25,2025-08-06,0.24747243293575408,0.0,0.0
2025-10-17,1,0.004321199327039338,0.4737854902996216,0.48178032274856847,logistic_C0.1,0.25,2025-08-06,0.24747243293575408,0.0,0.0
2025-10-20,1,0.010406844307887964,0.43485699602671524,0.48178032274856847,logistic_C0.1,0.25,2025-08-06,0.24747243293575408,0.0,0.0
2025-10-21,0,-0.007055291988335544,0.46741099726387897,0.48178032274856847,logistic_C0.1,0.25,2025-08-06,0.24747243293575408,0.0,-0.0
2025-10-22,1,0.014749570838439308,0.4703098961861365,0.48178032274856847,logistic_C0.1,0.25,2025-08-06,0.24747243293575408,0.0,0.0
2025-10-23,1,0.002547063316813425,0.43875141027051945,0.48178032274856847,logistic_C0.1,0.25,2025-08-06,0.24747243293575408,0.0,0.0
2025-10-24,1,0.012421562558595278,0.4241739930773205,0.48178032274856847,logistic_C0.1,0.25,2025-08-06,0.24747243293575408,-1.0,-0.01342156255859528
2025-10-27,1,0.010760564929658711,0.4609110387613526,0.48178032274856847,logistic_C0.1,0.25,2025-08-06,0.24747243293575408,0.0,0.0
2025-10-28,0,-1.4960840001299047e-05,0.468767762213697,0.48178032274856847,logistic_C0.1,0.25,2025-08-06,0.24747243293575408,0.0,-0.0
2025-10-29,1,0.004828217868099394,0.4246744769345543,0.48178032274856847,logistic_C0.1,0.25,2025-08-06,0.24747243293575408,-1.0,-0.005828217868099394
2025-10-30,0,-0.004642043863174128,0.4578965188102082,0.48178032274856847,logistic_C0.1,0.25,2025-08-06,0.24747243293575408,0.0,-0.0
2025-10-31,1,0.0059388967121778435,0.47114104157021097,0.48178032274856847,logistic_C0.1,0.25,2025-08-06,0.24747243293575408,0.0,0.0
2025-11-03,1,0.02389071048853375,0.4256040333220512,0.48178032274856847,logistic_C0.1,0.25,2025-08-06,0.24747243293575408,-1.0,-0.02489071048853375
2025-11-04,0,-0.023108427110095642,0.4529133877031706,0.48178032274856847,logistic_C0.1,0.25,2025-08-06,0.24747243293575408,0.0,-0.0
2025-11-05,0,-0.012587936786611631,0.452517241689698,0.48178032274856847,logistic_C0.1,0.25,2025-08-06,0.24747243293575408,0.0,-0.0
2025-11-06,0,-0.01612966284337547,0.44913390353410343,0.48178032274856847,logistic_C0.1,0.25,2025-08-06,0.24747243293575408,0.0,-0.0
2025-11-07,0,-0.0025127910145014143,0.5001225950567817,0.48178032274856847,logistic_C0.1,0.25,2025-08-06,0.24747243293575408,0.0,-0.0
2025-11-10,1,0.020383930338412792,0.41932642656474206,0.48178032274856847,logistic_C0.1,0.25,2025-08-06,0.24747243293575408,-1.0,-0.021383930338412793
2025-11-11,0,-0.004342555100259382,0.46173985820636826,0.48178032274856847,logistic_C0.1,0.25,2025-08-06,0.24747243293575408,0.0,-0.0
2025-11-12,1,0.012922702955992182,0.46055025809295386,0.48178032274856847,logistic_C0.1,0.25,2025-08-06,0.24747243293575408,0.0,0.0
2025-11-13,1,0.010432288247080201,0.4622531776237692,0.48322663252240716,logistic_C0.1,0.25,2025-11-11,0.24773999743292785,0.0,0.0
2025-11-14,0,-0.012393184487100806,0.46560085210301067,0.48322663252240716,logistic_C0.1,0.25,2025-11-11,0.24773999743292785,0.0,-0.0
2025-11-17,1,0.0026185648401277906,0.41352388499848136,0.48322663252240716,logistic_C0.1,0.25,2025-11-11,0.24773999743292785,-1.0,-0.0036185648401277906
2025-11-18,0,-0.02246277015282594,0.4962876844615206,0.48322663252240716,logistic_C0.1,0.25,2025-11-11,0.24773999743292785,0.0,-0.0
2025-11-19,0,-0.009360567129862996,0.4815088781120116,0.48322663252240716,logistic_C0.1,0.25,2025-11-11,0.24773999743292785,0.0,-0.0
2025-11-20,0,-0.006479829916868574,0.4592438900549837,0.48322663252240716,logistic_C0.1,0.25,2025-11-11,0.24773999743292785,0.0,-0.0
2025-11-21,0,-0.014183743955790806,0.5228452486790058,0.48322663252240716,logistic_C0.1,0.25,2025-11-11,0.24773999743292785,0.0,-0.0
2025-11-24,0,-0.017649342555604353,0.41394761559001697,0.48322663252240716,logistic_C0.1,0.25,2025-11-11,0.24773999743292785,-1.0,0.01664934255560435
2025-11-25,0,-0.0214541543643908,0.48218432060315175,0.48322663252240716,logistic_C0.1,0.25,2025-11-11,0.24773999743292785,0.0,-0.0
2025-11-26,1,0.017726651386990255,0.5085922675268617,0.48322663252240716,logistic_C0.1,0.25,2025-11-11,0.24773999743292785,0.0,0.0
2025-11-27,0,-0.0006366792414994604,0.4693135521857582,0.48322663252240716,logistic_C0.1,0.25,2025-11-11,0.24773999743292785,0.0,-0.0
2025-11-28,0,-0.01719770730608461,0.4964792310657876,0.48322663252240716,logistic_C0.1,0.25,2025-11-11,0.24773999743292785,0.0,-0.0
2025-12-01,0,-0.01198360854049485,0.45800008923025626,0.48322663252240716,logistic_C0.1,0.25,2025-11-11,0.24773999743292785,0.0,-0.0
2025-12-02,1,0.014175862953118568,0.5234996648483057,0.48322663252240716,logistic_C0.1,0.25,2025-11-11,0.24773999743292785,0.0,0.0
2025-12-03,1,0.006493344571175008,0.4864695479808474,0.48322663252240716,logistic_C0.1,0.25,2025-11-11,0.24773999743292785,0.0,0.0
2025-12-04,1,0.0023887073858335217,0.4767289145035104,0.48322663252240716,logistic_C0.1,0.25,2025-11-11,0.24773999743292785,0.0,0.0
2025-12-05,1,0.019025723872250655,0.4822298624961078,0.48322663252240716,logistic_C0.1,0.25,2025-11-11,0.24773999743292785,0.0,0.0
2025-12-08,1,0.011096915495528492,0.4800181455913533,0.48322663252240716,logistic_C0.1,0.25,2025-11-11,0.24773999743292785,0.0,0.0
2025-12-09,1,0.00333674756705582,0.4931956409990481,0.48322663252240716,logistic_C0.1,0.25,2025-11-11,0.24773999743292785,0.0,0.0
2025-12-10,0,-0.005782570538945264,0.45211798784797236,0.48322663252240716,logistic_C0.1,0.25,2025-11-11,0.24773999743292785,0.0,-0.0
2025-12-11,0,-0.0126581670397663,0.48749648565064535,0.48322663252240716,logistic_C0.1,0.25,2025-11-11,0.24773999743292785,0.0,-0.0
2025-12-12,1,0.01050722265466808,0.5058394558379611,0.48322663252240716,logistic_C0.1,0.25,2025-11-11,0.24773999743292785,0.0,0.0
2025-12-15,1,0.009090370867396613,0.4865657467224275,0.48322663252240716,logistic_C0.1,0.25,2025-11-11,0.24773999743292785,0.0,0.0
2025-12-16,0,-0.02301066127251228,0.4546145375216171,0.48322663252240716,logistic_C0.1,0.25,2025-11-11,0.24773999743292785,0.0,-0.0
2025-12-17,1,0.009200309496620207,0.4896411709551418,0.48322663252240716,logistic_C0.1,0.25,2025-11-11,0.24773999743292785,0.0,0.0
2025-12-18,1,0.0012306998195308338,0.5107208226526775,0.48322663252240716,logistic_C0.1,0.25,2025-11-11,0.24773999743292785,0.0,0.0
2025-12-19,0,-0.008686368590012261,0.4421081583559331,0.48322663252240716,logistic_C0.1,0.25,2025-11-11,0.24773999743292785,0.0,-0.0
2025-12-22,1,0.0023606899952639537,0.4973752305279885,0.48322663252240716,logistic_C0.1,0.25,2025-11-11,0.24773999743292785,0.0,0.0
2025-12-23,0,-0.002442215438290485,0.5317861705868012,0.48322663252240716,logistic_C0.1,0.25,2025-11-11,0.24773999743292785,0.0,-0.0
2025-12-24,0,-0.0066775622304314775,0.5006740978438997,0.48322663252240716,logistic_C0.1,0.25,2025-11-11,0.24773999743292785,0.0,-0.0
2025-12-26,0,-0.00016705525170856994,0.509986537776147,0.48322663252240716,logistic_C0.1,0.25,2025-11-11,0.24773999743292785,0.0,-0.0
2025-12-29,1,0.017865756014740386,0.49077763827035725,0.48322663252240716,logistic_C0.1,0.25,2025-11-11,0.24773999743292785,0.0,0.0
2025-12-30,1,0.004869150521609633,0.5142287829121301,0.48322663252240716,logistic_C0.1,0.25,2025-11-11,0.24773999743292785,0.0,0.0
2026-01-02,1,0.020144252733440338,0.479196882655944,0.48322663252240716,logistic_C0.1,0.25,2025-11-11,0.24773999743292785,0.0,0.0
2026-01-05,1,0.016324967167663962,0.49365980815294275,0.48322663252240716,logistic_C0.1,0.25,2025-11-11,0.24773999743292785,0.0,0.0
2026-01-06,1,0.017858428098459722,0.5292395096461131,0.48322663252240716,logistic_C0.1,0.25,2025-11-11,0.24773999743292785,0.0,0.0
2026-01-07,0,-0.0033462247664430844,0.49618075728793765,0.48322663252240716,logistic_C0.1,0.25,2025-11-11,0.24773999743292785,0.0,-0.0
2026-01-08,1,0.004614406835765861,0.4988595218932539,0.48322663252240716,logistic_C0.1,0.25,2025-11-11,0.24773999743292785,0.0,0.0
2026-01-09,1,0.012425966273954092,0.4967741809475221,0.48322663252240716,logistic_C0.1,0.25,2025-11-11,0.24773999743292785,0.0,0.0
2026-01-12,0,-0.0032543874962553954,0.4874935486501293,0.48322663252240716,logistic_C0.1,0.25,2025-11-11,0.24773999743292785,0.0,-0.0
2026-01-13,1,0.00647729515017903,0.5139598332107052,0.48322663252240716,logistic_C0.1,0.25,2025-11-11,0.24773999743292785,0.0,0.0
2026-01-14,1,0.008108667672690917,0.4953075495198285,0.48322663252240716,logistic_C0.1,0.25,2025-11-11,0.24773999743292785,0.0,0.0
2026-01-15,1,0.018527560994251013,0.5108172402951405,0.48322663252240716,logistic_C0.1,0.25,2025-11-11,0.24773999743292785,0.0,0.0
2026-01-16,1,0.0041654047371106895,0.4867392039422205,0.48322663252240716,logistic_C0.1,0.25,2025-11-11,0.24773999743292785,0.0,0.0
2026-01-19,1,0.015583716403694048,0.4792183719523713,0.48322663252240716,logistic_C0.1,0.25,2025-11-11,0.24773999743292785,0.0,0.0
2026-01-20,0,-0.002965136686066905,0.5039443960703406,0.48322663252240716,logistic_C0.1,0.25,2025-11-11,0.24773999743292785,0.0,-0.0
2026-01-21,1,0.021000469958036616,0.518811559383636,0.48322663252240716,logistic_C0.1,0.25,2025-11-11,0.24773999743292785,0.0,0.0
2026-01-22,0,-0.006923919102637788,0.47851729281454586,0.48322663252240716,logistic_C0.1,0.25,2025-11-11,0.24773999743292785,0.0,-0.0
2026-01-23,1,0.0012018266159450341,0.49677922119862994,0.48322663252240716,logistic_C0.1,0.25,2025-11-11,0.24773999743292785,0.0,0.0
2026-01-26,0,-0.00959472060253641,0.4755776628208628,0.48322663252240716,logistic_C0.1,0.25,2025-11-11,0.24773999743292785,0.0,-0.0
2026-01-27,1,0.03080547103219411,0.4796235967236654,0.48322663252240716,logistic_C0.1,0.25,2025-11-11,0.24773999743292785,0.0,0.0
2026-01-28,1,0.004940344658033613,0.47685648191218,0.48322663252240716,logistic_C0.1,0.25,2025-11-11,0.24773999743292785,0.0,0.0
2026-01-29,0,-0.0042281564322522724,0.471949040932231,0.48322663252240716,logistic_C0.1,0.25,2025-11-11,0.24773999743292785,0.0,-0.0
2026-01-30,1,0.0026888788661028062,0.4914708053525572,0.48322663252240716,logistic_C0.1,0.25,2025-11-11,0.24773999743292785,0.0,0.0
2026-02-02,0,-0.03376202021621744,0.45644639419964705,0.48322663252240716,logistic_C0.1,0.25,2025-11-11,0.24773999743292785,0.0,-0.0
2026-02-03,1,0.033876136161460346,0.47481347299988386,0.48322663252240716,logistic_C0.1,0.25,2025-11-11,0.24773999743292785,0.0,0.0
2026-02-04,1,0.0209838595930969,0.5309473529326406,0.48322663252240716,logistic_C0.1,0.25,2025-11-11,0.24773999743292785,0.0,0.0
2026-02-05,0,-0.016655779913655078,0.4525375239360443,0.48322663252240716,logistic_C0.1,0.25,2025-11-11,0.24773999743292785,0.0,-0.0
2026-02-06,1,0.015158134107297938,0.44737929758252604,0.48322663252240716,logistic_C0.1,0.25,2025-11-11,0.24773999743292785,0.0,0.0
2026-02-09,0,-0.00020003396803236484,0.46446404459248347,0.48322663252240716,logistic_C0.1,0.25,2025-11-11,0.24773999743292785,0.0,-0.0
2026-02-10,0,-0.009068802906801898,0.4964447390212534,0.48322663252240716,logistic_C0.1,0.25,2025-11-11,0.24773999743292785,0.0,-0.0
2026-02-11,1,0.011473907910271475,0.46174421322307,0.48322663252240716,logistic_C0.1,0.25,2025-11-11,0.24773999743292785,0.0,0.0
2026-02-12,1,0.017856780802854688,0.46710270499036544,0.48322663252240716,logistic_C0.1,0.25,2025-11-11,0.24773999743292785,0.0,0.0
2026-02-13,0,-0.0012151527737221945,0.5021612803554922,0.48462701612903225,logistic_C0.1,0.25,2026-02-11,0.2475513134035922,0.0,-0.0
2026-02-19,1,0.006231733276144125,0.47089774143071594,0.48462701612903225,logistic_C0.1,0.25,2026-02-11,0.2475513134035922,0.0,0.0
2026-02-20,1,0.019596657123448047,0.4394201880389068,0.48462701612903225,logistic_C0.1,0.25,2026-02-11,0.2475513134035922,0.0,0.0
2026-02-23,0,-0.009659315174543548,0.4347816460156294,0.48462701612903225,logistic_C0.1,0.25,2026-02-11,0.2475513134035922,0.0,-0.0
2026-02-24,1,0.019844605260460613,0.5179344762534965,0.48462701612903225,logistic_C0.1,0.25,2026-02-11,0.2475513134035922,0.0,0.0
2026-02-25,1,0.010154913909043994,0.4794916774836698,0.48462701612903225,logistic_C0.1,0.25,2026-02-11,0.2475513134035922,0.0,0.0
2026-02-26,1,0.030426251790956815,0.44346495579358736,0.48462701612903225,logistic_C0.1,0.25,2026-02-11,0.2475513134035922,0.0,0.0
2026-02-27,1,0.007525627310411176,0.4744053172995041,0.48462701612903225,logistic_C0.1,0.25,2026-02-11,0.2475513134035922,0.0,0.0
2026-03-03,0,-0.06054029504553815,0.433612004380695,0.48462701612903225,logistic_C0.1,0.25,2026-02-11,0.2475513134035922,0.0,-0.0
2026-03-04,0,-0.08923414732708823,0.45701429230089263,0.48462701612903225,logistic_C0.1,0.25,2026-02-11,0.2475513134035922,0.0,-0.0
2026-03-05,1,0.06341364941762584,0.4905429983108335,0.48462701612903225,logistic_C0.1,0.25,2026-02-11,0.2475513134035922,0.0,0.0
2026-03-06,1,0.01709154219070408,0.5292942486410495,0.48462701612903225,logistic_C0.1,0.25,2026-02-11,0.2475513134035922,0.0,0.0
2026-03-09,0,-0.00256392238342229,0.437127272204037,0.48462701612903225,logistic_C0.1,0.25,2026-02-11,0.2475513134035922,0.0,-0.0
2026-03-10,1,0.0016982877710607358,0.4228754697784048,0.48462701612903225,logistic_C0.1,0.25,2026-02-11,0.2475513134035922,-1.0,-0.002698287771060736
2026-03-11,0,-0.008618556846778147,0.548026685319108,0.48462701612903225,logistic_C0.1,0.25,2026-02-11,0.2475513134035922,0.0,-0.0
2026-03-12,1,0.0028019002631272105,0.45961533011377054,0.48462701612903225,logistic_C0.1,0.25,2026-02-11,0.2475513134035922,0.0,0.0
2026-03-13,1,0.013829380366159771,0.4206221641940987,0.48462701612903225,logistic_C0.1,0.25,2026-02-11,0.2475513134035922,-1.0,-0.014829380366159772
2026-03-16,1,0.007082430563872588,0.44151768764113625,0.48462701612903225,logistic_C0.1,0.25,2026-02-11,0.2475513134035922,0.0,0.0
2026-03-17,0,-0.012486431597745096,0.49679882398871456,0.48462701612903225,logistic_C0.1,0.25,2026-02-11,0.2475513134035922,0.0,-0.0
2026-03-18,1,0.02738464739643831,0.5597194876212757,0.48462701612903225,logistic_C0.1,0.25,2026-02-11,0.2475513134035922,0.0,0.0
2026-03-19,1,0.0003158954420801052,0.45034329910765986,0.48462701612903225,logistic_C0.1,0.25,2026-02-11,0.2475513134035922,0.0,0.0
2026-03-20,0,-0.0055303740528267475,0.4531565240312927,0.48462701612903225,logistic_C0.1,0.25,2026-02-11,0.2475513134035922,0.0,-0.0
2026-03-23,0,-0.031253640135121774,0.535105703967304,0.48462701612903225,logistic_C0.1,0.25,2026-02-11,0.2475513134035922,0.0,-0.0
2026-03-24,0,-0.01494803306019643,0.43355027855977546,0.48462701612903225,logistic_C0.1,0.25,2026-02-11,0.2475513134035922,0.0,-0.0
2026-03-25,0,-0.006710877713090646,0.5554190819325923,0.48462701612903225,logistic_C0.1,0.25,2026-02-11,0.2475513134035922,0.0,-0.0
2026-03-26,0,-0.023882475339914166,0.514277462850566,0.48462701612903225,logistic_C0.1,0.25,2026-02-11,0.2475513134035922,0.0,-0.0
2026-03-27,1,0.02608379035620434,0.4887617913925527,0.48462701612903225,logistic_C0.1,0.25,2026-02-11,0.2475513134035922,0.0,0.0
2026-03-30,1,0.018429889227681517,0.4911824790774888,0.48462701612903225,logistic_C0.1,0.25,2026-02-11,0.2475513134035922,0.0,0.0
2026-03-31,0,-0.017747752126366922,0.43746122831142387,0.48462701612903225,logistic_C0.1,0.25,2026-02-11,0.2475513134035922,0.0,-0.0
2026-04-01,1,0.027890972675627124,0.42569771533920414,0.48462701612903225,logistic_C0.1,0.25,2026-02-11,0.2475513134035922,-1.0,-0.028890972675627125
2026-04-02,0,-0.057215010204099914,0.5767768019434818,0.48462701612903225,logistic_C0.1,0.25,2026-02-11,0.2475513134035922,1.0,-0.058215010204099915
2026-04-03,1,0.00033485257185383865,0.5454254183749644,0.48462701612903225,logistic_C0.1,0.25,2026-02-11,0.2475513134035922,0.0,0.0
2026-04-06,1,0.004974784957636702,0.5733213346190444,0.48462701612903225,logistic_C0.1,0.25,2026-02-11,0.2475513134035922,1.0,0.003974784957636702
2026-04-07,0,-0.010340064010777694,0.5365232499107174,0.48462701612903225,logistic_C0.1,0.25,2026-02-11,0.2475513134035922,0.0,-0.0
2026-04-08,1,0.011652626320051152,0.5438675054421558,0.48462701612903225,logistic_C0.1,0.25,2026-02-11,0.2475513134035922,0.0,0.0
2026-04-09,0,-0.008313810296149415,0.5767851338939771,0.48462701612903225,logistic_C0.1,0.25,2026-02-11,0.2475513134035922,1.0,-0.009313810296149416
2026-04-10,0,-0.002935610572963099,0.4952093125452972,0.48462701612903225,logistic_C0.1,0.25,2026-02-11,0.2475513134035922,0.0,-0.0
2026-04-13,1,0.012434463717998723,0.547588660004087,0.48462701612903225,logistic_C0.1,0.25,2026-02-11,0.2475513134035922,0.0,0.0
2026-04-14,1,0.0013003355704697128,0.5400857868495224,0.48462701612903225,logistic_C0.1,0.25,2026-02-11,0.2475513134035922,0.0,0.0
2026-04-15,0,-0.008175394034127925,0.4962654863722775,0.48462701612903225,logistic_C0.1,0.25,2026-02-11,0.2475513134035922,0.0,-0.0
2026-04-16,1,0.01244981291131464,0.5485892891292015,0.48462701612903225,logistic_C0.1,0.25,2026-02-11,0.2475513134035922,0.0,0.0
2026-04-17,0,-0.005686225075594131,0.5099062617843108,0.48462701612903225,logistic_C0.1,0.25,2026-02-11,0.2475513134035922,0.0,-0.0
2026-04-20,1,0.000832002986842495,0.5058637662694674,0.48462701612903225,logistic_C0.1,0.25,2026-02-11,0.2475513134035922,0.0,0.0
2026-04-21,1,0.013634185582320768,0.5457915711647322,0.48462701612903225,logistic_C0.1,0.25,2026-02-11,0.2475513134035922,0.0,0.0
2026-04-22,1,0.004752981180636828,0.5068368113198801,0.48462701612903225,logistic_C0.1,0.25,2026-02-11,0.2475513134035922,0.0,0.0
2026-04-23,0,-0.002006525059217057,0.5244227048864292,0.48462701612903225,logistic_C0.1,0.25,2026-02-11,0.2475513134035922,0.0,-0.0
2026-04-24,0,-0.003151121442096061,0.5626794027495045,0.48462701612903225,logistic_C0.1,0.25,2026-02-11,0.2475513134035922,0.0,-0.0
2026-04-27,1,0.012463266805436524,0.5436176874209824,0.48462701612903225,logistic_C0.1,0.25,2026-02-11,0.2475513134035922,0.0,0.0
2026-04-28,0,-0.0008695913823192347,0.5462144297723156,0.48462701612903225,logistic_C0.1,0.25,2026-02-11,0.2475513134035922,0.0,-0.0
2026-04-29,1,0.010862668076748738,0.5427598941543349,0.48462701612903225,logistic_C0.1,0.25,2026-02-11,0.2475513134035922,0.0,0.0
2026-04-30,0,-0.0208505517561679,0.5213152782563593,0.48462701612903225,logistic_C0.1,0.25,2026-02-11,0.2475513134035922,0.0,-0.0
2026-05-04,1,0.02271289840820989,0.5457651527152425,0.48462701612903225,logistic_C0.1,0.25,2026-02-11,0.2475513134035922,0.0,0.0
2026-05-06,1,0.04110384730882943,0.5773561434643195,0.48462701612903225,logistic_C0.1,0.25,2026-02-11,0.2475513134035922,1.0,0.04010384730882943
2026-05-07,0,-0.001202815815827818,0.5494949372696587,0.48462701612903225,logistic_C0.1,0.25,2026-02-11,0.2475513134035922,0.0,-0.0
2026-05-08,1,0.019589498962460983,0.525144656410728,0.48462701612903225,logistic_C0.1,0.25,2026-02-11,0.2475513134035922,0.0,0.0
2026-05-11,1,0.006035772207153123,0.49872308788850905,0.48462701612903225,logistic_C0.1,0.25,2026-02-11,0.2475513134035922,0.0,0.0
2026-05-12,0,-0.039009682639270515,0.5796525210653753,0.48462701612903225,logistic_C0.1,0.25,2026-02-11,0.2475513134035922,1.0,-0.040009682639270516
2026-05-13,1,0.04396797827953125,0.5574728827195283,0.48462701612903225,logistic_C0.1,0.25,2026-02-11,0.2475513134035922,0.0,0.0
2026-05-14,1,0.013652683355537487,0.517294924021442,0.48462701612903225,logistic_C0.1,0.25,2026-02-11,0.2475513134035922,0.0,0.0
2026-05-15,0,-0.057669066557675897,0.5317532488495633,0.48462701612903225,logistic_C0.1,0.25,2026-02-11,0.2475513134035922,0.0,-0.0
2026-05-18,1,0.009773903744177748,0.5522028735883656,0.48462701612903225,logistic_C0.1,0.25,2026-02-11,0.2475513134035922,0.0,0.0
2026-05-19,0,-0.020738897283204438,0.5211378575203885,0.48462701612903225,logistic_C0.1,0.25,2026-02-11,0.2475513134035922,0.0,-0.0
2026-05-20,0,-0.01577850835276584,0.48227420700264195,0.48462701612903225,logistic_C0.1,0.25,2026-02-11,0.2475513134035922,0.0,-0.0
2026-05-21,1,0.04397591890328689,0.5172941741270316,0.4859836268915902,logistic_C0.1,0.25,2026-05-19,0.2477987590630566,0.0,0.0
2026-05-22,0,-0.0032274371532505786,0.5322659194820607,0.4859836268915902,logistic_C0.1,0.25,2026-05-19,0.2477987590630566,0.0,-0.0
2026-05-26,0,-0.002899301317943026,0.48936459233234203,0.4859836268915902,logistic_C0.1,0.25,2026-05-19,0.2477987590630566,0.0,-0.0
2026-05-27,0,-0.0016282218652482472,0.5529641179317212,0.4859836268915902,logistic_C0.1,0.25,2026-05-19,0.2477987590630566,0.0,-0.0
2026-05-28,1,0.0023953767758670974,0.500970226056065,0.4859836268915902,logistic_C0.1,0.25,2026-05-19,0.2477987590630566,0.0,0.0
2026-05-29,1,0.010953793454679062,0.471186138961525,0.4859836268915902,logistic_C0.1,0.25,2026-05-19,0.2477987590630566,0.0,0.0
2026-06-01,1,0.035673081795544626,0.5318605892854081,0.4859836268915902,logistic_C0.1,0.25,2026-05-19,0.2477987590630566,0.0,0.0
2026-06-02,0,-0.009197146520563027,0.48429333274917274,0.4859836268915902,logistic_C0.1,0.25,2026-05-19,0.2477987590630566,0.0,-0.0
2026-06-04,1,0.001807783557634668,0.5453675099730653,0.4859836268915902,logistic_C0.1,0.25,2026-05-19,0.2477987590630566,0.0,0.0
2026-06-05,0,-0.01953695693963864,0.489191694735035,0.4859836268915902,logistic_C0.1,0.25,2026-05-19,0.2477987590630566,0.0,-0.0
2026-06-08,0,-0.07003897819234128,0.4476919327504283,0.4859836268915902,logistic_C0.1,0.25,2026-05-19,0.2477987590630566,0.0,-0.0
2026-06-09,1,0.05185534493151245,0.530937126606868,0.4859836268915902,logistic_C0.1,0.25,2026-05-19,0.2477987590630566,0.0,0.0
2026-06-10,0,-0.021386698600085907,0.5251825254085072,0.4859836268915902,logistic_C0.1,0.25,2026-05-19,0.2477987590630566,0.0,-0.0
2026-06-11,1,0.03386722630439354,0.45296580375341006,0.4859836268915902,logistic_C0.1,0.25,2026-05-19,0.2477987590630566,0.0,0.0
2026-06-12,0,-0.016969088257894338,0.4786921343805143,0.4859836268915902,logistic_C0.1,0.25,2026-05-19,0.2477987590630566,0.0,-0.0
2026-06-15,1,0.002329312747181511,0.5237223278290845,0.4859836268915902,logistic_C0.1,0.25,2026-05-19,0.2477987590630566,0.0,0.0
2026-06-16,1,0.0034553932306491397,0.45235033595293744,0.4859836268915902,logistic_C0.1,0.25,2026-05-19,0.2477987590630566,0.0,0.0
2026-06-17,1,0.028080068382174694,0.48206435578175716,0.4859836268915902,logistic_C0.1,0.25,2026-05-19,0.2477987590630566,0.0,0.0
2026-06-18,1,0.020137491389905504,0.4856286185736369,0.4859836268915902,logistic_C0.1,0.25,2026-05-19,0.2477987590630566,0.0,0.0
2026-06-19,0,-0.025457293605586795,0.4894152247138899,0.4859836268915902,logistic_C0.1,0.25,2026-05-19,0.2477987590630566,0.0,-0.0
2026-06-22,1,0.017881651875105264,0.5641743365012196,0.4859836268915902,logistic_C0.1,0.25,2026-05-19,0.2477987590630566,0.0,0.0
2026-06-23,0,-0.09684550296470329,0.4815382957751155,0.4859836268915902,logistic_C0.1,0.25,2026-05-19,0.2477987590630566,0.0,-0.0
2026-06-24,1,0.013669124149344292,0.5707067463151083,0.4859836268915902,logistic_C0.1,0.25,2026-05-19,0.2477987590630566,1.0,0.01266912414934429
2026-06-25,1,0.02606791353284099,0.5547650052937492,0.4859836268915902,logistic_C0.1,0.25,2026-05-19,0.2477987590630566,0.0,0.0
2026-06-26,0,-0.04561009760381618,0.5000219095685807,0.4859836268915902,logistic_C0.1,0.25,2026-05-19,0.2477987590630566,0.0,-0.0
2026-06-29,1,0.007243577129637968,0.4733735217884607,0.4859836268915902,logistic_C0.1,0.25,2026-05-19,0.2477987590630566,0.0,0.0
2026-06-30,1,0.007102546128530118,0.47465363645397546,0.4859836268915902,logistic_C0.1,0.25,2026-05-19,0.2477987590630566,0.0,0.0
2026-07-01,0,-0.03353197928184837,0.4763996531816451,0.4859836268915902,logistic_C0.1,0.25,2026-05-19,0.2477987590630566,0.0,-0.0
2026-07-02,0,-0.03592668691936318,0.49587043746075243,0.4859836268915902,logistic_C0.1,0.25,2026-05-19,0.2477987590630566,0.0,-0.0
2026-07-03,1,0.04503892244581542,0.4715260163125408,0.4859836268915902,logistic_C0.1,0.25,2026-05-19,0.2477987590630566,0.0,0.0
2026-07-06,0,-0.016549771461935148,0.5241963378904224,0.4859836268915902,logistic_C0.1,0.25,2026-05-19,0.2477987590630566,0.0,-0.0
2026-07-07,0,-0.03319653500353559,0.5657745389253608,0.4859836268915902,logistic_C0.1,0.25,2026-05-19,0.2477987590630566,0.0,-0.0
2026-07-08,0,-0.027600208252823166,0.5053102309555638,0.4859836268915902,logistic_C0.1,0.25,2026-05-19,0.2477987590630566,0.0,-0.0
2026-07-09,0,-0.026010333073314684,0.4720785828378853,0.4859836268915902,logistic_C0.1,0.25,2026-05-19,0.2477987590630566,0.0,-0.0
2026-07-10,0,-0.010135730070480076,0.5611677174161303,0.4859836268915902,logistic_C0.1,0.25,2026-05-19,0.2477987590630566,0.0,-0.0
2026-07-13,0,-0.08163755408437356,0.5287211389884027,0.4859836268915902,logistic_C0.1,0.25,2026-05-19,0.2477987590630566,0.0,-0.0
2026-07-14,1,0.012966349832916224,0.5504905289095124,0.4859836268915902,logistic_C0.1,0.25,2026-05-19,0.2477987590630566,0.0,0.0
2026-07-15,1,0.02844875905524713,0.5524005032004028,0.4859836268915902,logistic_C0.1,0.25,2026-05-19,0.2477987590630566,0.0,0.0
2026-07-16,0,-0.020099130809568266,0.5526731548542672,0.4859836268915902,logistic_C0.1,0.25,2026-05-19,0.2477987590630566,0.0,-0.0
2026-07-20,0,-0.019162860987600006,0.43448817542868995,0.4859836268915902,logistic_C0.1,0.25,2026-05-19,0.2477987590630566,0.0,-0.0
2026-07-21,1,0.029611466795241848,0.5147490975543307,0.4859836268915902,logistic_C0.1,0.25,2026-05-19,0.2477987590630566,0.0,0.0
2026-07-22,0,-0.03607299396349173,0.5369802445901065,0.4859836268915902,logistic_C0.1,0.25,2026-05-19,0.2477987590630566,0.0,-0.0
2026-07-23,1,0.019177551035062246,0.5811268631081457,0.4859836268915902,logistic_C0.1,0.25,2026-05-19,0.2477987590630566,1.0,0.018177551035062245
2026-07-24,0,-0.04430363473784349,0.5596184425297963,0.4859836268915902,logistic_C0.1,0.25,2026-05-19,0.2477987590630566,0.0,-0.0
2026-07-27,0,-0.007422567720645867,0.5068368031612484,0.4859836268915902,logistic_C0.1,0.25,2026-05-19,0.2477987590630566,0.0,-0.0
2026-07-28,0,-0.058842830068106644,0.5837267874274678,0.4859836268915902,logistic_C0.1,0.25,2026-05-19,0.2477987590630566,1.0,-0.059842830068106645
2026-07-29,0,-0.06993961350673583,0.49262084250600535,0.4859836268915902,logistic_C0.1,0.25,2026-05-19,0.2477987590630566,0.0,-0.0
2026-07-30,0,-0.015525091652777268,0.5760517202193317,0.4859836268915902,logistic_C0.1,0.25,2026-05-19,0.2477987590630566,1.0,-0.01652509165277727
2026-07-31,1,0.16572902140234969,0.559319084638179,0.4859836268915902,logistic_C0.1,0.25,2026-05-19,0.2477987590630566,0.0,0.0
2026-08-03,0,-0.01585651442923952,0.580276789679537,0.4859836268915902,logistic_C0.1,0.25,2026-05-19,0.2477987590630566,1.0,-0.016856514429239522
2026-08-04,1,0.001191866964344701,0.4396715139714568,0.4859836268915902,logistic_C0.1,0.25,2026-05-19,0.2477987590630566,0.0,0.0
2026-08-05,0,-0.000790492285885569,0.5614459738224096,0.4859836268915902,logistic_C0.1,0.25,2026-05-19,0.2477987590630566,0.0,-0.0
2026-08-06,0,-0.028148948485433145,0.5305214103543852,0.4859836268915902,logistic_C0.1,0.25,2026-05-19,0.2477987590630566,0.0,-0.0
2026-08-07,0,-0.016700523324959415,0.5409947925692048,0.4859836268915902,logistic_C0.1,0.25,2026-05-19,0.2477987590630566,0.0,-0.0
2026-08-10,0,-0.0010576674547637666,0.5465244283844934,0.4859836268915902,logistic_C0.1,0.25,2026-05-19,0.2477987590630566,0.0,-0.0
2026-08-11,1,0.01690208106973312,0.5779768419540042,0.4859836268915902,logistic_C0.1,0.25,2026-05-19,0.2477987590630566,1.0,0.01590208106973312
2026-08-12,1,0.02182806554321659,0.5736327825343155,0.4859836268915902,logistic_C0.1,0.25,2026-05-19,0.2477987590630566,1.0,0.02082806554321659
2026-08-13,1,0.0058193778491626436,0.5749427990724181,0.4859836268915902,logistic_C0.1,0.25,2026-05-19,0.2477987590630566,1.0,0.0048193778491626435
2026-08-14,0,-0.0025344248656670176,0.4598433262537149,0.4859836268915902,logistic_C0.1,0.25,2026-05-19,0.2477987590630566,0.0,-0.0
2026-08-18,0,-0.03618803637042167,0.5804831560567009,0.4859836268915902,logistic_C0.1,0.25,2026-05-19,0.2477987590630566,1.0,-0.03718803637042167
2026-08-19,0,-0.008822488768941206,0.5694327202179926,0.4859836268915902,logistic_C0.1,0.25,2026-05-19,0.2477987590630566,0.0,-0.0
2026-08-20,1,0.025783118823293316,0.46398447088617795,0.4859836268915902,logistic_C0.1,0.25,2026-05-19,0.2477987590630566,0.0,0.0
2026-08-21,1,0.022633303500765534,0.573101022550943,0.4859836268915902,logistic_C0.1,0.25,2026-05-19,0.2477987590630566,1.0,0.021633303500765533
2026-08-24,0,-0.02675601323631349,0.43862655504510234,0.48510014655593553,logistic_C0.1,0.25,2026-08-20,0.2482736367850473,0.0,-0.0
2026-08-25,1,0.031642015749862695,0.5070502785783975,0.48510014655593553,logistic_C0.1,0.25,2026-08-20,0.2482736367850473,0.0,0.0
2026-08-26,1,0.012034635252146098,0.47263097281048605,0.48510014655593553,logistic_C0.1,0.25,2026-08-20,0.2482736367850473,0.0,0.0
2026-08-27,0,-0.011970921024796577,0.4573785879764516,0.48510014655593553,logistic_C0.1,0.25,2026-08-20,0.2482736367850473,0.0,-0.0
2026-08-28,0,-0.00842177216521045,0.4897264000777095,0.48510014655593553,logistic_C0.1,0.25,2026-08-20,0.2482736367850473,0.0,-0.0
2026-08-31,1,0.031214561553651876,0.4752632135716557,0.48510014655593553,logistic_C0.1,0.25,2026-08-20,0.2482736367850473,0.0,0.0
2026-09-01,1,0.0075925410028168105,0.5057887438168347,0.48510014655593553,logistic_C0.1,0.25,2026-08-20,0.2482736367850473,0.0,0.0
2026-09-02,0,-0.00947102620644269,0.5390173619354403,0.48510014655593553,logistic_C0.1,0.25,2026-08-20,0.2482736367850473,0.0,-0.0
2026-09-03,0,-0.01065360666312809,0.45378041003403,0.48510014655593553,logistic_C0.1,0.25,2026-08-20,0.2482736367850473,0.0,-0.0
2026-09-04,1,0.004936612987575195,0.49224719136052714,0.48510014655593553,logistic_C0.1,0.25,2026-08-20,0.2482736367850473,0.0,0.0
2026-09-07,1,0.012243191072498494,0.5239379134281624,0.48510014655593553,logistic_C0.1,0.25,2026-08-20,0.2482736367850473,0.0,0.0
2026-09-08,0,-0.012953834843218326,0.5369429508320741,0.48510014655593553,logistic_C0.1,0.25,2026-08-20,0.2482736367850473,0.0,-0.0
2026-09-09,1,0.01129663969068706,0.5183081140918908,0.48510014655593553,logistic_C0.1,0.25,2026-08-20,0.2482736367850473,0.0,0.0
2026-09-10,0,-0.0007003985025963999,0.4949710834010309,0.48510014655593553,logistic_C0.1,0.25,2026-08-20,0.2482736367850473,0.0,-0.0
2026-09-11,1,0.015789783167952987,0.4857137990072225,0.48510014655593553,logistic_C0.1,0.25,2026-08-20,0.2482736367850473,0.0,0.0
2026-09-14,0,-0.0012312087511449077,0.4501171311897888,0.48510014655593553,logistic_C0.1,0.25,2026-08-20,0.2482736367850473,0.0,-0.0
2026-09-15,0,-0.00480384427675784,0.4677562943580656,0.48510014655593553,logistic_C0.1,0.25,2026-08-20,0.2482736367850473,0.0,-0.0
2026-09-16,1,0.016143718878758095,0.5203760441276991,0.48510014655593553,logistic_C0.1,0.25,2026-08-20,0.2482736367850473,0.0,0.0
2026-09-17,0,-0.00938336219689584,0.4870673143034997,0.48510014655593553,logistic_C0.1,0.25,2026-08-20,0.2482736367850473,0.0,-0.0
2026-09-18,1,0.00123879925062087,0.5023243973712579,0.48510014655593553,logistic_C0.1,0.25,2026-08-20,0.2482736367850473,0.0,0.0
2026-09-21,1,0.00999950996924337,0.49155607734487006,0.48510014655593553,logistic_C0.1,0.25,2026-08-20,0.2482736367850473,0.0,0.0
2026-09-22,0,-0.020065320507539508,0.5129814594620028,0.48510014655593553,logistic_C0.1,0.25,2026-08-20,0.2482736367850473,0.0,-0.0
2026-09-23,0,-0.010213880645625673,0.5350265902737142,0.48510014655593553,logistic_C0.1,0.25,2026-08-20,0.2482736367850473,0.0,-0.0
2026-09-28,0,-0.02382025146432487,0.4992134842722676,0.48510014655593553,logistic_C0.1,0.25,2026-08-20,0.2482736367850473,0.0,-0.0
2026-09-29,1,0.0038571622681868867,0.4967140463380739,0.48510014655593553,logistic_C0.1,0.25,2026-08-20,0.2482736367850473,0.0,0.0
2026-09-30,0,-0.015184050625983825,0.4983522840648601,0.48510014655593553,logistic_C0.1,0.25,2026-08-20,0.2482736367850473,0.0,-0.0
2026-10-01,1,0.023018597136396313,0.49824953289189133,0.48510014655593553,logistic_C0.1,0.25,2026-08-20,0.2482736367850473,0.0,0.0
