Date,Open,High,Low,Close,Volume,gap_return,gap_up,intraday_return,intraday_up,kospi_ret_lag_1,kospi_ret_lag_2,kospi_ret_lag_3,kospi_ret_lag_5,kospi_ret_lag_10,kospi_mom_5,kospi_vol_5,kospi_ma_dist_5,kospi_mom_10,kospi_vol_10,kospi_ma_dist_10,kospi_mom_20,kospi_vol_20,kospi_ma_dist_20,kospi_mom_60,kospi_vol_60,kospi_ma_dist_60,kospi_prev_gap,kospi_prev_intraday,kospi_prev_range,day_of_week,month,nasdaq_level,nasdaq_ret1,nasdaq_ret5,nasdaq_vol20,nasdaq_age_days,sox_level,sox_ret1,sox_ret5,sox_vol20,sox_age_days,sp500_level,sp500_ret1,sp500_ret5,sp500_vol20,sp500_age_days,us10y_level,us10y_ret1,us10y_ret5,us10y_vol20,us10y_age_days,us2y_level,us2y_ret1,us2y_ret5,us2y_vol20,us2y_age_days,usdk_rw_level,usdk_rw_ret1,usdk_rw_ret5,usdk_rw_vol20,usdk_rw_age_days,vix_level,vix_ret1,vix_ret5,vix_vol20,vix_age_days
2024-12-19,2426.55,2450.05,2423.59,2435.93,504189059,-0.023297094303320942,0.0,0.0038655704601180396,1.0,0.01124222060313973,-0.012921007485023894,-0.0022008771437506125,0.01621692439334943,-0.008989448051948123,0.017162672824266645,0.01146701575693437,0.0012380317551918818,0.008291396103895954,0.015479413651059325,0.014147025050892381,0.0008621071671721658,0.013417865289021844,0.0055058510797603155,-0.04200711815128577,0.01211738678201541,-0.02040682749743672,0.002543949267546086,0.008676199524169093,0.011877190340319291,3.0,12.0,19392.689453125,-0.03562429443583959,-0.032054139146317384,0.011031709030227668,1.0,4970.97998046875,-0.03845611854476838,-0.011301130996857922,0.019390521654711095,1.0,5872.16015625,-0.02949284635160343,-0.03484930404839448,0.008013587156556227,1.0,4.5,0.022727272727272707,0.05633802816901423,0.012667268563036072,1.0,4.35,0.0235294117647058,0.04819277108433728,0.01266921845663985,1.0,1436.4200439453125,0.0035421584139823103,0.0017225794885091794,0.0054386444076950325,1.0,27.6200008392334,0.7403907396600702,1.0338734163774395,0.1727476118538407,1.0
2024-12-20,2429.63,2430.69,2389.86,2404.15,617406479,-0.002586281214977282,0.0,-0.010487193523293636,0.0,-0.019521580402748318,0.01124222060313973,-0.012921007485023894,0.004971556572607394,-0.005606404979830892,-0.018609092227611868,0.012610131006485727,-0.01463925699399704,-0.002424391342629617,0.016550851771809823,-0.005410380041327989,-0.018019615984649184,0.014120663829607654,-0.01323062427109234,-0.06382757944819595,0.012347332425605697,-0.0384806294264568,-0.023297094303320942,0.0038655704601180396,0.010650330256839612,4.0,12.0,19372.76953125,-0.0010271871739683247,-0.026632898453757825,0.011030702795987885,1.0,4893.47021484375,-0.015592451776015981,-0.017807375392327685,0.019661539074144262,1.0,5867.080078125,-0.0008651123249070469,-0.030435021173311316,0.008013879677719053,1.0,4.57,0.015555555555555545,0.05787037037037046,0.013048453385813034,1.0,4.32,-0.006896551724137834,0.03349282296650724,0.012626123480733437,1.0,1451.5,0.010498291302917462,0.015638648990053294,0.0057760211003549155,1.0,24.09000015258789,-0.1278059587033482,0.7306034497523941,0.1765612589726348,1.0
2024-12-23,2423.36,2446.97,2413.62,2442.01,427733262,0.007990350019757564,1.0,0.0076959263171794134,1.0,-0.013046351906663922,-0.019521580402748318,0.01124222060313973,-0.0022008771437506125,-0.027831773853452813,-0.0362042285705122,0.012080953630535211,-0.02033692765207662,-0.009888145756457467,0.016986414466612546,-0.017422898666819342,-0.03881674689354064,0.014201713131020526,-0.024185419179364342,-0.08645808000972754,0.012333711671783085,-0.049602339002508544,-0.002586281214977282,-0.010487193523293636,0.01676156539802044,0.0,12.0,19572.599609375,0.010314997956417882,-0.017771167620895367,0.011217467430533,3.0,4964.91015625,0.014599034686988643,-0.035898550349496294,0.019599308682247883,3.0,5930.85009765625,0.010869123768910471,-0.019870758689518042,0.008311892805041438,3.0,4.52,-0.010940919037199293,0.027272727272727115,0.013337440012453133,3.0,4.3,-0.004629629629629761,0.0117647058823529,0.012564955993894428,3.0,1437.449951171875,-0.009679675389683062,0.006716320870880921,0.006331966933786637,3.0,18.360000610351562,-0.23785801186974165,0.3294714013383897,0.1861572068656935,3.0
2024-12-24,2450.55,2452.85,2432.42,2440.52,386541822,0.0034971191764161524,1.0,-0.004092958723551976,0.0,0.015747769481937457,-0.013046351906663922,-0.019521580402748318,-0.012921007485023894,0.024256750459632936,-0.018867242272907925,0.01600147941283518,-0.0010864469829415802,0.03449575951672901,0.014740484112502821,-0.005260042779345664,-0.03643157587379753,0.014352881667822705,-0.00695777351247584,-0.05943412214210886,0.012427351514062346,-0.033653224991081365,0.007990350019757564,0.0076959263171794134,0.0138718465985899,1.0,12.0,19764.880859375,0.00982400160619945,-0.020274213498418847,0.011366570435632639,1.0,5118.75,0.030985423483714136,-0.026124141859689254,0.020762810201540353,1.0,5974.06982421875,0.007287273468533639,-0.016465086501974757,0.0084414594811241,1.0,4.59,0.015486725663716783,0.04555808656036442,0.013641407763706093,1.0,4.3,0.0,0.0117647058823529,0.012448122173024732,1.0,1445.4200439453125,0.005544605408306591,0.0076475953479417935,0.0063944547043752655,1.0,16.780000686645508,-0.08605663786390261,0.14227373491917228,0.1858332992816041,1.0
2024-12-26,2449.52,2449.52,2428.82,2429.67,322365189,0.0036877386786422495,1.0,-0.008103628465985113,0.0,-0.0006101531115761949,0.015747769481937457,-0.013046351906663922,0.01124222060313973,0.010203321973331514,-0.006630549370932215,0.015152499375364514,-0.0003637245392823507,0.009380273301790032,0.012821406683379454,-0.006784576371962836,-0.031678014251932285,0.01432713411042715,-0.005949995275195352,-0.08648472620968206,0.011790349983395801,-0.0327689359871739,0.0034971191764161524,-0.004092958723551976,0.008366059107046997,3.0,12.0,20031.130859375,0.013470862885252899,-0.0038753519747152243,0.011651684550317237,2.0,5173.56005859375,0.010707703754578857,0.0007292403565259953,0.020834096290933548,2.0,6040.0400390625,0.01104275925539211,-0.0017469022887913743,0.008772933828230436,2.0,4.59,0.0,0.04318181818181799,0.011108813608861517,2.0,4.29,-0.0023255813953487747,0.009411764705882453,0.00917809965079967,2.0,1453.4200439453125,0.0074305767909188525,0.011834978265345963,0.0063367175499639185,1.0,14.270000457763672,-0.14958284422952606,-0.10081912031085338,0.18916656828402367,2.0
2024-12-27,2419.46,2423.86,2388.33,2404.77,310847886,-0.004202216761947097,0.0,-0.006071602754333605,0.0,-0.004445773851474266,-0.0006101531115761949,0.015747769481937457,-0.019521580402748318,0.01621692439334943,-0.022041273048546306,0.013450986712906248,-0.00032339610344711556,-0.005256887382242059,0.01248657798167808,-0.010683222125267844,-0.029320112182688374,0.014289730854838397,-0.008887974240640695,-0.08306727350949894,0.011764216910640158,-0.03566697679895181,0.0036877386786422495,-0.008103628465985113,0.008481798960877116,4.0,12.0,20020.359375,-0.0005377372076803555,0.03236631635813958,0.011637244062159127,1.0,5175.31005859375,0.00033825837144640936,0.04110458680739493,0.020573929286362244,1.0,6037.58984375,-0.00040565878647391695,0.02817186232972979,0.008686619012210467,1.0,4.58,-0.002178649237472685,0.017777777777777892,0.011153407342297398,1.0,4.3,0.002331002331002363,-0.011494252873563204,0.009179780362680636,1.0,1457.6099853515625,0.002882815207967182,0.00420942841995342,0.006123629113172262,1.0,14.729999542236328,0.03223539381334706,-0.4666908365436109,0.18889702719800405,1.0
2024-12-30,2397.49,2429.75,2390.44,2399.49,303587373,-0.003027316541706737,0.0,0.0008342057735382102,1.0,-0.010248305325414653,-0.004445773851474266,-0.0006101531115761949,-0.013046351906663922,0.004971556572607394,-0.012791828993443888,0.011309269516537017,-0.008024835988753365,-0.031162876895556968,0.01130906798918257,-0.017728329545472987,-0.039885493897399704,0.014415163947608646,-0.017042355220096228,-0.07268815048182409,0.011530411382919567,-0.04435814365207347,-0.004202216761947097,-0.006071602754333605,0.014623385068754274,0.0,12.0,19722.029296875,-0.014901334813076983,0.01802838592910594,0.012130421722405561,3.0,5122.97021484375,-0.010113373528816583,0.04689923304403476,0.020375320710069745,3.0,5970.83984375,-0.011055736101235558,0.01768507745647807,0.00900667621205217,3.0,4.62,0.008733624454148492,0.010940919037199182,0.010644641876854074,3.0,4.31,0.0023255813953488857,-0.0023148148148149916,0.009078302237461639,3.0,1466.989990234375,0.006435195269707261,0.020550307882662322,0.006185132511790571,3.0,15.949999809265137,0.08282418906603617,-0.337899555490385,0.189452904212407,3.0
2025-01-02,2400.87,2410.99,2386.84,2398.94,350335524,0.000575122213470447,1.0,-0.0008038752618841905,0.0,-0.0021956361731060303,-0.010248305325414653,-0.004445773851474266,0.015747769481937457,-0.0022008771437506125,-0.0019383149969844915,0.009712930115250403,-0.00982217578401623,-0.0380723683683043,0.010962256265434152,-0.016068151762740124,-0.022973154553709296,0.013814326140933923,-0.018068314002559815,-0.0633175755067944,0.0114408760020872,-0.04543090218990886,-0.003027316541706737,0.0008342057735382102,0.01634667764484751,3.0,1.0,19310.7890625,-0.00903175989823235,-0.022974679185056246,0.012397827415496832,2.0,4979.93017578125,-0.009266785904266217,-0.02711986797924293,0.019971461140798903,2.0,5881.6298828125,-0.004284800394927402,-0.015473528787946278,0.009180178282027126,2.0,4.58,0.00659340659340657,-0.002178649237472685,0.010514665222050636,2.0,4.25,0.002358490566037652,-0.011627906976744096,0.009058159761203869,2.0,1467.3900146484375,-0.003673298479309639,0.017113789639007893,0.006321119198882729,2.0,17.350000381469727,-0.002873519434293592,0.03396899115015284,0.1894296670671325,2.0
2025-01-03,2402.58,2454.67,2402.58,2441.92,407037841,0.0015173368237637597,1.0,0.0163740645472783,1.0,-0.00022921537493370003,-0.0021956361731060303,-0.010248305325414653,-0.0006101531115761949,-0.012921007485023894,-0.01763711041314331,0.00409799430079342,-0.0065176392048960086,-0.03617158905089246,0.011012229929093963,-0.01264862088380636,-0.022628010821029276,0.013815208683271851,-0.017176489241213733,-0.06645496962692288,0.011428405568698499,-0.04456790010367029,0.000575122213470447,-0.0008038752618841905,0.010064638735731192,4.0,1.0,19280.7890625,-0.001553535689448271,-0.037458783637461135,0.012362362246162632,1.0,5021.5,0.008347471300082843,-0.029391764446836666,0.02005184454235694,1.0,5868.5498046875,-0.0022238866412221947,-0.028392234698102703,0.009172092132313693,1.0,4.57,-0.0021834061135370675,-0.004357298474945481,0.010546168412208562,1.0,4.25,0.0,-0.009324009324009341,0.009058159761203869,1.0,1473.52001953125,0.0041774884806484724,0.013829433321544071,0.006217775429952358,1.0,17.93000030517578,0.03342938968033171,0.2564821114228393,0.18930637413595286,1.0
2025-01-06,2453.3,2489.1,2446.82,2488.64,302503992,0.004660267330625079,1.0,0.014405087025638919,1.0,0.017916246342134512,-0.00022921537493370003,-0.0021956361731060303,-0.004445773851474266,0.01124222060313973,0.0005736482389000486,0.010612855007342496,0.01116458340062243,-0.006060704735001865,0.012354950926327126,0.0056573166025790655,-0.023271069157233648,0.013765790422093895,0.0016257468088540783,-0.06453466545100717,0.01148385168307878,-0.026361404265171307,0.0015173368237637597,0.0163740645472783,0.02171375690930167,0.0,1.0,19621.6796875,0.017680325421069565,-0.019913712837634767,0.012667979760857543,3.0,5163.64990234375,0.028308254972368774,-0.002253035299911721,0.020701264756432417,3.0,5942.47021484375,0.01259602672149196,-0.01575456951662857,0.009563333723370142,3.0,4.6,0.006564551422319376,0.004366812227074135,0.010074109418685305,3.0,4.28,0.007058823529411784,-0.0046511627906975495,0.00879580028375557,3.0,1471.6500244140625,-0.0012690666515561277,0.009632233041483751,0.006234831569183423,3.0,16.1299991607666,-0.10039046925668937,0.09504410468689839,0.1914693895261606,3.0
2025-01-07,2513.49,2521.86,2492.09,2492.1,407417859,0.009985373537353626,1.0,-0.008510079610422161,0.0,0.01913248591272443,0.017916246342134512,-0.00022921537493370003,-0.010248305325414653,-0.019521580402748318,0.024270785744566092,0.013020284992017512,0.025502399915607432,0.0016945536803210093,0.013398793944125314,0.02472037433850871,0.010000000000000009,0.014094791555365999,0.02027375088067207,-0.040749934473242044,0.011754176522805623,-0.0070356784708238695,0.004660267330625079,0.014405087025638919,0.01731424452889519,1.0,1.0,19864.98046875,0.01239958989876877,0.00724829933690696,0.012968914187365208,1.0,5310.14013671875,0.028369513260089407,0.03653543042914387,0.021066692652559872,1.0,5975.3798828125,0.005538045085450305,0.0007603685882233702,0.009676884301577208,1.0,4.62,0.004347826086956719,0.0,0.009824781133617757,1.0,4.28,0.0,-0.006960556844547439,0.008774900870488354,1.0,1465.530029296875,-0.004158594105704072,-0.0009952085203163152,0.005989541869922652,1.0,16.040000915527344,-0.005579556721748813,0.0056427026544494385,0.19154310314192086,1.0
2025-01-08,2481.25,2526.77,2481.25,2521.05,362599121,-0.004353757874884567,0.0,0.016040302267002593,1.0,0.001390317603188862,0.01913248591272443,0.017916246342134512,-0.0021956361731060303,-0.013046351906663922,0.03631532329495135,0.010421681068098246,0.019589905646713923,0.023058954896076678,0.01146204096941584,0.023777216612624663,0.02057865962282701,0.013913350729231102,0.020640938427759936,-0.04119023068991523,0.011752684974209683,-0.004946717673745105,0.009985373537353626,-0.008510079610422161,0.011962356949980706,2.0,1.0,19489.6796875,-0.018892582443783112,0.00014833767588529057,0.013528592329171666,1.0,5212.25,-0.018434567487561337,0.036952128422236274,0.021572299543207753,1.0,5909.02978515625,-0.01110391288210788,0.00035379465014551137,0.009909434070007656,1.0,4.67,0.010822510822510845,0.026373626373626502,0.009608194878033053,1.0,4.3,0.004672897196261516,0.014150943396226356,0.008184845920017355,1.0,1459.449951171875,-0.004148722989945841,-0.009064433197753075,0.0050014553335992595,1.0,17.81999969482422,0.11097248614080613,0.02413793594838154,0.19157764903860938,1.0
2025-01-09,2526.1,2535.87,2515.82,2521.9,404051658,0.0020031336149619605,1.0,-0.0016626420173389,0.0,0.011616708799807585,0.001390317603188862,0.01913248591272443,-0.00022921537493370003,0.015747769481937457,0.0506607654126503,0.009047658027813727,0.02127582002244255,0.0486242538943078,0.010386102587447505,0.030720251063918624,0.03825530442804448,0.014008379000623843,0.030537182912225624,-0.02921163998752352,0.011858495562069585,0.007120948259538462,-0.004353757874884567,0.016040302267002593,0.018265719674170372,3.0,1.0,19478.880859375,-0.000554079302387156,0.008704553518293023,0.013469971137121044,1.0,5162.35009765625,-0.009573581916398899,0.036631020001476555,0.021603033134654077,1.0,5918.25,0.001560360190925314,0.006226185244078808,0.0098675187178585,1.0,4.67,0.0,0.01965065502183405,0.009584300302618535,1.0,4.28,-0.0046511627906975495,0.007058823529411784,0.008244942590054316,1.0,1451.8800048828125,-0.005186848841910674,-0.010569793722728149,0.005201045344732841,1.0,17.700000762939453,-0.006733946910202238,0.020172932206015126,0.1907763154242773,1.0
2025-01-10,2528.42,2535.24,2506.29,2515.78,377268707,0.0025853523137318035,1.0,-0.004999169441785689,0.0,0.0003371611035083433,0.011616708799807585,0.001390317603188862,0.017916246342134512,-0.0006101531115761949,0.05125597138736282,0.008890292624044874,0.01154295698325214,0.032714853747527695,0.009703287978485069,0.02771099066791627,0.06833913699175631,0.012146435607632167,0.02749681542805682,-0.0386499395796881,0.011777444425367822,0.008141068593288336,0.0020031336149619605,-0.0016626420173389,0.007953035441581772,4.0,1.0,19478.880859375,-0.000554079302387156,0.008704553518293023,0.013469971137121044,2.0,5162.35009765625,-0.009573581916398899,0.036631020001476555,0.021603033134654077,2.0,5918.25,0.001560360190925314,0.006226185244078808,0.0098675187178585,2.0,4.68,0.0021413276231263545,0.024070021881837933,0.009610802441846172,1.0,4.27,-0.00233644859813098,0.004705882352941115,0.00826256444792051,1.0,1457.969970703125,0.004194537978229107,-0.010552994612907707,0.005164036209564943,1.0,17.700000762939453,-0.006733946910202238,0.020172932206015126,0.1907763154242773,2.0
2025-01-13,2508.15,2513.93,2483.73,2489.56,578276323,-0.0030328566090834785,0.0,-0.007411837410043365,0.0,-0.002426741742337035,0.0003371611035083433,0.011616708799807585,0.01913248591272443,-0.004445773851474266,0.03024669112829259,0.009060022046253679,0.0031444710183126112,0.030837690328290757,0.009800443970529751,0.022082321386058146,0.040507229593356175,0.011157944265951078,0.02296234896923255,-0.044682830507508986,0.011765070762191795,0.006483639009906117,0.0025853523137318035,-0.004999169441785689,0.011479440104682905,0.0,1.0,19161.630859375,-0.01628686998448936,-0.0061801517945526685,0.013919181842240749,3.0,5037.47021484375,-0.024190510223085493,0.003180367388977423,0.021568388954747865,3.0,5827.0400390625,-0.01541164380306681,-0.007073257790509713,0.010372434289205819,3.0,4.77,0.019230769230769162,0.03695652173913033,0.010073919002681373,3.0,4.4,0.030444964871194635,0.028037383177570208,0.010485252709587565,3.0,1455.22998046875,-0.0018793187030139435,-0.011157573929202469,0.0051114967809484995,3.0,19.540000915527344,0.1039548063998117,0.08979367445335784,0.19147971557335297,3.0
2025-01-14,2501.49,2504.89,2482.74,2497.4,414156500,0.00479201143977237,1.0,-0.0016350255247871148,0.0,-0.010422214979052269,-0.002426741742337035,0.0003371611035083433,0.001390317603188862,-0.010248305325414653,0.00036967982512536857,0.00792870061602887,-0.007383342942285043,0.02464943798952124,0.010470039502905574,0.008974979887858447,0.019262971287732578,0.011316399922176581,0.011333404558954152,-0.04627714185016629,0.011786232887821838,-0.0032032592872967003,-0.0030328566090834785,-0.007411837410043365,0.012004229304629107,1.0,1.0,19088.099609375,-0.003837421278994335,-0.027193394583080344,0.013192450955753521,1.0,5020.0400390625,-0.003460104980847145,-0.027811696377027073,0.02073134108899276,1.0,5836.22021484375,0.0015754440882007614,-0.017879769886704255,0.010144714308595992,1.0,4.79,0.004192872117400492,0.03679653679653683,0.009882535640345077,1.0,4.4,0.0,0.028037383177570208,0.010455659907490469,1.0,1472.25,0.011695759268076422,0.004585351762699252,0.00562585501193633,1.0,19.190000534057617,-0.017911994118260277,0.18970871249230647,0.19107311709301786,1.0
2025-01-15,2511.07,2524.36,2493.1,2496.81,538276545,0.005473692640346028,1.0,-0.0056788540343361005,0.0,0.003149150853966276,-0.010422214979052269,-0.002426741742337035,0.011616708799807585,-0.0021956361731060303,0.0021267204365795767,0.008038566906922685,-0.004678100606662405,0.03851927627174323,0.009468630332897115,0.008366852695425031,0.006156027911623951,0.010755854252634539,0.014203478278526305,-0.042885064959950925,0.011796775244344247,0.0006830427752533286,0.00479201143977237,-0.0016350255247871148,0.008897154517264132,2.0,1.0,19044.390625,-0.002289855211858427,-0.04130836398459525,0.01315440977697772,1.0,5045.9501953125,0.005161344540757673,-0.04975197162489553,0.020643080799762452,1.0,5842.91015625,0.0011462798112440442,-0.022169256040696972,0.010135561663653569,1.0,4.78,-0.0020876826722338038,0.0235546038543899,0.009489833435725098,1.0,4.37,-0.006818181818181834,0.016279069767441978,0.010101651982970921,1.0,1458.8900146484375,-0.009074535813593188,-0.00038366271004219854,0.0060497285825254245,1.0,18.709999084472656,-0.025013102460996528,0.1664587292112092,0.19148340332166075,1.0
2025-01-16,2528.27,2534.01,2519.86,2527.49,450665246,0.012600077699144174,1.0,-0.00030851135361342763,0.0,-0.00023624569552338492,0.003149150853966276,-0.010422214979052269,0.0003371611035083433,-0.00022921537493370003,-0.009615041351817788,0.005151954524317437,-0.0029868745233180283,0.04055861870647526,0.009349683431256035,0.004182737360290512,0.0009420876662684652,0.010701281849049255,0.013915495874690542,-0.037400436421956895,0.011776541707423259,0.0010951940766898982,0.005473692640346028,-0.0056788540343361005,0.01251701769840643,3.0,1.0,19511.23046875,0.024513246600664118,0.0011057534857190632,0.014434658056590572,1.0,5153.669921875,0.021347758577277887,-0.011238923329656147,0.0197802056012092,1.0,5949.91015625,0.018312792279639112,0.006918288209757151,0.011080557981223808,1.0,4.66,-0.025104602510460317,-0.0021413276231262435,0.011474364399754024,1.0,4.27,-0.022883295194508158,-0.00233644859813098,0.011475928994272942,1.0,1460.43994140625,0.0010624013751894257,0.005895760320859589,0.006007730825021021,1.0,16.1200008392334,-0.13842856076827315,-0.09539836614501074,0.1949836610650535,1.0
2025-01-17,2520.85,2528.48,2513.84,2523.55,445657744,-0.0026271122734411456,0.0,0.001071067298728634,1.0,0.012287679078504032,-0.00023624569552338492,0.003149150853966276,-0.002426741742337035,0.017916246342134512,0.00221658273523917,0.00828199297308925,0.008813734130329154,0.05358616722385712,0.009552843778189627,0.011293320236149151,0.0154762813533309,0.011022800048485428,0.02557204525032475,-0.0297245212904812,0.011877348601667575,0.01392095918305114,0.012600077699144174,-0.00030851135361342763,0.005667231387250168,4.0,1.0,19338.2890625,-0.008863685277409328,-0.0072176526921634565,0.014179970341038826,1.0,5162.9599609375,0.0018026065315257522,0.00011813675355476505,0.019196887917972694,1.0,5937.33984375,-0.0021126894641922966,0.003225589278925467,0.011030593688766924,1.0,4.61,-0.010729613733905574,-0.014957264957264793,0.011881913367124611,1.0,4.23,-0.009367681498828828,-0.009367681498828828,0.011678074933917563,1.0,1437.219970703125,-0.015899298591331767,-0.014232117544912826,0.00705954913290772,1.0,16.600000381469727,0.029776644990494594,-0.06214691152855345,0.19474921529373135,1.0
2025-01-20,2533.68,2536.72,2516.28,2520.05,437135456,0.004014186364446726,1.0,-0.005379527012092988,0.0,-0.0015588587887586103,0.012287679078504032,-0.00023624569552338492,-0.010422214979052269,0.01913248591272443,0.0030885053542042407,0.00821491899726799,0.006616773608854043,0.03342861354999349,0.008629810894411014,0.006429696086986514,0.027165307858564747,0.010560095379151457,0.022588692666419607,-0.01834130781499188,0.011760946690298044,0.012659633187852348,-0.0026271122734411456,0.001071067298728634,0.005792307783611359,0.0,1.0,19630.19921875,0.01509493188909139,0.0244534696870935,0.014680785126296466,3.0,5309.740234375,0.028429481256493583,0.054048958687430204,0.01987405825225212,3.0,5996.66015625,0.009991058969353706,0.029109138782370536,0.011278805144986444,3.0,4.61,0.0,-0.03354297693920316,0.010880205479179934,3.0,4.27,0.009456264775413503,-0.029545454545454763,0.010543721247725879,3.0,1453.3199462890625,0.011202165231576133,-0.001312530806348744,0.0071158995121880205,3.0,15.970000267028809,-0.03795181325081021,-0.18270217406497946,0.19462722359603546,3.0
2025-01-21,2533.23,2548.44,2507.95,2518.03,571627534,0.005230054959227015,1.0,-0.006000244746825145,0.0,-0.0013869350716252393,-0.0015588587887586103,0.012287679078504032,0.003149150853966276,0.001390317603188862,0.012247144073651572,0.0058154465101034,0.002781469602795017,0.012621351420856408,0.006671361434107126,0.0037764347444744217,0.014337292658678447,0.010314951735604112,0.020433987633152295,-0.030608319677491225,0.011664445945543798,0.011793585355943659,0.004014186364446726,-0.005379527012092988,0.008099700818291533,1.0,1.0,19630.19921875,0.01509493188909139,0.0244534696870935,0.014680785126296466,4.0,5309.740234375,0.028429481256493583,0.054048958687430204,0.01987405825225212,4.0,5996.66015625,0.009991058969353706,0.029109138782370536,0.011278805144986444,4.0,4.61,0.0,-0.03354297693920316,0.010880205479179934,4.0,4.27,0.009456264775413503,-0.029545454545454763,0.010543721247725879,4.0,1457.3800048828125,0.002793644031458431,-0.010100183472363744,0.006752191493437776,1.0,15.970000267028809,-0.03795181325081021,-0.18270217406497946,0.19462722359603546,4.0
2025-01-22,2535.8,2552.57,2526.89,2547.06,583349052,0.007057104164763794,1.0,0.004440413281804556,1.0,-0.0008015713973928973,-0.0013869350716252393,-0.0015588587887586103,-0.00023624569552338492,0.011616708799807585,0.008260591014655372,0.005963377943763759,0.00033529504772400465,0.010404879418963953,0.006703083806204549,0.0019370020714939429,0.03370375996026165,0.00916241678328438,0.017924021649425637,-0.024408860028748203,0.011631386164876766,0.011408942547997292,0.005230054959227015,-0.006000244746825145,0.016067141524969835,2.0,1.0,19756.779296875,0.006448231967207674,0.035031234181719384,0.012293889313173538,1.0,5378.5,0.01294974190636533,0.07140579719448681,0.017628615228936384,1.0,6049.240234375,0.008768227105582893,0.036499654175052854,0.009120498882249658,1.0,4.57,-0.008676789587852451,-0.045929018789144016,0.010549232787331534,1.0,4.29,0.004683840749414525,-0.025000000000000022,0.010513574035440974,1.0,1435.530029296875,-0.014992641255356376,-0.016012163437277183,0.007498691417122789,1.0,15.0600004196167,-0.05698183044435312,-0.21521625844205505,0.09346613590272841,1.0
2025-01-23,2541.24,2541.6,2515.49,2515.49,609369834,-0.0022849873972344836,0.0,-0.01013284853063856,0.0,0.011528853905632408,-0.0008015713973928973,-0.0013869350716252393,0.012287679078504032,0.0003371611035083433,0.020125680368149768,0.007217052327461821,0.007844142770995655,0.010317129767358768,0.006687744068430123,0.012440361035598313,0.05944304639893505,0.0087180306143472,0.02669381341861632,-0.014017117839018045,0.011731232492539191,0.023317386644757132,0.007057104164763794,0.004440413281804556,0.010198448787345778,3.0,1.0,20009.33984375,0.012783487788161407,0.050668421886037596,0.012558914733797413,1.0,5469.2900390625,0.01688017831412103,0.0838969524794888,0.017210430817613295,1.0,6086.3701171875,0.006137941522227575,0.041667585916425054,0.009158216261649723,1.0,4.6,0.006564551422319376,-0.03765690376569053,0.01031261655440904,1.0,4.29,0.0,-0.01830663615560646,0.010463987849789042,1.0,1425.7900390625,-0.006784943564813961,-0.023725660577583074,0.007631533987064015,1.0,15.100000381469727,0.0026560398896751103,-0.1929448893452299,0.09045077392857065,1.0
2025-01-24,2529.29,2542.83,2522.64,2536.8,601762070,0.005486008690155808,1.0,0.0029692127039604443,1.0,-0.012394682496682519,0.011528853905632408,-0.0008015713973928973,-0.0015588587887586103,-0.002426741742337035,-0.004747793265255207,0.008474704440199255,-0.003701626561091631,-0.0025417344065983283,0.0079337462461444,0.00014631497000916482,0.03008996687155241,0.008810497118327884,0.012468852019572374,-0.03710721435598274,0.011737678669066783,0.011290138102995062,-0.0022849873972344836,-0.01013284853063856,0.0102510345260811,4.0,1.0,20053.6796875,0.0022159573527285037,0.027801896944368076,0.012395775404360924,1.0,5444.68994140625,-0.004497859407811999,0.056468501852631636,0.017221519386595278,1.0,6118.7099609375,0.00531348622041139,0.028370143456735386,0.008953050466059695,1.0,4.65,0.010869565217391353,-0.0021459227467810482,0.010017001832020759,1.0,4.29,0.0,0.004683840749414525,0.010463987849789042,1.0,1434.3399658203125,0.005996623993413719,-0.0020038720178675584,0.007558886327643946,1.0,15.020000457763672,-0.005298008058610915,-0.06823823351128544,0.0743383996697404,1.0
2025-01-31,2534.33,2537.98,2496.95,2517.37,454076097,-0.0009736676127405364,0.0,-0.006692104027494428,0.0,0.008471510520813297,-0.012394682496682519,0.011528853905632408,-0.0013869350716252393,-0.010422214979052269,0.005250539914009922,0.009420802310296655,0.0036850847047225077,0.008355261588851137,0.008336190272587087,0.0077768208153108365,0.03945060888663088,0.008928170627519987,0.019071435027567807,-0.03094201237680494,0.01179103557112523,0.02041110484132802,0.005486008690155808,0.0029692127039604443,0.008026269235814914,4.0,1.0,19681.75,0.0025177710384303165,-0.01854670530774627,0.01397860277395886,1.0,5030.52978515625,0.022860390245733164,-0.07606680283120604,0.02707668332499601,1.0,6071.169921875,0.005275414405311762,-0.007769618002160694,0.008819370876654391,1.0,4.52,-0.006593406593406681,-0.027956989247312047,0.010519977351191928,1.0,4.18,-0.0071258907363420665,-0.02564102564102566,0.01135511040380579,1.0,1443.3199462890625,4.1528569372006885e-05,0.006260705748106332,0.008467462980318695,1.0,15.84000015258789,-0.04347822080763086,0.05459385285174001,0.0765215132332256,1.0
2025-02-03,2468.74,2468.74,2437.61,2453.95,522391735,-0.019317780064114554,0.0,-0.00599091034292798,0.0,-0.007659255755282368,0.008471510520813297,-0.012394682496682519,-0.0008015713973928973,0.003149150853966276,-0.0010634709628778438,0.010216036142197363,-0.003791131601337594,0.01117064862867334,0.007957765539427156,-0.0010456328459667041,0.03609543682886973,0.009077454561795605,0.009487871484655352,-0.02946267816592707,0.011773687815853345,0.013114558151586575,-0.0009736676127405364,-0.006692104027494428,0.01617391989908554,0.0,2.0,19627.439453125,-0.0027594368831531657,-0.01638049519791418,0.01382082331851491,3.0,5015.85009765625,-0.0029181195871885723,-0.06104333768757386,0.02699446888604708,3.0,6040.52978515625,-0.005046825754019935,-0.00995050954996024,0.008846867231217866,3.0,4.58,0.013274336283185972,-0.010799136069114423,0.010956771626595804,3.0,4.22,0.009569377990430672,-0.011709601873536313,0.011588428685673256,3.0,1441.6600341796875,-0.0011500652462005378,0.0053907653645624,0.008467306390366231,3.0,16.43000030517578,0.03724748402174094,0.10639729852651225,0.07702150842539947,3.0
2025-02-04,2481.44,2508.35,2471.63,2481.69,478980412,0.011202347236088928,1.0,0.00010074795280168303,1.0,-0.025192959318654062,-0.007659255755282368,0.008471510520813297,0.011528853905632408,-0.00023624569552338492,-0.025448465665619646,0.01520017292559083,-0.023938262638347862,-0.017398094017778587,0.011445488283481384,-0.024530341938099776,0.020451020263892117,0.010608583125452873,-0.016913518275405215,-0.03998200418598297,0.012067306479552651,-0.011731331768833786,-0.019317780064114554,-0.00599091034292798,0.012366080472874331,1.0,2.0,19391.9609375,-0.011997413936106094,0.0025918364070263156,0.014112799600764604,1.0,4924.81005859375,-0.01815047046661944,0.014746812595805237,0.02724937956068741,1.0,5994.56982421875,-0.007608597684666707,-0.00294563153584837,0.009041814960907647,1.0,4.54,-0.008733624454148492,0.002207505518763808,0.011020422103071324,1.0,4.26,0.009478672985782088,0.021582733812949506,0.011681458295441486,1.0,1456.780029296875,0.010487906135090208,0.020418472793624964,0.00880588909522245,1.0,18.6200008392334,0.1332927871807601,0.04022353274006618,0.08235429429708091,1.0
2025-02-05,2503.94,2514.71,2498.74,2509.27,436935936,0.008965664526995765,1.0,0.0021286452550779433,1.0,0.011304223802441005,-0.025192959318654062,-0.007659255755282368,-0.012394682496682519,0.012287679078504032,-0.02566488421945301,0.01513913378462341,-0.007744716240314031,-0.006055727107789455,0.01216784943430757,-0.012910138941701121,0.034257279671930485,0.010817533286018467,-0.007434770279636793,-0.02386365424251491,0.0121473419284449,-0.00015256091491422374,0.011202347236088928,0.00010074795280168303,0.01496363006581218,2.0,2.0,19654.01953125,0.01351377483662497,-0.004032226935394734,0.013872723912062668,1.0,4976.58984375,0.010514067454417741,0.014175593309861068,0.026536780852094852,1.0,6037.8798828125,0.007224881828679752,-0.004914598866146536,0.008757750170776606,1.0,4.52,-0.00440528634361248,-0.006593406593406681,0.010987414417577139,1.0,4.21,-0.011737089201877882,0.004773269689737347,0.011963908826879697,1.0,1459.050048828125,0.0015582445431694403,0.029007280811384595,0.008765706704408394,1.0,17.209999084472656,-0.07572511768043466,0.048750715691609825,0.08086411233160178,1.0
2025-02-06,2521.82,2536.75,2515.34,2536.75,479355987,0.005001454606319733,1.0,0.005920327382604507,1.0,0.011113394501327756,0.011304223802441005,-0.025192959318654062,0.008471510520813297,-0.0015588587887586103,-0.002472679279186041,0.015934539215598426,0.0037818783462464367,-0.007208732774412474,0.012035239592673814,-0.0012164026483824086,0.045991146089522816,0.011004502367465151,0.001386585617222158,-0.030784443234181835,0.011994123799719944,0.011500464713423364,0.008965664526995765,0.0021286452550779433,0.006435130898702197,3.0,2.0,19692.330078125,0.0019492474205637933,0.003056682280534684,0.01358176383323395,1.0,5091.5,0.023090140007079984,0.0352574975906621,0.026248755992619725,1.0,6061.47998046875,0.003908672930614365,0.003670936193026275,0.008719173358409356,1.0,4.43,-0.019911504424778736,-0.02637362637362639,0.011383680503903273,1.0,4.17,-0.009501187648456089,-0.009501187648456089,0.012044914883719362,1.0,1450.1600341796875,-0.006093015558703896,0.0047808602520504895,0.008796339942527993,1.0,15.770000457763672,-0.08367220821110855,-0.0477052556555595,0.0833131111173335,1.0
2025-02-07,2532.09,2537.63,2519.01,2521.92,419493403,-0.0018369961564993487,0.0,-0.004016444913095496,0.0,0.010951392237583013,0.011113394501327756,0.011304223802441005,-0.007659255755282368,-0.0013869350716252393,-1.970987070332164e-05,0.01631350657817298,0.014778746830754308,0.005230726555843779,0.012569493159546702,0.009191429501210768,0.0388341960424583,0.01058686760638119,0.01044119246201114,-0.015573096147278975,0.012070276958999659,0.02285357498765661,0.005001454606319733,0.005920327382604507,0.008532362001697647,4.0,2.0,19791.990234375,0.005060861556485108,0.00560113985671995,0.012899438643743865,1.0,5092.58984375,0.00021405160561727143,0.012336684453568392,0.025954843267662883,1.0,6083.56982421875,0.003644298722618622,0.0020424238661269634,0.008276128504802888,1.0,4.45,0.004514672686230403,-0.015486725663716672,0.011481720363550042,1.0,4.21,0.00959232613908867,0.0071770334928229484,0.012265672926092892,1.0,1443.8900146484375,-0.00432367420385904,0.00039497019412837453,0.008787624470395983,1.0,15.5,-0.01712114457363567,-0.021464655890949702,0.07935136143764018,1.0
2025-02-10,2510.64,2527.33,2499.18,2521.27,391901382,-0.004472782641796846,0.0,0.00423398018035237,1.0,-0.005846062875726754,0.010951392237583013,0.011113394501327756,-0.025192959318654062,-0.0008015713973928973,0.0018074418937223946,0.016116776091220298,0.008479171565263677,0.0007420487688736266,0.012725678203793896,0.003216999697275069,0.01337276584801339,0.009905888796617437,0.0038687191032882318,-0.01622384933158061,0.012075190447895748,0.01715819893024273,-0.0018369961564993487,-0.004016444913095496,0.007340100522321825,0.0,2.0,19523.400390625,-0.013570633401157828,-0.005300694609119527,0.013296226748844224,3.0,5009.33984375,-0.016347281551089443,-0.001297936297835589,0.02611865112675583,3.0,6025.990234375,-0.009464770111542897,-0.002406999269663257,0.008630717861685542,3.0,4.49,0.008988764044943753,-0.01965065502183405,0.011722172839483846,3.0,4.29,0.019002375296912177,0.0165876777251186,0.013025238398815179,3.0,1442.1500244140625,-0.0012050711735122066,0.00033987918285727226,0.008783138386753818,3.0,16.540000915527344,0.06709683325982874,0.006695107018160451,0.08092275181203067,3.0
2025-02-11,2532.87,2549.44,2527.74,2539.05,450629635,0.004600855917850977,1.0,0.0024399199327247434,1.0,-0.0002577401345007502,-0.005846062875726754,0.010951392237583013,0.011304223802441005,0.011528853905632408,0.027433321787322607,0.008012343256501861,0.0028200049320254994,0.00128672017410425,0.012722333366461667,0.0028291789255801003,0.01170498776132578,0.009906797257591145,0.003027657485033197,-0.016906922246094025,0.012074901726477783,0.017192518471370377,-0.004472782641796846,0.00423398018035237,0.01116213044029949,1.0,2.0,19714.26953125,0.009776429146874044,0.016620732415292938,0.01286574258598859,1.0,5082.669921875,0.014638671044946427,0.032054000337695454,0.025757788712617,1.0,6066.43994140625,0.006712541085862833,0.011989203444947139,0.0078030474579207825,1.0,4.51,0.00445434298440972,-0.0066079295154185536,0.01073763253369106,1.0,4.28,-0.002331002331002252,0.0046948356807512415,0.010927744944987815,1.0,1450.6199951171875,0.0058731550530370935,-0.004228527338242416,0.008450802903067323,1.0,15.8100004196167,-0.04413545680190001,-0.1509130125115714,0.07757976318731218,1.0
2025-02-12,2534.71,2549.58,2528.74,2548.39,464323354,-0.00170930072271136,0.0,0.0053970671201044595,1.0,0.007052001570637012,-0.0002577401345007502,-0.005846062875726754,0.011113394501327756,-0.012394682496682519,0.023113281674987718,0.007441347963950239,0.005304768828009898,-0.0031448022425855093,0.012352864674987264,0.01022298472639771,0.007139882191943725,0.009690554069604413,0.009739479220913116,-0.008628936220057337,0.012110139784304148,0.024518007193677693,0.004600855917850977,0.0024399199327247434,0.008606773570462613,2.0,2.0,19643.859375,-0.0035715325966498845,-0.0005169505522188977,0.01286007159623537,1.0,5079.97021484375,-0.0005311592278757216,0.02077333562531436,0.025740763595932935,1.0,6068.5,0.00033958278885926063,0.0050713359294647375,0.0078118423162414335,1.0,4.54,0.006651884700665134,0.004424778761062065,0.01083487400470784,1.0,4.29,0.002336448598130758,0.019002375296912177,0.01095510608010659,1.0,1453.2099609375,0.0017854199094389234,-0.004002664538694578,0.00823081525275503,1.0,16.020000457763672,0.013282734508116123,-0.06914576932096617,0.07767894229385924,1.0
2025-02-13,2558.95,2583.74,2555.98,2583.17,679924221,0.0041437927475778125,1.0,0.009464819554895643,1.0,0.0036785411866642193,0.007052001570637012,-0.0002577401345007502,0.010951392237583013,0.008471510520813297,0.015590191569659684,0.006498127138900442,0.005886773744846918,0.013078962746820633,0.011620433244076472,0.01261361351576662,0.010503985090606127,0.009718166724025111,0.012920309521424533,0.006608312332619715,0.012025376308467447,0.028171058845379404,-0.00170930072271136,0.0053970671201044595,0.008207794253756383,3.0,2.0,19649.94921875,0.0003100125914030638,-0.0021521505686155074,0.012832700527593244,1.0,5090.7900390625,0.0021298991453009286,-0.0001394404276735539,0.02572340224688632,1.0,6051.97021484375,-0.0027238667143857365,-0.0015688850999495685,0.007881265849585442,1.0,4.62,0.017621145374449254,0.04288939051918739,0.011744004770566696,1.0,4.36,0.01631701631701632,0.045563549160671624,0.011537479916379711,1.0,1450.75,-0.001692777371215537,0.00040682807856184944,0.00823228531496495,1.0,15.890000343322754,-0.008114863341212808,0.007609377430297215,0.07755562242809774,1.0
2025-02-14,2588.2,2600.57,2582.84,2591.05,498669234,0.0019472198887413583,1.0,0.0011011513793370842,1.0,0.013647832553102202,0.0036785411866642193,0.007052001570637012,-0.005846062875726754,-0.007659255755282368,0.01829900463191092,0.007365062922079926,0.015892180150702373,0.018278934090192323,0.01207859658281428,0.024545836385681197,0.026786920954932514,0.01011413016579331,0.025371206192628115,0.040522523030569024,0.011869409718929868,0.04149882635819879,0.0041437927475778125,0.009464819554895643,0.010893152147041766,4.0,2.0,19945.640625,0.015047947603236134,0.007763261238788344,0.01209846333046329,1.0,5156.39013671875,0.012886034810488889,0.012528064290716623,0.02543510412068299,1.0,6115.06982421875,0.010426292122230674,0.0051778809005524895,0.0071768128419619805,1.0,4.52,-0.0216450216450218,0.015730337078651457,0.011400580705600124,1.0,4.31,-0.01146788990825709,0.02375296912114,0.010592135455937991,1.0,1452.1199951171875,0.0009443357692142662,0.005699866600126002,0.007368801934005148,1.0,15.100000381469727,-0.04971679954588537,-0.025806427001953125,0.07187446276980554,1.0
2025-02-17,2595.99,2612.8,2592.57,2610.42,365982481,0.0019065629763994618,1.0,0.0055585730299423375,1.0,0.0030505154519446798,0.013647832553102202,0.0036785411866642193,-0.0002577401345007502,-0.025192959318654062,0.027411654612358838,0.005273602042793569,0.013480477480515063,0.029268641479003987,0.011604375298747428,0.02467679406924872,0.040766239817477956,0.00972861008631637,0.026431588921883353,0.07197527595280273,0.011325681518806448,0.04345609400561945,0.0019472198887413583,0.0011011513793370842,0.00686365976687559,0.0,2.0,20026.76953125,0.004067500652163103,0.025782862132290862,0.011877456398114838,3.0,5160.93994140625,0.0008823623827647342,0.03026348828087544,0.025433164092955176,3.0,6114.6298828125,-7.194380749464546e-05,0.014709557266100237,0.0071387316669067466,3.0,4.47,-0.011061946902654829,-0.0044543429844099425,0.011415032451183927,3.0,4.26,-0.011600928074245953,-0.006993006993007089,0.010712936685116565,3.0,1438.739990234375,-0.009214117929512211,-0.0023645488485658506,0.007227029844125482,3.0,14.770000457763672,-0.021854299031079605,-0.10701332284099452,0.07163983674301232,3.0
2025-02-18,2613.25,2628.47,2605.15,2626.81,421510148,0.0010841167321733458,1.0,0.005188940973883005,1.0,0.007475733775882398,0.0030505154519446798,0.013647832553102202,0.007052001570637012,0.011304223802441005,0.03535916423072494,0.0042145996841701245,0.013985307735812746,0.0637625053485198,0.006088952190941147,0.025988307973358493,0.04525506526787848,0.009802278588507275,0.03179512557218844,0.07919433121387764,0.011354164898014558,0.04990679051696567,0.0019065629763994618,0.0055585730299423375,0.007807645549101722,1.0,2.0,20026.76953125,0.004067500652163103,0.025782862132290862,0.011877456398114838,4.0,5160.93994140625,0.0008823623827647342,0.03026348828087544,0.025433164092955176,4.0,6114.6298828125,-7.194380749464546e-05,0.014709557266100237,0.0071387316669067466,4.0,4.47,-0.011061946902654829,-0.0044543429844099425,0.011415032451183927,4.0,4.26,-0.011600928074245953,-0.006993006993007089,0.010712936685116565,4.0,1432.5999755859375,-0.004267633269467441,-0.012422288119497638,0.007231204911155709,1.0,14.770000457763672,-0.021854299031079605,-0.10701332284099452,0.07163983674301232,4.0
2025-02-19,2633.91,2680.7,2633.91,2671.52,525171633,0.0027028981921037865,1.0,0.014279151527576861,1.0,0.006278683123788431,0.007475733775882398,0.0030505154519446798,0.0036785411866642193,0.011113394501327756,0.034564108623303946,0.004225514446140081,0.013442295583896202,0.058476280276746895,0.0058240519795452455,0.026574853154395894,0.05206643677332279,0.00982313909568385,0.03561275295399624,0.08686891255596096,0.011368286662688293,0.05501403875291566,0.0010841167321733458,0.005188940973883005,0.00893342833720233,2.0,2.0,20041.259765625,0.0007235432730370306,0.01658647477943176,0.011459310775231574,1.0,5247.85986328125,0.016841878196961924,0.03250062348044658,0.02488472341178202,1.0,6129.580078125,0.0024449877750611915,0.010408103818483339,0.006860116928377438,1.0,4.55,0.017897091722595126,0.008869179600886845,0.012210809271641919,1.0,4.29,0.007042253521126751,0.002336448598130758,0.010618812062618412,1.0,1441.2900390625,0.006065938590434694,-0.008202477408914888,0.006563110738190631,1.0,15.350000381469727,0.03926878170143766,-0.029095510812018333,0.07176755005820652,1.0
2025-02-20,2661.72,2667.59,2645.53,2654.06,528921171,-0.003668323650955374,0.0,-0.002877838390213827,0.0,0.017020644812529184,0.006278683123788431,0.007475733775882398,0.013647832553102202,0.010951392237583013,0.04831678039860465,0.005697255018314701,0.02099141097166779,0.06466023983070768,0.0066705685114372,0.03746939361989243,0.056985388666226156,0.010121610453565468,0.0502576876301879,0.0819944351516968,0.011245368857038175,0.07151895984090095,0.0027028981921037865,0.014279151527576861,0.017812479775849783,3.0,2.0,20056.25,0.0007479686681528541,0.020993360679665285,0.011389953473630688,1.0,5309.68994140625,0.011781960596474628,0.04522068375347077,0.024853401196051145,1.0,6144.14990234375,0.0023769693899173827,0.012465996925723033,0.006630053138796376,1.0,4.53,-0.004395604395604269,-0.0022026431718060735,0.012098477841803127,1.0,4.28,-0.002331002331002252,-0.002331002331002252,0.01058173735266056,1.0,1440.0799560546875,-0.0008395832726351138,-0.007354846765681544,0.00636062245376227,1.0,15.270000457763672,-0.005211721284556381,-0.04681647806299105,0.07051408961589344,1.0
2025-02-21,2653.76,2656.04,2638.44,2654.58,444153638,-0.00011303436998399974,0.0,0.0003089955384056875,1.0,-0.006535605198538685,0.017020644812529184,0.006278683123788431,0.0030505154519446798,-0.005846062875726754,0.027443025429994883,0.008486490336825116,0.008852154424632719,0.04624421011136293,0.007551206110031686,0.026014722630496756,0.05171682748509032,0.010294722626538915,0.04072376898179986,0.07367058395194093,0.011291672799686323,0.06322159677130856,-0.003668323650955374,-0.002877838390213827,0.008257471402048251,4.0,2.0,19962.359375,-0.0046813649111873135,0.015898776774033507,0.011089550793443228,1.0,5310.6298828125,0.0001770237841800526,0.04318383631285738,0.0245228365266702,1.0,6117.52001953125,-0.0043341850761716705,0.010831151238438919,0.006599717994198972,1.0,4.5,-0.0066225165562914245,-0.025974025974025983,0.012059956779492812,1.0,4.28,0.0,-0.01834862385321101,0.01058173735266056,1.0,1439.97998046875,-6.942363548434471e-05,-0.008360200733588674,0.006228885649707063,1.0,15.65999984741211,0.025540234312838583,-0.014474543168106035,0.07069494267353713,1.0
2025-02-24,2636.12,2645.27,2626.88,2645.27,535902670,-0.006954019091532371,0.0,0.00347101042441178,1.0,0.0001959262413058216,-0.006535605198538685,0.017020644812529184,0.007475733775882398,-0.0002577401345007502,0.024519017386773534,0.008779888145898362,0.004199770151293025,0.05260277883517306,0.006834046304483213,0.02097974178779327,0.05338386143132068,0.01026871331599307,0.03818931473552789,0.06940768403369457,0.011285839573413432,0.06220802163966055,-0.00011303436998399974,0.0003089955384056875,0.006631349705733823,0.0,2.0,19524.009765625,-0.02195880763092417,-0.021138998105005746,0.012100020647248449,3.0,5136.58984375,-0.03277201441316202,-0.0038399524558375697,0.02551938027955919,3.0,6013.1298828125,-0.01706412670256352,-0.01667028248843805,0.00753181066460085,3.0,4.42,-0.01777777777777778,-0.022123893805309658,0.012271740416448339,3.0,4.19,-0.02102803738317749,-0.027842227378190088,0.011573319146928163,3.0,1431.699951171875,-0.005750100285546789,-0.004893197596706256,0.006370224402019207,3.0,18.209999084472656,0.1628352019097845,0.20596017380366605,0.07902811333955373,3.0
2025-02-25,2617.64,2641.49,2617.12,2630.29,409740300,-0.010445058538447904,0.0,0.004832597301386077,1.0,-0.003507146139879014,0.0001959262413058216,-0.006535605198538685,0.006278683123788431,0.007052001570637012,0.013350342090544753,0.009327149102554427,-0.0019536319897617282,0.04918156325978584,0.007188367115272016,0.012569896556159144,0.0505315663435304,0.010334245838395106,0.03198052350207914,0.06637023659312358,0.01129966813977543,0.057321775527717556,-0.006954019091532371,0.00347101042441178,0.006927649571683609,1.0,2.0,19286.9296875,-0.012143001410622967,-0.036942545456247755,0.012320052489352947,1.0,5003.5400390625,-0.025902361047843825,-0.03049830149754884,0.025802384726937102,1.0,5983.25,-0.00496910650440241,-0.021486154571970673,0.007576238540546203,1.0,4.4,-0.004524886877827927,-0.015659955257270597,0.012273608174741848,1.0,4.13,-0.014319809069212486,-0.030516431924882625,0.011925245730054147,1.0,1434.2900390625,0.0018090996570230278,0.0011797176499819262,0.006298657741510137,1.0,18.979999542236328,0.04228448635234905,0.28503716682417046,0.07908763156506003,1.0
2025-02-26,2629.86,2648.06,2620.16,2641.09,386501690,-0.00016348007253941255,0.0,0.004270189287642667,1.0,-0.005662937998767603,-0.003507146139879014,0.0001959262413058216,0.017020644812529184,0.0036785411866642193,0.001324800804016979,0.009700093560753607,-0.007866038208411252,0.035934699986215124,0.007847125151759548,0.0033316091664645775,0.03267689021852638,0.010260085264267313,0.024473252900925946,0.05159440917305025,0.011293280904939544,0.05043117841856204,-0.010445058538447904,0.004832597301386077,0.009212670162214024,2.0,2.0,19026.390625,-0.013508581548304033,-0.050638989389565014,0.01067565180282572,1.0,4888.8798828125,-0.022915806679840944,-0.06840502410906524,0.01617851617716961,1.0,5955.25,-0.004679730915472358,-0.028440786465477874,0.006934935323167612,1.0,4.3,-0.022727272727272818,-0.05494505494505497,0.012368432500118768,1.0,4.07,-0.014527845036319542,-0.05128205128205121,0.011213422789031948,1.0,1428.6500244140625,-0.003932269272485467,-0.008769931315600665,0.006160728165244419,1.0,19.43000030517578,0.023709208313628327,0.2657980340268502,0.0653238460432935,1.0
2025-02-27,2637.63,2638.47,2610.47,2621.75,513571554,-0.0013100651624897708,0.0,-0.006020556332768434,0.0,0.0041060111242487984,-0.005662937998767603,-0.003507146139879014,-0.006535605198538685,0.013647832553102202,-0.011390519254955933,0.004415078673532329,-0.0015001561402433472,0.03637590792618095,0.007848981212039747,0.0039014362789482337,0.04993062981765006,0.009719701245272284,0.026169739242875023,0.042121420172510415,0.01118531030585322,0.05399536832510665,-0.00016348007253941255,0.004270189287642667,0.010607195404309065,3.0,2.0,19075.259765625,0.0025684924475790627,-0.04891194686818323,0.00951170762536245,1.0,4990.81982421875,0.020851390062708086,-0.06005437618887566,0.016655525720958374,1.0,5956.06005859375,0.00013602428004699796,-0.030612834442442782,0.006555274685970421,1.0,4.25,-0.011627906976744096,-0.06181015452538641,0.012414515737639915,1.0,4.05,-0.004914004914005066,-0.053738317757009435,0.01115232265941471,1.0,1429.5,0.0005949501777289257,-0.007346783774196064,0.004593092385107481,1.0,19.100000381469727,-0.016984041097423352,0.2508185860439043,0.06215955048408972,1.0
2025-02-28,2585.61,2586.78,2531.24,2532.78,588019165,-0.01378468580146841,0.0,-0.02043231577848159,0.0,-0.00732273417414786,0.0041060111242487984,-0.005662937998767603,0.0001959262413058216,0.0030505154519446798,-0.012173801647287541,0.0046142598377238685,-0.006384455975829595,0.01493513783452105,0.00766754649314449,-0.0049091276221361335,0.03348707032481868,0.009848418326373643,0.016977028751347545,0.04022838007268792,0.011204876304625447,0.04557213610244504,-0.0013100651624897708,-0.006020556332768434,0.010601683395870644,4.0,2.0,18544.419921875,-0.02782870850894581,-0.07103065456785462,0.011159925029949492,1.0,4686.75,-0.06092582680368519,-0.11747756793062258,0.021645159812483793,1.0,5861.56982421875,-0.015864553655509872,-0.04183888152312287,0.007325845784043099,1.0,4.29,0.009411764705882453,-0.046666666666666634,0.012722010550986254,1.0,4.07,0.004938271604938427,-0.0490654205607477,0.011157375504483764,1.0,1434.4200439453125,0.0034417935958814816,-0.0038611207092112965,0.004675175563282554,1.0,21.1299991607666,0.1062826564792283,0.34929753299189437,0.06582664737863163,1.0
2025-03-04,2522.2,2548.78,2513.31,2528.92,483614316,-0.004177228184050863,0.0,0.0026643406549837767,1.0,-0.03393534852674729,-0.00732273417414786,0.0041060111242487984,-0.003507146139879014,0.007475733775882398,-0.04588296453676277,0.014468156081300488,-0.031158625311563215,-0.022488952355222747,0.013524951550648293,-0.036547062088200244,0.006121468040057865,0.012545304089676816,-0.01782798979662259,0.011873466876543226,0.012030069421634539,0.009890785026028803,-0.01378468580146841,-0.02043231577848159,0.021184323448078732,1.0,3.0,18350.189453125,-0.026374620756663858,-0.048568655019368245,0.013089347227200296,1.0,4575.3701171875,-0.040148923860596875,-0.08557339774085726,0.022934501107761535,1.0,5849.72021484375,-0.0175967394669998,-0.022317266561860172,0.008948430214284198,1.0,4.16,-0.018867924528301883,-0.054545454545454564,0.012701509263460269,1.0,3.96,-0.007518796992481258,-0.041162227602905554,0.011528802013570623,1.0,1459.800048828125,0.0068558782068546265,0.017785809753164905,0.004964898681762215,1.0,22.780000686645508,0.16046875499488777,0.20021081328021162,0.07492369410095567,1.0
2025-03-05,2548.45,2561.47,2535.18,2558.13,568967027,0.0077226642202994356,1.0,0.003798387254998259,1.0,-0.0015240170879429193,-0.03393534852674729,-0.00732273417414786,-0.005662937998767603,0.006278683123788431,-0.04398416796773108,0.014690909438671235,-0.02394705295245103,-0.031221029566123493,0.01310326596391833,-0.03502375504014754,0.03055074471770025,0.011030847960800588,-0.020748285819665258,0.009681914184303642,0.012032177656500883,0.008189221854491668,-0.004177228184050863,0.0026643406549837767,0.01400437463972404,2.0,3.0,18285.16015625,-0.0035437943047462728,-0.03895801801609444,0.01292842506466782,1.0,4604.509765625,0.006368806826804185,-0.05816672203120399,0.022811904092459343,1.0,5778.14990234375,-0.012234826602200433,-0.029738482457705384,0.009169914830609697,1.0,4.22,0.014423076923076872,-0.018604651162790753,0.01335509654331499,1.0,3.96,0.0,-0.027027027027027084,0.011173352962748323,1.0,1457.9300537109375,-0.0012809940092060046,0.020494892938446307,0.004962057995028949,1.0,23.510000228881836,0.032045633021612785,0.2099845527341151,0.07005932557565774,1.0
2025-03-06,2573.55,2583.65,2565.57,2576.16,609327830,0.0060278406492242365,1.0,0.0010141633152647156,1.0,0.011550385144646791,-0.0015240170879429193,-0.03393534852674729,0.0041060111242487984,0.017020644812529184,-0.02743423728942429,0.01739729080599304,-0.00714292922197024,-0.02614578138502588,0.013617943927463655,-0.021313095412533012,0.030801590851395666,0.011042419036274157,-0.010901377611355234,0.041622046410495495,0.011836181551559908,0.019142004125761503,0.0077226642202994356,0.003798387254998259,0.010395742055897364,3.0,3.0,18552.73046875,0.014633194908524993,-0.027393037017332533,0.013005211527338103,1.0,4700.7900390625,0.02090999440511143,-0.058112653906845946,0.023252743120206434,1.0,5842.6298828125,0.011159277893187936,-0.019044498320258896,0.009412629938796997,1.0,4.28,0.014218009478673022,0.007058823529411784,0.013930139250159226,1.0,3.99,0.007575757575757569,-0.014814814814814725,0.011265921283453561,1.0,1452.8499755859375,-0.003484445712652273,0.016334365572534093,0.004826647589328611,1.0,21.93000030517578,-0.06720544059225653,0.14816753231333113,0.06950902084649992,1.0
2025-03-07,2553.44,2575.48,2541.49,2563.48,566561826,-0.008819327992050097,0.0,0.003931950623472735,1.0,0.007048117179345725,0.011550385144646791,-0.0015240170879429193,-0.00732273417414786,-0.006535605198538685,-0.024584546531924434,0.017844263917268486,0.004919744042241492,-0.03569503503623406,0.012328715995383693,-0.010806346266160283,0.026657155268265287,0.010894047248252317,-0.005216496780090618,0.04957465532414185,0.011862597804253736,0.025496494978324957,0.0060278406492242365,0.0010141633152647156,0.007067662706742787,4.0,3.0,18069.259765625,-0.026059274883519334,-0.025622810433099663,0.013941399346868116,1.0,4487.85009765625,-0.04529875608924616,-0.04243876936976587,0.024283955307859234,1.0,5738.52001953125,-0.017819007085749905,-0.020992636508241236,0.009980133570809346,1.0,4.29,0.002336448598130758,0.0,0.013354035331311105,1.0,3.96,-0.007518796992481258,-0.027027027027027084,0.011210775053337127,1.0,1443.030029296875,-0.0067590917535047534,0.006002415671689132,0.004972735179176783,1.0,24.8700008392334,0.1340629499838053,0.17699961320448576,0.07038740861710187,1.0
2025-03-10,2555.4,2579.76,2549.99,2570.39,435437296,-0.0031519652971740975,0.0,0.005866009235344638,1.0,-0.0049220545307744334,0.007048117179345725,0.011550385144646791,-0.03393534852674729,0.0001959262413058216,-0.022225612663297367,0.01779287342955136,0.00454015723223633,-0.03412884411053252,0.01229594184210525,-0.012239692206323483,0.010537104562925004,0.010736596285452786,-0.010623481887630182,0.025350985960561623,0.011654132141044172,0.020020030508658637,-0.008819327992050097,0.003931950623472735,0.013194056269797,0.0,3.0,18196.220703125,0.007026349676013233,-0.03454390331329937,0.01401682929697044,3.0,4629.58984375,0.03158299475460935,-0.028774354906382804,0.025679656230251386,3.0,5770.2001953125,0.00552061780274804,-0.03095134850743131,0.010051341257524757,3.0,4.32,0.006993006993007089,0.018867924528301883,0.013424288732133588,3.0,3.99,0.007575757575757569,0.0,0.01110466631398199,3.0,1446.5,0.0024046420605783325,-0.0023174550546325445,0.0049928514190334524,3.0,23.3700008392334,-0.06031362884530711,0.1905248007316136,0.07239084411477247,3.0
2025-03-11,2516.69,2547.88,2505.91,2537.6,398700312,-0.020891771287625538,0.0,0.008308532238773925,1.0,0.0026955544806277487,-0.0049220545307744334,0.007048117179345725,-0.0015240170879429193,-0.003507146139879014,0.014849296030448711,0.006572862443289163,0.004287696880850955,-0.0317149982294751,0.01240205564570421,-0.006353732334528961,0.019219483568075013,0.010636968123399315,-0.008883605450544563,0.043177759740259614,0.011491031731509485,0.022048442914829547,-0.0031519652971740975,0.005866009235344638,0.011613119665454943,1.0,3.0,17468.3203125,-0.040002833692822315,-0.048057767625653613,0.016054720138164055,1.0,4405.08984375,-0.048492416731706234,-0.037216721068714764,0.027411933977618607,1.0,5614.56005859375,-0.0269730913054258,-0.04020023994537003,0.011358774942653915,1.0,4.22,-0.02314814814814825,0.014423076923076872,0.01402577263415176,1.0,3.89,-0.02506265664160401,-0.017676767676767624,0.010959020212210957,1.0,1446.260009765625,-0.00016591098124785209,-0.009275269632556538,0.004808515980380575,1.0,27.860000610351562,0.1921266414154501,0.2230026238183629,0.08124573221690001,1.0
2025-03-12,2552.6,2579.69,2541.66,2574.82,401282348,0.005911097099621676,1.0,0.00870484995690668,1.0,-0.012756819004119957,0.0026955544806277487,-0.0049220545307744334,0.011550385144646791,-0.005662937998767603,0.003432295209021996,0.009678617006248313,-0.009195861862162036,-0.04070283940769759,0.01277129774222962,-0.014929394086082737,0.006476894580905723,0.011073389102084759,-0.02183505763043636,0.03921207281364536,0.011555375889889787,0.008370503043469979,-0.020891771287625538,0.008308532238773925,0.016328261470049392,2.0,3.0,17436.099609375,-0.001844522114810565,-0.0464344058033741,0.015681670611630925,1.0,4374.06982421875,-0.00704185853899475,-0.050046574583596515,0.026976224856832064,1.0,5572.06982421875,-0.007567865323653167,-0.035665408756773376,0.011131703225777164,1.0,4.28,0.014218009478673022,0.014218009478673022,0.014462102842171028,1.0,3.94,0.01285347043701801,-0.005050505050505083,0.011645349204048475,1.0,1457.030029296875,0.007446807253555621,-0.0006173303114038742,0.005086406517445696,1.0,26.920000076293945,-0.03374014764767641,0.14504465394359944,0.08078267313564826,1.0
2025-03-13,2598.06,2600.07,2561.02,2573.64,426978956,0.009025873653303762,1.0,-0.009399321031846819,0.0,0.014667402269861407,-0.012756819004119957,0.0026955544806277487,0.007048117179345725,0.0041060111242487984,0.0065242970451071525,0.010606285949308885,0.004028091355396279,-0.021088929357599318,0.014044658462118916,0.0016759307095242093,0.014087946279120134,0.011439700431074134,-0.008171695748206642,0.0603996441750132,0.011663540275623488,0.0221678380624748,0.005911097099621676,0.00870484995690668,0.014986601513240936,3.0,3.0,17648.44921875,0.012178733439950351,-0.048741140907704206,0.01619720843695416,1.0,4481.02001953125,0.024450957485938618,-0.046751719967284444,0.027861587268384565,1.0,5599.2998046875,0.004886869929446425,-0.04164735453135815,0.011274442076584044,1.0,4.32,0.009345794392523477,0.009345794392523477,0.014564150907417318,1.0,4.01,0.017766497461928932,0.005012531328320691,0.012566477818417701,1.0,1451.02001953125,-0.004124835895472412,-0.001259562986845597,0.00516114209009017,1.0,24.229999542236328,-0.09992572535044164,0.10487912471746363,0.08581688613303398,1.0
2025-03-14,2565.18,2576.74,2559.24,2566.36,361935306,-0.0032871730311931913,0.0,0.0004600067051825363,1.0,-0.00045828446260332,0.014667402269861407,-0.012756819004119957,-0.0049220545307744334,-0.00732273417414786,-0.0009782001117942807,0.010117458949092124,0.003765231167408789,-0.02553869803755282,0.013896134172540093,0.0038509739769643225,0.00990821656025953,0.011421583863704647,-0.009108124544117358,0.09025747909412085,0.011033194475143114,0.020261134585479734,0.009025873653303762,-0.009399321031846819,0.015166108698860573,4.0,3.0,17303.009765625,-0.01957336017705169,-0.042406275073742394,0.01644846928155897,1.0,4453.240234375,-0.006199433395782106,-0.007711902699095274,0.027797762551314942,1.0,5521.52001953125,-0.013890984206835322,-0.037814628033261743,0.011484835684546009,1.0,4.27,-0.011574074074074292,-0.004662004662004726,0.013902049524055807,1.0,3.94,-0.0174563591022443,-0.005050505050505083,0.012051141624369356,1.0,1448.75,-0.001564430194411326,0.003963861171975891,0.005168026497366233,1.0,24.65999984741211,0.017746608060236646,-0.008443947918570394,0.0854981394528999,1.0
2025-03-17,2588.32,2610.69,2587.52,2610.69,396159056,0.00855686653470289,1.0,0.008642671694380821,1.0,-0.0028286784476460047,-0.00045828446260332,0.014667402269861407,0.0026955544806277487,-0.03393534852674729,0.0011234727791908927,0.00991209534315324,0.0007010943779093282,-0.021127109754934592,0.013794985338493116,0.003178762799875612,-0.006507508216648472,0.01101451617673302,-0.011591184291203094,0.061426727988618035,0.010633224657082918,0.016377782864674506,-0.0032871730311931913,0.0004600067051825363,0.006799707806841672,0.0,3.0,17754.08984375,0.026069457524154904,-0.02429794991984624,0.017357651080248462,3.0,4598.7900390625,0.032684022650291134,-0.006652814985128819,0.028849372747626622,3.0,5638.93994140625,0.021265869083087807,-0.022747954917210822,0.012442756173798348,3.0,4.31,0.00936768149882905,-0.0023148148148149916,0.013536229058027413,3.0,4.02,0.02030456852791862,0.007518796992481036,0.013191448205683274,3.0,1453.22998046875,0.003092307484900747,0.004652596245247054,0.004741189492053396,3.0,21.770000457763672,-0.1171938121464231,-0.0684638563976282,0.08984428282697934,3.0
2025-03-18,2627.27,2638.56,2606.91,2612.34,555126355,0.006350811471296902,1.0,-0.005682704860939247,0.0,0.017273492417275715,-0.0028286784476460047,-0.00045828446260332,-0.012756819004119957,-0.0015240170879429193,0.015678554616225693,0.012588789340583155,0.014797354605534663,0.030760666145500215,0.00946825466674627,0.01740867857954287,0.007579938634916239,0.011679165299476473,0.005101950460415283,0.06885539874964675,0.01077461673803746,0.032787682930158324,0.00855686653470289,0.008642671694380821,0.009028351439392786,1.0,3.0,17808.66015625,0.0030736755857529996,0.019483260992555707,0.01732974197505859,1.0,4663.97021484375,0.014173331512768339,0.058768465633238565,0.029150900316062812,1.0,5675.1201171875,0.006416130719105961,0.010786251809891345,0.012632888241003233,1.0,4.31,0.0,0.021327014218009532,0.01338402109431172,1.0,4.06,0.00995024875621886,0.04370179948586106,0.013364838892522718,1.0,1449.050048828125,-0.0028763042992525634,0.0019291407102877134,0.004677145298090515,1.0,20.510000228881836,-0.0578778228014456,-0.2638191033900691,0.09112482152025142,1.0
2025-03-19,2613.48,2642.83,2613.48,2628.62,652885862,0.000436390362663408,1.0,0.0057930422272218784,1.0,0.0006320168231388479,0.017273492417275715,-0.0028286784476460047,0.014667402269861407,0.011550385144646791,0.029453026481714994,0.009361941094512848,0.009572687888636855,0.03298641317242135,0.009376004195743474,0.014752787196512074,0.0007355138253615223,0.011561935171624758,0.00570002163590555,0.05246321692746525,0.010591977748519795,0.03255388910950274,0.006350811471296902,-0.005682704860939247,0.012123231789297117,2.0,3.0,17504.119140625,-0.017100725880162315,0.00390107494071823,0.017439539025914275,1.0,4589.02978515625,-0.016067947743103383,0.049144153974701066,0.028801206391526283,1.0,5614.66015625,-0.010653512117636543,0.007643538823963292,0.012639987811706657,1.0,4.29,-0.004640371229698292,0.002336448598130758,0.01256794294807184,1.0,4.04,-0.004926108374384119,0.025380710659898442,0.013190557515170986,1.0,1442.489990234375,-0.004527144248092196,-0.009979230880722945,0.004622851588783196,1.0,21.700000762939453,0.05802050320710772,-0.19390784912929038,0.09142573224934541,1.0
2025-03-20,2648.16,2650.72,2629.2,2637.1,453534551,0.007433558292944564,1.0,-0.004176484804543468,0.0,0.006231960617683718,0.0006320168231388479,0.017273492417275715,-0.00045828446260332,0.007048117179345725,0.020894664481400538,0.008044765955376827,0.011657487694018753,0.027555284524242163,0.008998635091892571,0.018288454759220585,0.0006890486940434037,0.011560625844285502,0.011932248098214249,0.0537831835347129,0.010601419194822149,0.03807127513905462,0.000436390362663408,0.0057930422272218784,0.011235137845762768,3.0,3.0,17750.7890625,0.014092107114519692,0.005798800930411074,0.01798225313475949,1.0,4634.52978515625,0.009914949810780227,0.0342577727740343,0.02874252894903396,1.0,5675.2900390625,0.010798495567894584,0.013571381605854471,0.013009065443281665,1.0,4.25,-0.009324009324009341,-0.01620370370370372,0.012647650033416998,1.0,3.99,-0.012376237623762387,-0.004987531172069737,0.013357353836642608,1.0,1448.93994140625,0.004471400991023167,-0.0014335282056769927,0.0047204648445792075,1.0,19.899999618530273,-0.08294935857713559,-0.1787040860714112,0.09422119821068538,1.0
2025-03-21,2633.9,2645.82,2617.78,2643.13,496725079,-0.001213454173144668,0.0,0.0035043091992861264,1.0,0.0032260273451469867,0.006231960617683718,0.0006320168231388479,-0.0028286784476460047,-0.0049220545307744334,0.02465768328126705,0.0076750818662176335,0.009987660004396659,0.02365536302093041,0.008876523833548894,0.019167506600956008,-0.012884051027130639,0.01088992359015086,0.01586981180155589,0.059514578319545874,0.010597413286235261,0.0404057573247949,0.007433558292944564,-0.004176484804543468,0.008186805243816141,4.0,3.0,17691.630859375,-0.003332708361115988,0.02245973960680847,0.0179897181533578,1.0,4601.3701171875,-0.0071549152785587156,0.033263393622708914,0.028701235396032046,1.0,5662.89013671875,-0.0021848931523151816,0.025603478152290027,0.013013996987786134,1.0,4.24,-0.0023529411764705577,-0.007025761124121677,0.01262122622461183,1.0,3.95,-0.010025062656641603,0.002538071065989911,0.013410374102365239,1.0,1443.3900146484375,-0.003830335957490494,-0.003699731045081922,0.004810728235072121,1.0,19.799999237060547,-0.005025144893802347,-0.19708031794094216,0.09432998892816195,1.0
2025-03-24,2636.43,2648.82,2629.38,2632.07,371458452,-0.00253487342658143,0.0,-0.0016537514745317283,0.0,0.0022866027075196804,0.0032260273451469867,0.006231960617683718,0.017273492417275715,0.0026955544806277487,0.029913963746317718,0.006659963177915899,0.006379132310073032,0.031071044049495233,0.008502830287291431,0.018363155175423085,-0.004118218879753943,0.010814889633699329,0.018407101604904552,0.07583818040467127,0.010439024503636372,0.04150876185751429,-0.001213454173144668,0.0035043091992861264,0.010632892192180792,0.0,3.0,17784.05078125,0.0052239345603362075,0.0016875513058500768,0.017734846481188504,3.0,4557.9501953125,-0.009436302833543797,-0.008880562800889558,0.028054552919716907,3.0,5667.56005859375,0.0008246534476661349,0.005075442811040665,0.012662426767973823,3.0,4.25,0.002358490566037652,-0.013921113689094988,0.01216650590829974,3.0,3.94,-0.0025316455696202667,-0.01990049751243772,0.012791849502827326,3.0,1465.8199462890625,0.015539758078545463,0.008663436613282283,0.005712282742780757,3.0,19.280000686645508,-0.02626255406322109,-0.11437757091227685,0.08809470517280109,3.0
2025-03-25,2653.04,2654.63,2612.74,2615.81,438638967,0.007967113336651233,1.0,-0.014032958417513508,0.0,-0.004184432850446229,0.0022866027075196804,0.0032260273451469867,0.0006320168231388479,-0.012756819004119957,0.008189405865882238,0.003839261516953495,0.0005390298678806804,0.02399635852925064,0.008811651323275431,0.01169763498904719,-0.00847968416849365,0.010851802039245621,0.014585629694188862,0.0594261057868406,0.010379125725121325,0.03614598063537189,-0.00253487342658143,-0.0016537514745317283,0.007354916330259977,1.0,3.0,18188.58984375,0.022747295735711326,0.021333984935787642,0.018637121628198347,1.0,4694.22021484375,0.02989721556663638,0.006485890476685574,0.028694339114318686,1.0,5767.56982421875,0.017646000146633645,0.016290352472233982,0.013451122700232104,1.0,4.34,0.021176470588235352,0.006960556844547661,0.01318785022330117,1.0,4.04,0.025380710659898442,-0.004926108374384119,0.013968000968439037,1.0,1464.780029296875,-0.0007094438814400084,0.010855374168387888,0.005725747886756532,1.0,17.479999542236328,-0.09336105188294774,-0.1477328450917671,0.09037968358245196,1.0
2025-03-26,2628.09,2649.15,2618.05,2643.94,507428450,0.004694530566057953,1.0,0.006030995894356739,1.0,-0.0061776472510229885,-0.004184432850446229,0.0022866027075196804,0.006231960617683718,0.014667402269861407,0.0013283110161770306,0.005238408018124195,-0.005904202640017675,0.030820460277427575,0.007733100742778758,0.00243422197253218,-0.011136859375413533,0.010908724372641176,0.008890723914317444,0.07384448650002273,0.010069961794034375,0.028531165099958677,0.007967113336651233,-0.014032958417513508,0.015915230218041438,2.0,3.0,18271.859375,0.004578119137620407,0.0438605466637374,0.018526662573428856,1.0,4661.33984375,-0.007004437284339082,0.01575715608289263,0.02832514081223178,1.0,5776.64990234375,0.0015743334544251475,0.028851211219512507,0.013452072277134514,1.0,4.31,-0.00691244239631339,0.004662004662004504,0.012230898618097055,1.0,3.96,-0.01980198019801982,-0.01980198019801982,0.014282908953225298,1.0,1466.27001953125,0.00101721091534146,0.016485403335804838,0.005603929433764956,1.0,17.149999618530273,-0.018878714665219953,-0.20967746472064375,0.09028419576576302,1.0
2025-03-27,2620.28,2633.03,2603.41,2607.15,402869118,-0.008948765857016316,0.0,-0.005010914864060356,0.0,0.010753839154984624,-0.0061776472510229885,-0.004184432850446229,0.0032260273451469867,-0.00045828446260332,0.005828153175430506,0.006707855518708722,0.0036175082845875117,0.026844594961977775,0.007158468051509418,0.010537500429985025,0.0051895418375920155,0.011115691712538435,0.019471813702336194,0.09974003285984656,0.009965961975877338,0.037960756027362486,0.004694530566057953,0.006030995894356739,0.011889242720228116,3.0,3.0,17899.01953125,-0.02040513973417113,0.008350641102662149,0.018945311693414298,1.0,4508.740234375,-0.03273728466282244,-0.02714181515978953,0.028583832792620188,1.0,5712.2001953125,-0.011156934922627149,0.0065036599003664985,0.013618630092497953,1.0,4.35,0.009280742459396807,0.0235294117647058,0.01206023456483328,1.0,3.98,0.005050505050504972,-0.0025062656641604564,0.014322922280089497,1.0,1462.0899658203125,-0.002850807597003069,0.009075617310473127,0.005679697271793971,1.0,18.329999923706055,0.06880468404796991,-0.07889445853869681,0.09158822739205642,1.0
2025-03-28,2592.63,2592.63,2549.26,2557.98,512914432,-0.00556929981013754,0.0,-0.013364807164925274,0.0,-0.013914839217228803,0.010753839154984624,-0.0061776472510229885,0.0022866027075196804,-0.0028286784476460047,-0.011357172651776493,0.009285977030823244,-0.008092314013742219,0.013020469063272255,0.008872576774331415,-0.0047986025992844406,-0.012850754801994602,0.011515671437441083,0.005944259926906614,0.06762462070179898,0.009989703559262958,0.022412967544667595,-0.008948765857016316,-0.005010914864060356,0.011202977374675804,4.0,3.0,17804.029296875,-0.005307007694424604,0.006353198209561262,0.01803989527005819,1.0,4415.25,-0.02073533393257454,-0.04044884728839471,0.025686894435535894,1.0,5693.31005859375,-0.003306980860763864,0.005371801525470898,0.013229686198921052,1.0,4.38,0.006896551724137945,0.03301886792452824,0.011983325791873785,1.0,3.97,-0.002512562814070307,0.005063291139240533,0.014263302820656347,1.0,1465.6800537109375,0.0024554493735347016,0.015442838620391308,0.005662943641778359,1.0,18.690000534057617,0.019639967913255507,-0.05606054271584493,0.08837853216716654,1.0
2025-03-31,2513.44,2514.22,2479.46,2481.12,390703635,-0.01741217679575291,0.0,-0.012858870711057402,0.0,-0.0188596743570566,-0.013914839217228803,0.010753839154984624,-0.004184432850446229,0.017273492417275715,-0.03221559287662734,0.011301541594339128,-0.02045270909362462,-0.0032653252076871864,0.01091954064281846,-0.023255334430747898,-0.02432344807857345,0.012142924016638697,-0.011811800056054422,0.04812908724370213,0.010316390103440383,0.002361065975048815,-0.00556929981013754,-0.013364807164925274,0.01663502291774539,0.0,3.0,17322.990234375,-0.027018550378617556,-0.025925507779200885,0.018338466794840858,3.0,4284.91015625,-0.029520376818979677,-0.05990412956756319,0.025914746370813573,3.0,5580.93994140625,-0.01973722070834405,-0.015283493477260546,0.013184274711469879,3.0,4.27,-0.02511415525114158,0.004705882352941115,0.013066678385146368,3.0,3.89,-0.02015113350125941,-0.012690355329949221,0.014297507922889916,3.0,1461.8900146484375,-0.0025858570244604584,-0.0026810466391689047,0.005233620574690188,3.0,21.649999618530273,0.15837340823392898,0.12292525142524346,0.0937471892193855,3.0
2025-04-01,2511.24,2530.61,2494.43,2521.39,452844692,0.01213967885471079,1.0,0.004041827941574816,1.0,-0.030047146576595685,-0.0188596743570566,-0.013914839217228803,-0.0061776472510229885,0.0006320168231388479,-0.057350298434312275,0.015226970747326532,-0.03877266387726641,-0.04963055743883804,0.012595406163533473,-0.0478931481553968,-0.02039656030132908,0.011609995533983888,-0.04054664154394527,0.021175715220585367,0.011042452370273485,-0.028083604270924156,-0.01741217679575291,-0.012858870711057402,0.013588847449940877,1.0,4.0,17299.2890625,-0.0013681917240805364,-0.04889333306702626,0.017572518001471287,1.0,4270.43017578125,-0.0033792961674189437,-0.0902791133919153,0.024558154967188817,1.0,5611.85009765625,0.005538521570653376,-0.026999192260943827,0.012861132726749502,1.0,4.23,-0.009367681498828828,-0.025345622119815503,0.012487929602692448,1.0,3.89,0.0,-0.03712871287128716,0.0142204613474154,1.0,1469.4100341796875,0.005144039193029526,0.003160887498606213,0.005136021407394971,1.0,22.280000686645508,0.029099357007656312,0.27459961499490326,0.08692450011578098,1.0
2025-04-02,2525.62,2532.15,2499.83,2505.86,514946308,0.001677646060308069,1.0,-0.007823821477498494,0.0,0.016230573289482075,-0.030047146576595685,-0.0188596743570566,0.010753839154984624,0.006231960617683718,-0.036095893814917734,0.019839077510895815,-0.015972268838035597,-0.034815529372133946,0.014230837801517312,-0.02905117814751912,-0.0029775556363982325,0.012227399016341109,-0.024832185693356656,0.048495282293109065,0.011137990941784437,-0.01306028266889192,0.01213967885471079,0.004041827941574816,0.01458212420197342,2.0,4.0,17449.890625,0.008705650385741004,-0.044985501099282676,0.017757603159822104,1.0,4282.4599609375,0.0028169961013468914,-0.08128132586610437,0.024498434479810823,1.0,5633.06982421875,0.0037812354559083605,-0.02485525011075118,0.012687420969329653,1.0,4.17,-0.014184397163120699,-0.0324825986078886,0.012496908309112252,1.0,3.87,-0.005141388174807249,-0.022727272727272707,0.01425176569759697,1.0,1471.9599609375,0.0017353405097957353,0.0038805549663145644,0.005130181171255565,1.0,21.770000457763672,-0.02289049430718948,0.2693878100289617,0.08680494845759064,1.0
2025-04-03,2437.43,2488.92,2437.43,2486.7,479580952,-0.027307990071273047,0.0,0.020213913835474218,1.0,-0.006159301020468799,0.016230573289482075,-0.030047146576595685,-0.013914839217228803,0.0032260273451469867,-0.052225088315165924,0.01729876367489506,-0.011378072355702762,-0.04670131095403662,0.013828346441320893,-0.03044818160186169,-0.020432894340787988,0.011979739484223947,-0.029857925866706436,0.044330253512204765,0.011168080712208758,-0.019819322711812526,0.001677646060308069,-0.007823821477498494,0.012818326399327422,3.0,4.0,17601.05078125,0.008662527433463518,-0.016647210730161732,0.017508436060058922,1.0,4320.75,0.008941131828846816,-0.04169462523960621,0.024016538000080936,1.0,5670.97021484375,0.006728194715792668,-0.007217880861840942,0.012497618735688162,1.0,4.2,0.007194244604316502,-0.0344827586206895,0.012154913749447353,1.0,3.91,0.010335917312661591,-0.017587939698492372,0.014352720246734268,1.0,1469.969970703125,-0.0013519323128242666,0.005389548568847102,0.005064943955029262,1.0,21.510000228881836,-0.011943051144452932,0.17348610575077572,0.08543482533248499,1.0
2025-04-04,2450.49,2506.71,2438.02,2465.42,694478125,-0.014561467004463813,0.0,0.00609265901921674,1.0,-0.007646077594119505,-0.006159301020468799,0.016230573289482075,-0.0188596743570566,0.0022866027075196804,-0.04619987342500442,0.017220924911711063,-0.009523581918338464,-0.05703234613780295,0.013562122696599389,-0.03222981768933064,-0.034726103968697575,0.011912960052988269,-0.035605647371087956,0.03658282408063562,0.011220419618258943,-0.027870044907632008,-0.027307990071273047,0.020213913835474218,0.02054783587271445,4.0,4.0,16550.609375,-0.05968060766968586,-0.07040091324130782,0.021130653500194652,1.0,3893.68994140625,-0.0988393354380026,-0.11812695964979336,0.030875070808835094,1.0,5396.52001953125,-0.04839563335990149,-0.05212961107124514,0.01599166182541237,1.0,4.06,-0.03333333333333344,-0.07305936073059371,0.014117711047802857,1.0,3.71,-0.051150895140664954,-0.06549118387909325,0.018207745584460974,1.0,1466.0400390625,-0.0026734774988261822,0.00024560977728471656,0.004829516101860935,1.0,30.020000457763672,0.395629945993925,0.6062065061507145,0.11977382632788541,1.0
2025-04-07,2359.25,2369.4,2327.01,2328.2,618877527,-0.043063656496661884,0.0,-0.013160962170181256,0.0,-0.008557526038524887,-0.007646077594119505,-0.006159301020468799,-0.030047146576595685,-0.004184432850446229,-0.03618480207038366,0.016386750329391776,-0.010705036479303764,-0.06723468009519018,0.013276726612710777,-0.03382941235484427,-0.03825268775258628,0.011992217604372728,-0.042036923671120774,0.009623574891888254,0.01104961159455629,-0.036336623562617354,-0.014561467004463813,0.00609265901921674,0.027622954115896593,0.0,4.0,15587.7900390625,-0.05817425293064171,-0.10016747523584257,0.02413006510908514,3.0,3597.659912109375,-0.07602814650155743,-0.16038848402415085,0.03316137811451435,3.0,5074.080078125,-0.05974960534553109,-0.09081980250687571,0.02026288832826125,3.0,4.01,-0.01231527093596052,-0.060889929742388715,0.014083290126274555,3.0,3.68,-0.008086253369272156,-0.05398457583547556,0.018060821007210796,3.0,1450.6800537109375,-0.01047719362520605,-0.007668128809400043,0.005426655918757788,3.0,45.310001373291016,0.5093271379872046,1.0928407469582635,0.16132919188241343,3.0
2025-04-08,2381.2,2381.31,2328.94,2334.23,556589552,0.02276436732239495,1.0,-0.0197253485637493,0.0,-0.055657859512780905,-0.008557526038524887,-0.007646077594119505,0.016230573289482075,-0.0061776472510229885,-0.06163345585864455,0.02630234799726586,-0.054159350708547827,-0.11544905720592546,0.020264783627128007,-0.07660835018603085,-0.09422305564525235,0.01691053844768373,-0.09107838111854138,-0.06446894689468952,0.012937247844084333,-0.089019915804186,-0.043063656496661884,-0.013160962170181256,0.01719382498722322,1.0,4.0,15603.259765625,0.0009924259002549451,-0.09804040447832707,0.02292820751287073,1.0,3694.949951171875,0.02704258919388991,-0.13475931016811304,0.03308632177867059,1.0,5062.25,-0.0023314724921273955,-0.09793563407650296,0.019674425526033292,1.0,4.15,0.034912718204488824,-0.01891252955082745,0.015733768896178817,1.0,3.73,0.013586956521739024,-0.04113110539845766,0.017739779804630554,1.0,1458.52001953125,0.005404338331017389,-0.007411147600143497,0.0055506683982865564,1.0,46.97999954223633,0.03685716438600095,1.1086175087236798,0.15751345371862757,1.0
2025-04-09,2329.99,2337.58,2284.72,2293.7,699190973,-0.0018164448233465302,0.0,-0.0155751741423783,0.0,0.0025899836783782604,-0.055657859512780905,-0.008557526038524887,-0.006159301020468799,0.010753839154984624,-0.07422889755254036,0.0231093896259921,-0.037066402869209814,-0.10764543296340323,0.020729196600409262,-0.06376105557558787,-0.0801426544766708,0.0168785168209278,-0.0850923352284898,-0.06334818024958866,0.01294197248149385,-0.08571921720365361,0.02276436732239495,-0.0197253485637493,0.022493772012713638,2.0,4.0,15267.91015625,-0.02149227881944238,-0.12504264442918245,0.02318846019325679,1.0,3562.93994140625,-0.03572714421307854,-0.168015585923595,0.03364990665611246,1.0,4982.77001953125,-0.015700524562941354,-0.11544323521281574,0.019814365150492497,1.0,4.26,0.026506024096385472,0.021582733812949506,0.016565660948654894,1.0,3.71,-0.00536193029490617,-0.04134366925064603,0.017404371186213095,1.0,1469.949951171875,0.007836664212739652,-0.001365532907800615,0.005577203157905722,1.0,52.33000183105469,0.11387829589075582,1.4037666849195052,0.15752361775120607,1.0
2025-04-10,2395.13,2445.06,2391.39,2445.06,669555625,0.04422112743602047,1.0,0.020846467623886644,1.0,-0.017363327521281224,0.0025899836783782604,-0.055657859512780905,-0.007646077594119505,-0.013914839217228803,-0.0846655439649463,0.022564165626632205,-0.036928180043247494,-0.13246896676929132,0.01928836887937634,-0.06690939416437003,-0.10918044756526679,0.01652699552479915,-0.09599776925813064,-0.09018067868546853,0.01300351190232485,-0.10025881729622366,-0.0018164448233465302,-0.0155751741423783,0.022645583340116494,3.0,4.0,17124.970703125,0.12163161348672213,-0.027048389555932473,0.03674577141922407,1.0,4230.4501953125,0.18734816328191917,-0.020899104249840872,0.05517014253597618,1.0,5456.89990234375,0.09515387644904849,-0.03774844592547344,0.02995983778181738,1.0,4.34,0.018779342723004744,0.033333333333333215,0.016978056608600363,1.0,3.91,0.0539083557951483,0.0,0.021134927567695826,1.0,1486.1300048828125,0.011007214019796097,0.010993445105519806,0.0059377766385349815,1.0,33.619998931884766,-0.35753873962348437,0.5629938900113367,0.17894876791595835,1.0
2025-04-11,2400.74,2433.18,2394.25,2432.72,369228268,-0.01812634454778217,0.0,0.013320892724743238,1.0,0.06598944936129403,-0.017363327521281224,0.0025899836783782604,-0.008557526038524887,-0.0188596743570566,-0.016745083846060993,0.04415889747899624,0.030226829734861127,-0.06217133651688633,0.03179514406736398,0.001267011907618798,-0.049960367417354434,0.02302370081816573,-0.033895221099210615,-0.030469090764899565,0.01565227107090457,-0.04040332683413883,0.04422112743602047,0.020846467623886644,0.023398875179840465,4.0,4.0,16387.310546875,-0.043075119311905774,-0.009866635386348133,0.03773730090998157,1.0,3893.300048828125,-0.07969604437323252,-0.00010013446987111596,0.057880781325937505,1.0,5268.0498046875,-0.03460757958472693,-0.02380612216368816,0.030780637794158308,1.0,4.4,0.01382488479262678,0.08374384236453225,0.016987718873493853,1.0,3.84,-0.017902813299232823,0.03504043126684642,0.02115339544956339,1.0,1443.949951171875,-0.028382479037736386,-0.015067861246648606,0.008891438576794104,1.0,40.720001220703125,0.21118389394369697,0.35642906728111834,0.1833858216837058,1.0
2025-04-14,2454.28,2465.56,2449.48,2455.89,487980727,0.008862507810188047,1.0,0.0006559968707726682,1.0,-0.00504691091425169,0.06598944936129403,-0.017363327521281224,-0.055657859512780905,-0.030047146576595685,-0.013263460181226816,0.04406830569707523,0.027859769087309028,-0.04896832657018435,0.031470276211589224,0.0013501053740780922,-0.052073754266743655,0.023031676906828745,-0.03622648550815788,-0.03301560549809612,0.015661687121277638,-0.04472732589333006,-0.01812634454778217,0.013320892724743238,0.015921899667083766,0.0,4.0,16724.4609375,0.020573869620679863,0.07292059333549128,0.03754120650566191,3.0,3990.89990234375,0.025068669840898172,0.10930438113696272,0.05764317650878857,3.0,5363.35986328125,0.018092095201708958,0.05701127705953479,0.030662850431470125,3.0,4.48,0.0181818181818183,0.11720698254364104,0.01731008425154675,3.0,3.96,0.03125,0.07608695652173902,0.021865175730649725,3.0,1452.0400390625,0.005602748131304125,0.0009374812510061226,0.008956774007975711,3.0,37.560001373291016,-0.07760313734483593,-0.17104391448040013,0.18180263623127718,3.0
2025-04-15,2464.51,2482.56,2461.23,2477.41,560052510,0.003509929190639749,1.0,0.005234306210970763,1.0,0.009524318458351111,-0.00504691091425169,0.06598944936129403,0.0025899836783782604,0.016230573289482075,0.05484494459238909,0.032243724418468095,0.026572532102728585,-0.010168794737860365,0.030379318928972276,0.011938191540955101,-0.059294669225377294,0.022746352719431047,-0.024054594987366062,-0.013524478221051184,0.01565788288907514,-0.0354164518742176,0.008862507810188047,0.0006559968707726682,0.006609885231345954,1.0,4.0,16831.48046875,0.006398982403674314,0.07871564798471464,0.037573764971431674,1.0,4003.219970703125,0.00308704018162409,0.0834300933990948,0.057496584150726934,1.0,5405.97021484375,0.007944712390868913,0.06789870410267174,0.030686994511223108,1.0,4.38,-0.022321428571428714,0.055421686746987886,0.01815033414849845,1.0,3.84,-0.030303030303030276,0.029490616621983934,0.022687342646733756,1.0,1419.050048828125,-0.02271975244957758,-0.02706165851313458,0.01029148162625427,1.0,30.889999389648438,-0.17758258093104407,-0.3424861709102941,0.18716638547803857,1.0
2025-04-16,2472.78,2475.83,2442.72,2447.43,612780559,-0.0018688872653294109,0.0,-0.010251619634581433,0.0,0.008762607445773174,0.009524318458351111,-0.00504691091425169,-0.017363327521281224,-0.006159301020468799,0.06133928533177957,0.031951432023809415,0.02331888724949982,-0.017442759747599568,0.030008880055221836,0.022658645814542577,-0.05165101020540985,0.022883304003937725,-0.012856246326715781,-0.008004324497477455,0.0156943935156817,-0.02683684099435557,0.003509929190639749,0.005234306210970763,0.008685242417209211,2.0,4.0,16823.169921875,-0.0004937502016194584,0.10186461340868891,0.03740952303638627,1.0,4021.889892578125,0.0046637262033144555,0.1288121491575671,0.05749449825645253,1.0,5396.6298828125,-0.0017277808903947145,0.08305819085749899,0.030619153222399335,1.0,4.35,-0.006849315068493178,0.021126760563380254,0.0181928922408489,1.0,3.84,0.0,0.03504043126684642,0.022686790933801753,1.0,1419.4200439453125,0.00026073436767992675,-0.03437525691693044,0.010260627803805973,1.0,30.1200008392334,-0.024927114458703215,-0.4244219418054941,0.18757921711167105,1.0
2025-04-17,2451.7,2473.24,2447.4,2470.41,601251191,0.0017446872842123984,1.0,0.007631439409389484,1.0,-0.012101347778526783,0.008762607445773174,0.009524318458351111,0.06598944936129403,-0.007646077594119505,0.06702271439159446,0.030792777072175804,-0.0017424629910159917,-0.023317344145323493,0.030172928313625818,0.012725743955747548,-0.06892970455980707,0.02288648279979818,-0.021268963581166367,-0.019777235752820643,0.01577181474301121,-0.038302522987421095,-0.0018688872653294109,-0.010251619634581433,0.013364764007572477,3.0,4.0,16307.16015625,-0.03067256456549472,-0.04775544209986671,0.03777516256791176,1.0,3857.169921875,-0.040955862816407396,-0.08823653658684094,0.057920174757219604,1.0,5275.7001953125,-0.0224083715440897,-0.033205613127230804,0.030814537903369542,1.0,4.29,-0.013793103448275779,-0.011520737327188946,0.018351212257581496,1.0,3.77,-0.01822916666666663,-0.035805626598465534,0.022860805536237174,1.0,1427.02001953125,0.00535428227772039,-0.03977443773919598,0.010286165537130158,1.0,32.63999938964844,0.08366528818726215,-0.029149303193668707,0.18588867222941013,1.0
2025-04-18,2473.3,2486.37,2466.9,2483.42,450340324,0.0011698463008165128,1.0,0.00409169934904785,1.0,0.009389441168899726,-0.012101347778526783,0.008762607445773174,-0.00504691091425169,-0.008557526038524887,0.010367843733896098,0.010067314083570787,0.005551186679105813,-0.006550850524791874,0.03029629599330477,0.022924191537473382,-0.06320958628796791,0.02302033618310316,-0.00877549521903831,-0.022583669965064113,0.015737287827849434,-0.02890970948778593,0.0017446872842123984,0.007631439409389484,0.01055801391663896,4.0,4.0,16286.4501953125,-0.0012699918771302832,-0.0061547836830206926,0.03777867543683948,1.0,3832.469970703125,-0.00640364611156885,-0.01562429747568772,0.05792073412571605,1.0,5282.7001953125,0.0013268380955802073,0.002780989392310529,0.030830634623704913,1.0,4.34,0.011655011655011593,-0.01363636363636378,0.01849816571457256,1.0,3.81,0.010610079575596787,-0.0078125,0.02297269226771779,1.0,1414.22998046875,-0.00896276077941871,-0.020582410546158503,0.01043108018141152,1.0,29.649999618530273,-0.09160538685752617,-0.27185661272879746,0.18800136122617217,1.0
2025-04-21,2486.38,2498.84,2479.23,2488.42,428642169,0.001191904712050329,1.0,0.0008204699201248555,1.0,0.0052663323092119185,0.009389441168899726,-0.012101347778526783,0.009524318458351111,-0.055657859512780905,0.020840869479430646,0.009259616940282416,0.006691766872916727,0.0073009872557210365,0.03019016631975549,0.02754539281965296,-0.06042457238198651,0.023066013073299065,-0.0003524137929646898,-0.015902201264092253,0.015752392828241514,-0.023538903113340615,0.0011698463008165128,0.00409169934904785,0.007881282863977964,0.0,4.0,16286.4501953125,-0.0012699918771302832,-0.0061547836830206926,0.03777867543683948,4.0,3832.469970703125,-0.00640364611156885,-0.01562429747568772,0.05792073412571605,4.0,5282.7001953125,0.0013268380955802073,0.002780989392310529,0.030830634623704913,4.0,4.34,0.011655011655011593,-0.01363636363636378,0.01849816571457256,4.0,3.81,0.010610079575596787,-0.0078125,0.02297269226771779,4.0,1414.22998046875,-0.00896276077941871,-0.020582410546158503,0.01043108018141152,4.0,29.649999618530273,-0.09160538685752617,-0.27185661272879746,0.18800136122617217,4.0
2025-04-22,2481.18,2494.59,2476.14,2486.64,416239528,-0.0029094766960562346,0.0,0.002200565859792558,1.0,0.0020133525541390362,0.0052663323092119185,0.009389441168899726,0.008762607445773174,0.0025899836783782604,0.013245707258875639,0.008769770816398879,0.006065291026425834,0.06881711193196471,0.022719864128560908,0.022833535221173262,-0.054576815966140724,0.023088911618328677,0.004564587889207994,-0.012551338267097867,0.015753966439406124,-0.021370094452521804,0.001191904712050329,0.0008204699201248555,0.007896368717333405,1.0,4.0,15870.900390625,-0.025515063117136583,-0.05103665523599177,0.03803070903138677,1.0,3751.909912109375,-0.02102040177994402,-0.05988373451662432,0.05799814382359863,1.0,5158.2001953125,-0.023567493023827546,-0.03825207951704279,0.03115109995657567,1.0,4.42,0.018433179723502224,-0.013392857142857206,0.01889032285514349,1.0,3.75,-0.015748031496062964,-0.05303030303030298,0.02319138632450981,1.0,1414.22998046875,-0.00896276077941871,-0.020582410546158503,0.01043108018141152,5.0,33.81999969482422,0.14064081382610993,-0.09957405595640678,0.18878579229119596,1.0
2025-04-23,2520.56,2526.72,2507.1,2525.56,537513707,0.013640896953318604,1.0,0.001983686164979126,1.0,-0.0007153133313508864,0.0020133525541390362,0.0052663323092119185,-0.012101347778526783,-0.017363327521281224,0.0037256651099333293,0.008123045056901125,0.004595873409866558,0.0652934800769418,0.022813422195164645,0.015738671873404497,-0.0493804978190312,0.02307605249303485,0.00647014788996203,-0.012466094526276672,0.015753904208665712,-0.02186887329820897,-0.0029094766960562346,0.002200565859792558,0.00741434323787796,2.0,4.0,16300.419921875,0.027063337345606397,-0.03155162422348934,0.038208330654109696,1.0,3832.050048828125,0.021359824355082768,-0.0427580605431821,0.05773412227864574,1.0,5287.759765625,0.025117204723895226,-0.021866648264943667,0.031470591624705856,1.0,4.41,-0.002262443438914019,0.006849315068493178,0.018366466734366718,1.0,3.76,0.002666666666666595,-0.02083333333333337,0.022308311354313295,1.0,1421.6400146484375,0.005239624588662339,-0.02093607861783897,0.009808882461005837,1.0,30.56999969482422,-0.09609698490025054,-0.010359329917353555,0.18889193665058465,1.0
2025-04-24,2525.34,2530.61,2507.21,2522.33,327569897,-8.710939356015857e-05,0.0,-0.0011919187119359131,0.0,0.015651642376862007,-0.0007153133313508864,0.0020133525541390362,0.009389441168899726,0.06598944936129403,0.03192328279051915,0.006435333598253646,0.01391871981500592,0.10108558224702446,0.02130367861118532,0.02195770963899113,-0.0447740871578024,0.023246978769208584,0.024677901543593617,-0.008441104646141007,0.01581430328840215,-0.006419467499909071,0.013640896953318604,0.001983686164979126,0.007890165041984322,3.0,4.0,16708.05078125,0.025007383940334194,-0.0068428923419070475,0.03874141236185372,1.0,3983.919921875,0.039631495181885246,-0.009440827998099532,0.05873447151852569,1.0,5375.85986328125,0.01666113847096007,-0.003848701871773663,0.031787220258556605,1.0,4.4,-0.0022675736961450532,0.011494252873563315,0.018290884936493647,1.0,3.81,0.013297872340425565,-0.0078125,0.02225119094967377,1.0,1429.219970703125,0.0053318392677361715,0.007166711197676534,0.009926269602778138,1.0,28.450000762939453,-0.06934900075395489,-0.055444888106332746,0.1901150009596406,1.0
2025-04-25,2544.59,2553.33,2534.94,2546.3,402797771,0.008825173549852794,1.0,0.0006720139590268293,1.0,-0.0012789242781798826,0.015651642376862007,-0.0007153133313508864,0.0052663323092119185,-0.00504691091425169,0.021016754303941454,0.00691441844304671,0.008418110131076961,0.03160249646225455,0.008215667079958418,0.017469382091251262,-0.03253360949696038,0.023078145324651862,0.0251313303077898,0.002719152133381586,0.015731754113850693,-0.007734683613222382,-8.710939356015857e-05,-0.0011919187119359131,0.009265271860498301,4.0,4.0,17166.0390625,0.02741123349732466,0.05266882142693752,0.03913434377590508,1.0,4208.18994140625,0.05629380708678977,0.09100455168970534,0.059982273961737206,1.0,5484.77001953125,0.020259113708281262,0.03962882962995318,0.03214325824024889,1.0,4.32,-0.018181818181818188,0.006993006993007089,0.018678476019886786,1.0,3.77,-0.01049868766404205,0.0,0.022274765587051108,1.0,1426.449951171875,-0.0019381337988771952,0.004952661656814961,0.009913817305269622,1.0,26.469999313354492,-0.0695958311594923,-0.18903186861733579,0.19159637396053275,1.0
2025-04-28,2551.23,2558.69,2541.97,2548.86,453522915,0.0019361426383379676,1.0,-0.0009289636763443188,0.0,0.009503118148695977,-0.0012789242781798826,0.015651642376862007,0.0020133525541390362,0.009524318458351111,0.025319921720852845,0.0073269924147353884,0.012908486982119216,0.04668848038409701,0.007885136306936769,0.02245399398726544,-0.004566102940601557,0.022818822967400527,0.03511896062885245,0.003744875433617123,0.015741544941933194,0.0016325421154366193,0.008825173549852794,0.0006720139590268293,0.007290877878786627,0.0,4.0,17382.939453125,0.012635436155963742,0.06732524550549934,0.03924510791492858,3.0,4251.60986328125,0.010317956765157454,0.10936547338457747,0.059868204016791965,3.0,5525.2099609375,0.007373133469998461,0.04590640328977713,0.03220113515103918,3.0,4.29,-0.006944444444444531,-0.011520737327188946,0.01865887116809821,3.0,3.74,-0.007957559681697535,-0.01837270341207342,0.022308543558229255,3.0,1430.06005859375,0.0025308335696665463,0.0021303408648034594,0.00994331485096285,3.0,24.84000015258789,-0.06157911609556577,-0.16222595372096704,0.192795120250175,3.0
2025-04-29,2550.25,2571.41,2542.25,2565.42,546222190,0.0005453418390966025,1.0,0.005948436427801296,1.0,0.0010053803558103258,0.009503118148695977,-0.0012789242781798826,-0.0007153133313508864,0.008762607445773174,0.024288504352159235,0.007443841373640305,0.009074648704758603,0.03785593002943943,0.007753275023987977,0.019675334183042903,0.027302186109499083,0.02169424367906854,0.034734943708585986,0.012509086864465724,0.015708080831477407,0.002432609021681076,0.0019361426383379676,-0.0009289636763443188,0.0065663904488867195,1.0,4.0,17366.130859375,-0.0009669592300730612,0.09421207568243828,0.03874722576277294,1.0,4235.6201171875,-0.003760868613991275,0.1289237258914291,0.05948118936019047,1.0,5528.75,0.0006407067039131409,0.07183703436408617,0.0318984434085388,1.0,4.23,-0.013986013986013845,-0.04298642533936636,0.01805405349096919,1.0,3.67,-0.018716577540107027,-0.021333333333333315,0.022251862755568806,1.0,1437.3599853515625,0.00510462949716306,0.016355193428402748,0.010010023941427689,1.0,25.149999618530273,0.01247984959895776,-0.2563571896667046,0.19046397312785265,1.0
2025-04-30,2561.04,2570.83,2544.46,2556.61,487135220,-0.0017073227775569189,0.0,-0.0017297660325492625,0.0,0.006497022198159064,0.0010053803558103258,0.009503118148695977,0.015651642376862007,-0.012101347778526783,0.03168130489335019,0.006767978353964419,0.00933471928564189,0.035525003935561905,0.007622513370480164,0.022699412671981722,0.017462590079281748,0.02145591517822666,0.04052769844968496,0.04542472340512238,0.015364419085032426,0.008208777054331318,0.0005453418390966025,0.005948436427801296,0.011440408653280233,2.0,4.0,17461.3203125,0.005481327642628653,0.07121904810974122,0.03875714847880019,1.0,4196.75,-0.009176960188136518,0.09517097807305608,0.05951796655161055,1.0,5560.830078125,0.005802410694099036,0.05164196646662966,0.03190090662521483,1.0,4.19,-0.009456264775413725,-0.049886621315192725,0.018056401715100458,1.0,3.65,-0.00544959128065392,-0.029255319148936088,0.022250786843915245,1.0,1435.8800048828125,-0.001029651920070651,0.010016593573371368,0.010002495845815435,1.0,24.170000076293945,-0.038966185172991996,-0.20935556697482893,0.19096802670713048,1.0
2025-05-02,2556.52,2567.04,2540.57,2559.79,585030237,-3.5202866295658275e-05,0.0,0.0012790825027773067,1.0,-0.0034341355411589003,0.006497022198159064,0.0010053803558103258,-0.0012789242781798826,0.009389441168899726,0.012294303045661259,0.005402299440100655,0.0034169262264198696,0.044610060349019376,0.005959983272913841,0.014770597885128911,0.020252528074194087,0.02141611572008238,0.035888245574974276,0.030189105005057115,0.01531228275488249,0.004253638716132047,-0.0017073227775569189,-0.0017297660325492625,0.01027901864022261,4.0,5.0,17710.740234375,0.015155063640452937,0.03173132543225554,0.0388156637056613,1.0,4247.66015625,0.00415364995756784,0.009379380539691118,0.05951441590196184,1.0,5604.14013671875,0.006299102138585644,0.02176392387692161,0.03188608514355836,1.0,4.25,0.01918465227817756,-0.01620370370370372,0.01824299884955564,1.0,3.7,0.0277777777777779,-0.018567639257294433,0.02326191816699077,1.0,1423.75,-0.005177641914752562,-0.0018927766583446415,0.009924075022221772,1.0,24.600000381469727,-0.004048598315015806,-0.07064597583655108,0.1906317915193569,1.0
2025-05-07,2577.04,2581.85,2559.17,2573.8,546425852,0.006738834044980324,1.0,-0.0012572563871727782,0.0,0.0012438346091112606,-0.0034341355411589003,0.006497022198159064,0.009503118148695977,0.0052663323092119185,0.014851347761791756,0.005073795564733435,0.0017194986608730645,0.03618022919272512,0.005753820609061607,0.012440993776536624,0.0293923673945391,0.021314437592529576,0.035643209446488244,0.02013334555468327,0.015250434865592674,0.005170310827953495,-3.5202866295658275e-05,0.0012790825027773067,0.010353554120495422,2.0,5.0,17689.66015625,-0.008662743613326751,0.013076894511037551,0.03335011634257323,1.0,4311.2001953125,-0.010325555567885392,0.027271149177935383,0.05173918183131601,1.0,5606.91015625,-0.007693239651855532,0.008286546698534902,0.0262833018110056,1.0,4.3,-0.013761467889908396,0.026252983293555854,0.015171763115553653,1.0,3.78,-0.013054830287206332,0.03561643835616435,0.02167831526531132,1.0,1374.3699951171875,-0.0175352268702329,-0.04283784825783199,0.011862544336692126,1.0,24.760000228881836,0.04737736328892761,0.024410432384175618,0.12194083868548321,1.0
2025-05-08,2581.27,2590.9,2575.78,2579.48,470906538,0.002902323412852459,1.0,-0.0006934570967004339,0.0,0.005473105215662244,0.0012438346091112606,-0.0034341355411589003,0.0010053803558103258,0.0020133525541390362,0.010799984290931874,0.003976595338631906,0.005038861398510619,0.036393360768617544,0.005760940238007941,0.014356186496821577,0.04396005548750326,0.021190843241978445,0.03903338971624204,0.014605302059722103,0.015202800513258122,0.01042670748818142,0.006738834044980324,-0.0012572563871727782,0.008860101805226147,3.0,5.0,17738.16015625,0.00274171462716688,0.016726735528113768,0.03270202263642336,1.0,4386.35986328125,0.01743358335585299,0.03694248238300202,0.05067868490630311,1.0,5631.27978515625,0.00434635623313584,0.011172392810971266,0.025812713063358996,1.0,4.26,-0.009302325581395321,0.021582733812949506,0.014194857519280549,1.0,3.78,0.0,0.04999999999999982,0.021630078775222467,1.0,1374.77001953125,0.0002910602061190204,-0.0394016135873716,0.011734670693236538,1.0,23.549999237060547,-0.048869183385945925,-0.0465587647917971,0.1176327799840456,1.0
2025-05-09,2587.93,2589.58,2571.2,2577.27,485077854,0.0032758540481026,1.0,-0.004119122232826955,0.0,0.002206853679384446,0.005473105215662244,0.0012438346091112606,0.006497022198159064,-0.0007153133313508864,0.012013213750460938,0.0039255793362251885,0.00485387725845543,0.036593501097081704,0.005755356322993872,0.012959462850469006,0.10792887209002666,0.016218691848729653,0.03607138926622522,0.02282388021824633,0.015182659742658826,0.012275331606624418,0.002902323412852459,-0.0006934570967004339,0.005874582329629299,4.0,5.0,17928.140625,0.010710269107760961,0.012275059525916676,0.018920416806808883,1.0,4430.43994140625,0.010049352880049822,0.043030698886611374,0.02932452051211092,1.0,5663.93994140625,0.005799775094835535,0.010670647633467922,0.015202163144527525,1.0,4.37,0.025821596244131495,0.028235294117647136,0.014758852913168957,1.0,3.9,0.031746031746031855,0.054054054054053946,0.01921848509012831,1.0,1397.2900390625,0.016380935873862468,-0.018584696005267798,0.012288080661080041,1.0,22.479999542236328,-0.04543523267467309,-0.08617889456742922,0.08948042524517737,1.0
2025-05-12,2593.94,2607.33,2585.6,2607.33,409284721,0.006468084445944822,1.0,0.00516203150419825,1.0,-0.0008567618279653466,0.002206853679384446,0.005473105215662244,-0.0034341355411589003,0.015651642376862007,0.004619126692705144,0.0033394157731577133,0.003066875795422197,0.03644677154714793,0.005767343411704925,0.008502305968753232,0.10411998817597246,0.016266784076731527,0.030155574368481153,0.02221102856893542,0.015183356285343487,0.011037738316290513,0.0032758540481026,-0.004119122232826955,0.0071254671484175525,0.0,5.0,17928.919921875,4.346780245101378e-05,-0.0027150561056550337,0.015628248037850758,3.0,4466.5,0.00813915978337465,0.01579472564501372,0.02199116201685052,3.0,5659.91015625,-0.0007114809122162891,-0.004705700522912859,0.012570959881281785,3.0,4.37,0.0,0.009237875288683695,0.014419185862994451,3.0,3.88,-0.00512820512820511,0.01305483028720622,0.01879823654877774,3.0,1403.8499755859375,0.004694756521587129,-0.02177548639929483,0.012001722416014018,3.0,21.899999618530273,-0.025800708875297285,-0.03439156420414613,0.07171081357563852,3.0
2025-05-13,2601.76,2620.64,2601.58,2608.42,421934547,-0.0021362850118702426,0.0,0.0025598056700080196,1.0,0.011663504405824643,-0.0008567618279653466,0.002206853679384446,0.0012438346091112606,-0.0012789242781798826,0.019838770872365963,0.004880695991263515,0.010775589699534738,0.03237697777918558,0.004916600300848335,0.01701083465075537,0.13673540567641806,0.015431840233278657,0.03567913898965536,0.026891947775742775,0.015228794608685476,0.02237356704789839,0.006468084445944822,0.00516203150419825,0.008431402220178724,1.0,5.0,18708.33984375,0.043472776122114976,0.0484245671446637,0.017575880138793378,1.0,4780.93017578125,0.07039744224364708,0.09750514966333412,0.025922835567975953,1.0,5844.18994140625,0.032558782749008364,0.034300359022459315,0.01380061479864097,1.0,4.45,0.01830663615560635,0.020642201834862428,0.014427605002957455,1.0,3.98,0.02577319587628879,0.039164490861618884,0.01836443705501243,1.0,1395.1700439453125,-0.006182948172223424,-0.0026663667193174145,0.010432748784696563,1.0,18.389999389648438,-0.16027398584573105,-0.22208122400793662,0.07691129165562752,1.0
2025-05-14,2625.36,2646.01,2619.15,2640.57,390012973,0.006494352903290146,1.0,0.005793491178352594,1.0,0.0004180521836514295,0.011663504405824643,-0.0008567618279653466,0.005473105215662244,0.009503118148695977,0.01899765215115301,0.005007326761449378,0.00739979762557641,0.03413114065169909,0.004771900618958604,0.01403087009121684,0.06681226636565163,0.0065400313470287234,0.03276133454198682,0.023556049113361954,0.015223280644006234,0.022399873631654854,-0.0021362850118702426,0.0025598056700080196,0.007310160202199164,2.0,5.0,19010.08984375,0.016129170333668563,0.07464415233740218,0.01772831377856677,1.0,4931.35009765625,0.03146248038446209,0.14384623173334177,0.0263332475770019,1.0,5886.5498046875,0.0072482009835321826,0.04987410902701672,0.013792054690640076,1.0,4.49,0.008988764044943753,0.04418604651162794,0.013578924229908867,1.0,4.02,0.010050251256281229,0.06349206349206349,0.016976659948370297,1.0,1416.030029296875,0.014951571990876378,0.030312095234686254,0.010971057517565405,1.0,18.219999313354492,-0.009244158887228515,-0.2641357372807541,0.06896281309362591,1.0
2025-05-15,2634.5,2643.83,2618.08,2621.36,338924919,-0.002298746104060889,0.0,-0.004987663693300393,0.0,0.01232546905789711,0.0004180521836514295,0.011663504405824643,0.002206853679384446,0.0010053803558103258,0.025942186650089294,0.00634522879360713,0.014583799211100867,0.037022346149314656,0.005235740068738132,0.022781015239633495,0.08543934361537708,0.006532437008502308,0.04120630834819883,0.02222075976416571,0.015204872245106926,0.03461347602693099,0.006494352903290146,0.005793491178352594,0.01029742142753089,3.0,5.0,19146.810546875,0.007192007205055306,0.07941355688620644,0.01765752732891554,1.0,4960.72998046875,0.005957776720509678,0.1309445953113928,0.026318952564915305,1.0,5892.580078125,0.001024415597859818,0.04640158240006542,0.013741782104653514,1.0,4.53,0.008908685968819663,0.06338028169014098,0.01353656487355499,1.0,4.05,0.007462686567164312,0.0714285714285714,0.01700245994301914,1.0,1416.0,-2.1206680828611546e-05,0.029990456500359253,0.009731456231111773,1.0,18.6200008392334,0.021953981391520827,-0.20934176465147514,0.06971410487869006,1.0
2025-05-16,2630.64,2633.98,2619.1,2626.87,359137733,0.0035401470992155737,1.0,-0.0014331113341240487,0.0,-0.0072749444248779715,0.01232546905789711,0.0004180521836514295,-0.0008567618279653466,0.006497022198159064,0.016235830477460578,0.00849721929642664,0.003971673579753254,0.028444088729863592,0.006256471123153162,0.012497078993667365,0.06737679619201198,0.0068731895057710934,0.03027050417563837,0.011697960286370268,0.01523368938014086,0.02688346780138051,-0.002298746104060889,-0.004987663693300393,0.009751682401905649,4.0,5.0,19112.3203125,-0.001801356643215457,0.06605145019047387,0.015494447072338446,1.0,4932.4501953125,-0.005700730591584824,0.11330934637315249,0.023717279650580892,1.0,5916.93017578125,0.004132332074135769,0.04466682856672155,0.012202265684420429,1.0,4.45,-0.017660044150110354,0.01830663615560635,0.013800798113342455,1.0,3.96,-0.022222222222222143,0.01538461538461533,0.01728353811841161,1.0,1407.3299560546875,-0.006122912390757462,0.007185277724389705,0.009824544674709817,1.0,17.829999923706055,-0.0424275445714678,-0.20685052105066404,0.06526977939847652,1.0
2025-05-19,2613.7,2619.43,2593.44,2603.42,312843223,-0.005013571284456453,0.0,-0.003933121628342917,0.0,0.002101962340159247,-0.0072749444248779715,0.01232546905789711,0.011663504405824643,-0.0034341355411589003,0.019245170277076173,0.008238365521458494,0.0022740193291643784,0.023953192849513805,0.00612289698413516,0.012222800223493646,0.06032913405532403,0.006754296701458316,0.02941260032811943,0.006301667930830979,0.015206605637602493,0.028931429705105316,0.0035401470992155737,-0.0014331113341240487,0.005676442762535519,0.0,5.0,19211.099609375,0.005168357125659773,0.07151460841406387,0.015356209872565444,3.0,4922.18994140625,-0.0020801535747894118,0.10202394299927242,0.02355379070417192,3.0,5958.3798828125,0.007005272294898557,0.052734004307985805,0.012158147808786442,3.0,4.43,-0.004494382022471988,0.013729977116704761,0.013673256136556263,3.0,3.98,0.005050505050504972,0.02577319587628879,0.017192434816905924,3.0,1397.02001953125,-0.007325884366407132,-0.004865160931342927,0.009844038192536644,3.0,17.239999771118164,-0.03309030595134499,-0.21278538486681697,0.063544595246125,3.0
2025-05-20,2622.68,2622.91,2598.1,2601.8,456703418,0.007397961143418952,1.0,-0.007961322006497018,0.0,-0.008926973927145143,0.002101962340159247,-0.0072749444248779715,0.0004180521836514295,0.0012438346091112606,-0.0014996183835570553,0.008496438925053498,-0.006376787698921471,0.01830940190330166,0.006900150602526334,0.001380474346217353,0.06373624577618164,0.006410413264744452,0.01711429926543606,-0.008904336438493754,0.015230579245117086,0.019901920302998644,-0.005013571284456453,-0.003933121628342917,0.009893904152089667,1.0,5.0,19215.4609375,0.000227021264460614,0.027106686001292513,0.013305591319272994,1.0,4897.7099609375,-0.004973392079574257,0.024426164127604455,0.02259309667465606,1.0,5963.60009765625,0.0008761131291423752,0.020432285303387587,0.010067012126131729,1.0,4.46,0.006772009029345494,0.0022471910112358273,0.013133906083392988,1.0,3.97,-0.002512562814070307,-0.002512562814070307,0.016708088114345165,1.0,1398.1300048828125,0.0007945378992741947,0.0021215771872005185,0.009669688840435318,1.0,18.139999389648438,0.05220415490016572,-0.013594345203770009,0.053747597848306294,1.0
2025-05-21,2615.9,2633.41,2614.73,2625.58,371133596,0.005419325082635096,1.0,0.0037004472648036746,1.0,-0.000622258413932375,-0.008926973927145143,0.002101962340159247,0.01232546905789711,0.005473105215662244,-0.002537934841781553,0.008488071643777899,-0.006493040334442757,0.016411502506064934,0.006943086986926196,-0.0008571323240267326,0.05318550362085661,0.006284204646946049,0.01387917115046533,-0.026097502545367357,0.01506512223533715,0.01973147881053028,0.007397961143418952,-0.007961322006497018,0.009529772376335722,2.0,5.0,19142.7109375,-0.00378601378528598,0.0069763528126407515,0.012969438409084651,1.0,4890.77978515625,-0.0014149828872110914,-0.008227019314504203,0.022757400021693505,1.0,5940.4599609375,-0.0038802294486252054,0.009158192496234507,0.009438689855572174,1.0,4.48,0.004484304932735439,-0.00222717149220486,0.013144987649007041,1.0,3.97,0.0,-0.01243781094527352,0.01672140601272787,1.0,1388.550048828125,-0.006851978014369653,-0.019406354314671637,0.009668122185927573,1.0,18.09000015258789,-0.0027562976153725494,-0.007134970673205121,0.051647027248645984,1.0
2025-05-22,2614.66,2616.53,2588.09,2593.67,357514276,-0.004159081041141377,0.0,-0.008027812411556257,0.0,0.009139826274117802,-0.000622258413932375,-0.008926973927145143,-0.0072749444248779715,0.002206853679384446,-0.0056768046293036445,0.007326747981198925,0.0037365156284525636,0.02011811329551616,0.007257097056096738,0.006273929656869237,0.05724363981928149,0.0064283185199587685,0.02031969561163205,-0.010730729523823923,0.01509156581813291,0.029243125260030478,0.005419325082635096,0.0037004472648036746,0.00717964486124984,3.0,5.0,18872.640625,-0.01410825840612473,-0.014319352103253968,0.013239656573186983,1.0,4802.7099609375,-0.018007317460100314,-0.03185418681391694,0.02279178057736271,1.0,5844.60986328125,-0.01613513066101424,-0.008140782850254324,0.010278319224263498,1.0,4.58,0.02232142857142838,0.011037527593819041,0.013960723009454114,1.0,4.0,0.007556675062972307,-0.012345679012345623,0.01658134809582521,1.0,1392.72998046875,0.0030102851850049017,-0.01643362961246464,0.009600125337836829,1.0,20.8700008392334,0.1536761007847649,0.12083780336137906,0.06405435123344443,1.0
2025-05-23,2603.57,2604.14,2589.51,2592.09,433614473,0.0038169851985796477,1.0,-0.004409330265750522,0.0,-0.012153505130295006,0.009139826274117802,-0.000622258413932375,0.002101962340159247,-0.0008567618279653466,-0.010563219092379561,0.008571087092430294,-0.006358734045699532,0.005501108750600947,0.008525438293540083,-0.006496135605633668,0.04229591467678295,0.007248540247231922,0.005862200287447994,-0.022945249342645524,0.015171904249657782,0.017138985569547183,-0.004159081041141377,-0.008027812411556257,0.01083189238187374,4.0,5.0,18925.740234375,0.0028135760347527405,-0.009762293383235754,0.012271861911228388,1.0,4775.47021484375,-0.005671744976336823,-0.03182596361904155,0.020176054317133436,1.0,5842.009765625,-0.00044487103794299543,-0.01266204060729137,0.009600097240447929,1.0,4.54,-0.008733624454148492,0.020224719101123556,0.013386373112114075,1.0,4.0,0.0,0.010101010101010166,0.016309950299645513,1.0,1373.8599853515625,-0.013548925765808795,-0.023782603759074927,0.009987290962208942,1.0,20.280000686645508,-0.02827025054444432,0.13740890484705104,0.06280076256758405,1.0
2025-05-26,2598.45,2644.4,2595.96,2644.4,379070219,0.002453618508616362,1.0,0.017683619080605784,1.0,-0.0006091754155308493,-0.012153505130295006,0.009139826274117802,-0.008926973927145143,0.011663504405824643,-0.013240091820303168,0.008321545857632895,-0.004310662725021119,0.005750270635207055,0.008521155992248662,-0.007664681937329498,0.042406620982530674,0.007246410393967942,0.0031981636537903313,-0.020103807928869233,0.0151660482641761,0.0168728205779356,0.0038169851985796477,-0.004409330265750522,0.0056406559045675255,0.0,5.0,18737.2109375,-0.009961528296397737,-0.024667441297516524,0.012564915033392122,3.0,4702.3798828125,-0.01530536863240417,-0.04465696391451146,0.020728883741950657,3.0,5802.81982421875,-0.006708297825321674,-0.026107777894873285,0.009792624151644736,3.0,4.51,-0.0066079295154185536,0.018058690744920947,0.013373988586762897,3.0,4.0,0.0,0.005025125628140614,0.016122228642788488,3.0,1381.3399658203125,0.0054444998387779275,-0.011223929143262201,0.010075097365184122,3.0,22.290000915527344,0.09911243396581493,0.2929235041446665,0.06622150731499822,3.0
2025-05-27,2630.29,2642.63,2625.66,2637.22,317724557,-0.005335803963091856,0.0,0.0026346904713927533,1.0,0.020180626444297856,-0.0006091754155308493,-0.012153505130295006,-0.000622258413932375,0.0004180521836514295,0.01574083321169839,0.012129220661563397,0.012595021726910405,0.014217609585284618,0.010039538620701956,0.01092660116261901,0.04705491059408606,0.007745634294413935,0.02109512877309294,0.005364427496587831,0.01537455879217729,0.03729825462918468,0.002453618508616362,0.017683619080605784,0.018687622729149086,1.0,5.0,18737.2109375,-0.009961528296397737,-0.024667441297516524,0.012564915033392122,4.0,4702.3798828125,-0.01530536863240417,-0.04465696391451146,0.020728883741950657,4.0,5802.81982421875,-0.006708297825321674,-0.026107777894873285,0.009792624151644736,4.0,4.51,-0.0066079295154185536,0.018058690744920947,0.013373988586762897,4.0,4.0,0.0,0.005025125628140614,0.016122228642788488,4.0,1364.72998046875,-0.012024545559064181,-0.023889069183421152,0.01019505145853931,1.0,22.290000915527344,0.09911243396581493,0.2929235041446665,0.06622150731499822,4.0
2025-05-28,2648.86,2692.47,2643.5,2670.15,404142142,0.004413738709702075,1.0,0.008037419871189888,1.0,-0.0027151716835578377,0.020180626444297856,-0.0006091754155308493,0.009139826274117802,0.01232546905789711,0.013613652087016481,0.012328032378037389,0.007113746624139994,0.01104116668327948,0.010124132915198598,0.007072980542238927,0.04554915494800427,0.0077874012371265365,0.016068885033517333,-0.001465304097929443,0.015370444430713935,0.034507985778565065,-0.005335803963091856,0.0026346904713927533,0.006417334745121863,2.0,5.0,19199.16015625,0.024654107822710714,-0.000848315910975006,0.01333253573947841,1.0,4861.08984375,0.03375098671155752,-0.00747698771049532,0.02155142638774236,1.0,5921.5400390625,0.0204590558452733,-0.007052796616976331,0.010566770142590857,1.0,4.43,-0.0177383592017738,-0.006726457399103158,0.013642365395221834,1.0,3.92,-0.020000000000000018,-0.012594458438287215,0.016217535393421086,1.0,1368.0999755859375,0.002469349369777829,-0.014727645762172226,0.01025218930104054,1.0,18.959999084472656,-0.14939442325168273,0.04520395382660003,0.07366428555253442,1.0
2025-05-29,2691.06,2720.64,2686.64,2720.64,447760386,0.007831020729172522,1.0,0.01099195112706508,1.0,0.012486633652103452,-0.0027151716835578377,0.020180626444297856,-0.012153505130295006,-0.0072749444248779715,0.01697529688678312,0.012840653156991209,0.016229839246798994,0.011202126813528945,0.010144017981627845,0.0184974687754611,0.04863920197934246,0.007960147924895022,0.026307550950712688,0.018460951654429403,0.015421155953620577,0.04709417298684082,0.004413738709702075,0.008037419871189888,0.018568795929046422,3.0,5.0,19100.939453125,-0.00511588539944674,-0.0021821091334127685,0.013526297734401654,1.0,4834.419921875,-0.005486407931606152,-0.011523696783957593,0.02141989425640584,1.0,5888.5498046875,-0.005571225417268844,-0.00873840688959171,0.010740407219102634,1.0,4.47,0.009029345372460584,-0.0022321428571430157,0.013421187163088953,1.0,3.96,0.010204081632652962,-0.0025188916876575096,0.01614429654900037,1.0,1374.800048828125,0.004897356451832424,-0.012873946775088685,0.010376029377380067,1.0,19.309999465942383,0.018459936622906348,0.06744053637721859,0.07365252966623767,1.0
2025-05-30,2713.24,2717.54,2689.87,2697.67,524498498,-0.0027199482474712378,0.0,-0.005738526632365626,0.0,0.018909050053367737,0.012486633652103452,-0.0027151716835578377,-0.0006091754155308493,0.002101962340159247,0.048953799056934644,0.01075661124467349,0.025534320931810406,0.03787347025971233,0.011062416252686185,0.033841215024867255,0.06739483533815105,0.008760631028585722,0.04227319944167207,0.07417146376708583,0.014926797441034196,0.06558538674098235,0.007831020729172522,0.01099195112706508,0.012733367039304907,4.0,5.0,19175.869140625,0.003922827339664758,0.016067095307443324,0.013467195196123423,1.0,4860.47998046875,0.005390524409315756,0.01202862966973206,0.021423525118509118,1.0,5912.169921875,0.004011194261904327,0.011559378670969345,0.010737440055520624,1.0,4.43,-0.008948545861297563,-0.0327510917030569,0.013585252236997856,1.0,3.92,-0.010101010101010055,-0.020000000000000018,0.01595320190412048,1.0,1373.5999755859375,-0.0008729074771348655,-0.00018925492291588242,0.010350288266521993,1.0,19.18000030517578,-0.0067322198012426115,-0.08097750196926656,0.07330671722635364,1.0
2025-06-02,2692.91,2719.87,2685.14,2698.97,323097941,-0.0017644856487265548,0.0,0.0022503537065849955,1.0,-0.008442866384380077,0.018909050053367737,0.012486633652103452,0.020180626444297856,-0.008926973927145143,0.040731610399330265,0.012967774327216018,0.008845870780129994,0.026952228317351112,0.011722901803975729,0.022362074140550137,0.05155101308947452,0.009104127498746045,0.030862006177521772,0.06672808946111375,0.014975647729395416,0.055426172293643106,-0.0027199482474712378,-0.005738526632365626,0.010170401082098357,0.0,6.0,19113.76953125,-0.0032384247576783265,0.009935109250494678,0.013351979409965983,3.0,4758.06005859375,-0.02107197690075091,-0.0036457470085110577,0.022334410437286265,3.0,5911.68994140625,-8.118516130162234e-05,0.011927432266761295,0.01073054468237703,3.0,4.41,-0.004514672686230181,-0.028634361233480177,0.013136072309878758,3.0,3.89,-0.007653061224489721,-0.02749999999999997,0.015166873383919388,3.0,1370.4100341796875,-0.0023223219736074885,-0.007912557307450552,0.010094697770784391,3.0,18.56999969482422,-0.03180399377715093,-0.08431957267868018,0.07345141503765819,3.0
2025-06-04,2737.92,2771.03,2734.02,2770.84,489252027,0.014431431249699145,1.0,0.012023726040205629,1.0,0.00048189734103853965,-0.008442866384380077,0.018909050053367737,-0.0027151716835578377,-0.000622258413932375,0.02063606111027072,0.011252718302008488,0.005229186608217029,0.0367017231180522,0.01104161494691133,0.01916420054383705,0.05568311162046613,0.009010151343211958,0.02856108459332507,0.05505584157177301,0.014913870855497722,0.05496593895748347,-0.0017644856487265548,0.0022503537065849955,0.012874072810981334,2.0,6.0,19398.9609375,0.008125278617521214,0.01040674590054702,0.01289097907051318,1.0,4964.41015625,0.027234809731778276,0.021254557274402286,0.02167479736573077,1.0,5970.3701171875,0.005800290454605506,0.008246178832344908,0.01018770955989615,1.0,4.46,0.0,0.006772009029345494,0.01267005255234897,1.0,3.96,0.0050761421319796,0.010204081632652962,0.013381729446485741,1.0,1376.0699462890625,-0.004283709713634454,0.005825576233718932,0.007892931302524844,1.0,17.690000534057617,-0.03649237766997637,-0.06698304914239728,0.07100846637785425,1.0
2025-06-05,2790.33,2831.11,2787.76,2812.05,555103786,0.007033968038573146,1.0,0.007784025545365614,1.0,0.026628676865619205,0.00048189734103853965,-0.008442866384380077,0.012486633652103452,0.009139826274117802,0.05066699023972232,0.014078354032661607,0.021826530965971314,0.06497040510415864,0.013046567486757324,0.03966683714034969,0.08244816957641055,0.010458194631170425,0.051720816715393525,0.07556984038258507,0.01525864353131685,0.08168641956865907,0.014431431249699145,0.012023726040205629,0.013712638525067052,3.0,6.0,19460.490234375,0.0031717831214381764,0.018823722368858542,0.012533059975773558,1.0,5033.35009765625,0.013886834334076337,0.04114871670148501,0.021343080712993474,1.0,5970.81005859375,7.36874595066439e-05,0.013969526731482773,0.009910654084461479,1.0,4.37,-0.020179372197309364,-0.02237136465324374,0.013141699961986032,1.0,3.87,-0.022727272727272707,-0.022727272727272707,0.014100610073773466,1.0,1377.719970703125,0.0011990846966116742,0.002123888399254037,0.007896751138508094,1.0,17.610000610351562,-0.004522324550077617,-0.08803722954985882,0.06966158840505932,1.0
2025-06-09,2841.56,2867.27,2841.39,2855.77,537028637,0.010494123504205088,1.0,0.005000774222610138,1.0,0.014872746170836226,0.026628676865619205,0.00048189734103853965,0.018909050053367737,-0.012153505130295006,0.05314308184933436,0.014222880396423531,0.026282885540836354,0.07102049832798851,0.013304210859452499,0.04779843280161877,0.09256741005517144,0.010734456636451914,0.06255833197933858,0.09696584330675484,0.015335001672028186,0.09600151691396097,0.007033968038573146,0.007784025545365614,0.015645075139668802,0.0,6.0,19529.94921875,0.011995782530291654,0.02177381530208211,0.012907948442722849,3.0,5038.06005859375,0.005416198450961307,0.05884751275770039,0.021383319284035827,3.0,6000.35986328125,0.010280683010067904,0.014999081946761805,0.010205153803113293,3.0,4.51,0.02499999999999991,0.0226757369614512,0.012898683218147446,3.0,4.04,0.030612244897959107,0.03856041131105403,0.014210862133809775,3.0,1354.550048828125,-0.004804911619670893,-0.011573167851953281,0.007260535728259412,3.0,16.770000457763672,-0.0925324202830431,-0.09693049362635353,0.07258778993306582,3.0
2025-06-10,2872.62,2885.67,2849.67,2871.85,507560750,0.005900335111020727,1.0,-0.0002680479840703187,0.0,0.015547376469123853,0.014872746170836226,0.026628676865619205,-0.008442866384380077,-0.0006091754155308493,0.049668460362267686,0.013798524588540927,0.03205929759383608,0.10105371924724427,0.011664217517173248,0.05379744499959416,0.10711073549707684,0.010996360086783912,0.07347485973880064,0.11102595326001108,0.015439129941392434,0.11098193854081484,0.010494123504205088,0.005000774222610138,0.009203250297825469,1.0,6.0,19591.240234375,0.003138309011380125,0.01811764987694131,0.012871903238667607,1.0,5136.66015625,0.01957104451108349,0.06287674712358227,0.021576892164238155,1.0,6005.8798828125,0.0009199480792858594,0.011782454353755023,0.010180938054413514,1.0,4.49,-0.0044345898004433115,0.0067264573991032695,0.012966600412448336,1.0,4.01,-0.007425742574257432,0.017766497461928932,0.014279453261208157,1.0,1359.18994140625,0.0034254124328141344,-0.016497984058667647,0.007270407980413477,1.0,17.15999984741211,0.0232557769232431,-0.06535951650583716,0.07292467358331937,1.0
2025-06-11,2887.32,2908.16,2879.92,2907.04,393387716,0.005386771593223871,1.0,0.006829862987129953,1.0,0.005630705554018789,0.015547376469123853,0.014872746170836226,0.00048189734103853965,0.020180626444297856,0.06456682989394547,0.010075594830935383,0.024966665429409396,0.10792835125323563,0.01120737914880146,0.048902904210294196,0.11429923911736051,0.01090491024867481,0.07357534027143964,0.13171894703657006,0.01532588835417135,0.11482148208609844,0.005900335111020727,-0.0002680479840703187,0.01260605721048964,2.0,6.0,19714.990234375,0.006316598567499998,0.016291042488986385,0.009075595429788367,1.0,5242.5,0.020604797773358552,0.056016693826132835,0.01607630757251427,1.0,6038.81005859375,0.00548298940767844,0.011463266106271242,0.007491163648761243,1.0,4.47,-0.0044543429844099425,0.0022421524663676085,0.012394091674560348,1.0,4.01,0.0,0.012626262626262541,0.013112218890937949,1.0,1353.8499755859375,-0.003928785563839354,-0.016147413700188018,0.006198606245648228,1.0,16.950000762939453,-0.012237708994171426,-0.041831529043398374,0.06375640445990091,1.0
2025-06-12,2909.99,2934.31,2909.99,2920.03,706718648,0.001014777918432408,1.0,0.003450183677607299,1.0,0.012253425492278591,0.005630705554018789,0.015547376469123853,0.026628676865619205,-0.0027151716835578377,0.0770923722753496,0.00759717695036723,0.02234210535570469,0.09931931629102997,0.010704475732740745,0.05166737813922184,0.11494900913961792,0.01092329233430637,0.08067638183968229,0.12902649505596497,0.015295688808752263,0.12606150269361405,0.005386771593223871,0.006829862987129953,0.009833382662743452,3.0,6.0,19615.880859375,-0.005027107486322402,0.007984928597817076,0.008646195544758739,1.0,5232.52978515625,-0.0019018054065331746,0.03957199154351421,0.01484111110681207,1.0,6022.240234375,-0.002743888954607865,0.008613601048525599,0.007432238050593459,1.0,4.41,-0.013422818791946178,0.009153318077803174,0.012578663654157999,1.0,3.94,-0.0174563591022443,0.018087855297157507,0.013490179494064567,1.0,1363.8800048828125,0.00740852345366716,-0.010045557961426144,0.006550254942157697,1.0,17.260000228881836,0.01828905321468688,-0.019875091955646407,0.0638919848973762,1.0
2025-06-13,2930.57,2932.38,2877.07,2894.62,930727101,0.003609551956657908,1.0,-0.012267238114087142,0.0,0.004468462766250347,0.012253425492278591,0.005630705554018789,0.014872746170836226,0.012486633652103452,0.05384287797202303,0.005190038877592437,0.016246552801818526,0.10723792478443217,0.010007110069203047,0.04566838113934435,0.11946312327002562,0.010861258502437136,0.07925433901063328,0.13459147355496515,0.015294731954446673,0.12856947494424364,0.001014777918432408,0.003450183677607299,0.00836589795806049,4.0,6.0,19662.490234375,0.002376104103309906,0.018863744516388614,0.008548924466177523,1.0,5249.14990234375,0.0031763062743852544,0.04754216474878503,0.014825674349254055,1.0,6045.259765625,0.0038224199557175265,0.017840480262315328,0.007455723833315512,1.0,4.36,-0.0113378684807256,-0.00909090909090915,0.01256891122210179,1.0,3.9,-0.010152284263959421,-0.005102040816326481,0.01348923781126736,1.0,1365.68994140625,0.0013270496795596554,0.003379626403435587,0.006506334218383136,1.0,18.020000457763672,0.04403245763636199,-0.024891725966838973,0.06449301250284481,1.0
2025-06-16,2903.5,2947.07,2886.13,2946.66,725735075,0.003067760189593205,1.0,0.014864818322714024,1.0,-0.00870196539076662,0.004468462766250347,0.012253425492278591,0.015547376469123853,0.018909050053367737,0.02936292028946852,0.009337543301601824,0.0016464454011990703,0.08406643821508153,0.011604517262300156,0.028303187128145835,0.09621028793025732,0.011200039477953644,0.06486328597779045,0.12790878910207448,0.015346308844330296,0.11638809973322073,0.003609551956657908,-0.012267238114087142,0.018941586216579948,0.0,6.0,19406.830078125,-0.013002430170469537,-0.006304119854382284,0.0091153587014188,3.0,5112.240234375,-0.0260822553205462,0.014723956228889223,0.01609642006647718,3.0,5976.97021484375,-0.011296379879250695,-0.003898040945949144,0.007930965280325001,3.0,4.41,0.011467889908256756,-0.022172949002217224,0.012323991268266658,3.0,3.96,0.01538461538461533,-0.01980198019801982,0.013108206977327473,3.0,1349.7900390625,-0.011642395438146047,-0.00351408925033303,0.006776429458184141,3.0,20.81999969482422,0.15538286159444614,0.24150263127664973,0.0722856587242198,3.0
2025-06-17,2959.93,2998.62,2925.79,2950.3,932224861,0.004503403853854948,1.0,-0.0032534553181999826,0.0,0.017978180210183048,-0.00870196539076662,0.004468462766250347,0.005630705554018789,-0.008442866384380077,0.03182679277392775,0.010008512615027864,0.013280422552647053,0.08307604093154541,0.011512120022297031,0.03845218586456611,0.12409588915677339,0.011206868454222325,0.07755999395882407,0.12869011640600747,0.01535836481705405,0.13400972120487498,0.003067760189593205,0.014864818322714024,0.021052849769572536,1.0,6.0,19701.2109375,0.015168930638848721,0.005613258875364346,0.009627276090666725,1.0,5267.2998046875,0.030331041422871907,0.025432799613683832,0.017262420496212093,1.0,6033.10986328125,0.009392659896159117,0.0045338869574591545,0.00805054394507743,1.0,4.46,0.011337868480725488,-0.006681514476614803,0.012552130901502203,1.0,3.97,0.002525252525252597,-0.009975062344139585,0.013069930568379134,1.0,1365.1400146484375,0.011372120953417886,0.004377661326739446,0.0073680105967079785,1.0,19.110000610351562,-0.08213252207192667,0.11363640910716732,0.07462658380553071,1.0
2025-06-18,2933.63,2979.32,2933.63,2972.19,575809841,-0.005650272853608085,0.0,0.013144125196429046,1.0,0.001235296912436512,0.017978180210183048,-0.00870196539076662,0.012253425492278591,0.00048189734103853965,0.02731688632762852,0.010274326067615828,0.009087706457162392,0.0936474809743224,0.01031395863802797,0.03055980254386159,0.12312371758023821,0.011224092781042087,0.07254833565604302,0.12937060260149913,0.015357561457675408,0.1329546449489185,0.004503403853854948,-0.0032534553181999826,0.024716119267238136,2.0,6.0,19521.08984375,-0.009142640740278152,-0.009835175585677702,0.009906382141701798,1.0,5223.64990234375,-0.008286959915382974,-0.0035956314079637064,0.0173639797645532,1.0,5982.72021484375,-0.008352184790166306,-0.009288227847169872,0.008297812501486816,1.0,4.39,-0.015695067264574036,-0.017897091722595126,0.01295197867453983,1.0,3.94,-0.007556675062972307,-0.0174563591022443,0.013168353051621694,1.0,1357.780029296875,-0.005391377640818651,0.00290287238749376,0.007315753868828457,1.0,21.600000381469727,0.130298257016767,0.2743362483320546,0.07898881853422393,1.0
2025-06-19,2989.56,2996.04,2954.47,2977.74,432834658,0.005844175506949378,1.0,-0.0039537590816040025,0.0,0.007419584449039007,0.001235296912436512,0.017978180210183048,0.004468462766250347,0.026628676865619205,0.022411112334195682,0.009684194190513286,0.0120643157765703,0.10123121042471772,0.00989937356129811,0.028391407321803452,0.14164829339868334,0.010670473920826972,0.07331167346832657,0.13070356308633424,0.015363681953034536,0.13885643822427673,-0.005650272853608085,0.013144125196429046,0.015486560688743534,3.0,6.0,19546.26953125,0.0012898709908895079,-0.00354872302824627,0.009846583747489552,1.0,5251.02001953125,0.005239653824277157,0.0035337083847002404,0.01733120772122476,1.0,5980.8701171875,-0.0003092402101070313,-0.006869556108266672,0.00824380365768895,1.0,4.38,-0.002277904328018221,-0.006802721088435382,0.012897361087802399,1.0,3.94,0.0,0.0,0.013168353051621694,1.0,1380.5,0.016733174897918035,0.012185819175943857,0.008298514127952924,1.0,20.139999389648438,-0.06759263731651588,0.16685974058953867,0.08091965448091132,1.0
2025-06-20,2986.52,3022.06,2972.37,3021.84,476362036,0.002948544869599168,1.0,0.0118264736214726,1.0,0.001867309963360153,0.007419584449039007,0.001235296912436512,-0.00870196539076662,0.014872746170836226,0.019763495580524815,0.009754573626239799,0.009984730193853819,0.07467049703339046,0.008145096375891996,0.022988328051325668,0.14449227457913727,0.010594819706943523,0.06806591453148414,0.1291721967312578,0.01536309304641187,0.138506342718419,0.005844175506949378,-0.0039537590816040025,0.013986319851691905,4.0,6.0,19546.26953125,0.0012898709908895079,-0.00354872302824627,0.009846583747489552,2.0,5251.02001953125,0.005239653824277157,0.0035337083847002404,0.01733120772122476,2.0,5980.8701171875,-0.0003092402101070313,-0.006869556108266672,0.00824380365768895,2.0,4.38,-0.002277904328018221,-0.006802721088435382,0.012897361087802399,2.0,3.94,0.0,0.0,0.013168353051621694,2.0,1370.75,-0.0070626584570807616,0.0037051298690387036,0.007873810519217464,1.0,20.139999389648438,-0.06759263731651588,0.16685974058953867,0.08091965448091132,2.0
2025-06-23,2992.2,3019.81,2971.36,3014.47,624292207,-0.009808593439758706,0.0,0.007442684312545911,1.0,0.014809889379193697,0.001867309963360153,0.007419584449039007,0.017978180210183048,0.015547376469123853,0.04395050127477873,0.007540807074841303,0.01617286748767377,0.07460393662986076,0.008138587933786598,0.03071010203956348,0.1509228437145318,0.01073498810071293,0.07623548367450939,0.14328088289263108,0.015449909180904303,0.1525860054461492,0.002948544869599168,0.0118264736214726,0.016687152001182124,0.0,6.0,19447.41015625,-0.00505771062053284,-0.010938598090133311,0.00930441013964769,3.0,5211.47998046875,-0.007529973017705194,-0.007176385238718441,0.01679038030428742,3.0,5967.83984375,-0.002178658486505891,-0.012806715488924203,0.0073109423966858985,3.0,4.38,0.0,0.004587155963302614,0.011676550863358524,3.0,3.9,-0.010152284263959421,0.0,0.01320779460256408,3.0,1374.8900146484375,0.0030202550781961435,0.018595466598176014,0.007802562816626016,3.0,20.6200008392334,0.023833240522920462,0.14428414624981611,0.07352531658937328,3.0
2025-06-24,3061.14,3105.04,3061.14,3103.64,575927289,0.015481991859265465,1.0,0.013883716523909406,1.0,-0.0024389113917349103,0.014809889379193697,0.001867309963360153,0.001235296912436512,0.005630705554018789,0.023012495503383468,0.006717974217090652,0.009092467197891807,0.055571702202908524,0.008088655628024778,0.022660579154953897,0.16224114864265693,0.01001312598519919,0.06562543414637934,0.1452848898395558,0.015439033654116254,0.14698673117133443,-0.009808593439758706,0.007442684312545911,0.01603327773806681,1.0,6.0,19630.970703125,0.009438817066138139,0.01154957425286307,0.00946855202350256,1.0,5244.2998046875,0.006297601514684947,0.025832035322699287,0.016631594853500697,1.0,6025.169921875,0.009606504133156335,0.008064237447853895,0.007543179897493673,1.0,4.34,-0.0091324200913242,-0.015873015873015928,0.011688691881939316,1.0,3.84,-0.015384615384615441,-0.030303030303030276,0.013578116959470421,1.0,1369.469970703125,-0.003942165473285852,0.003171803630562131,0.007354625598708532,1.0,19.829999923706055,-0.03831236097838653,-0.04755042198027859,0.07377643037418151,1.0
2025-06-25,3127.79,3129.09,3084.86,3108.25,644015823,0.007781185962289383,1.0,-0.006247222479770054,0.0,0.029580655969374314,-0.0024389113917349103,0.014809889379193697,0.007419584449039007,0.012253425492278591,0.05197437548723838,0.01258725587435498,0.028384586226000375,0.08071103992200146,0.011123687264418095,0.044696590507844025,0.19735040064195286,0.010943865951786057,0.08731611094363112,0.18649290277199038,0.015789276048499935,0.17727333389767752,0.015481991859265465,0.013883716523909406,0.014563090692559585,2.0,6.0,19912.529296875,0.01434257113455839,0.010726160947435393,0.009429236377494014,1.0,5441.8701171875,0.0376733443658972,0.033142277632392414,0.01745537882986527,1.0,6092.18017578125,0.01112172017970181,0.009791022182359832,0.007566694577197477,1.0,4.3,-0.009216589861751112,-0.0358744394618834,0.011755007865210514,1.0,3.75,-0.0234375,-0.055415617128463546,0.01438805338979124,1.0,1361.93994140625,-0.00549849902368349,0.0030637599755602984,0.007440475530127458,1.0,17.479999542236328,-0.11850733184624906,-0.08529570989298085,0.07465721637458904,1.0
2025-06-26,3108.34,3113.03,3036.55,3079.56,460033628,2.8955199871338877e-05,1.0,-0.009258961374881802,0.0,0.0014853526826565933,0.029580655969374314,-0.0024389113917349103,0.001867309963360153,0.004468462766250347,0.04577769254320896,0.01318610614183083,0.020708737851324654,0.06921473388739052,0.011170848718977193,0.03920996972892432,0.1754084102253819,0.010744445856952905,0.08015472632199705,0.17561291103428966,0.01575720081142583,0.17557126415813418,0.007781185962289383,-0.006247222479770054,0.01425100849325309,3.0,6.0,19973.55078125,0.0030644768158396563,0.023178057225368587,0.007950242378453796,1.0,5493.2998046875,0.009450737778096796,0.051620975253866774,0.016340097344199205,1.0,6092.16015625,-3.2861029504172024e-06,0.018292672476095007,0.006279196547976158,1.0,4.29,-0.0023255813953487747,-0.0227790432801821,0.011181961257271292,1.0,3.74,-0.002666666666666595,-0.050761421319796884,0.013829179024456389,1.0,1353.780029296875,-0.00599138909234842,-0.019355284826602648,0.00744628284720051,1.0,16.760000228881836,-0.041189893147009715,-0.22407407718103767,0.06756427192485726,1.0
2025-06-27,3077.87,3093.56,3041.85,3055.94,380799433,-0.0005487796958006941,0.0,-0.00712505726362711,0.0,-0.009230274270087713,0.0014853526826565933,0.029580655969374314,0.014809889379193697,-0.00870196539076662,0.034193717382981825,0.015440860737402992,0.004569486996142791,0.054633000345886806,0.012270323171485223,0.024155225584126416,0.16772965471215917,0.0111816367802959,0.06202197871928061,0.18119785973189106,0.015684303449439357,0.16126236947836858,2.8955199871338877e-05,-0.009258961374881802,0.024605485401753405,4.0,6.0,20167.91015625,0.009730837402353698,0.03180354307537514,0.007943088734686856,1.0,5541.4599609375,0.008767072244792562,0.05531114722967234,0.016110112139700972,1.0,6141.02001953125,0.008020121275230219,0.026777023945649736,0.006215605976027952,1.0,4.26,-0.006993006993007089,-0.0273972602739726,0.01095616673321923,1.0,3.7,-0.010695187165775444,-0.060913705583756306,0.01362615093737036,1.0,1357.030029296875,0.002400685436088068,-0.01000909772250591,0.0074792020198027375,1.0,16.59000015258789,-0.010143202504316884,-0.17626610450073676,0.06736581173065616,1.0
2025-06-30,3072.75,3086.0,3063.42,3071.7,461793638,0.005500762449524466,1.0,-0.000341713448865133,0.0,-0.007669926872670096,-0.009230274270087713,0.0014853526826565933,-0.0024389113917349103,0.017978180210183048,0.011284515394593964,0.01580894914099242,-0.005348310686336233,0.05573097677760819,0.012142201293733158,0.010876731152120955,0.14448251970863057,0.011639963826503973,0.0469120711914186,0.19466923119023605,0.015486462880114375,0.14876044397305255,-0.0005487796958006941,-0.00712505726362711,0.01679135980464743,0.0,6.0,20273.4609375,0.005233600330041721,0.042476133048724884,0.007958655331491924,3.0,5544.990234375,0.0006370655860341579,0.06399530558615951,0.016169607644913975,3.0,6173.06982421875,0.005218970885222163,0.034389324419234146,0.006240767596773552,3.0,4.29,0.007042253521126751,-0.020547945205479423,0.011032204699206863,3.0,3.73,0.008108108108108025,-0.043589743589743546,0.013755664538736553,3.0,1352.760009765625,-0.0031465917769427643,-0.016095836501126337,0.007491568304596278,3.0,16.31999969482422,-0.01627489181918751,-0.20853544953439695,0.06740914691229134,3.0
2025-07-01,3089.64,3133.52,3088.45,3089.65,568002673,0.005840414102939784,1.0,3.236623037139452e-06,1.0,0.0051571693161514,-0.007669926872670096,-0.009230274270087713,0.029580655969374314,0.001235296912436512,0.01898509522403602,0.015597821403803372,-0.003929544480251401,0.042434485145893985,0.0113282707709767,0.011904546207738065,0.12903581510232875,0.011290056250173697,0.046021079451391556,0.23802959953569358,0.014864247445640185,0.15042811004065637,0.005500762449524466,-0.000341713448865133,0.007388888525298247,1.0,7.0,20369.73046875,0.004748549423642334,0.03763236045721352,0.00783829296020459,1.0,5546.5400390625,0.00027949637817070716,0.05763214263701122,0.01489153393642888,1.0,6204.9501953125,0.005164427424532603,0.029838208012157308,0.006250955881581322,1.0,4.24,-0.011655011655011593,-0.02304147465437778,0.01124675766925603,1.0,3.72,-0.002680965147452974,-0.03124999999999989,0.013700385074667677,1.0,1363.5899658203125,0.008005822153601239,-0.0042936355003049265,0.007463868348655153,1.0,16.729999542236328,0.02512254013963844,-0.15632881459388137,0.06746085679670827,1.0
2025-07-02,3083.82,3090.61,3032.47,3075.06,695645489,-0.0018869451232339518,0.0,-0.002840632721754277,0.0,0.005843669629195691,0.0051571693161514,-0.007669926872670096,0.0014853526826565933,0.007419584449039007,-0.004507610418734043,0.007125310309319893,0.00280102044128272,0.04723248483205089,0.011286947855796294,0.013166757282674135,0.14530316903105267,0.010757799844887247,0.04515814543585428,0.2253756856337179,0.014775740641506285,0.1530607808374671,0.005840414102939784,3.236623037139452e-06,0.014672656834977428,2.0,7.0,20202.890625,-0.00819057689575009,0.01458184059875145,0.008188200102705788,1.0,5507.5,-0.007038629269337959,0.012060170749981003,0.015122736197453489,1.0,6198.009765625,-0.001118531087121899,0.017371382130893398,0.006286896580653774,1.0,4.26,0.004716981132075304,-0.009302325581395321,0.010929449049755974,1.0,3.78,0.016129032258064502,0.008000000000000007,0.013907108512225166,1.0,1348.5,-0.011066351468224989,-0.009868233537796645,0.00778514470069624,1.0,16.829999923706055,0.005977309277102272,-0.037185333841668666,0.06746063654394485,1.0
2025-07-03,3100.33,3116.27,3085.98,3116.27,532172129,0.008217725832991851,1.0,0.005141388174807249,1.0,-0.004722217726927047,0.005843669629195691,0.0051571693161514,-0.009230274270087713,0.001867309963360153,-0.010678034263653213,0.007150286002435138,0.00022053212645656295,0.03461084251006841,0.011608283952679882,0.004992180823162329,0.13934575041589947,0.010980840684939928,0.03364751122704157,0.22714756610504971,0.014760975002446108,0.14356705259803748,-0.0018869451232339518,-0.002840632721754277,0.018817665431359643,3.0,7.0,20393.130859375,0.00941648588344024,0.02100678455825067,0.008240064679802235,1.0,5611.0498046875,0.018801598672265163,0.02143520364563445,0.014628459309403432,1.0,6227.419921875,0.004745096791088033,0.02220226687347271,0.006259294036099412,1.0,4.3,0.009389671361502261,0.002331002331002363,0.011228086632792343,1.0,3.78,0.0,0.010695187165775222,0.01381760622426226,1.0,1355.5899658203125,0.00525766838732844,0.0013369502314031223,0.007897099252755732,1.0,16.639999389648438,-0.011289396014196651,-0.007159954510418509,0.0670206432416947,1.0
2025-07-04,3122.28,3123.84,3052.91,3054.28,519632365,0.001928587702606066,1.0,-0.021778956403653793,0.0,0.013401364526220538,-0.004722217726927047,0.005843669629195691,-0.007669926872670096,0.014809889379193697,0.011920534102274338,0.008553073379292637,0.011209959100815015,0.04652185885940341,0.011998009653559879,0.01387020852813503,0.12466616621674298,0.01007179769492783,0.0414535105321896,0.25317489041701857,0.014741103690028371,0.1543878496017781,0.008217725832991851,0.005141388174807249,0.009850214304761521,4.0,7.0,20601.099609375,0.010197980458914957,0.021479144332203104,0.008416563199101466,1.0,5647.1201171875,0.006428442761257758,0.01906720557304631,0.014517960128122415,1.0,6279.35009765625,0.008338955206607324,0.022525586577644585,0.006388017193669294,1.0,4.35,0.011627906976744207,0.021126760563380254,0.010723903488705677,1.0,3.88,0.02645502645502651,0.048648648648648596,0.014344673722902837,1.0,1354.75,-0.0006196311875207305,-0.0016801612695751533,0.007437118396635802,1.0,16.3799991607666,-0.015625014328040088,-0.012658287515960653,0.06709766721014934,1.0
2025-07-07,3044.78,3068.43,3032.99,3059.47,352480270,-0.0031103893552654194,0.0,0.004824650713680434,1.0,-0.01989237132854338,0.013401364526220538,-0.004722217726927047,0.0051571693161514,-0.0024389113917349103,-0.0005432043822849453,0.012829050988490876,-0.008798620883029407,0.01073518121409478,0.013631191085096625,-0.007345748065736624,0.0861400046229619,0.011365751334822604,0.016621604124429368,0.23884774196688596,0.014973921202865843,0.12732581909100493,0.001928587702606066,-0.021778956403653793,0.02276118564822698,0.0,7.0,20601.099609375,0.010197980458914957,0.021479144332203104,0.008416563199101466,4.0,5647.1201171875,0.006428442761257758,0.01906720557304631,0.014517960128122415,4.0,6279.35009765625,0.008338955206607324,0.022525586577644585,0.006388017193669294,4.0,4.35,0.011627906976744207,0.021126760563380254,0.010723903488705677,4.0,3.88,0.02645502645502651,0.048648648648648596,0.014344673722902837,4.0,1357.0999755859375,0.001734619365888479,0.0032082304244522852,0.007367772415096045,3.0,16.3799991607666,-0.015625014328040088,-0.012658287515960653,0.06709766721014934,4.0
2025-07-08,3071.74,3115.86,3066.03,3114.95,744687645,0.004010498550402586,1.0,0.014066945770149886,1.0,0.0016992548161922638,-0.01989237132854338,0.013401364526220538,0.005843669629195691,0.029580655969374314,-0.003981508610866991,0.012569248879927398,-0.0063255412728902005,0.014927997293056494,0.013572772082799986,-0.007111094956743558,0.07132927371602049,0.011055742865190475,0.014908469916351752,0.31409243192165626,0.012793222578795588,0.12418429699333311,-0.0031103893552654194,0.004824650713680434,0.011603389342169038,1.0,7.0,20412.51953125,-0.009153884098457632,0.006859144286152974,0.008476382689122479,1.0,5541.2001953125,-0.018756449247931406,-0.000683506895829078,0.015379798718860372,1.0,6229.97998046875,-0.007862297279128794,0.009219101333784563,0.006577872630989022,1.0,4.4,0.011494252873563315,0.025641025641025772,0.010931791980686487,1.0,3.9,0.005154639175257714,0.04557640750670244,0.014085770554230274,1.0,1362.199951171875,0.0037579954886783895,-0.0010193787599495074,0.0073759966898564846,1.0,17.790000915527344,0.08608069761920256,0.09007360589408142,0.06903571291671455,1.0
2025-07-09,3123.22,3137.17,3111.02,3133.74,642055785,0.0026549382815133082,1.0,0.0033683185942712246,1.0,0.018133859786172213,0.0016992548161922638,-0.01989237132854338,-0.004722217726927047,0.0014853526826565933,0.008188629780072176,0.015120070975347615,0.010033702917568998,0.0036441082084262,0.011227617868755852,0.010522907770380785,0.08464926789351801,0.011525565827122499,0.02916294834972799,0.33446575530260514,0.012907839130776195,0.1391237383118329,0.004010498550402586,0.014066945770149886,0.016287134699800924,2.0,7.0,20418.4609375,0.000291066776000104,0.0023922981614685757,0.008211192216830894,1.0,5641.22021484375,0.018050244713385455,0.01707013293232329,0.015648257845053783,1.0,6225.52001953125,-0.0007158868810946961,0.003315066772701769,0.006340895105997771,1.0,4.42,0.004545454545454408,0.04245283018867907,0.009312226994696514,1.0,3.9,0.0,0.048387096774193505,0.012087157788652662,1.0,1374.6400146484375,0.009132332933840193,0.01938451216050252,0.007572709172233149,1.0,16.809999465942383,-0.055087206247954934,0.004781824620143427,0.06685837840082486,1.0
2025-07-10,3144.14,3183.23,3133.81,3183.23,595360262,0.003318718208913385,1.0,0.012432652490029117,1.0,0.006032199553764883,0.018133859786172213,0.0016992548161922638,0.013401364526220538,-0.009230274270087713,0.019082554486741676,0.014733821808009438,0.012274278670509453,0.008200756052441083,0.011366733652331847,0.01577861320129048,0.07798310308767675,0.011377901551419427,0.03150804241449512,0.3662379561407334,0.012572900378567337,0.1401575723713575,0.0026549382815133082,0.0033683185942712246,0.008394998314579717,3.0,7.0,20611.33984375,0.009446299936140878,0.02021736524398965,0.008366425788078218,1.0,5665.990234375,0.004390897463295795,0.028777164661824894,0.015308884486038178,1.0,6263.259765625,0.0060621034026635545,0.010527572957675035,0.006404589069141375,1.0,4.34,-0.018099547511312264,0.018779342723004744,0.010052024273780517,1.0,3.86,-0.01025641025641022,0.021164021164021163,0.012174083094639652,1.0,1370.300048828125,-0.003157165348065649,0.010851425120213865,0.007454263030343646,1.0,15.9399995803833,-0.05175490262933857,-0.052881779403286644,0.06771315982097297,1.0
2025-07-11,3186.35,3216.69,3170.46,3175.77,464230789,0.0009801365279920038,1.0,-0.003320413639430697,0.0,0.01579263116914631,0.006032199553764883,0.018133859786172213,-0.01989237132854338,-0.007669926872670096,0.02148722671655534,0.015153195728684211,0.023831716484397303,0.03366390003766773,0.01164576521806411,0.02836472747396246,0.09013606024595622,0.011689229655171753,0.04327902206950873,0.3019026117968475,0.009838141944318231,0.15300261891012235,0.003318718208913385,0.012432652490029117,0.015770293642740008,4.0,7.0,20630.66015625,0.0009373632498645978,0.011647514965354322,0.008326158756484006,1.0,5708.27978515625,0.007463752853770211,0.01732830465834101,0.014881111933936046,1.0,6280.4599609375,0.0027462050044453346,0.00851717721430445,0.006358016891849176,1.0,4.35,0.0023041474654377225,0.011627906976744207,0.010066357570603418,1.0,3.86,0.0,0.021164021164021163,0.012174083094639652,1.0,1373.0,0.001970335748133323,0.013471120132865888,0.007460489471742885,1.0,15.779999732971191,-0.010037631845926431,-0.05168267357102441,0.06769667944274729,1.0
2025-07-14,3175.59,3202.06,3170.72,3202.03,442453704,-5.667916757190472e-05,0.0,0.008326011859213667,1.0,-0.0023435315701347825,0.01579263116914631,0.006032199553764883,0.0016992548161922638,0.0051571693161514,0.039776968712757155,0.008858420892210145,0.013511702184697327,0.039212157306753426,0.01119752684238934,0.021998370348058183,0.09712846591262414,0.011397265030611819,0.036060687669838165,0.30544000131540017,0.009800008466245498,0.14516367392660623,0.0009801365279920038,-0.003320413639430697,0.014522984515727741,0.0,7.0,20585.529296875,-0.0021875625420221256,-0.0007558000686970212,0.008218052007472871,3.0,5696.2900390625,-0.002100413179628613,0.008707079157984854,0.014885582766596333,3.0,6259.75,-0.0032975229626984737,-0.0031213576805608767,0.006380844072340729,3.0,4.43,0.01839080459770126,0.01839080459770126,0.010553595126232097,3.0,3.9,0.010362694300518172,0.005154639175257714,0.011880922944928549,3.0,1372.6400146484375,-0.0002621888940731454,0.011450916912580711,0.006916382357221503,3.0,16.399999618530273,0.03929023422374556,0.001221029230061177,0.06818006574047779,3.0
2025-07-15,3194.82,3216.01,3183.83,3215.28,418671915,-0.002251696579982032,0.0,0.006404116663849546,1.0,0.008268860780220377,-0.0023435315701347825,0.01579263116914631,0.018133859786172213,0.005843669629195691,0.046596305896119405,0.008176628999024582,0.01267764387984105,0.04242927369209237,0.011278968520052808,0.02614530940298576,0.08666422322222456,0.0110021616204476,0.04029429461430212,0.30381653901436967,0.00979043290964216,0.14947835100582907,-5.667916757190472e-05,0.008326011859213667,0.009868472842806673,1.0,7.0,20640.330078125,0.0026621021232773323,0.01116033454499532,0.008218170231233406,1.0,5646.72021484375,-0.008702124343884066,0.019042809465810828,0.015169542197063752,1.0,6268.56005859375,0.001407413809457303,0.0061926488120267464,0.0063664849675458355,1.0,4.43,0.0,0.006818181818181612,0.010195156426508244,1.0,3.9,0.0,0.0,0.011659074044159447,1.0,1378.1700439453125,0.004028754253016187,0.01172375080449739,0.0065121955476855654,1.0,17.200000762939453,0.048780558720578515,-0.03316470613966804,0.0683509632009122,1.0
2025-07-16,3207.48,3209.2,3178.42,3186.38,530608966,-0.0024259162499067344,0.0,-0.006578373052988584,0.0,0.004137999956277838,0.008268860780220377,-0.0023435315701347825,0.006032199553764883,-0.004722217726927047,0.032209184738117846,0.006584317066662839,0.01045565538763249,0.040661563607528484,0.011264597187448926,0.02625974782062479,0.0898145951259195,0.010979818722062546,0.040121918199513384,0.29783927569518176,0.009774322762866317,0.14916165563035388,-0.002251696579982032,0.006404116663849546,0.010049874610793867,2.0,7.0,20677.80078125,0.0018154120105235982,0.012701243474903867,0.007375378109376678,1.0,5718.60986328125,0.012731221966429507,0.013718600850550766,0.013545907288997362,1.0,6243.759765625,-0.003956298214731202,0.002929834943350418,0.005751566577957472,1.0,4.5,0.015801354401805856,0.018099547511312153,0.010474985994719728,1.0,3.95,0.012820512820512997,0.012820512820512997,0.01149468321127612,1.0,1382.010009765625,0.0027862786868591005,0.005361400103773617,0.006378495840683702,1.0,17.3799991607666,0.010465022665288926,0.03390837078722431,0.05787225072183075,1.0
2025-07-17,3201.42,3201.42,3152.42,3192.29,423926362,0.0047200898825625615,1.0,-0.0028518594873525593,0.0,-0.00898833072080818,0.004137999956277838,0.008268860780220377,0.01579263116914631,0.013401364526220538,0.01679781985742279,0.009543101501721158,-0.0019288728904713892,0.03620091965685224,0.011705903110530132,0.013434516274720698,0.07206470649588348,0.011346563064201438,0.027214223253827274,0.30192896221750987,0.00969316530226613,0.13384171414808899,-0.0024259162499067344,-0.006578373052988584,0.009573038740016342,3.0,7.0,20730.490234375,0.0025481168757934824,0.005780817332994959,0.006816384524068543,1.0,5696.2099609375,-0.003917018799897143,0.005333529588378072,0.012384051567880012,1.0,6263.7001953125,0.003193657417327689,7.03195626527986e-05,0.005505405126944137,1.0,4.46,-0.008888888888888946,0.02764976958525356,0.01040693952850996,1.0,3.88,-0.017721518987341867,0.005181347150259086,0.01212874859377546,1.0,1386.449951171875,0.003212669499407683,0.011785668662539495,0.005224676676645845,1.0,17.15999984741211,-0.012658188951534366,0.0765370325686967,0.05517284034324003,1.0
2025-07-18,3200.44,3204.75,3169.69,3188.07,392871107,0.0025530261974946455,1.0,-0.003865093549636933,0.0,0.001854769362097386,-0.00898833072080818,0.004137999956277838,-0.0023435315701347825,-0.01989237132854338,0.002846165687053759,0.006586022948504171,-0.000644888631489926,0.024394548610999767,0.011192551668951766,0.012865266255930985,0.07205128721782295,0.011346661073526599,0.02557273612213229,0.29221060471743554,0.009676922559609136,0.1311022195687357,0.0047200898825625615,-0.0028518594873525593,0.015377952409944827,4.0,7.0,20885.650390625,0.00748463516761011,0.01235977096436991,0.006307436695285483,1.0,5737.64013671875,0.007273288039830517,0.005143467501163457,0.012056350805722591,1.0,6297.35986328125,0.00537376740890938,0.0026908701669721147,0.00499289760893071,1.0,4.47,0.0022421524663676085,0.02758620689655178,0.009729345026381415,1.0,3.91,0.0077319587628865705,0.012953367875647714,0.012180486866116365,1.0,1384.9200439453125,-0.0011034709368841211,0.008681750870584537,0.004949698219613208,1.0,16.520000457763672,-0.03729600205940298,0.046894850273431876,0.04561166843799903,1.0
2025-07-21,3191.11,3211.14,3188.87,3210.81,343229218,0.0009535549721304548,1.0,0.006173400478203472,1.0,-0.0013219350372302152,0.001854769362097386,-0.00898833072080818,0.008268860780220377,0.0016992548161922638,0.0038730764507506343,0.006487530674037674,-0.002733975431758573,0.04380410440431137,0.008214440037656711,0.007250591683540808,0.05500953061710745,0.01107387800985524,0.021489416137736583,0.2837417754548164,0.00970343131030523,0.12492590048552832,0.0025530261974946455,-0.003865093549636933,0.010982711470449096,0.0,7.0,20895.650390625,0.00047879763440294987,0.01506500460967386,0.006324322403090109,3.0,5732.6201171875,-0.0008749275680647317,0.0063778490694583745,0.012121220778041456,3.0,6296.7900390625,-9.048620868445933e-05,0.005917175456288115,0.00498647557666891,3.0,4.44,-0.006711409395973034,0.0022573363431153126,0.009856397618319178,3.0,3.88,-0.007672634271099765,-0.00512820512820511,0.012290484784385247,3.0,1391.5799560546875,0.0048088784175601695,0.013798185397575491,0.005012891401078033,3.0,16.40999984741211,-0.006658632403358511,0.0006097700679539297,0.04372058294897873,3.0
2025-07-22,3210.12,3220.27,3155.25,3169.94,377084542,-0.0002148990441664944,0.0,-0.012516666043636993,0.0,0.007132842127054895,-0.0013219350372302152,0.001854769362097386,0.004137999956277838,0.018133859786172213,0.0027420105370654646,0.006172378329209971,0.003827965406998146,0.049466083994940346,0.008201037416705966,0.009607720135649478,0.06513251085597149,0.011045119408190805,0.025549708486774403,0.29030067271602045,0.009706227585058607,0.12815705465771798,0.0009535549721304548,0.006173400478203472,0.006985417509653169,1.0,7.0,20974.1796875,0.0037581647571129917,0.016174625507991314,0.006005773342923539,1.0,5739.419921875,0.001186160001621639,0.01641655748899451,0.011820158395266494,1.0,6305.60009765625,0.001399134882868358,0.005908859246186893,0.004869239949048462,1.0,4.38,-0.013513513513513598,-0.011286681715575564,0.010359195626770642,1.0,3.85,-0.0077319587628865705,-0.012820512820512775,0.012204079082844935,1.0,1390.5699462890625,-0.0007258007426957924,0.00899736748612856,0.004909510111753916,1.0,16.649999618530273,0.014625214707483014,-0.03197680930307034,0.04340101945514833,1.0
2025-07-23,3189.65,3199.86,3141.93,3183.77,664217198,0.006217783301892155,1.0,-0.0018434624488580242,0.0,-0.012728875268234408,0.007132842127054895,-0.0013219350372302152,-0.00898833072080818,0.006032199553764883,-0.014101415739842249,0.00805280039354489,-0.006131999455713744,0.017653573893642083,0.008458058669496804,-0.004963973991714332,0.021362013635602084,0.009699900439446036,0.011424688833452823,0.2747884695814433,0.009932771105347531,0.10935786736553244,-0.0002148990441664944,-0.012516666043636993,0.020250341814059377,2.0,7.0,20892.689453125,-0.0038852644341349496,0.010392240168492828,0.006086186728988666,1.0,5638.7099609375,-0.0175470626489026,-0.013971910001551402,0.012831282297461168,1.0,6309.6201171875,0.0006375316336257875,0.010548187956412658,0.004612491624594483,1.0,4.35,-0.006849315068493178,-0.03333333333333344,0.010264821088765945,1.0,3.83,-0.0051948051948051965,-0.03037974683544309,0.011757781004412372,1.0,1381.8199462890625,-0.006292383941815083,-0.00013752684511647573,0.004965799322006038,1.0,16.5,-0.00900898630432001,-0.050632865550022665,0.04287659286544068,1.0
2025-07-24,3209.43,3237.97,3183.05,3190.45,424701161,0.008059627422835058,1.0,-0.005913822703719984,0.0,0.004362858603002007,-0.012728875268234408,0.007132842127054895,0.001854769362097386,0.01579263116914631,-0.0008191113426522234,0.007697821509036004,-0.0016324989589134864,0.015964949229993586,0.008381012438285741,-0.002189762492098346,0.024296629936459313,0.009727186040830284,0.01461498491272617,0.2606194269785711,0.009816541034791102,0.10993663770187467,0.006217783301892155,-0.0018434624488580242,0.01827479384467854,3.0,7.0,21020.01953125,0.006094480005107927,0.013966350703800812,0.00554204664519497,1.0,5637.7900390625,-0.00016314403141370892,-0.010255928463947517,0.01004750374737278,1.0,6358.91015625,0.007811886951519131,0.015200274273783343,0.004330821382176232,1.0,4.4,0.011494252873563315,-0.013452914798206206,0.010313126278877597,1.0,3.88,0.01305483028720622,0.0,0.01072605967366582,1.0,1379.780029296875,-0.0014762538329727848,-0.004810791669300651,0.004741397079428341,1.0,15.369999885559082,-0.06848485542066174,-0.10431235301688979,0.03718873429700825,1.0
2025-07-25,3184.37,3205.82,3184.37,3196.05,388866302,-0.0019056872854926743,0.0,0.0036679154746466214,1.0,0.0020981415114784685,0.004362858603002007,-0.012728875268234408,-0.0013219350372302152,-0.0023435315701347825,-0.0005763887366123654,0.007714340277627586,0.0005776815463047758,0.002268136452596936,0.006771623593064892,-0.00032242104679380823,0.036008390809076474,0.009409686975291195,0.01495043350403713,0.2648820733210959,0.009795918099694965,0.10796428297329186,0.008059627422835058,-0.005913822703719984,0.017249989791976058,4.0,7.0,21057.9609375,0.001805012892285518,0.008250188222644228,0.0055451355415208955,1.0,5644.3701171875,0.001167137846462607,-0.01625581551104205,0.009885738018164626,1.0,6363.35009765625,0.0006982236416543941,0.010479031817726803,0.00431524477592515,1.0,4.43,0.006818181818181612,-0.008948545861297563,0.010351183185407198,1.0,3.91,0.0077319587628865705,0.0,0.010752195827342607,1.0,1373.719970703125,-0.004392046895212776,-0.008087162353633826,0.004874364918383284,1.0,15.390000343322754,0.0013012659669868754,-0.0684019420780263,0.036260176192713385,1.0
2025-07-28,3228.61,3228.61,3180.18,3209.52,502190977,0.01018757528824632,1.0,-0.0059127612192244605,0.0,0.0017552382892696006,0.0020981415114784685,0.004362858603002007,0.007132842127054895,0.008268860780220377,0.002503081801842555,0.007714372977181295,0.0018324846937687322,0.006385852879774001,0.0067212401068028615,0.0007963032490614363,0.04584841325418698,0.009142004330407193,0.014471063665475015,0.2551741742921101,0.009772795414735845,0.10575062634292043,-0.0019056872854926743,0.0036679154746466214,0.006723189518720016,0.0,7.0,21108.3203125,0.002391464926232212,0.01017771248558108,0.005289648731063818,3.0,5645.85986328125,0.0002639348701130029,-0.015134485127686337,0.009734083830671892,3.0,6388.64013671875,0.00397432777929585,0.01458681281834906,0.004117811010457841,3.0,4.4,-0.006772009029345272,-0.009009009009009028,0.010341575860067627,3.0,3.91,0.0,0.0077319587628865705,0.010330621830197647,3.0,1372.0,-0.0012520533586219962,-0.014070306179315262,0.004815310068643251,3.0,14.930000305175781,-0.02988954047337322,-0.09018888214491527,0.03671275608944365,3.0
2025-07-29,3192.17,3232.31,3169.03,3230.57,372757080,-0.005405792766519535,0.0,0.012029434522597526,1.0,0.004214577368939709,0.0017552382892696006,0.0020981415114784685,-0.012728875268234408,0.004137999956277838,-0.0004017677782242046,0.007181343094167229,0.006136154028939744,0.002339141107359888,0.006321472232562065,0.004778577546696194,0.04486766285770094,0.009128831192773983,0.016523189300649443,0.25919822979685025,0.009765788053729641,0.10619681770924072,0.01018757528824632,-0.0059127612192244605,0.015153079582609873,1.0,7.0,21178.580078125,0.003328534179168896,0.009745334199974254,0.00525095064041203,1.0,5737.10009765625,0.01616055597985966,-0.0004041914078997122,0.01030743035819063,1.0,6389.77001953125,0.00017685810881817865,0.013348439572989257,0.00406348383191209,1.0,4.42,0.004545454545454408,0.009132420091324311,0.010288229098516226,1.0,3.91,0.0,0.01558441558441559,0.0102708725424374,1.0,1382.780029296875,0.007857164210550271,-0.0056019598388243885,0.004803567976236205,1.0,15.029999732971191,0.0066978851809362805,-0.09729729265315634,0.03668832081652415,1.0
2025-07-30,3233.31,3269.4,3227.28,3254.47,337188768,0.0008481475405268668,1.0,0.006544377124370948,1.0,0.006558613125950297,0.004214577368939709,0.0017552382892696006,0.004362858603002007,-0.00898833072080818,0.01912654498192401,0.0019478180741195007,0.008899862339135423,0.004755417879624746,0.006529734137415193,0.010884649624427256,0.04561034421374588,0.009145084903624996,0.0209118863581097,0.25927528435889635,0.009766069399948432,0.10921378858544584,-0.005405792766519535,0.012029434522597526,0.01971634387696595,2.0,7.0,21098.2890625,-0.003791142528385638,0.009840744047638461,0.005378409999441721,1.0,5739.7900390625,0.0004688677834554511,0.01792609991030547,0.01030609063861693,1.0,6370.85986328125,-0.002959442388724254,0.009705773874869594,0.004108359782051567,1.0,4.34,-0.018099547511312264,-0.0022988505747125743,0.010811019092675612,1.0,3.86,-0.01278772378516635,0.007832898172323688,0.010770948642110756,1.0,1388.2900390625,0.003984733398577411,0.004682298001858598,0.003967809190221467,1.0,15.979999542236328,0.0632069079270261,-0.0315151792584043,0.039155942987621144,1.0
2025-07-31,3275.78,3288.26,3227.46,3245.44,539707139,0.006547917172381457,1.0,-0.00926191624590178,0.0,0.0073980752622602175,0.006558613125950297,0.004214577368939709,0.0020981415114784685,0.001854769362097386,0.022206377973283287,0.002548315276061614,0.011895360131732646,0.021369077134553827,0.005912735452252368,0.016198119399461808,0.0583435770358951,0.009058361244020586,0.025557396922574638,0.2729630252561006,0.00972831092054841,0.11297517473079055,0.0008481475405268668,0.006544377124370948,0.013037946863866095,3.0,7.0,21129.669921875,0.0014873651262450327,0.00521647425027294,0.004843640940047558,1.0,5787.31982421875,0.008280753273688157,0.0265227658568703,0.010185987523609804,1.0,6362.89990234375,-0.0012494327466496813,0.0006274260833563083,0.004112565032616777,1.0,4.38,0.009216589861751112,-0.00454545454545463,0.010933705539404634,1.0,3.94,0.020725388601036343,0.015463917525773141,0.011133383137386623,1.0,1388.8599853515625,0.0004105383407111418,0.00658072726223935,0.0038706417485204684,1.0,15.479999542236328,-0.03128911228554565,0.007156776675099064,0.03966141135633723,1.0
2025-08-01,3210.32,3210.32,3117.92,3119.41,506866239,-0.010821337014395582,0.0,-0.02831804929103654,0.0,-0.002774645333955994,0.0073980752622602175,0.006558613125950297,0.0017552382892696006,-0.0013219350372302152,0.017235813129809374,0.004106453848627675,0.005648842188763714,0.01664948986464254,0.006114673740400002,0.01169952140163577,0.04145019526549376,0.00878743837668916,0.020634622874745823,0.2678540036487369,0.009761919955377275,0.10556649080871927,0.006547917172381457,-0.00926191624590178,0.018681997375916873,4.0,8.0,21122.44921875,-0.0003417328880052084,0.00306241812497432,0.004568059055219691,1.0,5607.919921875,-0.03099878834983305,-0.006457796805618199,0.011935730877875503,1.0,6339.39013671875,-0.0036948193411530106,-0.0037653060997421273,0.004175332766947539,1.0,4.37,-0.0022831050228310223,-0.013544018058690654,0.010798105857021892,1.0,3.94,0.0,0.007672634271099765,0.011133383137386623,1.0,1392.52001953125,0.0026352794509816313,0.013685503034874369,0.0038576203354879516,1.0,16.719999313354492,0.0801033467562382,0.08641968423404123,0.04376145339273318,1.0
2025-08-04,3114.27,3157.45,3105.63,3147.75,292885070,-0.0016477474907113931,0.0,0.010750512961303915,1.0,-0.03883294715046348,-0.002774645333955994,0.0073980752622602175,0.004214577368939709,0.007132842127054895,-0.023979599818526043,0.019502267465266763,-0.028790596914830657,-0.02153654091660484,0.014248954085613177,-0.02550200044173112,0.02132417460088787,0.011787397265409226,-0.0200032547072303,0.2119861683114459,0.011216708558864892,0.059352506787760495,-0.010821337014395582,-0.02831804929103654,0.028470715835141026,0.0,8.0,20650.130859375,-0.022360965552978174,-0.021706580454611935,0.0067067826655840355,3.0,5527.60986328125,-0.014320828348579284,-0.020944551027392233,0.012248904130657882,3.0,6238.009765625,-0.015992133140148468,-0.023577845655760266,0.005289641279840783,3.0,4.23,-0.03203661327231111,-0.03863636363636358,0.012745625815889797,3.0,3.69,-0.06345177664974622,-0.05626598465473154,0.017260908048336968,3.0,1391.510009765625,-0.0007253107685769589,0.014220123735878332,0.0038849357836445494,3.0,20.3799991607666,0.21889952139464608,0.3650367544668749,0.0652021956511996,3.0
2025-08-05,3187.15,3212.31,3174.23,3198.0,273048396,0.012516877134461257,1.0,0.003404295373609534,1.0,0.009085051339836836,-0.03883294715046348,-0.002774645333955994,0.006558613125950297,-0.012728875268234408,-0.019245868541090227,0.02016831267716208,-0.01618301199426908,-0.019639903949470683,0.014401779699366256,-0.01470762695019967,0.028854670907052515,0.011921352544624819,-0.012469348981143824,0.22030409229767245,0.011240766317488682,0.0655495336242613,-0.0016477474907113931,0.010750512961303915,0.016612115752658262,1.0,8.0,21053.580078125,0.019537368624801488,-0.0059021898323160515,0.007620389063781748,1.0,5624.41015625,0.017512142745777615,-0.019642317457958747,0.012165766207852376,1.0,6329.93994140625,0.01473710033091602,-0.009363416514541312,0.005963826361045559,1.0,4.22,-0.0023640661938535423,-0.045248868778280604,0.0123838798266918,1.0,3.69,0.0,-0.05626598465473154,0.017181068693833415,1.0,1390.1800537109375,-0.0009557646336382231,0.005351555748042802,0.0038683577466686442,1.0,17.520000457763672,-0.14033360258957683,0.16566871384103798,0.0712005971340552,1.0
2025-08-06,3182.06,3200.15,3176.61,3198.14,326807021,-0.004984365228267729,0.0,0.00505333023261656,1.0,0.015963783654991737,0.009085051339836836,-0.03883294715046348,0.0073980752622602175,0.004362858603002007,-0.01008181218794213,0.02174295797127677,0.0015615340239660824,0.008851902559669833,0.014852772812593831,0.0001429222374804695,0.02666174416924827,0.01177083563676025,0.001990037436766512,0.24084787391309415,0.011342448038539866,0.07878176595698028,0.012516877134461257,0.003404295373609534,0.012097529981732962,2.0,8.0,20916.55078125,-0.006508598365053131,-0.00861388715983713,0.00782949967149782,1.0,5561.68994140625,-0.011151429767982668,-0.031029026574870944,0.01173319258254575,1.0,6299.18994140625,-0.004857865996303334,-0.011249646580373418,0.0060902925580046145,1.0,4.22,0.0,-0.027649769585253448,0.012298598696900935,1.0,3.72,0.008130081300813163,-0.03626943005181338,0.01734173501816948,1.0,1383.5899658203125,-0.004740456369686452,-0.003385512472135477,0.0035702506165802275,1.0,17.850000381469727,0.0188356115915409,0.11702133246567659,0.07001492965342582,1.0
2025-08-07,3214.81,3227.68,3200.28,3227.68,326770921,0.005212404710237761,1.0,0.004003347009621017,1.0,4.377736085059425e-05,0.015963783654991737,0.009085051339836836,-0.002774645333955994,0.0020981415114784685,-0.017308501845154534,0.02120453955098753,0.005151885064436312,0.004513516994003819,0.014806289609745896,-0.00026258369855391983,0.020550524293655448,0.011722419996521271,0.0010239858072405017,0.2265957895625026,0.011302719227694045,0.07525738112994684,-0.004984365228267729,0.00505333023261656,0.007360850531582227,3.0,8.0,21169.419921875,0.01208942828430759,0.001881240934996642,0.007995933626763872,1.0,5550.2998046875,-0.0020479632699319517,-0.04095505808048994,0.011675972281143475,1.0,6345.06005859375,0.007281907295092482,-0.00280372849232291,0.006153586278515825,1.0,4.22,0.0,-0.0365296803652968,0.011722620799559933,1.0,3.69,-0.008064516129032362,-0.06345177664974622,0.017295090780470257,1.0,1386.5799560546875,0.0021610378133973818,-0.0016416552574937127,0.003494048107030461,1.0,16.770000457763672,-0.06050419611347535,0.08333339494020309,0.0704159689026501,1.0
2025-08-08,3220.58,3227.28,3198.31,3210.01,340982186,-0.0021997224012293426,0.0,-0.0032820175247936234,0.0,0.009236618784668638,4.377736085059425e-05,0.015963783654991737,-0.03883294715046348,0.0017552382892696006,-0.0054722934332479545,0.02194674624102745,0.015569838990420859,0.011669200269554425,0.015059094434823386,0.007798725014464214,0.013963804060655338,0.011376008415136816,0.009567760191999453,0.2374080861211001,0.011319647771003416,0.08143647631188689,0.005212404710237761,0.004003347009621017,0.00856747984766134,4.0,8.0,21242.69921875,0.0034615637625137197,0.0056929951046233995,0.008008703866544935,1.0,5633.7001953125,0.015026285707046672,0.004597118681552104,0.012078837533973982,1.0,6340.0,-0.0007974800154801898,9.620220054262774e-05,0.0061415735402062755,1.0,4.23,0.0023696682464455776,-0.03203661327231111,0.011723700520335376,1.0,3.72,0.008130081300813163,-0.055837563451776595,0.01744205093359647,1.0,1384.3900146484375,-0.0015793834294858256,-0.005838339678268523,0.0035107059459464052,1.0,16.56999969482422,-0.01192610360644697,-0.008971269419279615,0.0704381782784397,1.0
2025-08-11,3220.72,3223.23,3199.9,3206.77,304413405,0.0033364382042422314,1.0,-0.004331329640577253,0.0,-0.0054745203985524515,0.009236618784668638,4.377736085059425e-05,0.009085051339836836,0.004214577368939709,0.029043953824601676,0.008457971043002941,0.004284307308789481,0.004367891616213759,0.015205766821846886,0.0018448243952513543,0.010781637209243744,0.011442258267108754,0.0035034980272308225,0.2156504088132487,0.011320871579897755,0.0721069859242145,-0.0021997224012293426,-0.0032820175247936234,0.008975487037128915,0.0,8.0,21450.01953125,0.009759603069510403,0.038735283438257495,0.008163759080159011,3.0,5678.02001953125,0.007866912097244105,0.027210704078292958,0.012217959488896013,3.0,6389.4501953125,0.007799715348974834,0.024277042739179855,0.006281102959891366,3.0,4.27,0.009456264775413503,0.009456264775413503,0.011085467612044334,3.0,3.76,0.010752688172043001,0.01897018970189701,0.017456454813577715,3.0,1384.969970703125,0.00041892533791121345,-0.004699958330591891,0.0035070518388163278,3.0,15.149999618530273,-0.08569704903117736,-0.25662412942119084,0.07271617770786663,3.0
2025-08-12,3209.75,3242.17,3189.58,3189.91,372634747,0.0009292839835721711,1.0,-0.006181166757535661,0.0,-0.0010093426500229485,-0.0054745203985524515,0.009236618784668638,0.015963783654991737,0.006558613125950297,0.01874990072273852,0.008671197738299115,-0.0004208072017255482,-0.0008568259428201053,0.015155220291877877,0.0009195261662313658,0.0014803109277552462,0.011302177700475459,0.0024163499049714154,0.22332300790429382,0.011250132632838092,0.06754608027354925,0.0033364382042422314,-0.004331329640577253,0.007267890131183369,1.0,8.0,21385.400390625,-0.0030125446054189986,0.015760754763260776,0.008241100477599348,1.0,5670.3701171875,-0.0013472834399026468,0.008171516596531925,0.012054676450104879,1.0,6373.4501953125,-0.0025041278217863283,0.006873723022494227,0.006329921732382325,1.0,4.27,0.0,0.011848341232227444,0.011085467612044334,1.0,3.76,0.0,0.01897018970189701,0.017456454813577715,1.0,1387.81005859375,0.002050649436957208,-0.0017048116255595769,0.0034279034845852386,1.0,16.25,0.07260728773380909,-0.07248860870896234,0.0737715382331224,1.0
2025-08-13,3225.4,3226.37,3192.17,3224.37,319702589,0.011125705740914427,1.0,-0.00031934023686985835,0.0,-0.005257626833230944,-0.0010093426500229485,-0.0054745203985524515,4.377736085059425e-05,0.0073980752622602175,-0.0025297060662914372,0.005973638603307378,-0.005174486091073627,-0.012586014232782494,0.015048996890193378,-0.0030777327535395083,-0.007890448110273507,0.011322308580155668,-0.0024584308165858104,0.21433873773730716,0.01130481751515348,0.0586262051339177,0.0009292839835721711,-0.006181166757535661,0.01639967942820974,2.0,8.0,21681.900390625,0.013864598959296481,0.03659062229615184,0.008670961349912056,1.0,5840.08984375,0.029930978587810575,0.05005671033027026,0.013514901955355648,1.0,6445.759765625,0.01134543584661274,0.02326804328526566,0.006635884490373779,1.0,4.29,0.004683840749414525,0.0165876777251186,0.010416054930033739,1.0,3.72,-0.010638297872340274,0.0,0.017217528142451564,1.0,1389.7900390625,0.0014266941333140881,0.0044811493255600965,0.003390409324620059,1.0,14.729999542236328,-0.09353848970853362,-0.1747899592468527,0.07658115985334558,1.0
2025-08-14,3226.52,3239.55,3210.83,3225.66,440609200,0.0006667969246705319,1.0,-0.0002665410411217817,0.0,0.010802812618537772,-0.005257626833230944,-0.0010093426500229485,0.009236618784668638,-0.002774645333955994,0.008201642204531456,0.007856152150430505,0.003929947181410265,-0.009248817779853535,0.015300597681870042,0.008640656066727814,0.011922620654159166,0.011390792957197858,0.0077192311334508545,0.23851318650083342,0.011229689838016038,0.06639974454322473,0.011125705740914427,-0.00031934023686985835,0.010721305616772831,3.0,8.0,21713.140625,0.0014408439210664703,0.02568425139335817,0.008673563881827022,1.0,5892.60986328125,0.008993015678937955,0.06167415646712504,0.013568932130959966,1.0,6466.580078125,0.0032300788824048965,0.01915191005428918,0.0066363457359064175,1.0,4.24,-0.011655011655011593,0.004739336492891155,0.010525454327789518,1.0,3.67,-0.013440860215053863,-0.005420054200542035,0.017048711859900145,1.0,1383.0899658203125,-0.004820924782787395,-0.0025169772714047633,0.0034995782847746224,1.0,14.489999771118164,-0.01629326399026665,-0.13595710342333245,0.07660322747158996,1.0
2025-08-18,3202.63,3206.77,3177.28,3177.28,325451302,-0.007139624138935874,0.0,-0.007915369555646423,0.0,0.00040007815480236353,0.010802812618537772,-0.005257626833230944,-0.0054745203985524515,-0.03883294715046348,-0.0006258365141526001,0.006622586188531242,0.004457946579376149,-0.006094705186353799,0.015288505081976796,0.009668927653633919,0.010453310946060723,0.011387375070818787,0.0075969762032424,0.2397801522023213,0.011223896943000683,0.06317032288550517,0.0006667969246705319,-0.0002665410411217817,0.008907166361180713,0.0,8.0,21622.98046875,-0.004039002639741107,0.008063439627549851,0.00870319351316584,3.0,5752.740234375,-0.022555470269011058,0.013159554666367423,0.0145400930943764,3.0,6449.7998046875,-0.0028971350972291088,0.009445195991867106,0.006644100457874703,3.0,4.33,0.00932400932400923,0.014051522248243575,0.011179535556090314,3.0,3.75,0.002673796791443861,-0.0026595744680850686,0.017570375183058713,3.0,1387.8699951171875,0.006592759995913244,0.0020939258434535812,0.0037096634250601856,3.0,15.09000015258789,0.017532045193487944,-0.003960360887996117,0.07661548843635133,3.0
2025-08-19,3185.04,3185.48,3142.48,3151.56,284895226,0.0024423406183904373,1.0,-0.010511641926004067,0.0,-0.014998480931034175,0.00040007815480236353,0.010802812618537772,-0.0010093426500229485,0.009085051339836836,-0.010196229918286837,0.009357158281723803,-0.008586500615639259,0.018551585075383015,0.009356103976064557,-0.007272796578845386,-0.003384492812265716,0.011906577417290945,-0.007348162959260218,0.21012500095217068,0.011454054283216513,0.044060200522729076,-0.007139624138935874,-0.007915369555646423,0.009142315061103707,1.0,8.0,21629.76953125,0.00031397440837599433,0.011426914444497616,0.008695402203180259,1.0,5776.31005859375,0.004097147317362104,0.018683073453201082,0.014564235080019966,1.0,6449.14990234375,-0.00010076318078544588,0.011877351310743078,0.006650459486152536,1.0,4.34,0.002309468822170757,0.016393442622950838,0.010815758267635995,1.0,3.77,0.005333333333333412,0.0026595744680850686,0.017571390054297364,1.0,1387.97998046875,7.924758943511634e-05,0.000122438855337359,0.003707190188069429,1.0,14.989999771118164,-0.006626930447881874,-0.07753847562349758,0.0765276227405413,1.0
2025-08-20,3121.52,3132.83,3079.27,3130.09,334696928,-0.0095317874322558,0.0,0.0027454573412952765,1.0,-0.008094974317655379,-0.014998480931034175,0.00040007815480236353,-0.005257626833230944,0.015963783654991737,-0.01721670091712224,0.009697608072737151,-0.013212029973485917,0.0012103883726470865,0.00946264694768978,-0.015426103223492693,-0.018453287488203962,0.01190652169340777,-0.014471498317222276,0.21509675479147305,0.011373255285403117,0.03245400510162,0.0024423406183904373,-0.010511641926004067,0.013533588478195186,2.0,8.0,21314.94921875,-0.014554954552111976,-0.016924308536795274,0.00935071576278734,1.0,5671.509765625,-0.018143121111172444,-0.028866007653189252,0.014603496206792963,1.0,6411.3701171875,-0.005858103118756786,-0.005335235827574336,0.0068327685110927796,1.0,4.3,-0.009216589861751112,0.002331002331002363,0.01090262785660948,1.0,3.75,-0.0053050397877983935,0.008064516129032251,0.017572825825738995,1.0,1386.9100341796875,-0.000770865793540576,-0.0020722589757192766,0.003414789628466974,1.0,15.569999694824219,0.038692457142231795,0.05702648870960925,0.07705713739664691,1.0
2025-08-21,3140.71,3166.54,3134.86,3141.74,276428963,0.003392873687338094,1.0,0.0003279513231084774,1.0,-0.006812499206741984,-0.008094974317655379,-0.014998480931034175,0.010802812618537772,4.377736085059425e-05,-0.018752880175302633,0.009795318903255244,-0.016249333708803104,-0.021235146966854246,0.00783801761423557,-0.020054493421874375,-0.012571215858975249,0.011667278644247952,-0.020575153050288786,0.2075545216408381,0.01143755616520178,0.02241707472347354,-0.0095317874322558,0.0027454573412952765,0.016994758151518595,3.0,8.0,21172.859375,-0.006666206064662283,-0.024882685528132775,0.009422938521330795,1.0,5630.81982421875,-0.0071744461506302315,-0.044426840591263006,0.014701340708509479,1.0,6395.77978515625,-0.0024316693228262354,-0.01094864551484509,0.006663082136836275,1.0,4.29,-0.0023255813953487747,0.011792452830188704,0.010532715674890277,1.0,3.74,-0.002666666666666595,0.019073569482289,0.017264468853378446,1.0,1391.3399658203125,0.0031941016586884974,0.005964904817386207,0.0034543510732725187,1.0,15.6899995803833,0.007707121895382807,0.08281572313458607,0.07536644288847942,1.0
2025-08-22,3165.41,3181.95,3159.45,3168.73,236476916,0.007534041645712364,1.0,0.0010488372754240416,1.0,0.0037219377078612226,-0.006812499206741984,-0.008094974317655379,0.00040007815480236353,0.009236618784668638,-0.02562671157466423,0.007381459372034539,-0.007432550692422102,-0.017635250489347,0.008034493218468051,-0.014667366262642756,-0.013201330498120223,0.011653898521546118,-0.016282929421226333,0.1880729087883828,0.011218988103608022,0.023451421125498806,0.003392873687338094,0.0003279513231084774,0.010121114728330443,4.0,8.0,21100.310546875,-0.003426501203265042,-0.028113336769263864,0.009454574955967202,1.0,5603.259765625,-0.00489450194716079,-0.047953604119771565,0.014739336692869483,1.0,6370.169921875,-0.004004181529308926,-0.015207468237571131,0.006731286701496036,1.0,4.33,0.00932400932400923,0.00932400932400923,0.01064754172369415,1.0,3.79,0.013368983957219305,0.013368983957219305,0.01747116262312377,1.0,1396.9100341796875,0.004003384144931843,0.013149309170120471,0.0033468771051434064,1.0,16.600000381469727,0.05799877791100583,0.11935269500131884,0.07633366569532749,1.0
2025-08-25,3195.14,3209.86,3180.12,3209.86,219847954,0.008334569370062939,1.0,0.004606996876506342,1.0,0.008590780904848883,0.0037219377078612226,-0.006812499206741984,-0.014998480931034175,-0.0054745203985524515,-0.01764910126919761,0.009521595615451673,0.004708486055271521,-0.018263892331333853,0.007938400251440127,-0.004361826072421082,-0.006807817079095391,0.011822193814041673,-0.007494540206708589,0.20154177505100068,0.01121736968765469,0.029273452600419914,0.007534041645712364,0.0010488372754240416,0.007161636545353849,0.0,8.0,21496.5390625,0.018778326259453193,-0.005847547540115294,0.010329276804050921,3.0,5754.4599609375,0.02698432727322153,0.00029894041664246807,0.015950752457499513,3.0,6466.91015625,0.015186444876893468,0.0026528500233549135,0.007496518832509305,3.0,4.26,-0.01616628175519641,-0.01616628175519641,0.011108778458974216,3.0,3.68,-0.02902374670184693,-0.01866666666666661,0.018521817657949004,3.0,1399.6099853515625,0.0019328024753293427,0.008458998519802696,0.003317604060616921,3.0,14.220000267028809,-0.1433734975751969,-0.057654067379838914,0.08309780974093887,3.0
2025-08-26,3199.92,3199.92,3175.31,3179.36,324969378,-0.0030967082676502944,0.0,-0.006425160629015658,0.0,0.012979963581624121,0.008590780904848883,0.0037219377078612226,-0.008094974317655379,-0.0010093426500229485,0.01025405378185118,0.009307282555321175,0.015651203203649322,-4.672882639000786e-05,0.00905869012842134,0.008566274649288053,0.004320958683374787,0.012184492363786745,0.005170748693847482,0.20212722131715455,0.01122452513330677,0.03959586350191091,0.008334569370062939,0.004606996876506342,0.0093854635768905,1.0,8.0,21449.2890625,-0.0021980282436453447,-0.00834407729075648,0.010336564598433776,1.0,5756.2998046875,0.00031972483299713694,-0.003464193179256281,0.015550461210499468,1.0,6439.31982421875,-0.004266385548063467,-0.0015242440125988743,0.007576246298784503,1.0,4.28,0.0046948356807512415,-0.013824884792626668,0.011113146261648821,1.0,3.73,0.013586956521739024,-0.010610079575596787,0.01887796925119076,1.0,1382.8900146484375,-0.011946164201540155,-0.0036671752416728154,0.004040410683721253,1.0,14.789999961853027,0.040084365971908564,-0.013342215631682919,0.08355643298612406,1.0
2025-08-27,3185.87,3189.31,3165.77,3187.16,281361214,0.002047581903276141,1.0,0.0004049129437171395,1.0,-0.009501972048625129,0.012979963581624121,0.008590780904848883,-0.006812499206741984,-0.005257626833230944,0.008821028316135626,0.00970450611002957,0.004233792257378299,-0.00854754160728699,0.00955186458893484,-0.00015598190609888984,-0.009397043794710735,0.012336867233201437,-0.003909970424582521,0.1686073864972948,0.011146806597637391,0.027174227340029722,-0.0030967082676502944,-0.006425160629015658,0.007667001053005466,2.0,8.0,21544.26953125,0.00442814064714403,0.010758660982324697,0.010312557724389153,1.0,5807.919921875,0.008967586633598312,0.024051824273808364,0.015671487248401846,1.0,6465.93994140625,0.004133995191134998,0.008511413819716873,0.007576070314551459,1.0,4.26,-0.004672897196261738,-0.009302325581395321,0.010446245635168366,1.0,3.61,-0.03217158176943702,-0.03733333333333333,0.019920042733783505,1.0,1389.050048828125,0.004454464284532111,0.0015430089881087738,0.00406600493541697,1.0,14.619999885559082,-0.011494258061691465,-0.061014760943183255,0.08235993076443063,1.0
2025-08-28,3175.33,3211.34,3164.08,3196.32,311620617,-0.0037117684709898624,0.0,0.006610336563443786,1.0,0.0024533239394091133,-0.009501972048625129,0.012979963581624121,0.0037219377078612226,0.010802812618537772,0.018232702574047188,0.008453861642192716,0.003081164610983178,-0.0008620932878984355,0.009464395265468429,0.0023836474051139867,-0.013437257202289499,0.012248854106665036,-0.000786758628127493,0.1814491765115822,0.0110511789160019,0.02698738155692637,0.002047581903276141,0.0004049129437171395,0.007404005837652849,3.0,8.0,21590.140625,0.0021291552114803824,0.019708308764979865,0.010314834808697854,1.0,5824.60986328125,0.002873652121715642,0.03441595453454016,0.01558032467137312,1.0,6481.39990234375,0.0023909843081744153,0.013386970793805686,0.007568772623549562,1.0,4.24,-0.004694835680751019,-0.011655011655011593,0.010198976483309417,1.0,3.59,-0.005540166204986208,-0.0401069518716578,0.0191126456424615,1.0,1393.949951171875,0.0035275203711224723,0.0018758789481214677,0.004140206615543543,1.0,14.850000381469727,0.015731908188168164,-0.05353723526951515,0.08212833545180978,1.0
2025-08-29,3208.8,3212.69,3184.48,3186.01,244668817,0.0039044901636882123,1.0,-0.007102343555223101,0.0,0.0028740320536151387,0.0024533239394091133,-0.009501972048625129,0.008590780904848883,0.00040007815480236353,0.01737253878424072,0.008460529618003662,0.002519849223062254,-0.008699373831166923,0.008760503754725578,0.006152149222985903,-0.01786773268765718,0.01213453943193225,0.002999282657443647,0.1842740008225361,0.011046830360617725,0.0271953486463814,-0.0037117684709898624,0.006610336563443786,0.014828248346490361,4.0,8.0,21705.16015625,0.005327410008474587,0.02866543637029917,0.010350125277464373,1.0,5853.0498046875,0.0048827204008181635,0.04457941439640489,0.013725508808568846,1.0,6501.85986328125,0.0031567194195349924,0.020672908732627393,0.0075022289487564914,1.0,4.22,-0.004716981132075526,-0.025404157043879994,0.010222388690343245,1.0,3.62,0.008356545961002881,-0.04485488126649073,0.01930570726540263,1.0,1392.75,-0.000860828016720605,-0.0029780258412492877,0.004105235730978007,1.0,14.430000305175781,-0.028282832693932725,-0.13072289315826013,0.08019359334494852,1.0
2025-09-01,3164.58,3177.4,3135.02,3142.93,259637302,-0.006726281461765793,0.0,-0.0068413501949705635,0.0,-0.0032255844220854257,0.0028740320536151387,0.0024533239394091133,0.012979963581624121,-0.014998480931034175,0.005453288857049987,0.00832501395786847,-0.00179588450444923,-0.012292058059435784,0.008778542968636331,0.004160033484503112,-0.01831184677578379,0.012138760646381573,0.000697125014978317,0.14983542896738888,0.010623379106472937,0.021610281698157374,0.0039044901636882123,-0.007102343555223101,0.008825774640836974,0.0,9.0,21455.55078125,-0.011500001529734183,-0.0019067386210789294,0.00926519794985401,3.0,5668.93994140625,-0.0314553727415412,-0.014861519605971374,0.015261779332193439,3.0,6460.259765625,-0.00639818429357164,-0.0010283722000641315,0.0065901275251543726,3.0,4.23,0.0023696682464455776,-0.00704225352112664,0.007334655371911232,3.0,3.59,-0.008287292817679592,-0.024456521739130488,0.013412785686839098,3.0,1384.4100341796875,-0.005988128393690562,-0.010860133416422446,0.004318408661272043,3.0,15.359999656677246,0.06444901814505788,0.0801687319438169,0.06320264372466945,3.0
2025-09-02,3155.73,3174.16,3151.93,3172.35,310214021,0.004072632861692904,1.0,0.005266610261334126,1.0,-0.013521614809746452,-0.0032255844220854257,0.0028740320536151387,-0.009501972048625129,-0.008094974317655379,-0.020851376695556922,0.007250177969412343,-0.011146013851185965,-0.010811134051767701,0.008529526048560651,-0.008344229274153792,0.007539887350492602,0.008842523655850108,-0.013198411977017654,0.11766504863000282,0.010689909101226039,0.006017514313182426,-0.006726281461765793,-0.0068413501949705635,0.013301904262698519,1.0,9.0,21455.55078125,-0.011500001529734183,-0.0019067386210789294,0.00926519794985401,4.0,5668.93994140625,-0.0314553727415412,-0.014861519605971374,0.015261779332193439,4.0,6460.259765625,-0.00639818429357164,-0.0010283722000641315,0.0065901275251543726,4.0,4.23,0.0023696682464455776,-0.00704225352112664,0.007334655371911232,4.0,3.59,-0.008287292817679592,-0.024456521739130488,0.013412785686839098,4.0,1388.8399658203125,0.0031998696421251527,0.004302548365270775,0.004382010499100525,1.0,15.359999656677246,0.06444901814505788,0.0801687319438169,0.06320264372466945,4.0
2025-09-03,3177.75,3187.48,3167.23,3184.42,335073544,0.0017022081422288782,1.0,0.0020989693965856038,1.0,0.009360692093046907,-0.013521614809746452,-0.0032255844220854257,0.0024533239394091133,-0.006812499206741984,-0.0022048462583664774,0.008577468395404598,-0.001449186862636287,0.006596733046491332,0.008712595912649126,0.0002822048555000123,0.007815106028115304,0.008856954777709019,-0.004345777167227505,0.11085626643602242,0.010585486137131662,0.013722462100245858,0.004072632861692904,0.005266610261334126,0.007073017852767965,2.0,9.0,21279.630859375,-0.008199273170313437,-0.007909735498954795,0.008542671224369077,1.0,5605.4599609375,-0.011197857293404834,-0.02620430638917859,0.015012109938565771,1.0,6415.5400390625,-0.006922279936861564,-0.0036929032577032173,0.0061096421479651985,1.0,4.28,0.011820330969267046,0.0,0.0077646011018974856,1.0,3.66,0.019498607242339983,-0.018766756032171594,0.014196948430765893,1.0,1392.93994140625,0.002952086407965515,0.00280039771166396,0.004284141944830304,1.0,17.170000076293945,0.11783857161935951,0.16091954838265798,0.06197528210796582,1.0
2025-09-04,3188.84,3205.61,3185.49,3200.83,285846966,0.0013880078632844128,1.0,0.0037599879580034745,1.0,0.00380475042161188,0.009360692093046907,-0.013521614809746452,0.0028740320536151387,0.0037219377078612226,-0.000859699544421888,0.008710583068372527,0.002522977226462997,0.01735732838352888,0.008335233464651487,0.002370873634827575,-0.004246404002501536,0.008121064358435801,-0.0003445280084004576,0.10883924996082661,0.01057693411841832,0.015888281489845335,0.0017022081422288782,0.0020989693965856038,0.006383280533358552,3.0,9.0,21497.73046875,0.010249219585447555,-0.002160159685734242,0.008633320521125898,1.0,5592.81982421875,-0.002254968692459669,-0.03703565141215104,0.014796471523762953,1.0,6448.259765625,0.0051000736279842585,-0.0027343550885819967,0.0060391202008947395,1.0,4.22,-0.014018691588785215,-0.009389671361502372,0.00843798270849387,1.0,3.61,-0.013661202185792476,0.0,0.014350347735548335,1.0,1394.5699462890625,0.0011701903537686409,0.00044477573722523367,0.004267740231180645,1.0,16.350000381469727,-0.047757698962177964,0.11833108819784965,0.06274284787504117,1.0
2025-09-05,3208.83,3214.64,3196.19,3205.12,323339068,0.002499351730644861,1.0,-0.00115618465297318,0.0,0.00515321471413932,0.00380475042161188,0.009360692093046907,-0.0032255844220854257,0.008590780904848883,0.0014109976472942432,0.008963800393827432,0.007403122391659744,0.01880804904288702,0.008384927847726112,0.005665771332573177,0.0008411138974528942,0.008208416906474107,0.004764487772047854,0.10106156090043483,0.010497171747834754,0.0195307902600812,0.0013880078632844128,0.0037599879580034745,0.006318262038299076,4.0,9.0,21707.689453125,0.009766565111615222,0.005444560559688449,0.00849658335237447,1.0,5667.85986328125,0.01341721017679709,-0.02691167368790881,0.015064411608870207,1.0,6502.080078125,0.008346486409699372,0.0031906958516434436,0.0061000487546946786,1.0,4.17,-0.011848341232227444,-0.01650943396226423,0.008846523131768367,1.0,3.59,-0.005540166204986208,0.0,0.014299668690750191,1.0,1389.6300048828125,-0.003542268653784708,-0.0022401688150690546,0.004335175408554229,1.0,15.300000190734863,-0.06422019365362708,0.030303016680501837,0.06292897694373596,1.0
2025-09-08,3209.81,3221.14,3206.34,3219.59,371764712,0.0014632837460064607,1.0,0.0030469093186200613,1.0,0.0013402773655581957,0.00515321471413932,0.00380475042161188,-0.013521614809746452,0.012979963581624121,0.005998097934406976,0.008742873894974176,0.007541345370984498,0.01148409615208612,0.008048504984113572,0.0058636043529509685,-0.006989540474892197,0.007929682989921796,0.006467528585119897,0.09763255856960362,0.010490754211723435,0.019354500835542465,0.002499351730644861,-0.00115618465297318,0.005764129928799661,0.0,9.0,21700.390625,-0.0003362323816525903,-0.00021974181326767095,0.008487941541494978,3.0,5761.39990234375,0.016503590653059508,-0.015658486669693272,0.015139434060155518,3.0,6481.5,-0.003165152978388819,-0.0031313906650358714,0.006164320366474631,3.0,4.1,-0.016786570743405393,-0.028436018957346043,0.009523890254186712,3.0,3.51,-0.02228412256267409,-0.0303867403314918,0.014853326870711047,3.0,1392.06005859375,0.0017487055564422427,0.005525837161816982,0.0043489199314936285,3.0,15.180000305175781,-0.007843129677328364,0.05197505087584697,0.06290393602935988,3.0
2025-09-09,3231.31,3260.05,3221.98,3260.05,439566682,0.0036402150584391446,1.0,0.00889422556176922,1.0,0.004514651557508076,0.0013402773655581957,0.00515321471413932,0.009360692093046907,-0.009501972048625129,0.02439125274823195,0.0029137721571714206,0.007235499749410401,0.00303128485354498,0.007052029795939476,0.01009628823913089,0.002984414378771394,0.007902524271950347,0.01085933043077203,0.11226689513649468,0.010409039727240898,0.02219574334603136,0.0014632837460064607,0.0030469093186200613,0.004617611821086177,1.0,9.0,21798.69921875,0.0045302683923460485,0.015993457404033462,0.008285289789243073,1.0,5809.60986328125,0.008367751198435025,0.0248141492640519,0.015151398886950431,1.0,6495.14990234375,0.0021059789159529885,0.005400732785452389,0.005968056799342202,1.0,4.05,-0.012195121951219523,-0.042553191489361875,0.009441186943510609,1.0,3.49,-0.005698005698005604,-0.02785515320334253,0.014515213915134832,1.0,1385.510009765625,-0.004705291835426895,-0.0023976528157588772,0.004463733466056441,1.0,15.109999656677246,-0.0046113733261696765,-0.01627604203046451,0.059792283913094275,1.0
2025-09-10,3272.2,3317.77,3272.07,3314.53,564165704,0.0037269367034247214,1.0,0.012936250840413388,1.0,0.012566817514031214,0.004514651557508076,0.0013402773655581957,0.00380475042161188,0.0024533239394091133,0.027645121124718397,0.004219163158483127,0.014327309068258298,0.02537932162447798,0.007088032724598145,0.020207305448511903,0.01661484920964096,0.008364667991069595,0.02270720247754876,0.10635431301880782,0.010289494772220926,0.033327906155824705,0.0036402150584391446,0.00889422556176922,0.011824486968837698,2.0,9.0,21879.490234375,0.003706231037653218,0.028189369400443587,0.008257063031420993,1.0,5819.830078125,0.0017591912510932506,0.038243091321920275,0.015139232220383997,1.0,6512.60986328125,0.0026881536531127015,0.015130421387399728,0.005927838482930635,1.0,4.08,0.007407407407407529,-0.04672897196261683,0.009690507680894286,1.0,3.54,0.014326647564469885,-0.032786885245901676,0.01504694889201862,1.0,1385.719970703125,0.00015154054176447218,-0.005183260590428618,0.004450265068241025,1.0,15.039999961853027,-0.004632673488730754,-0.12405358794271293,0.05741182479474431,1.0
2025-09-11,3336.6,3344.7,3311.86,3344.2,434936513,0.006658560942275349,1.0,0.0022777677875680524,1.0,0.016711400131899756,0.012566817514031214,0.004514651557508076,0.00515321471413932,0.0028740320536151387,0.04085830386695233,0.006350820019979788,0.022995508675244247,0.039963478457309964,0.00838570342593251,0.03313836510333634,0.039066932922872555,0.008941929419143244,0.03776952175679993,0.12345524183981293,0.010469083084699782,0.04857864229091846,0.0037269367034247214,0.012936250840413388,0.014018189905062749,3.0,9.0,21886.060546875,0.00030029550184296205,0.01806377090314215,0.007698063286990997,1.0,5958.08984375,0.023756667079452454,0.0653105286799176,0.014579653952399064,1.0,6532.0400390625,0.002983469943562689,0.012992695158486667,0.005441948759639642,1.0,4.04,-0.009803921568627416,-0.04265402843601884,0.00968809188066372,1.0,3.54,0.0,-0.01939058171745145,0.014946772233364582,1.0,1387.25,0.0011041403236027314,-0.005248891465459149,0.00431728856772994,1.0,15.350000381469727,0.02061173007998507,-0.06116207808370144,0.053393177252225255,1.0
2025-09-12,3374.65,3395.54,3362.86,3395.54,448221688,0.009105316667663566,1.0,0.006190271583719653,1.0,0.008951495385469244,0.016711400131899756,0.012566817514031214,0.0013402773655581957,-0.0032255844220854257,0.044791507202819325,0.00614028414015058,0.023098493650988816,0.04626570556139553,0.008517617744084443,0.037603750291265614,0.03716384906198722,0.00885468461697267,0.04509858856063609,0.1251635999044476,0.01048439069695673,0.05589388143353413,0.006658560942275349,0.0022777677875680524,0.009907890409801598,4.0,9.0,22043.0703125,0.00717396195120279,0.015449864440856942,0.007840491983633827,1.0,5995.39013671875,0.006260444865207493,0.05778729208874367,0.014514471141380594,1.0,6587.47021484375,0.008485890387959882,0.013132741475459397,0.005692741565523602,1.0,4.01,-0.007425742574257432,-0.0383693045563549,0.009533069509188986,1.0,3.52,-0.005649717514124353,-0.01949860724233976,0.014743190808273248,1.0,1387.199951171875,-3.607772796898612e-05,-0.0017487055564422427,0.004248698218366771,1.0,14.710000038146973,-0.04169383240506963,-0.03856210099560475,0.054183723215672525,1.0
2025-09-15,3407.78,3420.23,3391.33,3407.31,378216323,0.0036047285556937148,1.0,-0.00013791970138921084,0.0,0.015351952634411914,0.008951495385469244,0.016711400131899756,0.004514651557508076,-0.013521614809746452,0.05941119209265189,0.00495865858443362,0.026841200901662088,0.06576564417563024,0.008654339291073555,0.04672813071447335,0.052665190999671374,0.009342389906654638,0.058333581381402766,0.14030775017294994,0.010624616810068134,0.06975196307910614,0.009105316667663566,0.006190271583719653,0.009772142814424926,0.0,9.0,22141.099609375,0.004447170720106586,0.02030880420499348,0.007879254628047751,3.0,6001.740234375,0.0010591633757675023,0.04171561358437881,0.014505452860009987,3.0,6584.2900390625,-0.00048276131466740146,0.015858989286816394,0.005700089953131035,3.0,4.06,0.012468827930174564,-0.009756097560975618,0.009588381800379386,3.0,3.56,0.011363636363636465,0.014245014245014342,0.01425647105888371,3.0,1389.5,0.0016580514050494877,-0.0018390432064663287,0.004000882082323962,3.0,14.760000228881836,0.003399061224010902,-0.027667988659443088,0.05395413049041858,3.0
2025-09-16,3421.13,3452.5,3418.1,3449.62,405407668,0.00405598551349895,1.0,0.008327657820661472,1.0,0.003466311691218582,0.015351952634411914,0.008951495385469244,0.012566817514031214,0.009360692093046907,0.05830556064592063,0.00534154679750515,0.018833092228448978,0.08411895906049449,0.005335013497914869,0.041865292071842086,0.07239840366602879,0.008372620610849623,0.05820860061772404,0.1275613533476292,0.01049743236429755,0.07129174700929419,0.0036047285556937148,-0.00013791970138921084,0.0085111646453878,1.0,9.0,22348.75,0.009378503971730234,0.02523319284927239,0.00799693172841078,1.0,6059.830078125,0.009678833385238894,0.04307005474244119,0.013496963932616804,1.0,6615.27978515625,0.004706619226962694,0.018495321065515657,0.005686880212726038,1.0,4.05,-0.0024630541871920597,0.0,0.009162729150911314,1.0,3.54,-0.005617977528089901,0.014326647564469885,0.014222723048008479,1.0,1393.699951171875,0.00302263488440091,0.005911138388408732,0.004055149564672026,1.0,15.6899995803833,0.0630080851680257,0.038385171203478397,0.055612498807134585,1.0
2025-09-17,3433.83,3433.83,3406.75,3413.4,326027123,-0.004577315762315792,0.0,-0.005949624763019634,0.0,0.012417420193642448,0.003466311691218582,0.015351952634411914,0.016711400131899756,0.00380475042161188,0.058149414886274675,0.0053338675616923506,0.019921708690098683,0.0874020836288556,0.005498911844200197,0.045934942956913805,0.09457538488875339,0.008125815808199236,0.06641300759122393,0.1443537338238563,0.010564575544898236,0.08212689905435733,0.00405598551349895,0.008327657820661472,0.01009594078613337,2.0,9.0,22333.9609375,-0.0006617400302030285,0.020771539841955677,0.008008686828951924,1.0,6079.22021484375,0.003199782249463601,0.0445700532896518,0.013493532405000355,1.0,6606.759765625,-0.0012879303382402618,0.01445655494805198,0.005708236821747797,1.0,4.04,-0.0024691358024691024,-0.009803921568627416,0.009070680319967541,1.0,3.51,-0.008474576271186529,-0.008474576271186529,0.014143038302494424,1.0,1385.010009765625,-0.006235159439406668,-0.0005123408426738196,0.004301552698253123,1.0,16.360000610351562,0.04270242497685861,0.08776600078766905,0.05623253652140278,1.0
2025-09-18,3432.77,3461.3,3422.77,3461.3,390771886,0.005674693853635615,1.0,0.00831107239925788,1.0,-0.010499707214127851,0.012417420193642448,0.003466311691218582,0.008951495385469244,0.00515321471413932,0.02982926689455212,0.01019796554419901,0.003346841018290858,0.07190634401241036,0.008086747104622254,0.02781706458168398,0.09051177442182179,0.008433420545529223,0.050615221178142544,0.09980538980036346,0.010066075873380941,0.06903358328465004,-0.004577315762315792,-0.005949624763019634,0.007850140015421968,3.0,9.0,22261.330078125,-0.0032520366440261794,0.01714650886788216,0.007160028768159397,1.0,6060.22021484375,-0.0031254008455898763,0.017141462074608427,0.012668427984328616,1.0,6600.35009765625,-0.0009701681605103207,0.010457691346845266,0.005489534359429942,1.0,4.06,0.004950495049504955,0.004950495049504955,0.00915648140264632,1.0,3.52,0.002849002849002913,-0.005649717514124353,0.0142047777726712,1.0,1377.6400146484375,-0.005321257655339751,-0.006927363742340931,0.0043831891194145035,1.0,15.720000267028809,-0.03911982392701152,0.024104226473228074,0.056536439303880526,1.0
2025-09-19,3461.23,3467.89,3434.61,3445.24,348205866,-2.0223615404657558e-05,0.0,-0.004619745003943798,0.0,0.014032929044354603,-0.010499707214127851,0.012417420193642448,0.015351952634411914,0.0013402773655581957,0.03501584833442983,0.010808349435663535,0.010470498044919507,0.08137576816013348,0.008345140437982986,0.034129592903157535,0.101714336641479,0.008702243742617338,0.06014475341978853,0.11358481460628966,0.010192420173675054,0.08204121997779534,0.005674693853635615,0.00831107239925788,0.01128786547137757,4.0,9.0,22470.720703125,0.009406024899013321,0.01940067261784728,0.007013128268228828,1.0,6278.16015625,0.035962379860790206,0.04716457362789894,0.01433628600207723,1.0,6631.9599609375,0.004789119185128365,0.006753692182698501,0.0054569270267922475,1.0,4.11,0.012315270935960854,0.02493765586034935,0.009763837845047101,1.0,3.57,0.014204545454545414,0.014204545454545414,0.014721137406567459,1.0,1378.68994140625,0.0007621198184204481,-0.006134667001996275,0.004266860329834386,1.0,15.699999809265137,-0.0012722937292578562,0.06730113994227249,0.05652459461349721,1.0
2025-09-22,3463.84,3482.25,3458.87,3468.65,287161224,0.005398753062196171,1.0,0.0013886322693887898,1.0,-0.004639875191402187,0.014032929044354603,-0.010499707214127851,0.003466311691218582,0.004514651557508076,0.014636847158331134,0.01062109483534087,0.0028718852736266953,0.07491763178913735,0.009050717871986804,0.021999490964017987,0.08726208922817658,0.008906680131760636,0.05077625453792378,0.1187442361895854,0.01012487380337857,0.07497258022821596,-2.0223615404657558e-05,-0.004619745003943798,0.009614884580937724,0.0,9.0,22631.48046875,0.0071541882322734285,0.022147990299784537,0.0069008199004892195,3.0,6232.25,-0.00731267682050063,0.038407154695692114,0.014438867475692316,3.0,6664.35986328125,0.004885418870829605,0.012160737717160197,0.00531705400460978,3.0,4.14,0.007299270072992581,0.019704433497536922,0.009649023526039493,3.0,3.57,0.0,0.002808988764044784,0.014272737821580955,3.0,1386.75,0.005846172044694065,-0.001979129183159456,0.004476020012838401,3.0,15.449999809265137,-0.01592356707243181,0.04674793832544366,0.05503829419068315,3.0
2025-09-23,3489.46,3494.49,3467.83,3486.19,357607579,0.005999452236460812,1.0,-0.0009371077473305789,0.0,0.006794882214301579,-0.004639875191402187,0.014032929044354603,0.012417420193642448,0.012566817514031214,0.018002471157599453,0.010764469727172522,0.006093440096158531,0.07735767597737597,0.009001692533512315,0.02139762731508732,0.08062345398241666,0.008691642010383437,0.053757538096236956,0.13505173530893932,0.010064627488876696,0.07995907634930144,0.005398753062196171,0.0013886322693887898,0.006786174548072155,1.0,9.0,22788.98046875,0.006959332608287738,0.01969821438559194,0.005969672028679086,1.0,6330.1201171875,0.015703817591961267,0.04460356735714477,0.01375689210928583,1.0,6693.75,0.004410046474333074,0.011861964632218003,0.004407891062930955,1.0,4.15,0.0024154589371983004,0.024691358024691468,0.009112833392312072,1.0,3.61,0.011204481792717047,0.0197740112994349,0.013189161491699453,1.0,1396.22998046875,0.006836113552370682,0.0018153328445966732,0.0038663057410791173,1.0,16.100000381469727,0.04207123496628107,0.026131345573714215,0.04462468641837556,1.0
2025-09-24,3492.03,3497.95,3442.41,3472.14,286356765,0.0016751812150226364,1.0,-0.005695827355435168,0.0,0.005056722355959886,0.006794882214301579,-0.004639875191402187,-0.010499707214127851,0.016711400131899756,0.010601167664844313,0.009712690936764934,0.009040346678800049,0.06936703424794088,0.008845348928425171,0.01977184799148657,0.09650684414473343,0.008097710342666603,0.054172948723298475,0.13493830777745242,0.010064129462082908,0.08309056688126226,0.005999452236460812,-0.0009371077473305789,0.007685987343779238,2.0,9.0,22573.470703125,-0.009456753272509166,0.010724016500935463,0.006495970603241794,1.0,6308.2099609375,-0.003461254422409743,0.03766761821435938,0.01384836446872826,1.0,6656.919921875,-0.005502159197012135,0.007592247641723393,0.004504049829559693,1.0,4.12,-0.0072289156626507145,0.01980198019801982,0.009092237024917616,1.0,3.53,-0.02216066481994461,0.005698005698005604,0.013543379498984083,1.0,1389.3900146484375,-0.004898881929190635,0.0031624355433745865,0.003926395687423621,1.0,16.639999389648438,0.0335403102723042,0.01711483917180967,0.04439390319039189,1.0
2025-09-25,3458.98,3479.42,3454.08,3471.11,292364310,-0.0037901697512197075,0.0,0.003506814147523185,1.0,-0.004030187683402242,0.005056722355959886,0.006794882214301579,0.014032929044354603,0.008951495385469244,0.017208648268588478,0.007860776310903761,0.0015680600362764086,0.04755123652523885,0.008684077380594698,0.011000888375385376,0.08941502779904376,0.008317010274545322,0.045420043495187246,0.12379719385690935,0.010083615576703096,0.07659327778531688,0.0016751812150226364,-0.005695827355435168,0.015931432308623445,3.0,9.0,22497.859375,-0.0033495659183030435,0.010625119705107933,0.00661113887080463,1.0,6297.0,-0.0017770430925596603,0.03907115199812172,0.013881620916506536,1.0,6637.97021484375,-0.002846617843333288,0.0056997154137110595,0.00457322221580587,1.0,4.16,0.009708737864077666,0.024630541871921263,0.009421140479033552,1.0,3.57,0.011331444759206777,0.014204545454545414,0.011955174152494887,1.0,1391.8499755859375,0.001770533048002676,0.010314712687208294,0.003862919936099185,1.0,16.18000030517578,-0.02764417676354103,0.0292620884435848,0.04488877669156514,1.0
2025-09-26,3440.39,3441.91,3365.73,3386.05,398640151,-0.00885019489442862,0.0,-0.015794720947334362,0.0,-0.00029664702460141523,-0.004030187683402242,0.005056722355959886,-0.004639875191402187,0.015351952634411914,0.0028341952445611884,0.005194593243256809,0.000704593639168527,0.03794928532982489,0.008672279503090885,0.006979881347819239,0.08597074135255545,0.00837611275792423,0.04080432344390683,0.1287942349092377,0.010049758905912256,0.07407560404781544,-0.0037901697512197075,0.003506814147523185,0.007298092818837992,4.0,9.0,22384.69921875,-0.005029818809150544,-0.0038281586741913953,0.006805477653276944,1.0,6284.669921875,-0.0019580876806415404,0.0010368906595221716,0.013946748288367833,1.0,6604.72021484375,-0.0050090613431266195,-0.0041073447750277214,0.004777135161236191,1.0,4.18,0.004807692307692291,0.01703163017031617,0.009472159294907148,1.0,3.64,0.019607843137255054,0.019607843137255054,0.012695508387498979,1.0,1403.6500244140625,0.008477960293929998,0.018104203315180145,0.004301593509780857,1.0,16.739999771118164,0.03461059674784095,0.0662420365915728,0.04530041069968076,1.0
2025-09-29,3414.43,3439.12,3413.33,3431.21,415991050,0.008381447409222975,1.0,0.0049144366702496,1.0,-0.024505129483076038,-0.00029664702460141523,-0.004030187683402242,0.006794882214301579,0.003466311691218582,-0.01718022547050413,0.01255892238534037,-0.020474839939968015,-0.0027948426465304044,0.01146487503289659,-0.017425780614091058,0.06278699690208134,0.010457336223989077,0.012263423166648968,0.08657144599152189,0.010506528226975733,0.04629951173925484,-0.00885019489442862,-0.015794720947334362,0.021946870021405208,0.0,9.0,22484.0703125,0.00443924185797262,-0.006513500363069302,0.006784324195965473,3.0,6305.0498046875,0.0032427928699267916,0.011681143196678567,0.013945490009036198,3.0,6643.7001953125,0.005901836747171263,-0.0031000228667991125,0.004882047990307594,3.0,4.2,0.004784688995215447,0.01449275362318847,0.009496728997021373,3.0,3.63,-0.0027472527472528485,0.01680672268907557,0.012588547452076299,3.0,1408.9200439453125,0.00375451105303104,0.015987051700243393,0.004086533023163744,3.0,15.289999961853027,-0.08661886673181729,-0.010355977306624964,0.049383238743681404,3.0
2025-09-30,3436.0,3443.38,3421.89,3424.6,525793735,0.0013960089880828974,1.0,-0.003317811408614646,0.0,0.013337074171970276,-0.024505129483076038,-0.00029664702460141523,0.005056722355959886,0.012417420193642448,-0.010793824686837872,0.01412877120297513,-0.005256077974337137,0.007014330953156733,0.012217741581131843,-0.005011177352645113,0.09172332823193652,0.009921084286987914,0.02136291959156922,0.12341042733475649,0.010235321872517883,0.058199899645242636,0.008381447409222975,0.0049144366702496,0.0076165443510875395,1.0,9.0,22591.150390625,0.00476248635752885,-0.008680953428183424,0.006042059478060948,1.0,6315.10986328125,0.0015955557696420986,-0.0023712431404728784,0.011241693440584373,1.0,6661.2099609375,0.00263554421636214,-0.004861257002801156,0.004559962406444371,1.0,4.15,-0.011904761904761862,0.0,0.009824604794700617,1.0,3.63,0.0,0.005540166204986097,0.012429402973093785,1.0,1408.7099609375,-0.0001491092476931799,0.00893834156501927,0.004055214469288795,1.0,16.1200008392334,0.05428390316881204,0.0012422644279370676,0.04877742678278545,1.0
2025-10-01,3444.06,3459.74,3440.42,3455.83,493175502,0.005682415464579815,1.0,0.0034174782088580713,1.0,-0.0019264341150789788,0.013337074171970276,-0.024505129483076038,-0.004030187683402242,-0.010499707214127851,-0.01766685120432343,0.013580500470837462,-0.00361417529477559,-0.007252972791205958,0.01152002768012412,-0.006206926371500332,0.07951518590319484,0.009947703181136866,0.015582486050791156,0.11934420013923974,0.01024778216750649,0.054182862833251244,0.0013960089880828974,-0.003317811408614646,0.006263096691837642,2.0,10.0,22660.009765625,0.003048068549381,0.0038336622506178752,0.005481489999605429,1.0,6369.81982421875,0.00866334270059288,0.00976661583282068,0.01054752367434058,1.0,6688.4599609375,0.0040908483833717035,0.004737932772611142,0.004128503333099692,1.0,4.16,0.00240963855421672,0.009708737864077666,0.009399039338248389,1.0,3.6,-0.008264462809917328,0.019830028328611915,0.011742247217415144,1.0,1399.3299560546875,-0.006658577807294064,0.007154176510161037,0.004336269859683878,1.0,16.280000686645508,0.00992554833016479,-0.02163453823363004,0.040781243605560666,1.0
2025-10-02,3525.48,3565.96,3512.16,3549.21,401582657,0.020154347870120937,1.0,0.006730998332141969,1.0,0.009119313204461799,-0.0019264341150789788,0.013337074171970276,-0.00029664702460141523,0.014032929044354603,-0.004697391234224413,0.014677280443421847,0.006427356600344769,0.01243042128083438,0.011328545776172556,0.0016224995884335236,0.08523059144208367,0.010016330520441694,0.020736050103592474,0.10943353825904101,0.010070785702724256,0.061939098054075936,0.005682415464579815,0.0034174782088580713,0.005641534777784182,3.0,10.0,22755.16015625,0.004199044555106113,0.011436678350648544,0.0052309891022654376,1.0,6500.27978515625,0.02048094993856453,0.03228200494779254,0.01078097922197943,1.0,6711.2001953125,0.003399920834961989,0.01103198388944171,0.004080558772103083,1.0,4.12,-0.009615384615384581,-0.009615384615384581,0.009135247581057692,1.0,3.55,-0.01388888888888895,-0.0056022408963585235,0.011755515834148378,1.0,1403.1500244140625,0.002729926807359506,0.008118726174757507,0.004367832097510871,1.0,16.290000915527344,0.0006142646474234237,0.00679855428163223,0.03932425513859431,1.0
2025-10-10,3598.11,3617.86,3569.44,3610.6,406637218,0.013777713913800671,1.0,0.0034712668595455742,1.0,0.027021005084162164,0.009119313204461799,-0.0019264341150789788,-0.024505129483076038,-0.004639875191402187,0.022500007202306938,0.01929484782486458,0.028941432953168533,0.025397971860283697,0.013489692085020615,0.026072969159210535,0.1088405194902573,0.011249701101035837,0.042951392495748975,0.13257960137088598,0.010572910681386834,0.08831801086822666,0.020154347870120937,0.006730998332141969,0.015567895411522032,4.0,10.0,23024.630859375,-0.0008136826846035783,0.007904906176851023,0.005845228864671019,1.0,6840.2001953125,-0.0029153668159226376,0.03226804322743515,0.014818024383148012,1.0,6735.10986328125,-0.002755570407195318,0.0029424773597279685,0.003767254111995745,1.0,4.14,0.002421307506053294,0.009756097560975618,0.007642030352577778,1.0,3.6,0.005586592178770999,0.014084507042253502,0.010321587833648312,1.0,1422.52001953125,0.005620134418268474,0.014766570626267184,0.00430283690292373,1.0,16.43000030517578,0.007975526024544655,-0.012026389999023945,0.03892661029147779,1.0
2025-10-13,3550.08,3584.55,3522.54,3584.55,407212099,-0.016761757048689985,0.0,0.009709640346133197,1.0,0.017296806895055417,0.027021005084162164,0.009119313204461799,0.013337074171970276,0.006794882214301579,0.06631620915225689,0.010642113069937906,0.033285731865414725,0.047996656256168,0.01395830541342674,0.03885446916596713,0.12651008386581464,0.01152117737319412,0.05470758855771085,0.1342567140922899,0.010607576160053997,0.1047295731276503,0.013777713913800671,0.0034712668595455742,0.013642472550229509,0.0,10.0,22204.4296875,-0.035622771843095036,-0.02528828740234268,0.010244771223047771,3.0,6407.60009765625,-0.06324377727317176,-0.02675381021248191,0.02155476919542174,3.0,6552.509765625,-0.02711167321141361,-0.024312891333376663,0.007357132552654708,3.0,4.05,-0.021739130434782594,-0.01937046004842613,0.008823842740916799,3.0,3.52,-0.022222222222222254,-0.016759776536312887,0.011265657006173857,3.0,1421.510009765625,-0.0007100144474295744,0.011297428788265229,0.004324031069530895,3.0,21.65999984741211,0.3183201123002275,0.30090092154152726,0.07986752861581785,3.0
2025-10-14,3604.12,3646.77,3535.52,3561.81,733003134,0.005459541643999755,1.0,-0.01173934275218358,0.0,-0.007214867335068931,0.017296806895055417,0.027021005084162164,-0.0019264341150789788,0.005056722355959886,0.04468977416130171,0.01392675102868753,0.01690573334490786,0.03341357588687255,0.014429473160111719,0.027931413312135556,0.1133560484409506,0.011895220923603596,0.04154605177613169,0.12871838955591874,0.01066111709473292,0.094477588508731,-0.016761757048689985,0.009709640346133197,0.01717443084251931,1.0,10.0,22694.609375,0.02207576120615018,-0.010769074252935162,0.011193423436939985,1.0,6723.47021484375,0.04929616586138663,-0.0074681717186461105,0.023850527716932347,1.0,6654.72021484375,0.015598671787557583,-0.012693771332893844,0.008105739562110425,1.0,4.05,-0.021739130434782594,-0.01937046004842613,0.008823842740916799,4.0,3.52,-0.022222222222222254,-0.016759776536312887,0.011265657006173857,4.0,1429.030029296875,0.0052901629109807224,0.016336407938433384,0.004404736635875571,1.0,19.030000686645508,-0.12142193810222157,0.16249234642902288,0.08534499219638328,1.0
2025-10-15,3580.64,3659.91,3577.06,3657.28,543145031,0.005286637973390018,1.0,0.021403994816569183,1.0,-0.006343892538812512,-0.007214867335068931,0.017296806895055417,0.009119313204461799,-0.004030187683402242,0.040065993108684195,0.014888910278245151,0.0026489134106519874,0.021691301965756304,0.014730029834343784,0.01920015703730571,0.09256299750003816,0.012050369580528247,0.03042117747087536,0.11235997164298883,0.010684137981756669,0.08554684291540049,0.005459541643999755,-0.01173934275218358,0.031035973832140712,2.0,10.0,22521.69921875,-0.007618996801966316,-0.011701595181202062,0.011349189252653184,1.0,6570.330078125,-0.02277694878169534,-0.009710929977271077,0.024674428148827414,1.0,6644.31005859375,-0.0015643266604626893,-0.01046672794491943,0.00810887598720269,1.0,4.03,-0.004938271604938205,-0.03588516746411474,0.008876138283569644,1.0,3.48,-0.011363636363636354,-0.033333333333333326,0.01147424984876807,1.0,1426.0699462890625,-0.002071393145789191,0.011454480992098226,0.004121013035063453,1.0,20.809999465942383,0.09353645376092956,0.20707655117287005,0.0870229842905933,1.0
2025-10-16,3675.82,3748.37,3675.82,3748.37,495037783,0.0050693411497069185,1.0,0.019737092675919943,1.0,0.026803787961738657,-0.006343892538812512,-0.007214867335068931,0.027021005084162164,-0.00029664702460141523,0.05829279796749276,0.01715634332768877,0.017978172344399468,0.05332158265507747,0.01640258539606781,0.04100363626013137,0.10340832636904773,0.01277778310725798,0.05282066398909335,0.1374685874947128,0.011157254465599052,0.11214665426447623,0.005286637973390018,0.021403994816569183,0.023260645570650853,3.0,10.0,22670.080078125,0.006588350991361569,-0.016199913698780266,0.011392084134788767,1.0,6767.06005859375,0.02994217613567618,-0.01357688319101702,0.02525987637366273,1.0,6671.06005859375,0.004026001159503689,-0.012239203523463194,0.008144084190313273,1.0,4.05,0.004962779156327368,-0.021739130434782594,0.008931971117681384,1.0,3.5,0.005747126436781658,-0.019607843137254832,0.011413576334761168,1.0,1429.4300537109375,0.0023562009918367544,0.010505035442650579,0.0038002151097727473,1.0,20.639999389648438,-0.008169153323245748,0.2662576905353613,0.08627558107091707,1.0
2025-10-17,3732.76,3794.87,3722.07,3748.89,420056800,-0.0041644768259269105,0.0,0.004321199327039338,1.0,0.024906487881704242,0.026803787961738657,-0.006343892538812512,0.017296806895055417,-0.024505129483076038,0.056113895768354016,0.016698440780287347,0.0318918921895035,0.07987646602959853,0.017350979703578344,0.05857720143543377,0.12085700615991879,0.013513698836007249,0.07280179267289744,0.1763725607115283,0.011435243763313334,0.1366089520244529,0.0050693411497069185,0.019737092675919943,0.019837146731997473,4.0,10.0,22562.5390625,-0.004743742203573875,-0.020069455171605854,0.011279581496687717,1.0,6800.02001953125,0.004870647024278085,-0.0058741227791526684,0.02424457784774202,1.0,6629.06982421875,-0.006294387099829435,-0.015744366642126084,0.008218259469530488,1.0,3.99,-0.014814814814814725,-0.03389830508474567,0.009452514825665812,1.0,3.41,-0.02571428571428569,-0.04748603351955305,0.012737920598442335,1.0,1420.0899658203125,-0.006534134263077251,-0.0017082738222118365,0.004235776746998509,1.0,25.309999465942383,0.22625970030968534,0.5404746802085709,0.0979649292054751,1.0
2025-10-20,3775.4,3814.69,3728.38,3814.69,409414711,0.007071426475570242,1.0,0.010406844307887964,1.0,0.00013872696665484519,0.024906487881704242,0.026803787961738657,-0.007214867335068931,0.013337074171970276,0.0383011133883564,0.01686613600720658,0.02423651295837903,0.10715730718684013,0.013586818189874563,0.047985385360481025,0.10406297672829656,0.013375634276542097,0.06755251350640212,0.17435759282521324,0.011439730478242845,0.13357794285095692,-0.0041644768259269105,0.004321199327039338,0.01942177533167743,0.0,10.0,22679.970703125,0.005204717443356266,0.02141649311951066,0.011225206229536346,3.0,6777.97998046875,-0.0032411726729032475,0.05780321449023895,0.02415904044086019,3.0,6664.009765625,0.0052707155502571545,0.017016380591287072,0.008230730445937471,3.0,4.02,0.007518796992481036,-0.02898550724637683,0.009157790042776826,3.0,3.46,0.014662756598240456,-0.03888888888888897,0.012768046554974287,3.0,1415.719970703125,-0.0030772663861921012,-0.004073160950484378,0.004222606317715208,3.0,20.780000686645508,-0.1789805956097521,-0.040627847043671284,0.10809672883325239,3.0
2025-10-21,3851.01,3893.06,3816.19,3823.84,525019359,0.009521088214245577,1.0,-0.007055291988335544,0.0,0.017551862017823883,0.00013872696665484519,0.024906487881704242,-0.006343892538812512,-0.0019264341150789788,0.06420331701329318,0.014932112332599182,0.029270348561116988,0.11176232291232546,0.013755352740846738,0.05506912716427759,0.1195605917864826,0.013655930932536562,0.08002549237168255,0.19655151863039388,0.011584528811904367,0.14984322881720202,0.007071426475570242,0.010406844307887964,0.023022814753166924,1.0,10.0,22990.5390625,0.01369350796084623,0.013039646667194482,0.011536342526259472,1.0,6885.02978515625,0.015793762300268188,0.024029194024808298,0.024161246939930915,1.0,6735.1298828125,0.010672270853256949,0.01208310272600066,0.00852015593643291,1.0,4.0,-0.004975124378109319,-0.012345679012345623,0.008977156052491496,1.0,3.46,0.0,-0.017045454545454586,0.012768046554974287,1.0,1419.739990234375,0.002839558397451647,-0.006500940408558753,0.004023906603302608,1.0,18.229999542236328,-0.12271419923715232,-0.0420389445897702,0.11252405591037583,1.0
2025-10-22,3827.23,3883.68,3794.52,3883.68,596440825,0.0008865433700153691,1.0,0.014749570838439308,1.0,0.0023986221685117215,0.017551862017823883,0.00013872696665484519,0.026803787961738657,0.009119313204461799,0.07356652937691788,0.012465787328528547,0.01735373730848666,0.1165800385446476,0.013375756730195124,0.04604915268935339,0.10848151390587946,0.01358207658762697,0.07691111844602894,0.19092690006571567,0.011572443755673293,0.14906248874691497,0.009521088214245577,-0.007055291988335544,0.020151047660491386,2.0,10.0,22953.669921875,-0.0016036657742026783,0.019180200344979692,0.011310908037214405,1.0,6839.27001953125,-0.0066462698133354925,0.04093248561463425,0.024226820283687178,1.0,6735.35009765625,3.2696450934288634e-05,0.013701955245864594,0.008409479174206898,1.0,3.98,-0.0050000000000000044,-0.012406947890818976,0.008952198496114137,1.0,3.45,-0.0028901734104045396,-0.008620689655172376,0.012414832324353722,1.0,1419.739990234375,0.0,-0.004438741641782262,0.0037987998923848768,1.0,17.8700008392334,-0.01974759802757342,-0.14127816925322767,0.11261477693419406,1.0
2025-10-23,3835.79,3902.21,3822.33,3845.56,422897895,-0.012331088040209215,0.0,0.002547063316813425,1.0,0.015649190342692076,0.0023986221685117215,0.017551862017823883,0.024906487881704242,0.027021005084162164,0.06190392860267724,0.010529841751368788,0.020974822116494263,0.12380527977360001,0.013423944765234976,0.05012800503583814,0.13777465283881174,0.013240450493356589,0.08656836012581048,0.22515883581392693,0.011499111558689457,0.1628874783219445,0.0008865433700153691,0.014749570838439308,0.023316875183062014,3.0,10.0,22740.400390625,-0.009291304265325873,0.00310189960766194,0.01150468353547834,1.0,6677.56982421875,-0.02364290265638358,-0.013224388966572409,0.02499805119559,1.0,6699.39990234375,-0.005337539220865439,0.004248176976535012,0.008481653457203496,1.0,3.97,-0.002512562814070307,-0.01975308641975304,0.008870366265420714,1.0,3.45,0.0,-0.014285714285714235,0.011493409704111194,1.0,1430.739990234375,0.007747897555653083,0.000916404772683288,0.004080054489558273,1.0,18.600000381469727,0.04085056004214738,-0.09883716417171162,0.11247657434199758,1.0
2025-10-24,3893.23,3951.07,3886.64,3941.59,426080553,0.012396113959995514,1.0,0.012421562558595278,1.0,-0.009815432785399425,0.015649190342692076,0.0023986221685117215,0.00013872696665484519,0.017296806895055417,0.025928603633045944,0.011409210222085095,0.0058137770928603505,0.08349745436308353,0.013837174821359767,0.0315545341955461,0.11101609221968611,0.01360076550769081,0.07015075936245552,0.20786363336547553,0.011625137927888484,0.1476828340205827,-0.012331088040209215,0.002547063316813425,0.020568120957442454,4.0,10.0,22941.80078125,0.008856501520000837,0.016809354554441658,0.011565915921336553,1.0,6847.39013671875,0.02543145440188166,0.0069661731952908035,0.025444700834309053,1.0,6738.43994140625,0.0058273934429324825,0.016498561651579813,0.008457621491555033,1.0,4.01,0.010075566750629594,0.005012531328320691,0.008895791271620327,1.0,3.48,0.008695652173912993,0.02052785923753664,0.011357885531811824,1.0,1430.4000244140625,-0.00023761537570277103,0.007260144668224777,0.0037335275988346667,1.0,17.299999237060547,-0.06989253321222011,-0.31647571702481636,0.11382105707231323,1.0
2025-10-27,3999.79,4042.83,3999.79,4042.83,515987268,0.014765614891452339,1.0,0.010760564929658711,1.0,0.024971655623628353,-0.009815432785399425,0.015649190342692076,0.017551862017823883,-0.007214867335068931,0.051401881623627244,0.013814960086989953,0.020642320615494203,0.09167174430842517,0.014593826389242923,0.04800924003184237,0.14406833776456796,0.014058357577485353,0.08935084711918684,0.23543387296462903,0.011958035821860407,0.17196366554549125,0.012396113959995514,0.012421562558595278,0.016754386877333938,0.0,10.0,23204.869140625,0.011466770280299965,0.023143699979633503,0.011771420401945095,3.0,6976.93994140625,0.01891958864630716,0.02935387261556066,0.02564117639561607,3.0,6791.68994140625,0.00790242258787388,0.01915966216614251,0.00852971065763688,3.0,4.02,0.0024937655860348684,0.0,0.008820099823311379,3.0,3.48,0.0,0.005780346820809301,0.01025906396150962,3.0,1435.8399658203125,0.0038030909629482856,0.014211846645911796,0.0037354628503976236,3.0,16.3700008392334,-0.05375713519309755,-0.21222327727093115,0.11262320772035857,3.0
2025-10-28,4010.47,4018.22,3972.56,4010.41,407299847,-0.00800429402176206,0.0,-1.4960840001299047e-05,0.0,0.025685066178877003,0.024971655623628353,-0.009815432785399425,0.0023986221685117215,-0.006343892538812512,0.05980564606822569,0.015302893687876873,0.03463339731285986,0.12784868393522197,0.014260759097806965,0.06198714213888934,0.16553414152480062,0.014675774844737975,0.10853532689800094,0.2649457924625709,0.012289908676953265,0.19704253217958145,0.014765614891452339,0.010760564929658711,0.010919451287424609,1.0,10.0,23637.4609375,0.018642285558837957,0.028138612724187828,0.01235932416439088,1.0,7167.97998046875,0.027381637317633878,0.041096437363644434,0.026084761318119397,1.0,6875.16015625,0.012290050865671143,0.020791027919869087,0.008884783064285987,1.0,4.01,-0.0024875621890546595,0.0024999999999999467,0.008678235887017322,1.0,3.48,0.0,0.005780346820809301,0.010269662574024986,1.0,1436.969970703125,0.0007869991849454028,0.012136011232525501,0.0037267758953070085,1.0,15.789999961853027,-0.03543071763260408,-0.13384529027168468,0.1125132513517706,1.0
2025-10-29,4061.54,4084.09,4014.84,4081.15,465983864,0.012749319894973299,1.0,0.004828217868099394,1.0,-0.008019135110801101,0.025685066178877003,0.024971655623628353,0.015649190342692076,0.026803787961738657,0.04879126741704676,0.017456792185344475,0.016628413912544326,0.12594720100173795,0.014510387133567839,0.041201397611556834,0.15037046173616453,0.015089387870063484,0.09179907233790585,0.24953575612552648,0.012387369392702208,0.18276867473799996,-0.00800429402176206,-1.4960840001299047e-05,0.011294068758765482,2.0,10.0,23827.490234375,0.008039327801639073,0.03806887157801486,0.012424606512712103,1.0,7194.7099609375,0.0037290813508943366,0.05197045011985235,0.026088349546419896,1.0,6890.89013671875,0.0022879438603986557,0.023093088971963605,0.008867520636452233,1.0,3.99,-0.004987531172069737,0.002512562814070307,0.008407927530135171,1.0,3.47,-0.002873563218390718,0.005797101449275477,0.010259460898481154,1.0,1430.969970703125,-0.004175452599795237,0.007909885293078345,0.0034921752866299174,1.0,16.420000076293945,0.03989867738840602,-0.08114161694698929,0.11278773135033753,1.0
2025-10-30,4105.95,4146.72,4070.79,4086.89,565302827,0.006076718571971007,1.0,-0.004642043863174128,0.0,0.017639094257195786,-0.008019135110801101,0.025685066178877003,-0.009815432785399425,0.024906487881704242,0.050846104725415175,0.017648127314667982,0.024305851856834426,0.11589760696473883,0.013742499024444443,0.04803393645927523,0.17539903344911223,0.01502320869995133,0.10192261012948545,0.2632909981829832,0.012511240598007728,0.19862027166063312,0.012749319894973299,0.004828217868099394,0.01726756117204974,3.0,10.0,23958.470703125,0.005497031683221021,0.05356415417391536,0.01243684318062928,1.0,7327.93017578125,0.01851641213711841,0.09739476616234244,0.026036320567957804,1.0,6890.58984375,-4.3578255173426506e-05,0.028538368240917045,0.00886272261179615,1.0,4.08,0.022556390977443552,0.027707808564231717,0.010009564547339929,1.0,3.59,0.03458213256484144,0.04057971014492745,0.013026927652011777,1.0,1425.969970703125,-0.003494133421642065,-0.003333952754384528,0.0036166735863147072,1.0,16.920000076293945,0.03045066977325206,-0.09032259520002395,0.11290915108894894,1.0
2025-10-31,4083.25,4122.09,4059.74,4107.5,407398622,-0.0008906527946678233,0.0,0.0059388967121778435,1.0,0.0014064663146415857,0.017639094257195786,-0.008019135110801101,0.024971655623628353,0.00013872696665484519,0.06275548944757059,0.014998053203374214,0.013469312652415022,0.09031125529230044,0.013116256868431061,0.0404630605305103,0.1774014652373448,0.014977150338248743,0.09437475699245845,0.2557774384154716,0.012507406780208254,0.19543511094538002,0.006076718571971007,-0.004642043863174128,0.01860505004716815,4.0,10.0,23581.140625,-0.01574933904590925,0.027867901471471335,0.01309201999346928,1.0,7216.0,-0.01527445992200882,0.053832169033950716,0.026273958654910473,1.0,6822.33984375,-0.00990481243951924,0.012450938655430122,0.00921430060630701,1.0,4.11,0.007352941176470562,0.02493765586034935,0.00995296637045627,1.0,3.61,0.0055710306406684396,0.03735632183908044,0.012661171974559526,1.0,1424.010009765625,-0.0013744756045133144,-0.004467292043744964,0.003628842569068853,1.0,16.90999984741211,-0.0005910300730935791,-0.022543318314891536,0.11287789235126539,1.0
2025-11-03,4123.36,4221.92,4123.36,4221.87,471549857,0.003861229458307802,1.0,0.02389071048853375,1.0,0.00504295442255609,0.0014064663146415857,0.017639094257195786,0.025685066178877003,0.017551862017823883,0.04209215062956817,0.013359356106847768,0.010267217216183289,0.0956576479971405,0.012846982714232182,0.03624943047277207,0.21306537115518065,0.012880966585501197,0.08937098804158428,0.26562191875369745,0.012477591051624692,0.1964354815430711,-0.0008906527946678233,0.0059388967121778435,0.015256099381192144,0.0,11.0,23724.9609375,0.006098954871908369,0.022413045888048932,0.013083649509073486,3.0,7228.66015625,0.001754456243070912,0.03607888514990054,0.026156463298569407,3.0,6840.2001953125,0.0026179217059763005,0.007142589594749005,0.009220810478638463,3.0,4.11,0.0,0.022388059701492713,0.009889252396681326,3.0,3.6,-0.0027700831024930483,0.034482758620689724,0.012686825828746667,3.0,1424.02001953125,7.029280381765091e-06,-0.008232077787519776,0.003603653591967729,3.0,17.440000534057617,0.03134244183488977,0.06536344776841974,0.11300485338672697,3.0
2025-11-04,4219.24,4226.75,4117.91,4121.74,422605998,-0.0006229467037118797,0.0,-0.023108427110095642,0.0,0.027844187461959713,0.00504295442255609,0.0014064663146415857,-0.008019135110801101,0.0023986221685117215,0.04428580969271523,0.014075441440288926,0.029331737844392913,0.10673999722126837,0.013950759000665109,0.05427300868116425,0.2304318301706978,0.013485929966823552,0.10808563912749336,0.3534193966166679,0.011530452327332836,0.2232025667377453,0.003861229458307802,0.02389071048853375,0.02399513085818634,1.0,11.0,23834.720703125,0.004626341257806255,0.008345218048020353,0.01304620769491958,1.0,7270.97021484375,0.005853098316866978,0.01436809737968403,0.025548851330768972,1.0,6851.97021484375,0.0017207127269924793,-0.0033730038107067095,0.009201300276763765,1.0,4.13,0.0048661800486617945,0.029925187032419087,0.009810878913455391,1.0,3.6,0.0,0.034482758620689724,0.012557829974695149,1.0,1427.1700439453125,0.0022120646977277225,-0.006819854943118431,0.003619073034628299,1.0,17.170000076293945,-0.01548167714997506,0.08739709422259989,0.11298982386942674,1.0
2025-11-05,4055.47,4055.47,3867.81,4004.42,593144565,-0.01607816116494487,0.0,-0.012587936786611631,0.0,-0.02371697849531129,0.027844187461959713,0.00504295442255609,0.017639094257195786,0.015649190342692076,0.027760253939123514,0.019475084156757267,-0.0005068104165303344,0.07790597932967902,0.017566075260713007,0.0216685728109951,0.20356829994743908,0.015301390652515444,0.07199782986071601,0.3094241918830911,0.012102776493000126,0.18860162377491618,-0.0006229467037118797,-0.023108427110095642,0.025780045335360907,2.0,11.0,23348.640625,-0.020393781164017133,-0.020096518964644594,0.013860889835277035,1.0,6979.56982421875,-0.04007723618920944,-0.029902544770646466,0.026869058651762062,1.0,6771.5498046875,-0.011736830084583816,-0.017318565477532966,0.009576211323971538,1.0,4.1,-0.007263922518159882,0.027568922305764243,0.009509055061132834,1.0,3.58,-0.005555555555555536,0.03170028818443793,0.012560594827925327,1.0,1428.969970703125,0.0012611859150550853,-0.001397653368656826,0.0035911514441698713,1.0,19.0,0.10658124144289749,0.15712545138357692,0.11473056133101894,1.0
2025-11-06,4092.46,4111.96,3985.29,4026.45,422854875,0.02198570579509651,1.0,-0.01612966284337547,0.0,-0.02846370707516721,-0.02371697849531129,0.027844187461959713,0.0014064663146415857,-0.009815432785399425,-0.01880107322690905,0.02297496732451113,-0.025329050812903153,0.031089070160260412,0.02061383420437656,-0.010373675735147914,0.1587433409629524,0.01749112165968348,0.03410750697768594,0.25216385240775496,0.012736645967157878,0.15031119395274795,-0.01607816116494487,-0.012587936786611631,0.045529315289173956,3.0,11.0,23499.80078125,0.006474045263609396,-0.01914437392763857,0.01372331414969191,1.0,7190.27001953125,0.03018813488782368,-0.01878568066941544,0.026650650207639636,1.0,6796.2900390625,0.0036535556982648654,-0.013685302249274556,0.009524347276125038,1.0,4.17,0.017073170731707332,0.022058823529411686,0.010082869508086829,1.0,3.63,0.013966480446927276,0.011142061281337101,0.012788660154856014,1.0,1439.81005859375,0.007585945200297761,0.00970573586749568,0.00387279482130934,1.0,18.010000228881836,-0.05210525111148234,0.06442081251022302,0.11465940312312199,1.0
2025-11-07,3963.72,4037.61,3887.32,3953.76,376296053,-0.015579480683977187,0.0,-0.0025127910145014143,0.0,0.005501420929872491,-0.02846370707516721,-0.02371697849531129,0.00504295442255609,0.024971655623628353,-0.01478875134882518,0.023268159340376213,-0.01707500934968198,0.047038662769531614,0.02009711696950902,-0.009357889129865127,0.13446372573051457,0.01688085192389415,0.033428417285944034,0.2589974172487759,0.012728600784550449,0.152070798941621,0.02198570579509651,-0.01612966284337547,0.031632546036629544,4.0,11.0,23053.990234375,-0.018970822392277542,-0.022354745218139738,0.014436626782932853,1.0,7018.39013671875,-0.02390451017077455,-0.027384958880439347,0.02728873813017681,1.0,6720.31982421875,-0.011178189042419073,-0.014953816706259726,0.009849888857258801,1.0,4.11,-0.014388489208633004,0.0,0.010601512169232712,1.0,3.57,-0.016528925619834767,-0.011080332409972304,0.013356152094662944,1.0,1439.739990234375,-4.86650019957402e-05,0.011046256951058098,0.003712657554655512,1.0,19.5,0.08273180189796547,0.15316381880300622,0.11577397968071425,1.0
2025-11-10,3991.87,4092.91,3984.24,4073.24,338883240,0.009638925984379432,1.0,0.020383930338412792,1.0,-0.018053123719405373,0.005501420929872491,-0.02846370707516721,0.027844187461959713,0.025685066178877003,-0.03742909312233711,0.023622073892873668,-0.02752033624160266,0.0030875864815975707,0.019900769595547256,-0.02753325256007444,0.0950423752284939,0.017525164358191517,0.010322576688496232,0.2249541466316365,0.013019839808942904,0.12736880508903625,-0.015579480683977187,-0.0025127910145014143,0.03732568391511132,0.0,11.0,23004.5390625,-0.0021450157379379053,-0.030365566328975135,0.011761991462484753,3.0,6947.35986328125,-0.010120593477111584,-0.03891458263196035,0.022867771366218,3.0,6728.7998046875,0.0012618418007710464,-0.016286130148842948,0.007515908451943202,3.0,4.11,0.0,0.0,0.010583941281895307,3.0,3.55,-0.0056022408963585235,-0.01388888888888895,0.013341716391390058,3.0,1447.9000244140625,0.005667713778207295,0.016769430594573587,0.003864262795249147,3.0,19.079999923706055,-0.0215384654509716,0.09403665937083971,0.09117440812086172,3.0
2025-11-11,4124.3,4187.46,4066.58,4106.39,377108475,0.012535475444609201,1.0,-0.004342555100259382,0.0,0.030219335518594903,-0.018053123719405373,0.005501420929872491,-0.02371697849531129,-0.008019135110801101,-0.03520477892497875,0.024514468552175032,0.00924646214669167,0.007521958627990655,0.02057879803188336,0.0011052553577357571,0.13633231507441645,0.0181731883950557,0.0343952337835467,0.26891816536397073,0.013413691511029014,0.15669200467079536,0.009638925984379432,0.020383930338412792,0.027485229250131537,1.0,11.0,23527.169921875,0.022718597314864253,-0.01290347745546172,0.011820938078522794,1.0,7156.9501953125,0.030168342529511616,-0.015681541274708666,0.02122805069986964,1.0,6832.43017578125,0.01540101862170995,-0.0028517402221289734,0.0074962982696779685,1.0,4.13,0.0048661800486617945,0.0,0.009348769490647349,1.0,3.58,0.008450704225352101,-0.005555555555555536,0.012461068359603327,1.0,1454.0,0.004212981202487365,0.01879941088205439,0.003807340455943968,1.0,17.600000381469727,-0.07756811049026757,0.025043698501170608,0.08865406758258738,1.0
2025-11-12,4097.44,4154.62,4088.86,4150.39,333958906,-0.002179529952099246,0.0,0.012922702955992182,1.0,0.008138484351523756,0.030219335518594903,-0.018053123719405373,-0.02846370707516721,0.017639094257195786,-0.0037241553324565135,0.023153801731822975,0.0182347380960175,0.023932715108929026,0.02043098382810237,0.00687755143574309,0.15289417459100862,0.017918400812461804,0.035652337846332705,0.2805377373494202,0.013407018045852388,0.16116172632269898,0.012535475444609201,-0.004342555100259382,0.029676621068240545,2.0,11.0,23468.30078125,-0.0025021768797727217,0.005124930319150067,0.011659033045155765,1.0,6979.7001953125,-0.024766135736991934,1.8678958307427607e-05,0.021361115031678733,1.0,6846.60986328125,0.002075350517340535,0.011084620324551153,0.007466064833611987,1.0,4.13,0.0048661800486617945,0.0,0.009348769490647349,2.0,3.58,0.008450704225352101,-0.005555555555555536,0.012461068359603327,2.0,1456.0899658203125,0.0014373905229110306,0.018978701913409113,0.0037448339892329667,1.0,17.280000686645508,-0.018181800448205276,-0.09052627965023641,0.08591319802327066,1.0
2025-11-13,4127.57,4188.54,4123.84,4170.63,423443699,-0.005498278475035034,0.0,0.010432288247080201,1.0,0.01071500758573829,0.008138484351523756,0.030219335518594903,0.005501420929872491,0.0014064663146415857,0.036452220296572246,0.017202303284625884,0.02174864587944092,0.016965806206584055,0.019975258842242626,0.015941438315506984,0.13482970951089346,0.017348380147323903,0.040280643850651776,0.30109940405842184,0.013374217098506475,0.1683151185568903,-0.002179529952099246,0.012922702955992182,0.01601406588268522,3.0,11.0,23406.4609375,-0.0026350371220488222,-0.003971941916395938,0.011655621998926065,1.0,7082.1298828125,0.014675370665460763,-0.015039787994749032,0.020616639265654716,1.0,6850.919921875,0.0006295171887717999,0.008038191792655747,0.007444834203455777,1.0,4.08,-0.012106537530266248,-0.004878048780487698,0.009719281749351364,1.0,3.56,-0.005586592178770999,-0.005586592178770999,0.01222611230782433,1.0,1459.8399658203125,0.0025753903179239757,0.013911492774349332,0.003749179714307981,1.0,17.510000228881836,0.013310158165333874,-0.027762353894819625,0.0860162421164939,1.0
2025-11-14,4061.91,4092.76,4011.4,4011.57,399416218,-0.0260680041144864,0.0,-0.012393184487100806,0.0,0.004876650146130812,0.01071500758573829,0.008138484351523756,-0.018053123719405373,0.00504295442255609,0.03580821815743396,0.01722093132318226,0.019494084649716026,0.02048990797403416,0.01999657006693,0.018807471787326557,0.11265163257629318,0.016798521119197565,0.03985094230671393,0.2934712827622141,0.013348621000182975,0.16882363480815776,-0.005498278475035034,0.010432288247080201,0.015588896465151422,4.0,11.0,22870.359375,-0.022903999196268954,-0.007965252761372055,0.01282936689131204,1.0,6818.740234375,-0.03719073962152486,-0.028446680571264316,0.022425903102618435,1.0,6737.490234375,-0.01655685496159698,0.0025549989591822087,0.008304058679235836,1.0,4.11,0.007352941176470562,-0.014388489208633004,0.009789396090326218,1.0,3.58,0.00561797752808979,-0.01377410468319551,0.012223622403534386,1.0,1468.02001953125,0.00560339071573579,0.019642455921691226,0.0034234610605086923,1.0,20.0,0.1422044396670561,0.02564102564102555,0.07555326164904795,1.0
2025-11-17,4078.57,4089.88,4045.4,4089.25,343380289,0.01670169036063185,1.0,0.0026185648401277906,1.0,-0.03813812301738584,0.004876650146130812,0.01071500758573829,0.030219335518594903,0.027844187461959713,0.014621524827000076,0.0251125113811067,-0.022151185975969545,-0.02335483870967736,0.023646204126369263,-0.01774612724734237,0.07006874034714294,0.01941620849444978,-0.0030716240093640046,0.24364316139952757,0.014427241537337722,0.12013502629355788,-0.0260680041144864,-0.012393184487100806,0.01950784413865534,0.0,11.0,22900.58984375,0.0013218187022914218,-0.004518639494040078,0.01278781657408889,3.0,6811.2001953125,-0.0011057818311495105,-0.01959876422817708,0.022412848031013115,3.0,6734.10986328125,-0.0005017255648851471,0.0007891538978541668,0.008242198130530716,3.0,4.14,0.007299270072992581,0.007299270072992581,0.009164064139230018,3.0,3.62,0.011173184357541999,0.01400560224089653,0.010627372622283587,3.0,1468.7099609375,0.0004699809246948572,0.014372495457245948,0.0032523654763042076,3.0,19.829999923706055,-0.008500003814697288,0.039308176257808025,0.06410835227964101,3.0
2025-11-18,4044.47,4072.41,3953.26,3953.62,319033546,-0.01095066332457062,0.0,-0.02246277015282594,0.0,0.01936398965990871,-0.03813812301738584,0.004876650146130812,0.008138484351523756,-0.02371697849531129,0.003930531959815742,0.02252440981518842,-0.003993525014090338,-0.03141262047386584,0.022580752634275635,0.004536226928277376,0.07197439372530923,0.019488972964698422,0.012777704302840753,0.2870285275455735,0.014352496711871651,0.13699977200224667,0.01670169036063185,0.0026185648401277906,0.011087928167774716,1.0,11.0,22708.0703125,-0.008406749894371957,-0.0348150505179724,0.01254595299647836,1.0,6705.740234375,-0.015483315408946319,-0.06304500501247357,0.02237955059833447,1.0,6672.41015625,-0.00916226617680782,-0.023420659328282523,0.008153670583018333,1.0,4.13,-0.0024154589371979673,0.0048661800486617945,0.009111803852741482,1.0,3.6,-0.0055248618784530246,0.014084507042253502,0.010422644892190913,1.0,1446.530029296875,-0.015101641733584525,-0.005137531432685694,0.004979164710751666,1.0,22.3799991607666,0.12859300286794828,0.2715908338462043,0.0634996407657427,1.0
2025-11-19,3966.64,3966.64,3854.95,3929.51,337911091,0.003293184473975641,1.0,-0.009360567129862996,0.0,-0.03316745124411569,0.01936398965990871,-0.03813812301738584,0.01071500758573829,-0.02846370707516721,-0.037202993383482874,0.02647588531282967,-0.029808406779528118,-0.04078859898974707,0.02371544622615187,-0.024753994354179132,0.033939704590150166,0.02116124356945602,-0.022384695709626756,0.25449618601581436,0.015067164654295083,0.09521765318523179,-0.01095066332457062,-0.02246277015282594,0.02913737237879798,2.0,11.0,22432.849609375,-0.012119951159984765,-0.04412126730122168,0.012810334520746388,1.0,6551.02978515625,-0.02307134541622602,-0.061416736845536835,0.022890123614778372,1.0,6617.31982421875,-0.008256436690967983,-0.03348957274346753,0.008337194615164554,1.0,4.12,-0.002421307506053183,-0.002421307506053183,0.009035484948526745,1.0,3.58,-0.005555555555555536,0.0,0.010552986816773512,1.0,1461.68994140625,0.010480191770884995,0.0038458994412358116,0.005407323135316116,1.0,24.690000534057617,0.10321722340993555,0.4288194185743739,0.06614560261900888,1.0
2025-11-20,4030.97,4059.37,4001.31,4004.85,359855193,0.02582001318230498,1.0,-0.006479829916868574,0.0,-0.006098208730226928,-0.03316745124411569,0.01936398965990871,0.004876650146130812,0.005501420929872491,-0.05321909507299316,0.024623496159958003,-0.025157061074951637,-0.018706828954005772,0.022144148953211137,-0.02890684523169651,0.011800663288427549,0.02097461260632811,-0.02889664577875084,0.25539840707455697,0.015058838568662716,0.08453590151075652,0.003293184473975641,-0.009360567129862996,0.02825005943919751,3.0,11.0,22564.23046875,0.005856628188694035,-0.0359828199145068,0.012746245035917285,1.0,6670.02978515625,0.018165083033149676,-0.05818872351612314,0.022708376696831373,1.0,6642.16015625,0.0037538357962292324,-0.030471785979927946,0.008327511970695103,1.0,4.13,0.0024271844660193054,0.01225490196078427,0.008905199808764077,1.0,3.58,0.0,0.00561797752808979,0.01050566188091785,1.0,1456.550048828125,-0.003516404151471475,-0.002253614827114836,0.005304781530726487,1.0,23.65999984741211,-0.041717321359500015,0.351227843411799,0.06723225836732648,1.0
2025-11-21,3908.7,3911.55,3838.46,3853.26,319006686,-0.02400838982733433,0.0,-0.014183743955790806,0.0,0.019172873971563753,-0.006098208730226928,-0.03316745124411569,-0.03813812301738584,-0.018053123719405373,-0.039749390379870686,0.02753279910763097,0.0017734931561674827,-0.005364527064784075,0.02303961976912818,-0.009759611069447782,0.04142179552522918,0.021203039470693453,-0.01222202134321626,0.27472356082934946,0.015187134047639803,0.10095846537044384,0.02582001318230498,-0.006479829916868574,0.014775379118516034,4.0,11.0,22078.05078125,-0.02154647765069262,-0.03464346933770035,0.013391921763355817,1.0,6352.06982421875,-0.0476699461890111,-0.06843938823239604,0.024261628791814063,1.0,6538.759765625,-0.015567283563270418,-0.029496216222484106,0.008844130168691892,1.0,4.1,-0.007263922518159882,-0.0024330900243311193,0.009090256952080693,1.0,3.55,-0.008379888268156499,-0.008379888268156499,0.010749821967364596,1.0,1466.1300048828125,0.006577155424487557,-0.0012874583611203194,0.005444367917628814,1.0,26.420000076293945,0.11665258861714323,0.3210000038146972,0.0678917414986383,1.0
2025-11-24,3915.16,3917.16,3838.2,3846.06,372362096,0.01606431956317489,1.0,-0.017649342555604353,0.0,-0.03785160492902351,0.019172873971563753,-0.006098208730226928,0.01936398965990871,0.030219335518594903,-0.03946335225360642,0.027453987355526073,-0.028450633342897547,-0.025418841811339132,0.025458648189759812,-0.04486832937103147,-0.02240973820209613,0.022285038704419016,-0.048574606359799044,0.21602661002988577,0.016113146023659864,0.05597350734938655,-0.02400838982733433,-0.014183743955790806,0.01825037142464765,0.0,11.0,22273.080078125,0.008833628421609951,-0.027401467381691025,0.013266661210564785,3.0,6406.43017578125,0.008557895783078306,-0.05942712120102045,0.023865858301932642,3.0,6602.990234375,0.009823035415319481,-0.019470966700617653,0.008960860748644071,3.0,4.06,-0.009756097560975618,-0.019323671497584516,0.009203900865732249,3.0,3.51,-0.011267605633802802,-0.0303867403314918,0.010969535570529682,3.0,1473.25,0.004856319080487337,0.00309117469292719,0.0054753835969587935,3.0,23.43000030517578,-0.11317183052550484,0.18154313642563635,0.07258793565243042,3.0
2025-11-25,3942.36,3946.61,3833.35,3857.78,278750482,0.02503861094210702,1.0,-0.0214541543643908,0.0,-0.0018685476713224958,-0.03785160492902351,0.019172873971563753,-0.03316745124411569,0.008138484351523756,-0.05947056306168619,0.023588053169519556,-0.018226095480234683,-0.05577378205065253,0.022790063168977203,-0.04125409785187928,-0.04867135150377333,0.02138902341102266,-0.048039824283664934,0.19820179073230593,0.016077400124710272,0.05094652024447743,0.01606431956317489,-0.017649342555604353,0.020491739462169704,1.0,11.0,22872.009765625,0.026890294714480234,0.007219435683830655,0.01404619990433556,1.0,6703.2001953125,0.046323773363386334,-0.0003787857825865437,0.02549625665771475,1.0,6705.1201171875,0.015467217001293498,0.004902270719503221,0.009239592968958734,1.0,4.04,-0.004926108374384119,-0.021791767554479424,0.00927535255302955,1.0,3.46,-0.014245014245014231,-0.03888888888888897,0.01145448493132054,1.0,1467.72998046875,-0.0037468315162056953,0.014655728358560216,0.0055904366404593,1.0,20.520000457763672,-0.12419973578785137,-0.08310986473420479,0.07865083053347226,1.0
2025-11-26,3891.88,3960.87,3866.66,3960.87,294501548,0.00883928062253414,1.0,0.017726651386990255,1.0,0.003047274353494389,-0.0018685476713224958,-0.03785160492902351,-0.006098208730226928,0.01071500758573829,-0.02424107526772923,0.02085026056026942,-0.010392243577443616,-0.06054222808841836,0.02250699667699505,-0.03233558047624441,-0.03805845287638909,0.021375682371055242,-0.04333187477348199,0.213382567560767,0.015991471118524985,0.05090210298647024,0.02503861094210702,-0.0214541543643908,0.02944831853897241,2.0,11.0,23025.58984375,0.00671476095449286,0.026422868458373827,0.01400165410479115,1.0,6714.18017578125,0.0016380206690571608,0.02490454111423479,0.02547132741790133,1.0,6765.8798828125,0.009061696817220577,0.022450185655230825,0.009495207378699562,1.0,4.01,-0.007425742574257432,-0.02669902912621369,0.009417784089438823,1.0,3.43,-0.00867052023121384,-0.04189944134078205,0.01160850859207097,1.0,1474.8599853515625,0.004857845092552715,0.00901014885047502,0.0055082670442142875,1.0,18.559999465942383,-0.09551661540434953,-0.24827869321669127,0.08224070837452734,1.0
2025-11-27,3989.45,4023.42,3968.43,3986.91,257551566,0.007215586474688562,1.0,-0.0006366792414994604,0.0,0.026722622855631872,0.003047274353494389,-0.0018685476713224958,0.019172873971563753,0.004876650146130812,0.00798063880738309,0.025050986392787293,0.014420560144487338,-0.04566317864104352,0.02432345063394385,-0.00173146425925097,-0.029472085074060073,0.021898750026132882,-0.016300126474527277,0.242758443253555,0.016272737057802283,0.07520798736636669,0.00883928062253414,0.017726651386990255,0.024420780863605503,3.0,11.0,23214.689453125,0.008212584809258683,0.02882699612893269,0.014087177734911926,1.0,6899.4599609375,0.027595295375684614,0.03439717410135601,0.025953947160705836,1.0,6812.60986328125,0.006906711511012631,0.025661788186613244,0.009653002325590422,1.0,4.0,-0.0024937655860348684,-0.03147699757869249,0.009364045684851734,1.0,3.45,0.005830903790087438,-0.03631284916201116,0.011684075048573984,1.0,1464.9200439453125,-0.006739583082444711,0.005746452120832801,0.005708126142788178,1.0,17.190000534057617,-0.07381459974709137,-0.27345728466106345,0.08411446062183851,1.0
2025-11-28,3995.3,3995.3,3921.89,3926.59,241429574,0.0021043866051655424,1.0,-0.01719770730608461,0.0,0.006574313219065431,0.026722622855631872,0.003047274353494389,-0.03785160492902351,-0.03813812301738584,-0.004479568523165667,0.02345507469911961,0.02202884611440825,-0.04405089878507573,0.024401145623256675,0.009505824729425072,-0.024463589673321295,0.02196233128767699,-0.008602131018908832,0.24734382039345237,0.016276335672945112,0.0784193861282978,0.007215586474688562,-0.0006366792414994604,0.013883313514455218,4.0,11.0,23214.689453125,0.008212584809258683,0.02882699612893269,0.014087177734911926,2.0,6899.4599609375,0.027595295375684614,0.03439717410135601,0.025953947160705836,2.0,6812.60986328125,0.006906711511012631,0.025661788186613244,0.009653002325590422,2.0,4.0,-0.0024937655860348684,-0.03147699757869249,0.009364045684851734,2.0,3.45,0.005830903790087438,-0.03631284916201116,0.011684075048573984,2.0,1470.5899658203125,0.003870465079943708,0.0030419955410818655,0.005696169572084172,1.0,17.190000534057617,-0.07381459974709137,-0.27345728466106345,0.08411446062183851,2.0
2025-12-01,3967.92,3977.31,3892.08,3920.37,296018608,0.010525672402771802,1.0,-0.01198360854049485,0.0,-0.015129511325813638,0.006574313219065431,0.026722622855631872,-0.0018685476713224958,0.01936398965990871,0.01903063899139945,0.015199875952548502,0.0027959655147227203,-0.021183726072335762,0.021793421926927434,-0.0036235653548581936,-0.04404382227632375,0.022132419229346133,-0.021400348614240894,0.2324474813324502,0.016435460554471436,0.058569226791742146,0.0021043866051655424,-0.01719770730608461,0.0184127557431696,0.0,12.0,23365.689453125,0.006504502259437883,0.05832211750181049,0.013776327338759052,3.0,7025.14990234375,0.01821735934665414,0.10596232358131918,0.026178555374899375,3.0,6849.08984375,0.005354773163420257,0.04746008253070255,0.009473965698211819,3.0,4.02,0.004999999999999893,-0.019512195121951237,0.007856177401102518,3.0,3.47,0.005797101449275477,-0.022535211267605493,0.008513614320345494,3.0,1461.4000244140625,-0.006249152802510594,-0.008043424799550336,0.005955633274171433,3.0,16.350000381469727,-0.04886562690464402,-0.3811506308003305,0.08494506801539384,3.0
2025-12-02,3939.09,3994.93,3935.14,3994.93,318670370,0.004775059496935352,1.0,0.014175862953118568,1.0,-0.001584071675423293,-0.015129511325813638,0.006574313219065431,0.003047274353494389,-0.03316745124411569,0.019321071434142967,0.015173538949169105,-0.0025782953025871302,-0.04129852662468669,0.020487552222529015,-0.0009204935190834096,-0.0714138521555614,0.02099162299762796,-0.019265854685428074,0.24736153843706354,0.016296065387897334,0.053213327300017266,0.010525672402771802,-0.01198360854049485,0.021705856735742723,1.0,12.0,23275.919921875,-0.0038419380446740314,0.0450247491695106,0.013709870804799075,1.0,7020.52978515625,-0.0006576538937566045,0.09585675524827075,0.02617069147657713,1.0,6812.6298828125,-0.005323329342915684,0.03174919862006176,0.009535202686370831,1.0,4.09,0.017412935323383172,0.007389162561576512,0.008678661549394236,1.0,3.54,0.020172910662824117,0.008547008547008517,0.009708906420049656,1.0,1465.6199951171875,0.0028876218917657237,-0.0014375841467029193,0.005962910346733129,1.0,17.239999771118164,0.05443421216412436,-0.264191227205841,0.08552415887841945,1.0
2025-12-03,4010.26,4052.83,3987.76,4036.3,290377514,0.0038373638586910452,1.0,0.006493344571175008,1.0,0.019018613039075483,-0.001584071675423293,-0.015129511325813638,0.026722622855631872,-0.006098208730226928,0.035551534820544406,0.016560036279640103,0.00934730088980773,0.010448652121346935,0.01881588805243947,0.01700994854272264,-0.030766132749761033,0.020999057346476155,0.0009740562772757588,0.2592967358582754,0.016399076662119927,0.06930560031520283,0.004775059496935352,0.014175862953118568,0.015251111502230647,2.0,12.0,23413.669921875,0.005918133438435724,0.0236822282694229,0.01374011582150069,1.0,7149.47021484375,0.018366196516981237,0.06657566632775236,0.026494077868579113,1.0,6829.3701171875,0.002457235261999813,0.018530615086447932,0.009544261133538158,1.0,4.09,0.0,0.012376237623762387,0.008678661549394236,1.0,3.51,-0.008474576271186529,0.014450867052023142,0.009848477897101401,1.0,1470.1700439453125,0.003104521528966453,-0.0031799231471670852,0.005975745187786619,1.0,16.59000015258789,-0.03770299461483784,-0.1915204784358998,0.08591832116281478,1.0
2025-12-04,4018.91,4028.53,3982.54,4028.51,351539851,-0.004308401258578454,0.0,0.0023887073858335217,1.0,0.010355625755645415,0.019018613039075483,-0.001584071675423293,0.006574313219065431,0.019172873971563753,0.01904379593372174,0.01293814911870625,0.015927430518849484,0.027176416397973302,0.018826149673011536,0.024755813457527198,0.0079612028708278,0.020137401602788447,0.01093600682155782,0.26751496347843573,0.016419665893831974,0.07628869058253396,0.0038373638586910452,0.006493344571175008,0.01628814522407144,3.0,12.0,23454.08984375,0.0017263385880927906,0.018609729562099053,0.01294740853473346,1.0,7280.509765625,0.01832856796985949,0.08434828601808464,0.02508435142980605,1.0,6849.72021484375,0.0029797912994984355,0.012391637670694067,0.009161271879689292,1.0,4.06,-0.007334963325183463,0.012468827930174564,0.008731861828466204,1.0,3.49,-0.005698005698005604,0.017492711370262315,0.009893668381465435,1.0,1467.3599853515625,-0.0019113833840669336,0.0016655799177125452,0.0058373374100811285,1.0,16.079999923706055,-0.03074142400187263,-0.13362066883607027,0.08251898111486851,1.0
2025-12-05,4023.5,4100.05,4003.29,4100.05,477949348,-0.0012436359845203748,0.0,0.019025723872250655,1.0,-0.0019299853826524327,0.010355625755645415,0.019018613039075483,-0.015129511325813638,-0.03785160492902351,0.01043414574194057,0.013048499998428546,0.011847769846333067,0.0059078367479432625,0.017955238100645098,0.022164044171788966,0.0005116169330303677,0.02011056605464712,0.008958886498856344,0.25858293005251776,0.01643735966026995,0.0702745928751265,-0.004308401258578454,0.0023887073858335217,0.011394098555607917,4.0,12.0,23505.140625,0.0021766259782449726,0.012511525190180839,0.012875097306196558,1.0,7215.97021484375,-0.008864702178681738,0.045874641739821476,0.02431668035992598,1.0,6857.1201171875,0.0010803218396737702,0.006533509888207778,0.009134366849824374,1.0,4.11,0.012315270935960854,0.02750000000000008,0.009062466055209245,1.0,3.52,0.008595988538681931,0.020289855072463725,0.010092702615103337,1.0,1465.030029296875,-0.0015878557940430804,-0.00378075238690756,0.005861492532203179,1.0,15.779999732971191,-0.01865672836805088,-0.08202447686332925,0.08185295558377384,1.0
2025-12-08,4109.25,4154.85,4081.26,4154.85,394923500,0.002243875074694257,1.0,0.011096915495528492,1.0,0.017758426812891193,-0.0019299853826524327,0.010355625755645415,-0.001584071675423293,-0.0018685476713224958,0.04417573517988882,0.010124547815587739,0.020920650034661037,0.06404706663967663,0.012441355799772423,0.03384228852572635,0.03700022257294311,0.01999195258672418,0.024998662518056047,0.2792188748003195,0.016529176648080526,0.08498155531797003,-0.0012436359845203748,0.019025723872250655,0.024018805960516473,0.0,12.0,23578.130859375,0.0031052881384325826,0.00909202387013619,0.012076510276675988,3.0,7294.83984375,0.010929871736999441,0.03838920808170587,0.02371989057166854,3.0,6870.39990234375,0.001936641757662061,0.003111370865312324,0.008714070992398777,3.0,4.14,0.007299270072992581,0.029850746268656803,0.008336947364300377,3.0,3.56,0.011363636363636465,0.025936599423631135,0.009907400852774272,3.0,1472.3800048828125,0.005016945345116985,0.007513329879101693,0.0058353071304780265,3.0,15.40999984741211,-0.023447394918898135,-0.05749238606275309,0.07937478526511134,3.0
2025-12-09,4129.77,4152.18,4121.21,4143.55,400124817,-0.006036319000685908,0.0,0.00333674756705582,1.0,0.013365690662308971,0.017758426812891193,-0.0019299853826524327,0.019018613039075483,0.003047274353494389,0.059810681134689014,0.008375918850638875,0.022624570260659338,0.08028735901156003,0.01226188307958117,0.03956598367259523,0.020035647297974135,0.019074453574947595,0.03763996938664271,0.29049040405765947,0.016571044704385366,0.09496644682946576,0.002243875074694257,0.011096915495528492,0.017948561602907316,1.0,12.0,23545.900390625,-0.0013669645376993556,0.011599132049610938,0.012066437403633232,1.0,7375.22021484375,0.01101879860496413,0.050521889450199975,0.023612648570442863,1.0,6846.509765625,-0.003477255626794018,0.004973098993382052,0.008774835069333757,1.0,4.17,0.007246376811594235,0.019559902200489088,0.007803029661191147,1.0,3.57,0.002808988764044784,0.008474576271186418,0.009224676156701694,1.0,1471.81005859375,-0.0003870918425762371,0.004223511890657283,0.0057864309378032885,1.0,16.65999984741211,0.08111615914194314,-0.03364268743655774,0.08178740849678216,1.0
2025-12-10,4159.05,4172.64,4123.6,4135.0,317539128,0.003740753701536148,1.0,-0.005782570538945264,0.0,-0.002719713106369759,0.013365690662308971,0.017758426812891193,0.010355625755645415,0.026722622855631872,0.03720215372985258,0.009234089537707645,0.01243643485935264,0.07407628221412321,0.012641042776982685,0.02937848251046571,0.00904931095195538,0.01902003510502253,0.03433793248489625,0.2710081133724942,0.016560785675698454,0.08776724433304439,-0.006036319000685908,0.00333674756705582,0.007453939372059221,2.0,12.0,23576.490234375,0.0012991579528713881,0.006954070551232983,0.010958785035283834,1.0,7372.509765625,-0.00036750756449210886,0.0311966543084794,0.022752660698136827,1.0,6840.509765625,-0.0008763589340257116,0.001631138486617445,0.008087412583228891,1.0,4.18,0.0023980815347721673,0.022004889975550057,0.007809259643654842,1.0,3.61,0.011204481792717047,0.028490028490028463,0.00944645532466951,1.0,1468.510009765625,-0.002242170318687786,-0.0011291443370949894,0.005817648297539431,1.0,16.93000030517578,0.016206510218282677,0.020494282667915087,0.07999374111332262,1.0
2025-12-11,4163.32,4170.77,4103.2,4110.62,539360259,0.006848851269649181,1.0,-0.0126581670397663,0.0,-0.002063448009557045,-0.002719713106369759,0.013365690662308971,-0.0019299853826524327,0.006574313219065431,0.024453088224363873,0.009876788567032078,0.005497530391071592,0.04396256378017971,0.010865162061971464,0.022829758087775875,-0.0037080852642764617,0.01887731500670019,0.03240194116532358,0.24753735823781953,0.016496478233108253,0.08163978160380547,0.003740753701536148,-0.005782570538945264,0.011835262033763309,3.0,12.0,23654.150390625,0.003293965958375278,0.00852987893402779,0.010961266915979507,1.0,7467.490234375,0.01288305770619047,0.025682331975273254,0.02198960637125078,1.0,6886.68017578125,0.00674955693920154,0.00539583512585029,0.00821433957129195,1.0,4.13,-0.011961722488038284,0.017241379310344973,0.008250533582903119,1.0,3.54,-0.01939058171745145,0.014326647564469885,0.010286260168905272,1.0,1467.9300537109375,-0.0003949282271354937,0.00038849932195628156,0.005798170934262974,1.0,15.770000457763672,-0.06851741444195236,-0.019278573844105806,0.08141031599126265,1.0
2025-12-12,4123.83,4168.17,4120.73,4167.16,426185221,0.003213627141404496,1.0,0.01050722265466808,1.0,-0.005896009673518776,-0.002063448009557045,-0.002719713106369759,0.017758426812891193,-0.015129511325813638,0.020382225686419897,0.010686695325169677,-0.0044065923047151845,0.031029042541717677,0.01129066454634346,0.013697150510335376,-0.014388713455760982,0.01888409073217416,0.027084326271215486,0.2291788768614318,0.016529637153710704,0.0716815536673745,0.006848851269649181,-0.0126581670397663,0.01634099153567125,4.0,12.0,23593.859375,-0.002548855681956619,0.0037744402986314984,0.010960006493986665,1.0,7411.47998046875,-0.007500545986443896,0.027094037226321088,0.021961595701615634,1.0,6901.0,0.002079350841514227,0.006399170798031317,0.008223570433522712,1.0,4.14,0.002421307506053294,0.007299270072992581,0.007749900779979141,1.0,3.52,-0.005649717514124353,0.0,0.010287908970678473,1.0,1469.0400390625,0.0007561568405500818,0.0027371519255134924,0.005664247559760247,1.0,14.850000381469727,-0.05833862077290075,-0.05893532111780064,0.082297945823616,1.0
2025-12-15,4053.74,4123.19,4052.65,4090.59,346296788,-0.027217577438831242,0.0,0.009090370867396613,1.0,0.013754616091976368,-0.005896009673518776,-0.002063448009557045,0.013365690662308971,-0.001584071675423293,0.016368093072035572,0.009489290641226248,0.006017040072076929,0.06126690079687447,0.009684316777279814,0.021579580371716256,0.038785313480756756,0.016910024983003577,0.03919150165012364,0.2272451509921838,0.016511632419566824,0.0827917128603104,0.003213627141404496,0.01050722265466808,0.011540838121743316,0.0,12.0,23195.169921875,-0.01689801769130872,-0.016242209350014192,0.010351665533582919,3.0,7033.56982421875,-0.05098983701580462,-0.035815730725753836,0.023441263892108745,3.0,6827.41015625,-0.010663649289958,-0.006257240729041769,0.00767116974069468,3.0,4.19,0.012077294685990614,0.012077294685990614,0.008028466085758211,3.0,3.52,0.0,-0.011235955056179803,0.010187864418149537,3.0,1470.8499755859375,0.0012320539095671545,-0.0010391538134184586,0.005669781975991228,3.0,15.739999771118164,0.059932617291983625,0.021414661062535645,0.07639524905451951,3.0
2025-12-16,4093.32,4099.01,3996.23,3999.13,373469814,0.0006673853893937043,1.0,-0.02301066127251228,0.0,-0.018374624444465693,0.013754616091976368,-0.005896009673518776,-0.002719713106369759,0.019018613039075483,-0.015466262319939417,0.011471932029618487,-0.009394621570674944,0.0434193711307862,0.01225962868329477,-0.0013588349662465582,0.00032768845142761016,0.016980720167452047,0.020079704364189155,0.20053355873108125,0.016752575845215844,0.05975993983987937,-0.027217577438831242,0.009090370867396613,0.0169275957726604,1.0,12.0,23057.41015625,-0.005939157423247909,-0.02074629664913963,0.010457570832086302,1.0,6990.41015625,-0.006136239356029138,-0.05217607710468919,0.02350117225827455,1.0,6816.509765625,-0.0015965630269072495,-0.00438179467012878,0.007684025395874569,1.0,4.18,-0.0023866348448688957,0.0023980815347721673,0.007919555575980433,1.0,3.51,-0.0028409090909091717,-0.01680672268907568,0.00979574240597857,1.0,1472.9100341796875,0.0014005905618819092,0.0007473624599281248,0.004401913069572597,1.0,16.5,0.04828464040237068,-0.009603832465638562,0.07746841593444055,1.0
2025-12-17,4019.43,4060.24,3994.65,4056.41,360417065,0.0050761040526314805,1.0,0.009200309496620207,1.0,-0.022358632862252148,-0.018374624444465693,0.013754616091976368,-0.002063448009557045,0.010355625755645415,-0.03485417094037724,0.014331881834056544,-0.024721375442019244,0.0010513325640248983,0.013653455525702577,-0.0237871822712431,0.011510969693597328,0.016008555033998582,-0.0032934609677708337,0.15929580649462838,0.01702722418423519,0.03361268628944902,0.0006673853893937043,-0.02301066127251228,0.025125959824866387,2.0,12.0,23111.4609375,0.002344182667685546,-0.019724280088008084,0.010255789820578945,1.0,6958.43994140625,-0.004573439058531692,-0.0561640251938883,0.023209457797548315,1.0,6800.259765625,-0.0023839179519623555,-0.005884064401496025,0.0073722541784154985,1.0,4.15,-0.007177033492822837,-0.007177033492822837,0.008082053240199295,1.0,3.48,-0.008547008547008517,-0.03601108033240996,0.009884070562504945,1.0,1467.47998046875,-0.003686616008398369,-0.0007014111514563881,0.003891668886607747,1.0,16.479999542236328,-0.0012121489553740261,-0.026580080025272124,0.07071431045706966,1.0
2025-12-18,3989.6,4030.65,3975.5,3994.51,580910370,-0.016470228601152215,0.0,0.0012306998195308338,1.0,0.014323115277572906,-0.022358632862252148,-0.018374624444465693,-0.005896009673518776,-0.0019299853826524327,-0.019006045949214068,0.017304677239143678,-0.006945780705065796,0.00498228575675741,0.014034041645709627,-0.010290619669657053,0.032294102827070015,0.016202563072130447,0.009386268832165312,0.18837815667662738,0.017004853644419334,0.045521285909313036,0.0050761040526314805,0.009200309496620207,0.01640106723212291,3.0,12.0,22693.3203125,-0.01809234933831194,-0.040619936132046064,0.01073169712721658,1.0,6695.31005859375,-0.037814493626185275,-0.10340558227002206,0.024261607042956768,1.0,6721.43017578125,-0.011592143912241393,-0.023995596685489118,0.007625482313299479,1.0,4.16,0.00240963855421672,0.007263922518159882,0.00806948691683481,1.0,3.49,0.00287356321839094,-0.01412429378531066,0.00988835806057482,1.0,1471.739990234375,0.0029029423381055075,0.002595448273441825,0.0038328757578021794,1.0,17.6200008392334,0.06917483790429602,0.11731137145014858,0.06813743654618731,1.0
2025-12-19,4055.78,4055.78,3997.05,4020.55,441988234,0.015338552162843522,1.0,-0.008686368590012261,0.0,-0.015259798688988413,0.014323115277572906,-0.022358632862252148,0.013754616091976368,0.017758426812891193,-0.028246347266349003,0.01808925626074874,-0.016508435182540637,-0.00843984500472883,0.014905547737881282,-0.02458422533574145,-0.0025818694832514533,0.016078888653358773,-0.005888871122382233,0.15404905671279567,0.017103621391342305,0.027213965857596722,-0.016470228601152215,0.0012306998195308338,0.013595765714018083,4.0,12.0,23006.359375,0.013794326180095018,-0.024900546818657165,0.011076326174209387,1.0,6863.6298828125,0.025139959575539494,-0.07391912264486755,0.024563939235624273,1.0,6774.759765625,0.007934262269941872,-0.018293034976815004,0.007766457757990687,1.0,4.12,-0.009615384615384581,-0.004830917874396046,0.008363172390022638,1.0,3.46,-0.008595988538682042,-0.017045454545454586,0.01001823391014648,1.0,1474.0,0.0015356039657963283,0.0033763279458776108,0.0035707749466398716,1.0,16.8700008392334,-0.04256526471497213,0.13602696335848496,0.06815552142704714,1.0
2025-12-22,4096.26,4105.93,4083.13,4105.93,314851939,0.018830756985984465,1.0,0.0023606899952639537,1.0,0.00651894725510771,-0.015259798688988413,0.014323115277572906,-0.018374624444465693,0.013365690662308971,-0.03518223442344415,0.016362507289949348,-0.002898638423624811,-0.01939000743893371,0.013732718063237745,-0.016315912192025994,0.043415186102157666,0.013424077098304796,-0.0014868856290154442,0.1669869152802128,0.017084938931121146,0.031367231429720865,0.015338552162843522,-0.008686368590012261,0.014702679427514267,0.0,12.0,23307.619140625,0.013094630085295655,0.004847958395163499,0.010018251362571114,3.0,7067.8701171875,0.029756883436626858,0.00487665493141809,0.022373763168551903,3.0,6834.5,0.008818059450332205,0.0010384382346664278,0.00689049942708691,3.0,4.16,0.009708737864077666,-0.007159904534606243,0.008457295453882277,3.0,3.48,0.005780346820809301,-0.011363636363636354,0.010018370452430201,3.0,1474.3599853515625,0.0002442234406800914,0.002386381904263768,0.0034042992212843268,3.0,14.90999984741211,-0.11618262562637516,-0.05273188918522398,0.06434445861690356,3.0
2025-12-23,4127.4,4140.84,4110.25,4117.32,385213406,0.00522902241392309,1.0,-0.002442215438290485,0.0,0.02123590056086866,0.00651894725510771,-0.015259798688988413,-0.022358632862252148,-0.002719713106369759,0.0037500702832597987,0.018890501663419976,0.01750152280892725,-0.011774191607398565,0.014880508411049332,0.00577731671380044,0.06756784865550736,0.014034625955239665,0.016437430042922196,0.18372565695587628,0.017244276746428942,0.05040727639877618,0.018830756985984465,0.0023606899952639537,0.00567086592630366,1.0,12.0,23428.830078125,0.005200485590942661,0.01610848396927711,0.009934937151322931,1.0,7145.56982421875,0.010993369394593389,0.022196074979953018,0.022397367352808277,1.0,6878.490234375,0.006436496360377575,0.009092698592256365,0.0067340983179769295,1.0,4.17,0.0024038461538460343,-0.0023923444976076125,0.008090598365693345,1.0,3.44,-0.011494252873563204,-0.019943019943019946,0.010030778911581667,1.0,1473.719970703125,-0.0004340965943163688,0.0005498886589421215,0.0032888230664614667,1.0,14.079999923706055,-0.05566733281020897,-0.14666667129054212,0.06147383780343916,1.0
2025-12-24,4136.24,4137.2,4106.62,4108.62,363016217,0.004595222134786692,1.0,-0.0066775622304314775,0.0,0.0027740365763662123,0.02123590056086866,0.00651894725510771,0.014323115277572906,-0.002063448009557045,0.029553927979335315,0.013820535810678434,0.014382065877232897,-0.006330320618793128,0.014914780693595621,0.009215824019381591,0.06727703497866644,0.014035087544566872,0.01599318446665432,0.18103717812282172,0.017242094410297233,0.0504942641696311,0.00522902241392309,-0.002442215438290485,0.007450200076474792,2.0,12.0,23561.83984375,0.0056771834180993075,0.01948725385504413,0.008180314599856709,1.0,7184.5400390625,0.0054537588747178845,0.03249292938649084,0.02025966030398096,1.0,6909.7900390625,0.004550388765703239,0.016106777860335653,0.005992388954195961,1.0,4.18,0.0023980815347721673,0.0072289156626503814,0.00795531131291555,1.0,3.48,0.011627906976744207,0.0,0.009894581589370486,1.0,1476.8399658203125,0.002117088170895176,0.006378271237862165,0.0031385813702122464,1.0,14.0,-0.005681812794001595,-0.1504854132963036,0.056769271735461056,1.0
2025-12-26,4130.37,4143.14,4116.53,4129.68,509588706,0.005293748265841058,1.0,-0.00016705525170856994,0.0,-0.002113024977412392,0.0027740365763662123,0.02123590056086866,-0.015259798688988413,-0.005896009673518776,0.012870986907141946,0.013265230573681045,0.009641257919499324,-0.0063796856106409505,0.014915353583323635,0.00773493997180319,0.037302410833983446,0.012947116506811362,0.01200154191179803,0.1833105807945532,0.01723076181908803,0.045445017012423206,0.004595222134786692,-0.0066775622304314775,0.007427161357387798,4.0,12.0,23613.310546875,0.002184494227374767,0.0405401334712685,0.008091099264783515,2.0,7204.3701171875,0.002760104059158053,0.0760323351926544,0.020255287831892888,2.0,6932.0498046875,0.0032214822012188726,0.03133553773498354,0.005742716009556757,2.0,4.15,-0.007177033492822837,-0.0024038461538461453,0.00794041871114462,2.0,3.47,-0.002873563218390718,-0.005730659025787954,0.009699893440497842,2.0,1478.6700439453125,0.0012391851299768941,0.004708748662753948,0.0027042705927825283,2.0,13.470000267028809,-0.03785712378365658,-0.235527830564232,0.053988759585391746,2.0
2025-12-29,4146.48,4220.56,4146.48,4220.56,501754276,0.004068111814958808,1.0,0.017865756014740386,1.0,0.005125808665683573,-0.002113024977412392,0.0027740365763662123,0.00651894725510771,0.013754616091976368,0.03383894395057219,0.008759074071774852,0.008119284643664626,0.0046367701222687074,0.014882750932627037,0.012427095923255527,0.03580968720136668,0.012923696514070233,0.01540348757884602,0.18972893397212998,0.017227634350806573,0.047877148494344324,0.005293748265841058,-0.00016705525170856994,0.006476627188691235,0.0,12.0,23593.099609375,-0.0008559129165679469,0.02550339342314989,0.007935473980883392,3.0,7207.64013671875,0.0004538938835816353,0.05012074656993093,0.01946581171307694,3.0,6929.93994140625,-0.00030436354912266594,0.022905635203277708,0.005591912955145166,3.0,4.14,-0.002409638554217053,0.004854368932038833,0.007938075791311379,3.0,3.46,-0.0028818443804035088,0.0,0.009649281405121037,3.0,1446.52001953125,-0.021742527716515747,-0.018643134646370463,0.005563114362216918,3.0,13.600000381469727,0.0096510847708835,-0.1938352279247585,0.05236436950386253,3.0
2025-12-30,4193.75,4226.36,4186.95,4214.17,407692686,-0.0063522376177569395,0.0,0.004869150521609633,1.0,0.022006547722825953,0.005125808665683573,-0.002113024977412392,0.02123590056086866,-0.018374624444465693,0.04974692517192936,0.01110080907401139,0.020340767939054594,0.012814482765240776,0.015890143971361154,0.0333543078056866,0.07486648720645661,0.013024633357383351,0.03401203214713755,0.24645530928367876,0.017011993868899605,0.06717106425106145,0.004068111814958808,0.017865756014740386,0.017938435907867156,1.0,12.0,23474.349609375,-0.005033251330520905,0.007153474910673641,0.007921284294762503,1.0,7178.27001953125,-0.004074858987184515,0.015619967615885022,0.01914622837113306,1.0,6905.740234375,-0.00349205148036813,0.010423620509912856,0.005568257319879062,1.0,4.12,-0.004830917874396046,-0.009615384615384581,0.008030171658129246,1.0,3.45,-0.0028901734104045396,-0.008620689655172376,0.009578813649130439,1.0,1441.3299560546875,-0.0035879651898936826,-0.02240296103057826,0.005456984431558202,1.0,14.199999809265137,0.044117603747491074,-0.04761905066486005,0.052888218050422486,1.0
2026-01-02,4224.53,4313.55,4216.68,4309.63,405249936,0.0024583725858233763,1.0,0.020144252733440338,1.0,-0.001514017097257292,0.022006547722825953,0.005125808665683573,0.0027740365763662123,-0.022358632862252148,0.026361871731860997,0.009834805561945258,0.013491836356771092,0.030210800886913525,0.014383278353642488,0.02867731201399759,0.07494190599356698,0.01302314772652175,0.028744108883313135,0.2281877238641763,0.01697920291925599,0.062051077958939826,-0.0063522376177569395,0.004869150521609633,0.009337623443334499,4.0,1.0,23241.990234375,-0.0075617762593251925,-0.01357489956200697,0.007961150657151455,2.0,7083.1298828125,-0.011991772143320478,-0.01411505200035501,0.018921523688045186,2.0,6845.5,-0.007357666300846111,-0.00930419574242558,0.005684892376116406,2.0,4.18,0.009661835748792313,0.0,0.007418946654152098,2.0,3.47,0.005797101449275477,-0.002873563218390718,0.00825107119542246,2.0,1437.9100341796875,0.002230467013762505,-0.026360291258099355,0.005424547596107569,2.0,14.949999809265137,0.04326586802930965,0.06785712923322396,0.05183942507743537,2.0
2026-01-05,4385.92,4457.52,4381.93,4457.52,513032866,0.017702215735457605,1.0,0.016324967167663962,1.0,0.02265214739794552,-0.001514017097257292,0.022006547722825953,-0.002113024977412392,0.014323115277572906,0.046707567058183574,0.012291630352433294,0.026950348525877965,0.0776418871104465,0.012453497204348934,0.04406578130685612,0.07877484711872307,0.013271072777413614,0.04802175597867486,0.25843310167610833,0.017139987946135273,0.0820862606433117,0.0024583725858233763,0.020144252733440338,0.022986732856054664,0.0,1.0,23235.630859375,-0.0002736157676632711,-0.015994355672842464,0.007946407073923812,3.0,7367.47021484375,0.04014331753554501,0.02263905032684832,0.020605343442077755,3.0,6858.47021484375,0.0018947067188299638,-0.010614405827551132,0.005661426606735326,3.0,4.19,0.0023923444976077235,0.009638554216867545,0.007149797797097159,3.0,3.47,0.0,0.0,0.008161502283815023,3.0,1443.6400146484375,0.003984936701564079,-0.023690227201336733,0.005536886136799617,3.0,14.510000228881836,-0.02943141043457509,0.07720860736719404,0.05180453859415226,3.0
2026-01-06,4446.08,4525.48,4395.0,4525.48,497434741,-0.0025664495055547354,0.0,0.017858428098459722,1.0,0.03431617099379758,0.02265214739794552,-0.001514017097257292,0.005125808665683573,-0.015259798688988413,0.08491902390583705,0.014486739392364646,0.04481810050460466,0.09888300245783843,0.015001439267847014,0.06950131830591766,0.10435795158932692,0.014871250564539766,0.07846235064300999,0.2898551144008821,0.017571206748280933,0.11454732141662771,0.017702215735457605,0.016324967167663962,0.017539788798574388,1.0,1.0,23395.8203125,0.006894129713735264,-0.008361737124044866,0.008096687493375873,1.0,7446.4501953125,0.010720094980448458,0.03313290537039326,0.020587375108596945,1.0,6902.0498046875,0.006354126864826393,-0.004024585631991817,0.005830799956078308,1.0,4.17,-0.004773269689737569,0.007246376811594235,0.006815312431825899,1.0,3.46,-0.0028818443804035088,0.0,0.007905866407434391,1.0,1440.47998046875,-0.002188935016779081,-0.0041755654819469745,0.005543016711348435,1.0,14.899999618530273,0.02687797267378067,0.0955881765144524,0.052118395364162455,1.0
2026-01-07,4566.34,4611.72,4488.2,4551.06,552649542,0.009028876494869165,1.0,-0.0033462247664430844,0.0,0.015246145838941683,0.03431617099379758,0.02265214739794552,0.022006547722825953,0.00651894725510771,0.0958427771643322,0.01314179732521783,0.0414242687560753,0.1329249394794354,0.012237312937508335,0.07214828145159835,0.12336322858823712,0.014940907684551906,0.08836162192211194,0.27506684586147334,0.01737901894015869,0.12695496609449708,-0.0025664495055547354,0.017858428098459722,0.029271882122794638,2.0,1.0,23547.169921875,0.00646908752731945,0.0031021226876044583,0.00820323731224881,1.0,7650.93017578125,0.02746006151998026,0.06584597054219832,0.021293888482554604,1.0,6944.81982421875,0.006196712678341321,0.0056590008481960385,0.005968280749667596,1.0,4.18,0.0023980815347721673,0.014563106796116498,0.006653506044008329,1.0,3.47,0.0028901734104047616,0.005797101449275477,0.007430822319904083,1.0,1445.56005859375,0.0035266565269076455,0.002934860627362035,0.0054698153496025755,1.0,14.75,-0.010067088749702191,0.03873240831848479,0.0519080502595698,1.0
2026-01-08,4531.46,4622.32,4527.5,4552.37,438825500,-0.004306688991136176,0.0,0.004614406835765861,1.0,0.00565243907828572,0.015246145838941683,0.03431617099379758,-0.001514017097257292,0.02123590056086866,0.07830714407566775,0.014066396172161877,0.03161866110311706,0.13194960888435658,0.012288313606842129,0.06482526777627595,0.11000109754759091,0.014679805624289673,0.08860964781035907,0.26047194372126525,0.017295181999636776,0.12891851230792706,0.009028876494869165,-0.0033462247664430844,0.027294342257616972,3.0,1.0,23584.279296875,0.0015759590270558732,0.007054043890660999,0.008204456226753856,1.0,7574.8701171875,-0.009941282542940355,0.05659985409659796,0.021373526643456636,1.0,6920.93017578125,-0.003439923431013958,0.0035802032074203627,0.005966958703598775,1.0,4.15,-0.007177033492822837,0.0024154589371983004,0.00666566435447763,1.0,3.47,0.0,0.005797101449275477,0.007376349436238293,1.0,1444.9599609375,-0.00041513159739192673,0.007144301133381825,0.005469679377779362,1.0,15.380000114440918,0.042711872165486,0.07327286785241727,0.04936282021340023,1.0
2026-01-09,4530.03,4590.03,4500.48,4586.32,398714790,-0.0049073339820796535,0.0,0.012425966273954092,1.0,0.0002878450295094037,0.00565243907828572,0.015246145838941683,0.02265214739794552,0.0027740365763662123,0.0802530510159769,0.013542196286797486,0.01633278353424661,0.10873054338481158,0.012425616948185506,0.0541209607374169,0.09567613752602377,0.014594215183134415,0.0837704050453123,0.2699976287121115,0.01723966130907133,0.12474311146718109,-0.004306688991136176,0.004614406835765861,0.020834706639771768,4.0,1.0,23480.01953125,-0.004420731467457473,0.01024134742656213,0.008260453237354309,1.0,7436.10009765625,-0.018319788641178003,0.04983252046531672,0.021830588015533708,1.0,6921.4599609375,7.65482590914246e-05,0.011096334955445153,0.00595870446148061,1.0,4.19,0.009638554216867545,0.0023923444976077235,0.007003364747814662,1.0,3.49,0.0057636887608070175,0.0057636887608070175,0.0069767845351450105,1.0,1446.1400146484375,0.0008166687955644125,0.005723571206209144,0.005473108783200584,1.0,15.449999809265137,0.004551345533378326,0.03344481648020681,0.049195051380439975,1.0
2026-01-12,4639.89,4652.54,4567.55,4624.79,394215422,0.011680388634024874,1.0,-0.0032543874962553954,0.0,0.007457653925317942,0.0002878450295094037,0.00565243907828572,0.03431617099379758,-0.002113024977412392,0.06420272738030874,0.013274932583894505,0.01141678887651465,0.11390904763292631,0.012190458167896191,0.0505731133896119,0.10685764622123539,0.014499759586916405,0.08612840121142451,0.28763746522133404,0.017189434718520667,0.12837077556300502,-0.0049073339820796535,0.012425966273954092,0.01967107243040442,0.0,1.0,23671.349609375,0.008148633687052653,0.018752180762253712,0.00843711413746159,3.0,7638.77978515625,0.027256180637466265,0.03682533656747933,0.022481127286833325,3.0,6966.27978515625,0.006475487031883276,0.015719186193907886,0.005944127832455971,3.0,4.18,-0.0023866348448688957,-0.0023866348448688957,0.006436696813932246,3.0,3.54,0.014326647564469885,0.020172910662824117,0.006527565329277975,3.0,1450.0799560546875,0.0027244536257491347,0.0044609053094293305,0.0055280164762205606,3.0,14.489999771118164,-0.062135925566243366,-0.0013783912783034147,0.0487692605831232,3.0
2026-01-13,4662.44,4693.07,4641.58,4692.64,428464311,0.008140910181867689,1.0,0.00647729515017903,1.0,0.008387988627047482,0.007457653925317942,0.0002878450295094037,0.015246145838941683,0.005125808665683573,0.037525350419066905,0.005389294058561012,0.012431250060201515,0.12563099045421589,0.011368389203866878,0.04700578969554625,0.11844981862152348,0.014412713656389027,0.08892353196435865,0.26454359524017845,0.01694471044610289,0.13333927461522488,0.011680388634024874,-0.0032543874962553954,0.01853119712536408,1.0,1.0,23733.900390625,0.002642467889757638,0.014450447712849313,0.008432150607176973,1.0,7674.83984375,0.004720656912223342,0.030670942858285644,0.022393078021235087,1.0,6977.27001953125,0.001577633215136931,0.010898242836883787,0.005938574677039391,1.0,4.19,0.0023923444976077235,0.004796163069544557,0.006436273825282658,1.0,3.54,0.0,0.023121387283236983,0.006390080635886106,1.0,1455.239990234375,0.0035584480415318254,0.010246591390199011,0.005599171234572715,1.0,15.119999885559082,0.04347826945426525,0.014765118970553992,0.048004566953535686,1.0
2026-01-14,4685.11,4723.1,4669.32,4723.1,549615101,-0.0016046404582497065,0.0,0.008108667672690917,1.0,0.014670936410085655,0.008387988627047482,0.007457653925317942,0.00565243907828572,0.022006547722825953,0.0369375182301106,0.005182269766624437,0.019820768994722737,0.13632048972317468,0.01112883521946979,0.04899703897704111,0.14158934661924483,0.014274012293378715,0.09737988345787496,0.2519148323137792,0.01678203378133697,0.14554841692617204,0.008140910181867689,0.00647729515017903,0.011133478493077477,2.0,1.0,23709.869140625,-0.0010125284763347064,0.006909502045885141,0.007410193324652337,1.0,7747.990234375,0.009531194411121158,0.01268604684185859,0.01863045629378973,1.0,6963.740234375,-0.0019391230550597216,0.002724391796352865,0.005362750558518589,1.0,4.18,-0.0023866348448688957,0.0,0.005868735275984943,1.0,3.53,-0.0028248587570621764,0.01729106628242061,0.0064282290314433945,1.0,1464.9300537109375,0.006658739136904845,0.013399647425255123,0.00581273237485118,1.0,15.979999542236328,0.056878284602278395,0.08338979947364944,0.047815117801265496,1.0
2026-01-15,4710.28,4797.55,4705.44,4797.55,544530249,-0.0027143189854123007,0.0,0.018527560994251013,1.0,0.006491015718231186,0.014670936410085655,0.008387988627047482,0.0002878450295094037,-0.001514017097257292,0.037802182348727564,0.005129266653384758,0.018822031112349924,0.11906950736395161,0.010797324377501305,0.04407711549905513,0.13340980427917337,0.01417821374409008,0.0973696909795243,0.25986625374444183,0.016778000359495407,0.14843218294512606,-0.0016046404582497065,0.008108667672690917,0.011460499846568382,3.0,1.0,23471.75,-0.010043039006782273,-0.00477136890462071,0.007668395659232674,1.0,7701.47021484375,-0.006004140186555484,0.01671317074717793,0.018626318530264002,1.0,6926.60009765625,-0.005333360445499591,0.0008192427507562883,0.005520842180644968,1.0,4.15,-0.007177033492822837,0.0,0.006061428725405118,1.0,3.51,-0.005665722379603388,0.011527377521613813,0.006527928809201767,1.0,1473.010009765625,0.005515591706388712,0.019412336387456763,0.005943190155464253,1.0,16.75,0.04818526156577807,0.08907671491320301,0.04781004513270683,1.0
2026-01-16,4820.66,4855.61,4797.75,4840.74,720036717,0.004817042031870278,1.0,0.0041654047371106895,1.0,0.015762952298278732,0.006491015718231186,0.014670936410085655,0.007457653925317942,0.02265214739794552,0.05385766095462374,0.004326348198725427,0.024049708850600204,0.13843295358279328,0.009848120203555598,0.04703226462588983,0.172825924866584,0.01305180644084385,0.1055875200230818,0.2576513425730531,0.0167550773627881,0.16190690084373305,-0.0027143189854123007,0.018527560994251013,0.01950202197709144,4.0,1.0,23530.01953125,0.0024825388498939116,0.00212947011962461,0.007669811387338777,1.0,7837.2998046875,0.017636838948224876,0.05395297289740664,0.01868627142128457,1.0,6944.47021484375,0.0025799262171273263,0.00332447981150108,0.005480853712834123,1.0,4.17,0.004819277108433662,-0.004773269689737569,0.005941904280646458,1.0,3.56,0.014245014245014342,0.02005730659025784,0.006930623529773898,1.0,1462.9000244140625,-0.0068634872027592,0.011589479300660566,0.006088166216600867,1.0,15.84000015258789,-0.054328349099230455,0.02524274097976864,0.04943740400615164,1.0
2026-01-19,4829.4,4917.37,4827.95,4904.66,569467347,-0.0023426170378909594,0.0,0.015583716403694048,1.0,0.009002511698679383,0.015762952298278732,0.006491015718231186,0.008387988627047482,0.03431617099379758,0.05547366952153365,0.004099123588388491,0.02216664512843125,0.12323795778291857,0.00930698626807865,0.044352974451566496,0.21044827249926845,0.01091017558628799,0.10482665831326288,0.2659368592828151,0.01676628946063505,0.1675744671203161,0.004817042031870278,0.0041654047371106895,0.012060322456253644,0.0,1.0,23515.390625,-0.0006217124567436949,-0.0065885125668218025,0.0062539978559189285,3.0,7927.41015625,0.011497627219594797,0.03778487915761364,0.015577403089941221,3.0,6940.009765625,-0.0006423023039563436,-0.0037710256178952184,0.004631086334824728,3.0,4.24,0.016786570743405393,0.014354066985646119,0.006992745397532828,3.0,3.59,0.008426966292134797,0.01412429378531077,0.007111776397244636,3.0,1468.8399658203125,0.0040603877962399615,0.012937224383589463,0.0061239946815994616,3.0,15.859999656677246,0.0012625949429734273,0.09454795770872271,0.04663133107038523,3.0
2026-01-20,4900.28,4935.48,4823.88,4885.75,666636986,-0.0008930282629173725,0.0,-0.002965136686066905,0.0,0.0132045926862423,0.009002511698679383,0.015762952298278732,0.014670936410085655,0.015246145838941683,0.06051518014872026,0.003934714635086918,0.02356597960906881,0.100311383908541,0.0050215822798320014,0.04803316159783022,0.2091134771879568,0.010887810895035377,0.10868336701432657,0.2628898364437853,0.01674064142771844,0.17815630858160802,-0.0023426170378909594,0.015583716403694048,0.01847238232171116,1.0,1.0,23515.390625,-0.0006217124567436949,-0.0065885125668218025,0.0062539978559189285,4.0,7927.41015625,0.011497627219594797,0.03778487915761364,0.015577403089941221,4.0,6940.009765625,-0.0006423023039563436,-0.0037710256178952184,0.004631086334824728,4.0,4.24,0.016786570743405393,0.014354066985646119,0.006992745397532828,4.0,3.59,0.008426966292134797,0.01412429378531077,0.007111776397244636,4.0,1471.5799560546875,0.0018654110033320404,0.011228365032547538,0.006129017837423425,1.0,15.859999656677246,0.0012625949429734273,0.09454795770872271,0.04663133107038523,4.0
2026-01-21,4808.94,4910.54,4807.13,4909.93,599228511,-0.01572123010796711,0.0,0.021000469958036616,1.0,-0.0038555169981201454,0.0132045926862423,0.009002511698679383,0.006491015718231186,0.00565243907828572,0.041151675815745525,0.0076012041892564155,0.011467054215420935,0.07960923482149962,0.00614869511947942,0.03601689434334676,0.22311622702158695,0.009757558065540762,0.0933949389739821,0.27049116383569616,0.01667461182395414,0.16874674442762605,-0.0008930282629173725,-0.002965136686066905,0.022753870808577853,2.0,1.0,22954.3203125,-0.023859706242919332,-0.03284669040040877,0.00790320833423216,1.0,7794.18994140625,-0.0168050109957687,0.015550825826475378,0.016049219554355197,1.0,6796.85986328125,-0.02062675805627745,-0.025856840246254453,0.0065745617272173745,1.0,4.3,0.014150943396226356,0.026252983293555854,0.0071164374807311526,1.0,3.6,0.0027855153203342198,0.016949152542372836,0.006710712906360348,1.0,1471.52001953125,-4.0729369268022175e-05,0.004498484964260863,0.006128594462891819,1.0,20.09000015258789,0.2667087381764075,0.32870372385224633,0.0755490509807685,1.0
2026-01-22,4987.06,5019.54,4934.17,4952.53,567591108,0.01570898159444223,1.0,-0.006923919102637788,0.0,0.004949086629483679,-0.0038555169981201454,0.0132045926862423,0.015762952298278732,0.0002878450295094037,0.0395566471173594,0.007714308777725772,0.00867016754846106,0.0788541570535215,0.0061787484678917,0.03328117749435222,0.221208541119996,0.009794680126486445,0.08797885878475675,0.2456724316836607,0.016449379718038264,0.1700139033471333,-0.01572123010796711,0.021000469958036616,0.021165634754131885,3.0,1.0,23224.8203125,0.01178427399798454,-0.020457676305513983,0.007792873968918474,1.0,8042.06982421875,0.031803161672472324,0.0379555963479441,0.01621100296307199,1.0,6875.6201171875,0.011587741323274559,-0.012654136171322716,0.006791596297435411,1.0,4.26,-0.009302325581395321,0.019138755980861344,0.007322371633929311,1.0,3.6,0.0,0.019830028328611915,0.006663939980243536,1.0,1477.780029296875,0.004254111179281983,0.0032382804594850434,0.006203474467244394,1.0,16.899999618530273,-0.1587854907829206,0.05757197137974357,0.07981223477822921,1.0
2026-01-23,4984.08,5021.13,4926.22,4990.07,611779504,0.006370481349936341,1.0,0.0012018266159450341,1.0,0.008676294774059734,0.004949086629483679,-0.0038555169981201454,0.009002511698679383,0.007457653925317942,0.03230398849412719,0.0064330735089456435,0.01098408931962247,0.08790146670854959,0.005613913107638639,0.033542503121477774,0.2061895843329038,0.009438403831166866,0.08722057612572476,0.22501564498136206,0.01621068746315091,0.17591675343361457,0.01570898159444223,-0.006923919102637788,0.017387213259659483,4.0,1.0,23436.01953125,0.00909368580287051,-0.001522275448145094,0.00797990972243265,1.0,8055.169921875,0.0016289460229255148,0.045926257865612774,0.01621269113529455,1.0,6913.35009765625,0.005487502192628835,-0.0019129154005127491,0.006749815381324582,1.0,4.26,0.0,0.026506024096385472,0.0073215382033213075,1.0,3.61,0.002777777777777768,0.028490028490028463,0.005894430824621541,1.0,1464.8299560546875,-0.00876319410565396,0.0013192505355230644,0.006492774809433952,1.0,15.640000343322754,-0.07455617181351726,-0.06626863621953705,0.08072606428374705,1.0
2026-01-26,4997.54,5023.76,4940.78,4949.59,445891935,0.0014969729883549387,1.0,-0.00959472060253641,0.0,0.007579964179924126,0.008676294774059734,0.004949086629483679,0.0132045926862423,0.008387988627047482,0.03084858926527767,0.006319397794201814,0.012474566752181282,0.08803354323291868,0.005611583696982319,0.032675548241620334,0.2119704079352589,0.009319680046457586,0.08506708784364636,0.2442792632174764,0.01614748396332215,0.18025454745421987,0.006370481349936341,0.0012018266159450341,0.01916394246980833,0.0,1.0,23501.240234375,0.0027829257881455405,-0.00122308852471531,0.007898236592061899,3.0,7957.93017578125,-0.01207171878890867,0.015391828065783653,0.016717079469740246,3.0,6915.60986328125,0.0003268698377891788,-0.0041558752028069135,0.006674650384420337,3.0,4.24,-0.004694835680751019,0.016786570743405393,0.00742606458270451,3.0,3.6,-0.0027700831024930483,0.011235955056179803,0.0055830997426574375,3.0,1463.260009765625,-0.0010717600924075033,-0.0037988863215410174,0.006482848497343979,3.0,16.09000015258789,0.02877236568970143,0.015782828130791238,0.08078184170531225,3.0
2026-01-27,4932.89,5084.85,4890.72,5084.85,475345563,-0.003374016837758287,0.0,0.03080547103219411,1.0,-0.008112110651754323,0.007579964179924126,0.008676294774059734,-0.0038555169981201454,0.014670936410085655,0.009160675765496507,0.0074302030669831445,0.0024335837802127447,0.0702302158584498,0.00768623310229814,0.017459405146016405,0.20468429789077613,0.009803836760234986,0.06651350695025782,0.21279296276784732,0.016115015062044106,0.16668615887991045,0.0014969729883549387,-0.00959472060253641,0.016629025244134947,1.0,1.0,23601.359375,0.0042601641286383884,0.003655850390535509,0.00794332863802072,1.0,7927.0400390625,-0.003881679788138803,-4.668828535481229e-05,0.01683483265958557,1.0,6950.22998046875,0.005006083031276365,0.0014726513634566452,0.006730784247754608,1.0,4.22,-0.004716981132075526,-0.004716981132075526,0.007307473011970379,1.0,3.56,-0.011111111111111072,-0.00835654596100277,0.0062080103420488015,1.0,1444.81005859375,-0.012608798879722105,-0.018191262629526195,0.0050772487570381756,1.0,16.149999618530273,0.0037289910113973423,0.018284991685414864,0.08001887626084864,1.0
2026-01-28,5145.39,5183.44,5124.8,5170.81,592093273,0.011905955927903555,1.0,0.004940344658033613,1.0,0.027327516016478093,-0.008112110651754323,0.007579964179924126,0.004949086629483679,0.006491015718231186,0.040751164099677606,0.012679308497069934,0.021588807315635394,0.08357981860956731,0.009855489680777528,0.03690406590540518,0.23129395013657228,0.010524897912473984,0.08449835033017394,0.24418567663920498,0.016406867563146323,0.19388809874461965,-0.003374016837758287,0.03080547103219411,0.03922143046191707,2.0,1.0,23817.099609375,0.009141008826954566,0.03758679347195337,0.008196804135522762,1.0,8117.18017578125,0.023986271771277323,0.04143987211026645,0.017321282771142955,1.0,6978.60009765625,0.004081896177137168,0.026738852651180478,0.006786341588322454,1.0,4.24,0.004739336492891155,-0.013953488372092981,0.007313863928244368,1.0,3.53,-0.008426966292134908,-0.019444444444444486,0.006520534431519563,1.0,1440.97998046875,-0.002650921553472463,-0.020754076503986973,0.005047085887759053,1.0,16.350000381469727,0.012383948462139527,-0.18616225697919653,0.08001698374061697,1.0
2026-01-29,5243.42,5252.61,5073.12,5221.25,698577650,0.014042287378573048,1.0,-0.0042281564322522724,0.0,0.016905120111704308,0.027327516016478093,-0.008112110651754323,0.008676294774059734,0.015762952298278732,0.053133140391003586,0.013061881519996148,0.0280819235043952,0.09479155639304704,0.010210110745638388,0.04489347393469911,0.225147847678981,0.010290815402161549,0.09176851038960088,0.25887035909920897,0.016493573622706977,0.20904014600360665,0.011905955927903555,0.004940344658033613,0.011532296921246332,3.0,1.0,23857.44921875,0.0016941445447504755,0.027239345568133677,0.008094986460423247,1.0,8306.740234375,0.023352944555712796,0.03291073267720113,0.01755740415041559,1.0,6978.02978515625,-8.172305219089626e-05,0.01489460822780897,0.006726726805115284,1.0,4.26,0.004716981132075304,0.0,0.0072090152744437785,1.0,3.56,0.008498583569405138,-0.011111111111111072,0.006656759949295565,1.0,1432.510009765625,-0.005877923925334261,-0.030633801129921423,0.005116333154461776,1.0,16.350000381469727,0.0,-0.03254433428847481,0.07969646824660934,1.0
2026-01-30,5210.35,5321.68,5199.78,5224.36,861531031,-0.0020876226957146082,0.0,0.0026888788661028062,1.0,0.009754757958617688,0.016905120111704308,0.027327516016478093,0.007579964179924126,0.009002511698679383,0.05425913623945755,0.013033620152637237,0.027135054021844685,0.0883159112463654,0.009950825774475782,0.04612926661454653,0.23897469727134868,0.009914159617977843,0.090821078810295,0.23671501017321717,0.016212876249141358,0.2160978396760893,0.014042287378573048,-0.0042281564322522724,0.03471216308470042,4.0,1.0,23685.119140625,-0.007223323690009664,0.010628921393534663,0.008267517432253077,1.0,8320.3896484375,0.001643173336035808,0.03292540432229196,0.017492826819076875,1.0,6969.009765625,-0.001292631274007694,0.008051041417332483,0.006725506141150956,1.0,4.24,-0.004694835680751019,-0.004694835680751019,0.007304473818417314,1.0,3.53,-0.008426966292134908,-0.02216066481994461,0.007019609591588525,1.0,1429.27001953125,-0.002261757483219995,-0.024275811930562385,0.00510889182716289,1.0,16.8799991607666,0.032415826723621866,0.07928381011661845,0.07985409125405622,1.0
2026-02-02,5122.62,5196.71,4933.58,4949.67,571234715,-0.01947415568605526,0.0,-0.03376202021621744,0.0,0.0005956428058413454,0.009754757958617688,0.016905120111704308,-0.008112110651754323,0.0132045926862423,0.04695124517291349,0.01380202207010352,0.01835961835197719,0.07924821411602356,0.01025809122304983,0.03876819806815157,0.2122525599645444,0.009753920241954683,0.08114025534797986,0.2675132347018492,0.015815564072506186,0.2116361000622473,-0.0020876226957146082,0.0026888788661028062,0.02334689968877195,0.0,2.0,23461.8203125,-0.009427811057196478,-0.0016773549600731519,0.008374285504221821,3.0,7998.47021484375,-0.03869042763570618,0.005094294391508658,0.019918624928823316,3.0,6939.02978515625,-0.004301899620894223,0.0033865302320406077,0.0065693864941766,3.0,4.26,0.004716981132075304,0.004716981132075304,0.007084031487772082,3.0,3.52,-0.0028328611898016387,-0.022222222222222254,0.006985382686390917,3.0,1428.760009765625,-0.0003568323400446882,-0.02357749119756647,0.005008999570941636,3.0,17.440000534057617,0.03317543845574367,0.0839030682826063,0.07967181009082955,3.0
2026-02-03,5114.81,5288.08,5101.31,5288.08,671735335,0.033363840417644175,1.0,0.033876136161460346,1.0,-0.052578689064306405,0.0005956428058413454,0.009754757958617688,0.027327516016478093,-0.0038555169981201454,1.616295491135844e-05,0.03119215194757734,-0.0351874044381999,0.009176986783997254,0.021390198189454767,-0.016728842020699353,0.11040892693695148,0.015736981655421024,0.01910569674828011,0.2360516629124818,0.0169242207005949,0.14375092358267771,-0.01947415568605526,-0.03376202021621744,0.050365977842262044,1.0,2.0,23592.109375,0.005553237590460336,-0.0003919265773224545,0.008446840523769112,1.0,8134.490234375,0.01700575433522533,0.02616994417717544,0.018467588441332446,1.0,6976.43994140625,0.00539126612916796,0.003771092612928406,0.006648916267246435,1.0,4.29,0.007042253521126751,0.0165876777251186,0.007208311014010257,1.0,3.57,0.014204545454545414,0.002808988764044784,0.007601283758997092,1.0,1448.800048828125,0.014026175792663409,0.002761601921749124,0.005946760347487493,1.0,16.34000015258789,-0.06307341443720693,0.01176473922882404,0.08090684517005628,1.0
2026-02-04,5260.71,5376.92,5243.11,5371.1,789061487,-0.0051757915916551545,0.0,0.0209838595930969,1.0,0.06837021457996184,-0.052578689064306405,0.0005956428058413454,0.016905120111704308,0.004949086629483679,0.03996774732784636,0.0431557884993244,0.02267448539249184,0.08234764365757563,0.02998784480163935,0.04216814994696616,0.16851251138000833,0.02107099157309679,0.08030102516728266,0.31333556855294376,0.018872860545579476,0.2160408259754163,0.033363840417644175,0.033876136161460346,0.03773382871989436,2.0,2.0,23255.189453125,-0.01428104272151376,-0.023592719746144852,0.008954063622056582,1.0,7966.330078125,-0.020672488552433643,-0.01858405189850687,0.01928321582507483,1.0,6917.81005859375,-0.008403983020698336,-0.008710921705187835,0.006825335003321173,1.0,4.28,-0.002331002331002252,0.009433962264151052,0.0071218810118924315,1.0,3.57,0.0,0.011331444759206777,0.007541950571753371,1.0,1452.5400390625,0.002581439887029413,0.008022358915763306,0.005923518167209713,1.0,18.0,0.10159117698350828,0.1009174055066262,0.08346458427292944,1.0
2026-02-05,5251.03,5304.4,5142.2,5163.57,911122310,-0.022354824896203884,0.0,-0.016655779913655078,0.0,0.015699459917399183,0.06837021457996184,-0.052578689064306405,0.009754757958617688,0.008676294774059734,0.03873474368619223,0.04310118211988662,0.0307448321707684,0.09392598265148377,0.030045147616154764,0.0489956410169774,0.18018659389241187,0.021131091874067545,0.08814653460853394,0.35847901744162525,0.01868439884452235,0.22845881949234248,-0.0051757915916551545,0.0209838595930969,0.02530408011981672,3.0,2.0,22904.580078125,-0.015076607984928048,-0.0399401097698292,0.009387105301248607,1.0,7619.16015625,-0.04357965568465527,-0.08277375465283632,0.021105194245604992,1.0,6882.72021484375,-0.005072391906223106,-0.013658521566537796,0.006763567070665496,1.0,4.29,0.002336448598130758,0.007042253521126751,0.007121406343044061,1.0,3.57,0.0,0.002808988764044784,0.007543476736980732,1.0,1446.6800537109375,-0.0040343021148970815,0.009891759114221355,0.0059999377921793285,1.0,18.639999389648438,0.03555552164713549,0.14006109814982515,0.08343462371093961,1.0
2026-02-06,5013.15,5120.77,4899.3,5089.14,744885110,-0.029131008197816666,0.0,0.015158134107297938,1.0,-0.038638267766379464,0.015699459917399183,0.06837021457996184,0.0005956428058413454,0.007579964179924126,-0.011047163035671548,0.047880485475212245,-0.006882775482194292,0.04261256367957378,0.03368109793828262,0.004324752228749729,0.13425973723576945,0.023580767671765934,0.039665620202924634,0.2676812561989963,0.019233886418379913,0.17610508476622333,-0.022354824896203884,-0.016655779913655078,0.030198655768836888,4.0,2.0,22540.58984375,-0.01589159168749088,-0.04832271647356379,0.009900064789820768,1.0,7614.64013671875,-0.0005932438009643715,-0.08482169003362527,0.020976451138659848,1.0,6798.39990234375,-0.012251015567674717,-0.024481220290835548,0.007240296777403509,1.0,4.21,-0.018648018648018683,-0.007075471698113289,0.008219361523128814,1.0,3.47,-0.028011204481792618,-0.016997167138810054,0.010020300229831513,1.0,1460.1099853515625,0.009283276980404542,0.021577424418674163,0.0063437374022003775,1.0,21.770000457763672,0.1679185177362963,0.28969203436707947,0.09006319689855755,1.0
2026-02-09,5299.1,5322.35,5265.08,5298.04,616975273,0.04125647948376354,1.0,-0.00020003396803236484,0.0,-0.014414445819462052,-0.038638267766379464,0.015699459917399183,-0.052578689064306405,-0.008112110651754323,-0.025882596145747838,0.048200591768179514,-0.016080236459053432,0.01985342890981512,0.03418579244606705,-0.012055733355179177,0.10963473983498773,0.0240407421024647,0.019518565685619826,0.23932212965646227,0.01937434273168338,0.15484383033316962,-0.029131008197816666,0.015158134107297938,0.04289086813967861,0.0,2.0,23031.2109375,0.021766116022293724,-0.01835362172518984,0.011234556810933062,3.0,8048.6201171875,0.05699284177279029,0.0062699367499901015,0.023971538554435318,3.0,6932.2998046875,0.0196957966973359,-0.0009698734084044869,0.008580076548817291,3.0,4.22,0.002375296912114022,-0.009389671361502372,0.007962407168227156,3.0,3.5,0.008645533141210304,-0.005681818181818232,0.01012697139258191,3.0,1470.6800537109375,0.007239227500269507,0.029340157660340038,0.006505332506476818,3.0,20.3700008392334,-0.06430866279706493,0.16800459950984203,0.09202739797743326,3.0
2026-02-10,5350.21,5363.62,5286.67,5301.69,710245208,0.009847037772459322,1.0,-0.009068802906801898,0.0,0.04104819281843297,-0.014414445819462052,-0.038638267766379464,0.06837021457996184,0.027327516016478093,0.07038246994244068,0.04262607220033185,0.010693275411265857,0.07039977048604018,0.03597928593842887,0.021587181240885434,0.14557417742210998,0.025323079898244737,0.05425837671901479,0.27651618281655455,0.019946031777616776,0.1970523091867724,0.04125647948376354,-0.00020003396803236484,0.011253374833469,1.0,2.0,23238.669921875,0.00900773237403718,-0.014981256974822776,0.011272570642785485,1.0,8162.580078125,0.014158943928058276,0.003453178126798573,0.02348355138546415,1.0,6964.81982421875,0.004691086716887227,-0.0016656227653495392,0.008519500495729726,1.0,4.22,0.0,-0.01631701631701643,0.0079364946318434,1.0,3.48,-0.005714285714285672,-0.025210084033613356,0.009634289266666294,1.0,1462.4000244140625,-0.005630068399977373,0.009387061794302154,0.006618223378139801,1.0,17.360000610351562,-0.1477663281723809,0.06242352804397777,0.097753159465911,1.0
2026-02-11,5293.75,5374.23,5257.53,5354.49,752970244,-0.001497635659572616,0.0,0.011473907910271475,1.0,0.000688934020883103,0.04104819281843297,-0.014414445819462052,0.015699459917399183,0.016905120111704308,0.002573712954418106,0.030119553951359387,0.010864665868909995,0.04264432579132116,0.03532063064313727,0.0180343951375741,0.1297883494152543,0.025296693286679155,0.0486302529518432,0.27119643794822346,0.019951209130442408,0.19279659022915263,0.009847037772459322,-0.009068802906801898,0.014524239152592246,2.0,2.0,23102.470703125,-0.005860887013236171,-0.006567082599255203,0.011293798133375943,1.0,8107.1298828125,-0.006793219151515761,0.017674362386028486,0.02359505937265875,1.0,6941.81005859375,-0.003303712975458173,0.003469306008219375,0.008542539697018636,1.0,4.16,-0.01421800947867291,-0.028037383177570097,0.008572360349030786,1.0,3.45,-0.008620689655172376,-0.03361344537815114,0.009787763347811139,1.0,1458.5400390625,-0.0026394866569487974,0.00413069508491648,0.006470470923998035,1.0,17.790000915527344,0.02476960196184419,-0.011666615804036495,0.09754008669321897,1.0
2026-02-12,5425.39,5522.27,5399.52,5522.27,749110983,0.013241223720653172,1.0,0.017856780802854688,1.0,0.009959088517057735,0.000688934020883103,0.04104819281843297,-0.038638267766379464,0.009754757958617688,-0.003092476401482136,0.029516673993754426,0.021579025089928372,0.035522481003943174,0.03512262565646494,0.024559430968062568,0.13368126865829622,0.025309068496504983,0.05250163959206211,0.3347617017776081,0.019172190253448504,0.19863988984147896,-0.001497635659572616,0.011473907910271475,0.02201184905190606,3.0,2.0,23066.470703125,-0.0015582748902752686,0.007068045973678938,0.011293760332024614,1.0,8291.8603515625,0.022786173580571,0.08829059653781979,0.023971109230509737,1.0,6941.47021484375,-4.895607156218951e-05,0.008535869273502694,0.008532970356379522,1.0,4.18,0.004807692307692291,-0.02564102564102566,0.008632002217782465,1.0,3.52,0.020289855072463725,-0.014005602240896309,0.010893171224384834,1.0,1455.3299560546875,-0.0022008878205879157,0.005979139839221492,0.006340561102163643,1.0,17.649999618530273,-0.007869662158076385,-0.053111577442859326,0.09706389529255498,1.0
2026-02-13,5513.71,5583.74,5480.92,5507.01,1289971073,-0.001550087192404681,0.0,-0.0012151527737221945,0.0,0.031334450153049254,0.009959088517057735,0.000688934020883103,-0.014414445819462052,0.0005956428058413454,0.06946744209916789,0.022542177698721317,0.03936364392638181,0.057652860904955805,0.036159804825100575,0.05061202482915084,0.15106043709810213,0.02583984692030276,0.07780431820841072,0.3504358990034848,0.019385246902290588,0.22962439394360556,0.013241223720653172,0.017856780802854688,0.022924685637661105,4.0,2.0,22597.150390625,-0.020346429175938763,0.0025092753679949453,0.011929976747990593,1.0,8084.7001953125,-0.02498355585679435,0.061731093020018335,0.02473767201171161,1.0,6832.759765625,-0.01566101212770199,0.005054110345789509,0.009154569757992117,1.0,4.09,-0.021531100478468845,-0.028503562945368155,0.009783206956550324,1.0,3.47,-0.014204545454545414,0.0,0.011283730079463804,1.0,1444.18994140625,-0.007654631585154337,-0.010903318315078403,0.006384114174648971,1.0,20.81999969482422,0.17960340763780214,-0.04363806811959259,0.10403368348954145,1.0
2026-02-19,5642.09,5681.65,5614.97,5677.25,1185058078,0.024528737009738455,1.0,0.006231733276144125,1.0,-0.0027633563733754363,0.031334450153049254,0.009959088517057735,0.04104819281843297,-0.052578689064306405,0.08211014041665199,0.019271273501554158,0.020440269053310534,0.05410232066702925,0.03623324348381173,0.04210497632134391,0.13763804707544725,0.0259346019749298,0.06788265838889429,0.3929032127518579,0.01875225444986572,0.21919807301965544,-0.001550087192404681,-0.0012151527737221945,0.01861915480409319,3.0,2.0,22753.630859375,0.007761849757584871,-0.015099676923421623,0.010905160606681799,1.0,8214.349609375,0.00962381088699682,0.013225361886678444,0.02407971643419545,1.0,6881.31005859375,0.005566070147410729,-0.008715306165011372,0.007920453769315414,1.0,4.09,0.009876543209876631,-0.016826923076923128,0.008748766163659473,1.0,3.47,0.011661807580174877,0.005797101449275477,0.011922688533519231,1.0,1439.969970703125,-0.00018053350447566618,-0.01055429752384296,0.006146730847933748,1.0,19.6200008392334,-0.03302119497595557,0.10286676950695406,0.08519599169485868,1.0
2026-02-20,5696.89,5809.91,5684.58,5808.53,1748649869,0.0034594213747853875,1.0,0.019596657123448047,1.0,0.0309133268325279,-0.0027633563733754363,0.031334450153049254,0.000688934020883103,0.06837021457996184,0.07157552604359352,0.016286987431911884,0.03740638262803664,0.1469956582964116,0.03042178587123811,0.059729369319861725,0.1575216222939002,0.026462185795204575,0.09270922501803214,0.4447730124112166,0.018964755300466006,0.2488339670227322,0.024528737009738455,0.006231733276144125,0.012108203907383385,4.0,2.0,22682.73046875,-0.0031160033782383634,-0.01663627866238815,0.010532834118124236,1.0,8173.2998046875,-0.004997328655290012,-0.014298425425442574,0.02314296199490342,1.0,6861.89013671875,-0.0028221256867719813,-0.011464441344835707,0.00751805416283888,1.0,4.08,-0.0024449877750610804,-0.023923444976076458,0.008599756861372373,1.0,3.47,0.0,-0.014204545454545414,0.011922688533519231,1.0,1440.1600341796875,0.00013199127789431664,-0.0027904274299531684,0.005893139663747579,1.0,20.229999542236328,0.031090656315525544,0.14617563623046093,0.07643608777064331,1.0
2026-02-23,5903.11,5931.86,5792.57,5846.09,1476885659,0.016282949386505763,1.0,-0.009659315174543548,0.0,0.023123871592760636,0.0309133268325279,-0.0027633563733754363,0.009959088517057735,0.015699459917399183,0.09559970499972659,0.014707740882583621,0.042092534683911165,0.09841946415334113,0.02420205176975838,0.07380258735450296,0.18887171877398545,0.02653119463996469,0.10813614980526864,0.45037392162003576,0.019016900240177572,0.2693182975379482,0.0034594213747853875,0.019596657123448047,0.022075828966489044,0.0,2.0,22886.0703125,0.008964522328127167,0.01278567947199516,0.010526274785348977,3.0,8260.419921875,0.010659111897196594,0.021734847590808792,0.02324244907671439,3.0,6909.509765625,0.006939724763506794,0.01123265014908359,0.00758133325499336,3.0,4.08,0.0,-0.0024449877750610804,0.008599756861372373,3.0,3.48,0.0028818443804032867,0.0028818443804032867,0.011924800038617159,3.0,1447.75,0.005270223891913339,0.004753956187018016,0.006048169498502023,3.0,19.09000015258789,-0.056351923650237334,-0.08309315886620305,0.07545648984795861,3.0
2026-02-24,5853.48,5969.64,5775.61,5969.64,1601140572,0.0012640927525917611,1.0,0.019844605260460613,1.0,0.006466352071866854,0.023123871592760636,0.0309133268325279,0.031334450153049254,-0.038638267766379464,0.09181079804052317,0.015287138193935963,0.030651084317808053,0.08843439891269944,0.024123528636203814,0.07133877534265465,0.19066666938225185,0.02652110607185974,0.10543035721055771,0.5171802577557705,0.01810821607520471,0.2683205515496787,0.016282949386505763,-0.009659315174543548,0.02398024973616388,1.0,2.0,22627.26953125,-0.011308222762413167,0.0035747899647389225,0.010720110010435296,1.0,8213.4599609375,-0.005684936284309439,0.009289923754691953,0.023089321781047396,1.0,6837.75,-0.010385652247284827,0.00023113499855287323,0.007927506112509506,1.0,4.03,-0.01225490196078427,-0.0024752475247524774,0.008880421154226563,1.0,3.43,-0.014367816091953922,0.008823529411764675,0.012253738414623875,1.0,1443.43994140625,-0.0029770737998618957,0.002723075623690452,0.005381235507375048,1.0,21.010000228881836,0.10057622110776498,0.019902904845619185,0.07793156997857106,1.0
2026-02-25,6022.7,6144.71,5984.28,6083.86,1412895002,0.008888308172687154,1.0,0.010154913909043994,1.0,0.02113378343474026,0.006466352071866854,0.023123871592760636,-0.0027633563733754363,-0.014414445819462052,0.08101197514790104,0.013621793163373343,0.03608932357510919,0.15610711193999505,0.017592088680220906,0.07805537421341935,0.20537179986794651,0.026656651760075326,0.11804096921456164,0.5521442723202448,0.01815785489315291,0.28525602232762837,0.0012640927525917611,0.019844605260460613,0.033189704571773726,2.0,2.0,22863.6796875,0.01044801963062758,0.012635929471733531,0.010991250374373394,1.0,8332.33984375,0.014473788559009604,0.024125963308313292,0.023214625604747467,1.0,6890.06982421875,0.0076516140863223114,0.0068461349926132176,0.008046034789831971,1.0,4.04,0.002481389578163684,-0.0024691358024691024,0.008931518076199097,1.0,3.43,0.0,0.0,0.012086075767339064,1.0,1442.199951171875,-0.0008590521841642662,0.0013678167583235368,0.0053501950438289555,1.0,19.549999237060547,-0.06949076515545527,-0.03647124914127009,0.08023598928276467,1.0
2026-02-26,6121.03,6313.27,6107.41,6307.27,1407910693,0.006109608044892578,1.0,0.030426251790956815,1.0,0.019133482086021836,0.02113378343474026,0.006466352071866854,0.0309133268325279,0.04104819281843297,0.10474831169727294,0.008859125087018147,0.03518519589850322,0.19545935069579512,0.01430424839053084,0.0792942984310312,0.21919331792940788,0.02673292021182981,0.127880469356642,0.57703653396513,0.018209445819429647,0.2994674673731077,0.008888308172687154,0.010154913909043994,0.0268743173792725,3.0,2.0,23152.080078125,0.012613909684129787,0.017511456576427165,0.011194251872943478,1.0,8467.4296875,0.016212714109510307,0.030809508988534073,0.02290338264548535,1.0,6946.1298828125,0.008136355657339944,0.009419692422927506,0.008214320611626922,1.0,4.05,0.0024752475247524774,-0.009779951100244544,0.008853758747071913,1.0,3.45,0.005830903790087438,-0.0057636887608069065,0.01209440211934455,1.0,1439.989990234375,-0.0015323540509790678,1.3902742180160743e-05,0.005182133195790791,1.0,17.93000030517578,-0.082864398726613,-0.08613661884652857,0.08302640264335356,1.0
2026-02-27,6197.49,6347.41,6153.87,6244.13,1165042188,-0.01740531164830439,0.0,0.007525627310411176,1.0,0.036721752308567446,0.019133482086021836,0.02113378343474026,0.023123871592760636,0.000688934020883103,0.11097274208463603,0.010792523276379565,0.05067267158614319,0.19049120051943746,0.013580275664299417,0.0992469252205983,0.2743015078016564,0.026986514196665125,0.154765556650708,0.5923951051157954,0.01843013060933673,0.3360265013494377,0.006109608044892578,0.030426251790956815,0.03383707054402971,4.0,2.0,22878.380859375,-0.011821798206745227,0.00862552199765143,0.011406428879502101,1.0,8197.259765625,-0.031906957819069603,0.002931491748749737,0.02356172591670595,1.0,6908.85986328125,-0.005365580569328343,0.006845012908492931,0.008294853950469002,1.0,4.02,-0.007407407407407418,-0.014705882352941346,0.008766109441239522,1.0,3.42,-0.008695652173913104,-0.014409221902017322,0.011988657366761553,1.0,1426.9300537109375,-0.009069463407389233,-0.009186465500194085,0.0055667095880246615,1.0,18.6299991607666,0.03904064939635021,-0.07909048035958854,0.08329146976394516,1.0
2026-03-03,6165.15,6180.45,5791.65,5791.91,1225774389,-0.012648679639917892,0.0,-0.06054029504553815,0.0,-0.010010670226579865,0.036721752308567446,0.019133482086021836,0.006466352071866854,0.009959088517057735,0.07499315661621786,0.01749583148251426,0.02527536871543412,0.17776218526545318,0.015370443272647614,0.07065709611056414,0.22798705959861154,0.027200282374768535,0.1312009021882139,0.5661577512409361,0.018574920698532827,0.3121952779395827,-0.01740531164830439,0.007525627310411176,0.03068522514495177,1.0,3.0,22748.859375,0.0035577769115684443,0.005373597710588873,0.011394173478849613,1.0,8137.35986328125,0.004814517678193075,-0.009265291121911545,0.022000512124989883,1.0,6881.6201171875,0.0003983547353176853,0.006415870306387239,0.008295531602189848,1.0,4.05,0.02015113350125941,0.004962779156327368,0.010304664347854257,1.0,3.47,0.026627218934911268,0.011661807580174877,0.01369725024401341,1.0,1438.5,0.004314715945239245,-0.003422339416101594,0.004715567481950623,1.0,21.440000534057617,0.07955689200142912,0.020466458852516967,0.08536797145707434,1.0
2026-03-04,5592.59,5672.12,5059.45,5093.54,1635609378,-0.03441351816585547,0.0,-0.08923414732708823,0.0,-0.07242321988811895,-0.010010670226579865,0.036721752308567446,0.02113378343474026,0.031334450153049254,-0.009267732792345051,0.043303062830825745,-0.047283251104309976,0.08169218730448646,0.032195239951615544,-0.01427653376665905,0.12011657748012383,0.0328667683933228,0.04340549642922609,0.47504832437305633,0.02107190223682643,0.20926147501779435,-0.012648679639917892,-0.06054029504553815,0.06226648067865342,2.0,3.0,22516.689453125,-0.010205782982251166,-0.015176482487405774,0.011427044677059746,1.0,7764.8798828125,-0.04577405776897203,-0.06810331450452611,0.023998164131322174,1.0,6816.6298828125,-0.009444031095625416,-0.010658809457649743,0.008414483478091839,1.0,4.06,0.0024691358024691024,0.004950495049504955,0.010131678526308644,1.0,3.51,0.011527377521613813,0.023323615160349753,0.013557053635466667,1.0,1452.27001953125,0.00957248490180751,0.006982435654079966,0.005180221820668299,1.0,23.56999969482422,0.09934697330735043,0.2056266299050813,0.08539881652019471,1.0
2026-03-05,5250.92,5715.3,5248.13,5583.9,1659748150,0.030897960946610903,1.0,0.06341364941762584,1.0,-0.12057680454288822,-0.07242321988811895,-0.010010670226579865,0.019133482086021836,-0.0027633563733754363,-0.14675926856560872,0.06570337400664251,-0.13729378460070907,-0.07763655163546879,0.05068297664629616,-0.12676028810940942,-0.02445966004309319,0.04336877682686567,-0.0813482423021249,0.2992498157061707,0.026711508787284382,0.059128876892076576,-0.03441351816585547,-0.08923414732708823,0.10578030390665602,3.0,3.0,22807.48046875,0.012914465789047869,-0.014884174908352699,0.011539829268258342,1.0,7914.47998046875,0.0192662475033758,-0.06530313535966403,0.02402855053759672,1.0,6869.5,0.007756049264286302,-0.011032025617907504,0.008454461532690923,1.0,4.09,0.007389162561576512,0.009876543209876631,0.010380515375223222,1.0,3.54,0.008547008547008517,0.02608695652173898,0.013716041853648001,1.0,1483.0699462890625,0.021208126824620255,0.029916844107837015,0.006925679753244351,1.0,21.149999618530273,-0.10267289383229639,0.17958724252921443,0.08755248656778301,1.0
2026-03-06,5491.02,5609.98,5381.27,5584.87,1221971475,-0.01663353570085413,0.0,0.01709154219070408,1.0,0.09627096282742453,-0.12057680454288822,-0.07242321988811895,0.036721752308567446,0.0309133268325279,-0.0821780908830907,0.08590719407621789,-0.037946986208144184,0.01396220453567354,0.06032412603189663,-0.04395292822053576,0.06881991286971045,0.048452744656407566,0.0038365435764367017,0.3977466438711066,0.029161152908996915,0.15473343202372614,0.030897960946610903,0.06341364941762584,0.09171813709129605,4.0,3.0,22748.990234375,-0.0025645197616256388,-0.0056555848858061974,0.011060500777698743,1.0,7821.759765625,-0.011715263046032542,-0.045807990808666266,0.02195767169584065,1.0,6830.7099609375,-0.005646704863891072,-0.01131154834375725,0.008472421683219192,1.0,4.13,0.009779951100244544,0.027363184079602032,0.010681420195498368,1.0,3.57,0.008474576271186418,0.04385964912280693,0.01385702869388234,1.0,1460.75,-0.015049827113624348,0.02370119418335115,0.007552060657844943,1.0,23.75,0.12293146233401209,0.27482560761547115,0.09092192685215109,1.0
2026-03-09,5265.37,5327.42,5096.16,5251.87,1024980497,-0.05720813555194659,0.0,-0.00256392238342229,0.0,0.00017371371263807944,0.09627096282742453,-0.12057680454288822,-0.010010670226579865,0.023123871592760636,-0.11453449749257616,0.08197708110778652,-0.013216318265905969,-0.016271962657977035,0.059525878323801136,-0.04227202714145928,0.1283317877757506,0.04658334749658848,-0.0016890348941488442,0.383660778435696,0.02916514035018285,0.14880249208521446,-0.01663353570085413,0.01709154219070408,0.040958828059241593,0.0,3.0,22387.6796875,-0.015882487229215148,-0.012375535536239268,0.011059824706985745,3.0,7514.740234375,-0.03925197659474111,-0.07206757339650838,0.023781315651467936,3.0,6740.02001953125,-0.013276795812569242,-0.02018640616595213,0.008551029191331097,3.0,4.15,0.004842615012106588,0.04534005037783384,0.010006635354220632,3.0,3.56,-0.0028011204481792618,0.053254437869822535,0.01221552924032018,3.0,1479.510009765625,0.012842724467311273,0.032946593810150526,0.007927466965836126,3.0,29.489999771118164,0.24168420088918596,0.4848942026591474,0.09858060652608976,3.0
2026-03-10,5523.21,5595.88,5427.88,5532.59,922384318,0.05166540679795961,1.0,0.0016982877710607358,1.0,-0.05962538071611334,0.00017371371263807944,0.09627096282742453,-0.07242321988811895,0.006466352071866854,-0.15891084906944608,0.08325971273792203,-0.038333573206563054,-0.0958349186455093,0.06166749483157193,-0.09069675960072787,-0.006847475832438277,0.04651652170464176,-0.06090978672629643,0.30367555249955935,0.030353052144034696,0.0757927596044159,-0.05720813555194659,-0.00256392238342229,0.041408304938163325,1.0,3.0,22695.94921875,0.01376960612055389,-0.0023258377652176643,0.010342051685401171,1.0,7810.39990234375,0.039343963829421735,-0.04018010342800038,0.02178343022783976,1.0,6795.990234375,0.008304161513105202,-0.012443273728323212,0.007450878839660185,1.0,4.12,-0.0072289156626507145,0.01728395061728394,0.010082971202518245,1.0,3.56,0.0,0.025936599423631135,0.012096228479530166,1.0,1483.8900146484375,0.0029604428857539222,0.03155371195581336,0.007819586468466642,1.0,25.5,-0.1353000950181722,0.18936564201540196,0.10294732056604304,1.0
2026-03-11,5658.72,5746.36,5559.69,5609.95,1050298058,0.02279764088790248,1.0,-0.008618556846778147,0.0,0.05345143729757207,-0.05962538071611334,0.00017371371263807944,-0.12057680454288822,0.02113378343474026,-0.044772795157383305,0.08665368548951845,0.02278201796369772,-0.053625585647843255,0.06463390386548538,-0.03686539035345637,0.03006646683174763,0.04790209657593081,-0.012140343246408558,0.3493957390763527,0.030953326014075896,0.12777980714820347,0.05166540679795961,0.0016982877710607358,0.03198860596320929,2.0,3.0,22697.099609375,5.0687046129427316e-05,0.008012286025686599,0.010091259268454703,1.0,7865.1201171875,0.00700607081941218,0.012909437864825346,0.02157443086336222,1.0,6781.47998046875,-0.0021351198877325173,-0.0051564927167861985,0.007333522901920788,1.0,4.15,0.00728155339805836,0.022167487684729315,0.010256647050611774,1.0,3.57,0.002808988764044784,0.017094017094017033,0.011999968971933733,1.0,1464.469970703125,-0.013087252932228566,0.00840060801903264,0.00838694368999935,1.0,24.93000030517578,-0.022352929208792838,0.0577004933373082,0.09602191288835053,1.0
2026-03-12,5567.65,5629.07,5527.47,5583.25,800913165,-0.007540174154849866,0.0,0.0028019002631272105,1.0,0.013982601277159556,0.05345143729757207,-0.05962538071611334,0.09627096282742453,0.019133482086021836,0.10138528410496428,0.058528053586973224,0.017652897815128687,-0.06025321459920541,0.06436916433395837,-0.017244620154653112,0.08644794202460693,0.04695367254605356,-0.002303436908557277,0.35021721602464573,0.030956089811141126,0.13792373922774526,0.02279764088790248,-0.008618556846778147,0.03374007472088119,3.0,3.0,22716.130859375,0.0008384881913343634,-0.004005247730022754,0.010036996342340622,1.0,7914.56982421875,0.0062872157442566134,1.1351819730665014e-05,0.021607960709442292,1.0,6775.7998046875,-0.0008376012017449197,-0.01364003134325642,0.00731890682949726,1.0,4.21,0.014457831325301207,0.02933985330073363,0.010284411052289784,1.0,3.64,0.019607843137255054,0.02824858757062154,0.012418829024229576,1.0,1472.780029296875,0.005674447929963522,-0.006938254677694045,0.008451127339647105,1.0,24.229999542236328,-0.028078650395929716,0.14562647656066896,0.09667974972038143,1.0
2026-03-13,5412.39,5537.59,5392.52,5487.24,906846959,-0.030602247794743187,0.0,0.013829380366159771,1.0,-0.004759400707671113,0.013982601277159556,0.05345143729757207,0.00017371371263807944,0.036721752308567446,-0.00011640609609764319,0.04070736996081421,0.012833364716519302,-0.08228493094844391,0.06384440072380375,-0.013268583935042266,0.09709106057212025,0.04679042543925883,-0.011395533418354642,0.34745568413558425,0.030966384523675915,0.12702251414148424,-0.007540174154849866,0.0028019002631272105,0.01811067834829178,4.0,3.0,22311.98046875,-0.0177913392525737,-0.019210073111933235,0.010734119478368767,1.0,7643.169921875,-0.034291175436125476,-0.02283243785303468,0.022068512458202467,1.0,6672.6201171875,-0.015227676506708532,-0.02314398424966979,0.007954403295346135,1.0,4.27,0.014251781472683911,0.03389830508474567,0.01069411006199191,1.0,3.76,0.03296703296703285,0.053221288515406195,0.013625681459272562,1.0,1475.3399658203125,0.0017381662383484375,0.00998799645409032,0.008224454928089708,1.0,27.290000915527344,0.12628978254650813,0.14905267012746704,0.09927735596094116,1.0
2026-03-16,5510.82,5561.42,5448.75,5549.85,1073309625,0.004297242329477147,1.0,0.007082430563872588,1.0,-0.01719607755339636,-0.004759400707671113,0.013982601277159556,-0.05962538071611334,-0.010010670226579865,-0.017481158916859307,0.04149122131852873,-0.0010449701255056398,-0.13001346065730512,0.06202256211739293,-0.015975575311697243,0.03571131965783558,0.046285194994265755,-0.030020412519384032,0.32702297460701324,0.03109010362651826,0.102625931373731,-0.030602247794743187,0.013829380366159771,0.02598307437424434,0.0,3.0,22105.359375,-0.009260544757082045,-0.012610521342130476,0.009974865686515715,3.0,7646.64013671875,0.0004540282211726865,0.017552157257598067,0.021511275972686233,3.0,6632.18994140625,-0.006059115470564369,-0.015998480392124925,0.007349635821732602,3.0,4.28,0.0023419203747074846,0.031325301204819356,0.009270317205338701,3.0,3.73,-0.007978723404255317,0.047752808988763995,0.013268986287198548,3.0,1470.5799560546875,-0.0032263816312861904,-0.0060358183804056775,0.008247654479505637,3.0,27.190000534057617,-0.0036643597696923713,-0.07799251457821688,0.09263993428711478,3.0
2026-03-17,5711.8,5717.13,5632.86,5640.48,1134636570,0.029180968855013978,1.0,-0.012486431597745096,0.0,0.011410107813764503,-0.01719607755339636,-0.004759400707671113,0.05345143729757207,-0.07242321988811895,0.05673788574355432,0.02671073152325713,-0.0004909433027119325,-0.11118922892380523,0.062469929261396606,0.0077998553450338015,0.04680771603017164,0.04632152941139213,-0.021099923617272753,0.3501247986921683,0.031065580953472775,0.10985742346201355,0.004297242329477147,0.007082430563872588,0.02053309131731072,1.0,3.0,22374.1796875,0.012160865966468926,-0.014177399153861958,0.010395573124398498,1.0,7796.240234375,0.019564160857770574,-0.0018129248368576878,0.02199227354285701,1.0,6699.3798828125,0.010130883162251969,-0.014215787284954096,0.007787482102257838,1.0,4.23,-0.011682242990654124,0.02669902912621369,0.009226211187752239,1.0,3.68,-0.013404825737265313,0.03370786516853941,0.012702241123042161,1.0,1501.75,0.021195749212396642,0.012035922592142922,0.009374197297330153,1.0,23.510000228881836,-0.13534388499059757,-0.07803920671051623,0.09862747230800512,1.0
2026-03-18,5767.1,5934.35,5766.14,5925.03,1142344636,0.022448444104048004,1.0,0.02738464739643831,1.0,0.016330171085704892,0.011410107813764503,-0.01719607755339636,0.013982601277159556,-0.12057680454288822,0.01950081245854096,0.014427275635982678,0.01189884599528468,-0.02614508858045106,0.05880170560449039,0.027081693753944647,0.0534112492506289,0.046391328186109214,-0.007617296603049883,0.3535549390952111,0.031078957684408756,0.12246962102461412,0.029180968855013978,-0.012486431597745096,0.015184194167410008,2.0,3.0,22479.529296875,0.004708535054532392,-0.009585820049453964,0.010450721188207166,1.0,7836.830078125,0.005206335686146701,-0.0035968985394995157,0.02204763238219665,1.0,6716.08984375,0.0024942548757938,-0.009642458122279929,0.007814205632977555,1.0,4.2,-0.007092198581560294,0.012048192771084265,0.009463848836925465,1.0,3.68,0.0,0.0308123249299721,0.012680591892075327,1.0,1488.9100341796875,-0.008550002210962249,0.016688675060252844,0.009672181160533044,1.0,22.3700008392334,-0.048489977820074914,-0.1026875023908802,0.09937506344481875,1.0
2026-03-19,5761.4,5863.39,5738.95,5763.22,1183422113,-0.027616737805546965,0.0,0.0003158954420801052,1.0,0.05044783422687438,0.016330171085704892,0.011410107813764503,-0.004759400707671113,0.09627096282742453,0.056164493444682995,0.025630958622984732,0.0510646299472961,0.16324403067414806,0.042895888361394297,0.06280414206309959,0.07293377542206358,0.04718168667607467,0.03876584372868219,0.44845364605105864,0.03144910580706187,0.17196519172215008,0.022448444104048004,0.02738464739643831,0.029821930048506518,3.0,3.0,22152.419921875,-0.014551433469982555,-0.024815446828937215,0.010746520499907037,1.0,7795.1298828125,-0.005321053907867412,-0.015091147599805232,0.021898585263883705,1.0,6624.7001953125,-0.013607567880073446,-0.022299892814198752,0.008147179096223024,1.0,4.26,0.014285714285714235,0.01187648456057011,0.009708552049021815,1.0,3.76,0.021739130434782483,0.03296703296703285,0.013207091414552015,1.0,1484.8699951171875,-0.002713420535664479,0.008208941987137397,0.009714695556912125,1.0,25.09000015258789,0.12159138181989015,0.03549321612047329,0.10187988607384081,1.0
2026-03-20,5813.35,5833.68,5764.64,5781.2,1489263059,0.008698262429683412,1.0,-0.0055303740528267475,0.0,-0.027309566365064764,0.05044783422687438,0.016330171085704892,-0.01719607755339636,0.00017371371263807944,0.03223391393901398,0.030645002765845135,0.015874034313127616,0.032113755618832895,0.03412005398999189,0.030464871572288388,0.04652433897886521,0.04769999289344902,0.008133417682349098,0.4411184432614095,0.031532996524903927,0.13336812822244415,-0.027616737805546965,0.0003158954420801052,0.021002425304175763,4.0,3.0,22090.689453125,-0.0027866241687231064,-0.009918035556500171,0.01074381576935109,1.0,7863.2998046875,0.008745193845365984,0.02880086208504684,0.02202755691014162,1.0,6606.490234375,-0.002748797741878972,-0.009910632053241164,0.008146743039074363,1.0,4.25,-0.0023474178403755097,-0.004683840749414414,0.009706181258626871,1.0,3.79,0.007978723404255428,0.007978723404255428,0.013197119587964075,1.0,1505.25,0.013725110581956468,0.020273316572873457,0.010076731882657427,1.0,24.059999465942383,-0.041052239154301895,-0.11835842217752246,0.10263563550090504,1.0
2026-03-23,5580.15,5580.15,5397.94,5405.75,1124612375,-0.034776516986092854,0.0,-0.031253640135121774,0.0,0.003119783732010939,-0.027309566365064764,0.05044783422687438,0.011410107813764503,-0.05962538071611334,0.0535715587435579,0.02790264571936773,0.008591133637452897,0.03515390689487852,0.03409902653813359,0.03006377942823013,0.018309921176626,0.04725853788861962,0.010359982250716104,0.42520110146656775,0.031519698067175785,0.13051302807148013,0.008698262429683412,-0.0055303740528267475,0.011979414285763854,0.0,3.0,21647.609375,-0.020057322297033164,-0.020707647961502595,0.011237772722435759,3.0,7670.60986328125,-0.024504971982803325,0.00313467433198511,0.022389648106003815,3.0,6506.47998046875,-0.015138182356779217,-0.018954517594959808,0.008383517943418836,3.0,4.39,0.03294117647058825,0.025700934579439227,0.011883875038501803,3.0,3.88,0.0237467018469657,0.04021447721179627,0.013869823539242357,3.0,1489.8399658203125,-0.010237524783050955,0.01309688037452661,0.010423644263966834,3.0,26.780000686645508,0.11305075981208423,-0.015079067280581726,0.10354766357725917,3.0
2026-03-24,5638.2,5643.0,5395.17,5553.92,1166859602,0.04300050871756933,1.0,-0.01494803306019643,0.0,-0.0649432643741783,0.003119783732010939,-0.027309566365064764,0.016330171085704892,0.05345143729757207,-0.025964665711685986,0.0438317292072577,-0.05214429394634823,0.02930003979534912,0.03522418867429374,-0.039465473174864374,-0.06934284578025762,0.04924707796971661,-0.05191920701282515,0.3532948972464707,0.03272835555990142,0.052254017354299576,-0.034776516986092854,-0.031253640135121774,0.031517677990728576,1.0,3.0,21946.759765625,0.013819095930771796,-0.019103266704959543,0.011624753329262981,1.0,7773.1298828125,0.013365302284764402,-0.0029642944377986646,0.022693044249819695,1.0,6581.0,0.011453200463990454,-0.017670274694559063,0.00877929441507434,1.0,4.34,-0.011389521640091105,0.026004728132387633,0.011824016986446221,1.0,3.83,-0.012886597938144284,0.040760869565217295,0.013761426362332397,1.0,1504.2099609375,0.009645327986133934,0.0016380628849674839,0.01052090837688952,1.0,26.149999618530273,-0.023525057952272554,0.1122926143745937,0.10230454928358755,1.0
2026-03-25,5680.33,5740.97,5630.07,5642.21,761965945,0.022760500691403562,1.0,-0.006710877713090646,0.0,0.027409702631457256,-0.0649432643741783,0.003119783732010939,0.05044783422687438,0.013982601277159556,-0.015346211669928667,0.04539829678484737,-0.02319874832566038,0.0038553371928879976,0.031925212558086453,-0.01351139407199542,-0.04997699316979387,0.04966663497045634,-0.02343053188020372,0.38138314409720064,0.03284928191252505,0.07574456128462104,0.04300050871756933,-0.01494803306019643,0.04584562734125698,2.0,3.0,21761.890625,-0.008423527782655094,-0.03192409691491016,0.011370310729808347,1.0,7872.7099609375,0.01281080846792304,0.004578366821127222,0.022630520915578628,1.0,6556.3701171875,-0.0037425745042546366,-0.02378165424799006,0.008493596340715032,1.0,4.39,0.011520737327188835,0.04523809523809508,0.01194399357698046,1.0,3.9,0.018276762402088753,0.059782608695652106,0.013973811722067148,1.0,1485.3599853515625,-0.012531479032481085,-0.0023843272908566915,0.011007167552052829,1.0,26.950000762939453,0.03059277843515873,0.2047384779563115,0.10034017685598456,1.0
2026-03-26,5594.06,5598.37,5448.12,5460.46,924160928,-0.008533890089167162,0.0,-0.023882475339914166,0.0,0.015896880041484263,0.027409702631457256,-0.0649432643741783,-0.027309566365064764,-0.004759400707671113,-0.04773309164679329,0.03727318969406384,0.0023004799920416374,0.005750496884999068,0.03201831561353942,0.0015967791039397383,-0.05484920363707024,0.04955546886238836,-0.005041967608814479,0.37416127405971356,0.03281435896384781,0.08745243777255163,0.022760500691403562,-0.006710877713090646,0.01996787854344329,3.0,3.0,21929.8203125,0.007716686495385705,-0.01004854594486937,0.011078851153191965,1.0,7967.75,0.012072086935002835,0.022144610773979556,0.02246783217022793,1.0,6591.89990234375,0.005419124381509377,-0.0049512116777690185,0.008335699145747416,1.0,4.33,-0.013667425968109215,0.016431924882629234,0.012596436464456129,1.0,3.84,-0.015384615384615441,0.02127659574468077,0.014810175930317363,1.0,1497.31005859375,0.008045237087330737,0.008377880566965645,0.011074927462903825,1.0,25.329999923706055,-0.06011134669284157,0.00956555478910226,0.09922531193126025,1.0
2026-03-27,5300.61,5462.51,5220.1,5438.87,899228857,-0.029274090461243296,0.0,0.02608379035620434,1.0,-0.03221255500947329,0.015896880041484263,0.027409702631457256,0.003119783732010939,-0.01719607755339636,-0.05253313251966785,0.03792860547081162,-0.01943862023291587,-0.021992567053239598,0.03370347573675106,-0.028549693503003737,-0.10246784114032859,0.049753089998555794,-0.03177015805286576,0.32621705381170285,0.03317880048308631,0.0479016385997042,-0.008533890089167162,-0.023882475339914166,0.02662963625955078,4.0,3.0,21408.080078125,-0.023791359297075876,-0.03090032008500465,0.01189372874800576,1.0,7585.8701171875,-0.04792819589124908,-0.035281585897897205,0.02380617150125209,1.0,6477.16015625,-0.017406172392416708,-0.019576215741918035,0.008958927100410173,1.0,4.42,0.020785219399538146,0.040000000000000036,0.012894597791616192,1.0,3.96,0.03125,0.04485488126649084,0.015477367950741137,1.0,1500.969970703125,0.0024443247999097473,-0.0028434009612190447,0.010763467570863248,1.0,27.440000534057617,0.08330045861456314,0.1404821755253869,0.1001154979983487,1.0
2026-03-30,5181.8,5297.35,5151.22,5277.3,726820391,-0.047265332688591566,0.0,0.018429889227681517,1.0,-0.003953879343498556,-0.03221255500947329,0.015896880041484263,-0.0649432643741783,0.011410107813764503,-0.059214349961945634,0.03743885681333866,-0.011158054500147507,-0.008814996245835816,0.033284729390738496,-0.0315573140715647,-0.13768238873553862,0.048815127854902385,-0.028115804047452064,0.32377051175333804,0.033186591923943666,0.039336253570474655,-0.029274090461243296,0.02608379035620434,0.04439369576922088,0.0,3.0,20948.359375,-0.021474167765036856,-0.03230148825613688,0.012517624906920571,3.0,7457.669921875,-0.016899866901495364,-0.02776049690984561,0.023920994585527742,3.0,6368.85009765625,-0.01672184352107431,-0.02115274053338201,0.009457076978756827,3.0,4.44,0.00452488687782826,0.011389521640091216,0.012240103743583503,3.0,3.88,-0.02020202020202022,0.0,0.01613466377491649,3.0,1508.3599853515625,0.004923492669860474,0.012430878454151806,0.01077318376631567,3.0,31.049999237060547,0.13155971693667867,0.159447290550085,0.10259856262452625,3.0
2026-03-31,5143.75,5233.99,5042.99,5052.46,1162202569,-0.025306501430655826,0.0,-0.017747752126366922,0.0,-0.02970653830667025,-0.003953879343498556,-0.03221255500947329,0.027409702631457256,0.016330171085704892,-0.023761735189381628,0.026636039881422113,-0.0360307108234611,-0.04910943539014567,0.03419356809281594,-0.05574390696895459,-0.15483822406003722,0.04909337918239047,-0.048770154242064434,0.2778956238740047,0.03349183995497909,0.004788610834478346,-0.047265332688591566,0.018429889227681517,0.026867713330158676,1.0,3.0,20794.640625,-0.0073379851494933535,-0.05249609295079416,0.012414353275630799,1.0,7142.330078125,-0.042283963631192356,-0.08115132696834104,0.025302821249426347,1.0,6343.72021484375,-0.003945748828622642,-0.03605527809698372,0.009405277317808457,1.0,4.35,-0.020270270270270396,0.0023041474654377225,0.013036289435405737,1.0,3.82,-0.015463917525773252,-0.0026109660574412663,0.016190961555755407,1.0,1507.02001953125,-0.0008883594323142452,0.0018681292284479234,0.010793537242435501,1.0,30.610000610351562,-0.014170648551379394,0.1705545337240031,0.10223391058767621,1.0
2026-04-01,5330.04,5512.33,5272.45,5478.7,958009096,0.05493957398970006,1.0,0.027890972675627124,1.0,-0.04260512004244599,-0.02970653830667025,-0.003953879343498556,0.015896880041484263,0.05044783422687438,-0.09028938119382346,0.02392389569870436,-0.05987801111222757,-0.10424999290840486,0.035268012374392047,-0.08636136940732098,-0.12766945618975434,0.047433428398544135,-0.08318753132429602,0.1971065451030194,0.0339600013863683,-0.040553344469522634,-0.025306501430655826,-0.017747752126366922,0.0361927500805336,2.0,4.0,21590.630859375,0.03827862422484163,-0.007869709878435716,0.015558292636768925,1.0,7588.2001953125,0.06242642279346322,-0.03613873329980011,0.027834948244074353,1.0,6528.52001953125,0.02913114047102594,-0.004247792171348186,0.011867304135971288,1.0,4.3,-0.011494252873563204,-0.02050113895216399,0.013470098672345129,1.0,3.79,-0.007853403141361182,-0.028205128205128216,0.01635510362906818,1.0,1516.1300048828125,0.006045032735793487,0.020715530130540838,0.010698300884461625,1.0,25.25,-0.17510619090085677,-0.06307980388917933,0.10957177252357551,1.0
2026-04-02,5551.69,5574.62,5170.27,5234.05,1427435859,0.013322503513607309,1.0,-0.057215010204099914,0.0,0.0843628648222845,-0.04260512004244599,-0.02970653830667025,-0.03221255500947329,-0.027309566365064764,-0.028979779199994393,0.05184530029805561,0.02567453166285949,-0.07532957639033055,0.042630246318650325,-0.0012230628563886237,0.07561735060488384,0.043268684199174644,-0.00930461997817067,0.30006620520766836,0.03551571752810395,0.03624110805755154,0.05493957398970006,0.027890972675627124,0.047477862269072905,3.0,4.0,21840.94921875,0.011593841838405838,-0.004052522660176305,0.015494408683493813,1.0,7802.31005859375,0.028216159006125396,-0.020763696326597803,0.02824317915549925,1.0,6575.31982421875,0.007168516684867399,-0.0025152199473030823,0.011842348469418415,1.0,4.33,0.006976744186046657,0.0,0.01346327774434965,1.0,3.81,0.005277044854881341,-0.0078125,0.01632326504092114,1.0,1503.3299560546875,-0.008442579981203124,0.0040204748685059855,0.009955434057325546,1.0,24.540000915527344,-0.028118775622679504,-0.031188275189821812,0.10680383008296439,1.0
2026-04-03,5375.5,5419.45,5316.42,5377.3,1184464730,0.027024961549851456,1.0,0.00033485257185383865,1.0,-0.04465475386496787,0.0843628648222845,-0.04260512004244599,-0.003953879343498556,0.003119783732010939,-0.04146353970178329,0.05375211332525079,-0.011749010059143417,-0.09181846259556292,0.04388312739836312,-0.03652872383429184,-0.0626533426458209,0.038784389972712316,-0.050540632490991055,0.21450101284797074,0.03600862291047767,-0.012908446718593147,0.013322503513607309,-0.057215010204099914,0.0738040045996312,4.0,4.0,21879.1796875,0.0017504032616484366,0.022005691666688643,0.015516880775067991,1.0,7833.39013671875,0.003983445657964824,0.032629087462285655,0.02812816560839973,1.0,6582.68994140625,0.0011208758485563575,0.016292600863732076,0.011832946322863115,1.0,4.31,-0.004618937644341958,-0.02488687782805432,0.013463301122533619,1.0,3.79,-0.005249343832021025,-0.04292929292929293,0.016405006198760265,1.0,1512.0899658203125,0.005827070584434102,0.007408539367365519,0.009286290889227602,1.0,23.8700008392334,-0.027302365578560805,-0.1301020271626181,0.1038926934543015,1.0
2026-04-06,5423.35,5505.61,5404.91,5450.33,1109980779,0.008563777360385272,1.0,0.004974784957636702,1.0,0.02736886349958456,-0.04465475386496787,0.0843628648222845,-0.02970653830667025,-0.0649432643741783,-0.011320366179004004,0.05601872227641714,0.017664396526697157,-0.06986438801632877,0.045259013817857484,-0.0027451261122285464,-0.03716648731304395,0.039356272816091206,-0.02271510835952706,0.20634343760656138,0.035920186983847864,0.011183766801976747,0.027024961549851456,0.00033485257185383865,0.019684565489439296,0.0,4.0,21879.1796875,0.0017504032616484366,0.022005691666688643,0.015516880775067991,4.0,7833.39013671875,0.003983445657964824,0.032629087462285655,0.02812816560839973,4.0,6582.68994140625,0.0011208758485563575,0.016292600863732076,0.011832946322863115,4.0,4.35,0.009280742459396807,-0.020270270270270396,0.013545113238165065,3.0,3.84,0.01319261213720302,-0.010309278350515427,0.016490705474790552,3.0,1509.219970703125,-0.0018980319835867343,0.0005701459597935443,0.00893967782739447,3.0,23.8700008392334,-0.027302365578560805,-0.1301020271626181,0.1038926934543015,4.0
2026-04-07,5552.19,5594.9,5424.46,5494.78,990017601,0.018688776642882043,1.0,-0.010340064010777694,0.0,0.013581165268815143,0.02736886349958456,-0.04465475386496787,-0.04260512004244599,0.027409702631457256,0.03278759971955347,0.053782507694207206,0.0247739617130025,0.008246774268140467,0.040518333711272336,0.0099637546881719,0.037788444877729255,0.036964028684182235,-0.011225628641009178,0.20436506182769576,0.03591181614349217,0.021954599525085605,0.008563777360385272,0.004974784957636702,0.01872687036244952,1.0,4.0,21996.33984375,0.005354869694540465,0.050026851744803924,0.015228860153238427,1.0,7916.10986328125,0.01055988851809575,0.06147227568513647,0.02659103743466884,1.0,6611.830078125,0.0044267825126402816,0.03815131094986324,0.011587368538531942,1.0,4.34,-0.0022988505747125743,-0.0022988505747125743,0.013403960716879295,1.0,3.84,0.0,0.005235602094240788,0.016490705474790552,1.0,1509.260009765625,2.6529639997718846e-05,0.0014863705892054213,0.008930442875094799,1.0,24.170000076293945,0.012568044680059565,-0.2215780782549842,0.08784502619229545,1.0
2026-04-08,5804.7,5919.6,5774.0,5872.34,931536240,0.05640262212499869,1.0,0.011652626320051152,1.0,0.008155469485333855,0.013581165268815143,0.02736886349958456,0.0843628648222845,0.015896880041484263,0.08754547289835046,0.04618869718174906,0.016228496520826807,-0.01064833486978567,0.03959994706952707,0.01931753633980038,-0.006834050598363617,0.03501419997976981,-0.0028197104794779326,0.2073626803426014,0.03591552183242465,0.02725954971326705,0.018688776642882043,-0.010340064010777694,0.031271500991683,2.0,4.0,22017.849609375,0.0009778793098211835,0.05882328078824406,0.014849910988206096,1.0,8003.8701171875,0.01108628548895263,0.12062450623797982,0.02527303975421237,1.0,6616.85009765625,0.0007592481161695641,0.04305515904900714,0.011393268026189618,1.0,4.33,-0.0023041474654377225,0.006976744186046657,0.013402493244648855,1.0,3.81,-0.0078125,0.005277044854881341,0.016698129591908577,1.0,1507.8499755859375,-0.000934255310923171,-0.0054612924156955955,0.008322403734456783,1.0,25.780000686645508,0.06661152690399286,-0.1577915657431469,0.08373130595442584,1.0
2026-04-09,5826.45,5862.41,5757.49,5778.01,1026062539,-0.007814602015550953,0.0,-0.008313810296149415,0.0,0.06871248712414335,0.008155469485333855,0.013581165268815143,-0.04465475386496787,-0.03221255500947329,0.07184916129738816,0.040758114720531716,0.07046972525228945,0.040787209267290736,0.04514537773860542,0.08472661466117448,0.04677225287212905,0.03814388173073724,0.06316773414814003,0.2899522666215619,0.036875992204206655,0.09334833248897922,0.05640262212499869,0.011652626320051152,0.02649787616610681,3.0,4.0,22634.990234375,0.028029105291791367,0.04837095228028154,0.016246996569477447,1.0,8510.919921875,0.06335057881544848,0.12159928610377158,0.028808920268924607,1.0,6782.81005859375,0.025081414644149813,0.03895064092654166,0.01282086467681091,1.0,4.29,-0.009237875288683584,-0.009237875288683584,0.0133098367972962,1.0,3.79,-0.005249343832021025,-0.005249343832021025,0.016348907424520897,1.0,1499.1300048828125,-0.005783049271686602,-0.0027937653706424648,0.00841329785577105,1.0,21.040000915527344,-0.18386344627110762,-0.16673263700881802,0.09360423946803721,1.0
2026-04-10,5876.12,5918.59,5850.83,5858.87,1001514838,0.016979894461934153,1.0,-0.002935610572963099,0.0,-0.016063443193003124,0.06871248712414335,0.008155469485333855,0.02736886349958456,-0.003953879343498556,0.103927169209312,0.03125962709627917,0.03279225932657326,0.0581544412009245,0.04394293770482808,0.06107818432170631,0.03488290870012989,0.03834768849867871,0.044248555305046455,0.2598357724711753,0.036973540832972766,0.07182186492415243,-0.007814602015550953,-0.008313810296149415,0.017866812888899495,4.0,4.0,22822.419921875,0.008280528754784022,0.04493718168084149,0.016352387488497228,1.0,8689.5302734375,0.020986021863915072,0.11371250414055689,0.029047578438157435,1.0,6824.66015625,0.006170023529293189,0.0379206394056848,0.012889821928337758,1.0,4.29,0.0,-0.004640371229698292,0.012940834612582991,1.0,3.78,-0.0026385224274406704,-0.0026385224274406704,0.014668436205908096,1.0,1477.5999755859375,-0.01436168259373738,-0.022809482910406076,0.009075142008048456,1.0,19.489999771118164,-0.07366925270736524,-0.2057865100246945,0.09476523446250375,1.0
2026-04-13,5737.28,5827.73,5730.23,5808.62,1082751048,-0.020753148644704567,0.0,0.012434463717998723,1.0,0.013994437531260617,-0.016063443193003124,0.06871248712414335,0.013581165268815143,-0.02970653830667025,0.08955609692596656,0.031080681781098643,0.029521693183427677,0.07722192293619812,0.04383402684087823,0.06769235927888806,0.06772621572958348,0.038142166952509035,0.05531825828456283,0.26684022409666164,0.03699052069167946,0.08269054663041375,0.016979894461934153,-0.002935610572963099,0.011727220963618999,0.0,4.0,22902.890625,0.003525949632005032,0.04678927419225265,0.015792153249440104,3.0,8889.830078125,0.023050705663548277,0.13486369540746135,0.0277582999238314,3.0,6816.89013671875,-0.0011385210916523558,0.03557819028347975,0.012362831776029171,3.0,4.31,0.004662004662004504,-0.00919540229885063,0.012970347528186349,3.0,3.81,0.007936507936507908,-0.0078125,0.014623491434439622,3.0,1473.280029296875,-0.002923623687357879,-0.023813587219831178,0.009069524823994268,3.0,19.229999542236328,-0.013340186348648642,-0.19438630640392085,0.08946725163729793,3.0
2026-04-14,5960.0,6026.52,5938.33,5967.75,888475808,0.02606126756441296,1.0,0.0013003355704697128,1.0,-0.008576739200562566,0.013994437531260617,-0.016063443193003124,0.008155469485333855,-0.04260512004244599,0.06573730397975908,0.0333102095757441,0.007999272540990754,0.10068027210884356,0.04227931346228991,0.04838404012889708,0.04662648540050629,0.03819868158790591,0.043834388048221706,0.23781496130110114,0.03700531160560695,0.06972780132000644,-0.020753148644704567,0.012434463717998723,0.016641434269748262,1.0,4.0,23183.740234375,0.01226262719293758,0.05398172600803797,0.015758927369574013,1.0,9039.51953125,0.016838280575613762,0.1419143603829538,0.027767294436151682,1.0,6886.240234375,0.010173274948748201,0.041502905097013265,0.012397951130442876,1.0,4.3,-0.002320185614849146,-0.009216589861751112,0.012675852160669777,1.0,3.78,-0.007874015748031593,-0.015625,0.014383843923288231,1.0,1482.1800537109375,0.006040959109660848,-0.017942538647726325,0.00775472897840946,1.0,19.1200008392334,-0.005720161498773413,-0.20893666616135476,0.08945662865591258,1.0
2026-04-15,6141.6,6183.21,6064.23,6091.39,923166088,0.029131582254618538,1.0,-0.008175394034127925,0.0,0.027395491528108273,-0.008576739200562566,0.013994437531260617,0.06871248712414335,0.0843628648222845,0.08607623963106814,0.0336845628824406,0.018888470404728075,0.18115729763323207,0.03811285182401654,0.05960059125633088,0.05802165773125689,0.0384814964059721,0.06928640866244273,0.2635239567233383,0.037125058294998174,0.09485087260591474,0.02606126756441296,0.0013003355704697128,0.01518260791719901,2.0,4.0,23639.080078125,0.019640482473783916,0.07363255256588253,0.01608557910882348,1.0,9224.1201171875,0.020421504184965578,0.1524574964528269,0.027785497545413672,1.0,6967.3798828125,0.011782866364792755,0.05297532511434877,0.012460640150471592,1.0,4.26,-0.009302325581395321,-0.01616628175519641,0.012758529024617639,1.0,3.76,-0.005291005291005346,-0.013123359580052618,0.014460160445803973,1.0,1476.8399658203125,-0.003602860446849876,-0.02056571294738707,0.007565291717885381,1.0,18.360000610351562,-0.039748964201003045,-0.2878200108092951,0.0850506311932017,1.0
2026-04-16,6149.49,6231.03,6126.06,6226.05,925093215,0.00953805289104781,1.0,0.01244981291131464,1.0,0.020718026056721683,0.027395491528108273,-0.008576739200562566,-0.016063443193003124,-0.04465475386496787,0.03730199545666646,0.018883999215883497,0.03227661818615646,0.11183127384233504,0.030182286831951365,0.06991427182337828,0.028077494966270322,0.03712361993997575,0.08981565296236527,0.26968765307292264,0.037155830925205344,0.11313030173323035,0.029131582254618538,-0.008175394034127925,0.019937162247078123,3.0,4.0,24016.01953125,0.015945605830651965,0.06101302817341958,0.0163470878359994,1.0,9239.2900390625,0.0016445928372867957,0.08558065683539362,0.02782119523984248,1.0,7022.9501953125,0.007975783355387733,0.035404225482400964,0.012531320708311313,1.0,4.29,0.007042253521126751,0.0,0.012454338892159541,1.0,3.76,0.0,-0.007915567282322011,0.013625979975522524,1.0,1469.4200439453125,-0.005024188163054388,-0.019818135078833565,0.007620254255912816,1.0,18.170000076293945,-0.010348612622076536,-0.13640687805842067,0.08453866297109225,1.0
2026-04-17,6227.33,6230.32,6159.88,6191.92,688610451,0.00020558781249735425,1.0,-0.005686225075594131,0.0,0.022106612776394252,0.020718026056721683,0.027395491528108273,0.013994437531260617,0.02736886349958456,0.07754226801268937,0.014085812006094935,0.03931434516043297,0.18952818563063012,0.023022949460255293,0.07483862012960119,0.08030753641193633,0.03670997350044143,0.10931492780958574,0.2861773199965296,0.03722016724384893,0.13295771984111915,0.00953805289104781,0.01244981291131464,0.017232519999540227,4.0,4.0,24102.69921875,0.003609244545592194,0.056097438451207626,0.015790152884892085,1.0,9329.349609375,0.009747455695376939,0.07363106126614527,0.027626830990771234,1.0,7041.27978515625,0.0026099558353673835,0.03174072026251307,0.011958691508991008,1.0,4.32,0.006993006993007089,0.006993006993007089,0.012519893897991194,1.0,3.78,0.005319148936170137,0.0,0.013557722926905165,1.0,1474.06005859375,0.003157718358039574,-0.0023957207976967876,0.006916188992669055,1.0,17.940000534057617,-0.012658202601573132,-0.0795279248467442,0.07894934240347133,1.0
2026-04-20,6213.92,6278.36,6176.75,6219.09,692130187,0.0035530174808460213,1.0,0.000832002986842495,1.0,-0.005481806281671386,0.022106612776394252,0.020718026056721683,-0.008576739200562566,0.013581165268815143,0.05684543265168873,0.01689110579860981,0.022250412983276346,0.15149238465400838,0.023825934321113046,0.05412217828854793,0.07104407389469314,0.03677738418690472,0.09921190174992112,0.262456520941309,0.03722760761070042,0.12236528731149221,0.00020558781249735425,-0.005686225075594131,0.011313754306502452,0.0,4.0,24468.48046875,0.015175945510511601,0.06835774005055306,0.01587374725126786,3.0,9555.8798828125,0.02428146472395687,0.0749226699311647,0.027825622044792428,3.0,7126.06005859375,0.012040463669150903,0.04535351394467635,0.012033607788813065,3.0,4.26,-0.01388888888888895,-0.011600928074245953,0.010412036618554462,3.0,3.71,-0.01851851851851849,-0.026246719160105014,0.012933648552034311,3.0,1477.9200439453125,0.0026186079251375727,0.0031494451537852353,0.006605200980183967,3.0,17.479999542236328,-0.02564108016318145,-0.09100364231191682,0.0787417500826914,3.0
2026-04-21,6302.54,6388.47,6302.54,6388.47,791255167,0.013418361850367155,1.0,0.013634185582320768,1.0,0.004387976588844822,-0.005481806281671386,0.022106612776394252,0.027395491528108273,0.008155469485333855,0.07066566585522893,0.013802783578263896,0.013006495918061578,0.14104834019224533,0.024039760950927837,0.045070293781661386,0.150458308282847,0.03300331148160838,0.09612192774371531,0.27290385304201004,0.03721115547063738,0.1227675974213367,0.0035530174808460213,0.000832002986842495,0.016410095737670976,1.0,4.0,24404.390625,-0.002619281725804501,0.0526511416313713,0.014857245734933636,1.0,9599.2099609375,0.0045343891568723205,0.06191594893430197,0.026654507747668244,1.0,7109.14013671875,-0.002374372617670484,0.03236888269321048,0.011288355169059025,1.0,4.26,0.0,-0.009302325581395321,0.01014793223644871,1.0,3.72,0.0026954177897575704,-0.015873015873015817,0.012720967350307099,1.0,1465.1500244140625,-0.008640534772882846,-0.011489851893659475,0.00640693130549441,1.0,18.8700008392334,0.07951952708227816,-0.013075313233617214,0.07623870712669295,1.0
2026-04-22,6387.57,6423.29,6318.51,6417.93,899491437,-0.0001408788019667817,0.0,0.004752981180636828,1.0,0.02723549586836671,0.004387976588844822,-0.005481806281671386,0.020718026056721683,0.06871248712414335,0.07049893175820032,0.013763588382693667,0.0265267256527959,0.16264345433302152,0.024320901238859036,0.0576497566077967,0.15026323749711912,0.03299781442198468,0.11775480086995804,0.3011326027051302,0.03732456420761963,0.14823842335768345,0.013418361850367155,0.013634185582320768,0.013817134017999465,2.0,4.0,24259.9609375,-0.005918184547990535,0.02626501781469681,0.014973682955446687,1.0,9647.2099609375,0.005000411512544156,0.0458677725761234,0.026691170323272357,1.0,7064.009765625,-0.006348217959672997,0.013868898271338859,0.011412308946706211,1.0,4.3,0.009389671361502261,0.009389671361502261,0.01002125922642387,1.0,3.78,0.016129032258064502,0.005319148936170137,0.012554275160038021,1.0,1469.260009765625,0.002805163487067608,-0.005132550736786978,0.0058880852916155775,1.0,19.5,0.03338628154465928,0.062091467960283975,0.07694135059121986,1.0
2026-04-23,6488.83,6557.76,6309.1,6475.81,1041738006,0.011047175646976548,1.0,-0.002006525059217057,0.0,0.004611432784375591,0.02723549586836671,0.004387976588844822,0.022106612776394252,-0.016063443193003124,0.053606812238257584,0.013621807787982242,0.020550855408405955,0.09290844876148174,0.015607432253232958,0.05301559851742721,0.13748513437110632,0.032943710709703256,0.11534036369216438,0.29588917179704133,0.03732163144783504,0.14849185132445597,-0.0001408788019667817,0.004752981180636828,0.016401423188963826,3.0,4.0,24657.5703125,0.0163895307178914,0.026713451844724068,0.014818841709692858,1.0,9909.26953125,0.027164285982538505,0.07251417472066746,0.026928815735552985,1.0,7137.89990234375,0.010460084168953943,0.01636772351140614,0.011372585173831063,1.0,4.3,0.0,0.002331002331002363,0.009566773444905592,1.0,3.79,0.002645502645502784,0.007978723404255428,0.012144441366300215,1.0,1485.800048828125,0.011257394166154677,0.011147258369249569,0.006171250231344336,1.0,18.920000076293945,-0.029743585831079722,0.04127682976614344,0.07638021868610324,1.0
2026-04-24,6496.1,6516.54,6403.74,6475.63,877622698,0.0031331987813107975,1.0,-0.003151121442096061,0.0,0.009018484152990114,0.004611432784375591,0.02723549586836671,-0.005481806281671386,0.013994437531260617,0.04011532191357281,0.012013735658934663,0.02163964406267338,0.12076822296949996,0.012908216739773288,0.050485109309784004,0.18594587269204443,0.031626519715551894,0.11555689386498047,0.29773931027019684,0.037323765027775506,0.15373703021050011,0.011047175646976548,-0.002006525059217057,0.03874457963860619,4.0,4.0,24438.5,-0.008884505234035278,0.013932081971498533,0.015199469664376665,1.0,10078.5703125,0.01708509196526453,0.08030792439937229,0.026953697111032005,1.0,7108.39990234375,-0.004132868267081369,0.009532374686913592,0.01152353294942338,1.0,4.34,0.009302325581395321,0.004629629629629539,0.008522021069764681,1.0,3.83,0.01055408970976246,0.013227513227513255,0.009977455027562209,1.0,1477.9599609375,-0.005276677636946281,0.0026456875491698284,0.006227329468063523,1.0,19.309999465942383,0.02061307547969271,0.07636560151065419,0.07598216414400968,1.0
2026-04-27,6533.6,6657.22,6529.19,6615.03,841972826,0.00895202474508272,1.0,0.012463266805436524,1.0,-2.779575064748574e-05,0.009018484152990114,0.004611432784375591,0.004387976588844822,-0.008576739200562566,0.04581939043140082,0.010660146000374467,0.012547170725895063,0.10526944615599931,0.013365595392756493,0.04005032872029557,0.1906204781507923,0.03155378658470246,0.10565253617991943,0.30831644641273326,0.037290039099499635,0.14850070503988455,0.0031331987813107975,-0.003151121442096061,0.017418670405709893,0.0,4.0,24836.599609375,0.016289854507232526,0.015044626130140903,0.013696720126096773,3.0,10513.66015625,0.043169797923657605,0.10022941740406277,0.023774174704305113,3.0,7165.080078125,0.007973689797975636,0.0054756792968919665,0.01040354733427921,3.0,4.31,-0.00691244239631339,0.011737089201877993,0.008524114446589223,3.0,3.78,-0.013054830287206332,0.018867924528301883,0.00938743458038358,3.0,1479.949951171875,0.0013464439409527351,0.001373489205237055,0.006105878887159776,3.0,18.709999084472656,-0.03107200404267052,0.07036610837799628,0.07278002337404789,3.0
2026-04-28,6646.8,6712.73,6621.73,6641.02,1138757282,0.0048026993074861135,1.0,-0.0008695913823192347,0.0,0.02152686302336604,-2.779575064748574e-05,0.009018484152990114,0.02723549586836671,0.027395491528108273,0.0636652629243184,0.011509903703743383,0.02169347357833873,0.13882987697594262,0.012002551084759831,0.04885485072159779,0.2534875788755613,0.030280659556792683,0.11670077948399538,0.3009292309507654,0.03723913102233057,0.16794155339759542,0.00895202474508272,0.012463266805436524,0.01977104930331113,1.0,4.0,24887.099609375,0.0020332896126786792,0.019779595884705792,0.011976092817912396,1.0,10408.0400390625,-0.01004598927659961,0.08426006738225422,0.023308927154138626,1.0,7173.91015625,0.0012323767534654362,0.00911080922384877,0.009115367263085625,1.0,4.35,0.009280742459396807,0.021126760563380254,0.007601375835586408,1.0,3.78,0.0,0.016129032258064502,0.008772927820036153,1.0,1474.68994140625,-0.003554180843385879,0.006511221945344925,0.006133896625480378,1.0,18.020000457763672,-0.03687860291140321,-0.04504506325736113,0.06398189793547986,1.0
2026-04-29,6619.0,6702.38,6596.03,6690.9,717212999,-0.003315755712224977,0.0,0.010862668076748738,1.0,0.003928931539237235,0.02152686302336604,-2.779575064748574e-05,0.004611432784375591,0.020718026056721683,0.039532157151868974,0.008311698374533005,0.017767740614527128,0.11281806375937342,0.011173052676261053,0.041853813336630186,0.3144131769474672,0.027545467766361055,0.10625505307251393,0.2843287608711207,0.03720697710764713,0.16747944039913243,0.0048026993074861135,-0.0008695913823192347,0.013756551368625691,2.0,4.0,24663.80078125,-0.008972472953050814,0.01664635177238738,0.01209640376036229,1.0,10035.580078125,-0.03578579247770164,0.04025724730362956,0.02246829946029362,1.0,7138.7998046875,-0.004894172187521972,0.010587476736859003,0.009172167268668551,1.0,4.36,0.0022988505747127963,0.013953488372093092,0.0071109023369146035,1.0,3.84,0.015873015873015817,0.015873015873015817,0.009312367957638854,1.0,1473.0,-0.0011459638794568683,0.0025454924312351412,0.005901496221161088,1.0,17.829999923706055,-0.010543869546671303,-0.0856410295535357,0.06401854215429283,1.0
2026-04-30,6739.39,6750.27,6597.83,6598.87,684812507,0.007247156585810766,1.0,-0.0208505517561679,0.0,0.007510894410798219,0.003928931539237235,0.02152686302336604,0.009018484152990114,0.022106612776394252,0.04253240530825342,0.008131810918982045,0.016903866724176986,0.09841924421191206,0.01063853621087144,0.03989860409671153,0.221256867505065,0.022040446093038197,0.103423459139945,0.2814747426382571,0.0372031084946555,0.17120501047276449,-0.003315755712224977,0.010862668076748738,0.016014106266808464,3.0,4.0,24673.240234375,0.00038272499882396893,0.00063550145762159,0.00999434459650065,1.0,10271.2998046875,0.023488400742903703,0.03653450663500446,0.019900326361821274,1.0,7135.9501953125,-0.0003991720531409948,-0.00027314855320537124,0.007463715451146499,1.0,4.42,0.013761467889908063,0.027906976744185963,0.0075721234119830024,1.0,3.92,0.02083333333333326,0.03430079155672816,0.01031117897562234,1.0,1471.989990234375,-0.0006856821219449749,-0.00929469520790649,0.00566625834551879,1.0,18.809999465942383,0.054963519149170637,-0.005813985724523851,0.05566773535017325,1.0
2026-05-04,6782.93,6937.0,6741.63,6936.99,872128588,0.027892654348396162,1.0,0.02271289840820989,1.0,-0.013754502383834688,0.007510894410798219,0.003928931539237235,-2.779575064748574e-05,-0.005481806281671386,0.019003028192612126,0.012755732119085933,-0.000820678680070186,0.05988066269946435,0.011881532982271143,0.019686880888058145,0.26075792168588374,0.01883781507130475,0.07613569492069105,0.26309634098722157,0.0372768423865685,0.15048222758482654,0.007247156585810766,-0.0208505517561679,0.02278318312932498,0.0,5.0,25114.439453125,0.0089235953340574,0.01118671026307183,0.009888120432555221,3.0,10595.33984375,0.008724511051676487,0.007768910758585212,0.01963704215387501,3.0,7230.1201171875,0.002928328889657106,0.009077363874978595,0.007519290331135949,3.0,4.39,-0.002272727272727426,0.018561484918793614,0.00734568259804476,3.0,3.88,0.0,0.02645502645502651,0.01015579107556415,3.0,1474.010009765625,-0.008988957141615517,-0.004013609650479477,0.006312751159926762,3.0,16.989999771118164,0.00592068591376127,-0.09192941729120185,0.059227921793593055,3.0
2026-05-06,7093.01,7426.6,7093.01,7384.56,994466094,0.022491022763475366,1.0,0.04110384730882943,1.0,0.051239075781156496,-0.013754502383834688,0.007510894410798219,0.02152686302336604,0.004387976588844822,0.07124557765035977,0.024275548491873716,0.03590319928345309,0.12032939702063339,0.017874243746531713,0.05973381501362507,0.29005076897327653,0.02055305405163217,0.11706943167380301,0.4015055549157822,0.03698656876680002,0.20248790721039622,0.027892654348396162,0.02271289840820989,0.029606584157590602,2.0,5.0,25326.130859375,0.010305254951532117,0.026854339442626385,0.010021152105161087,1.0,10980.580078125,0.042328837880018844,0.09416496033546262,0.021082616178557726,1.0,7259.22021484375,0.008120017337603702,0.01686843915656233,0.007770129199220577,1.0,4.43,-0.004494382022471988,0.016055045871559592,0.007943281047334301,1.0,3.93,-0.005063291139240533,0.0234375,0.01077168446423554,1.0,1476.050048828125,0.0029353675040302285,0.002070637357858063,0.006375809741986107,1.0,17.3799991607666,-0.04975405736520189,-0.025238405208356185,0.060117043622453036,1.0
2026-05-07,7499.07,7531.88,7257.89,7490.05,766589847,0.015506678800090823,1.0,-0.001202815815827818,0.0,0.06451933763779394,0.051239075781156496,-0.013754502383834688,0.003928931539237235,0.02723549586836671,0.11633053818350048,0.033448945789114955,0.07796430842389146,0.18740201540739876,0.02418941108856534,0.1083732419004757,0.35488309882153923,0.02356311661040413,0.17090685202082256,0.39645391143855635,0.036880260217287165,0.2723650652692391,0.022491022763475366,0.04110384730882943,0.04808858020553585,3.0,5.0,25838.939453125,0.020248201219420503,0.04724548570341147,0.009288976196407518,1.0,11472.75,0.04482185079233458,0.11697158277516118,0.019224239970890948,1.0,7365.1201171875,0.014588330317794274,0.032114843237770696,0.006583089442813737,1.0,4.36,-0.015801354401805745,-0.013574660633484115,0.008511281998093248,1.0,3.87,-0.01526717557251911,-0.012755102040816313,0.01132593369233024,1.0,1473.9599609375,-0.0014160006920390655,0.0013383044152435186,0.006279082179531101,1.0,17.389999389648438,0.0005753871901450491,-0.07549176590169582,0.045706417097315884,1.0
2026-05-08,7353.94,7511.01,7318.96,7498.0,522179069,-0.018172108330385073,0.0,0.019589498962460983,1.0,0.014285211305751444,0.06451933763779394,0.051239075781156496,0.007510894410798219,0.004611432784375591,0.12784632481155,0.03229770161834764,0.06691704625773887,0.17243252296715794,0.02396067566988619,0.10592130529145094,0.3631209984749162,0.02350155053626057,0.16913929912986347,0.3945095045707583,0.03687457428894115,0.28273569447414904,0.015506678800090823,-0.001202815815827818,0.03710309077318077,4.0,5.0,25806.19921875,-0.0012670889389402307,0.03671369398007651,0.009446501901732072,1.0,11160.990234375,-0.027173935248741565,0.06257699923269233,0.021361142251689707,1.0,7337.10986328125,-0.003803095327784889,0.017769444323279204,0.006796076317573772,1.0,4.41,0.011467889908256756,0.002272727272727204,0.008831686201408041,1.0,3.92,0.012919896640826822,0.010309278350515427,0.011586536324657289,1.0,1444.449951171875,-0.020020903245469013,-0.028862868648230844,0.007006469652797069,1.0,17.079999923706055,-0.01782630689032183,0.011249291943377093,0.043148942761199974,1.0
2026-05-11,7775.31,7899.32,7713.49,7822.24,729956938,0.03698452920778883,1.0,0.006035772207153123,1.0,0.0010614081347921633,0.014285211305751444,0.06451933763779394,-0.013754502383834688,0.009018484152990114,0.12062652259038398,0.03327288160292291,0.04404336915496532,0.16828946404837697,0.02417817369578408,0.08971692648087704,0.2768334258574945,0.020120033435929822,0.15571689899176122,0.45209612729177695,0.03640901573044229,0.2755976535672078,-0.018172108330385073,0.019589498962460983,0.025640683306520008,0.0,5.0,26247.080078125,0.0170843003899106,0.04509917998026691,0.009726502143085208,3.0,11775.5,0.055058713673304505,0.11138483273343569,0.023281505621126634,3.0,7398.93017578125,0.008425703533400997,0.023348167922197183,0.006777975277881583,3.0,4.38,-0.006802721088435382,-0.002277904328018221,0.00898081694701998,3.0,3.9,-0.005102040816326481,0.005154639175257714,0.011594855718414817,3.0,1454.7900390625,0.007158495095130224,-0.01303924028723591,0.00722833467027677,3.0,17.190000534057617,0.006440316794081857,0.011771675434595341,0.0431911042922851,3.0
2026-05-12,7953.41,7999.67,7421.71,7643.15,1016866904,0.016768853934422845,1.0,-0.039009682639270515,0.0,0.043243531608428976,0.0010614081347921633,0.014285211305751444,0.051239075781156496,-2.779575064748574e-05,0.18539083206670237,0.02638133954601914,0.0533062729991296,0.20791684746772976,0.02547837250676676,0.11502112017839772,0.353794818631328,0.020061865011976186,0.18699363782129463,0.537045551900714,0.03659747329333279,0.320525614518516,0.03698452920778883,0.006035772207153123,0.024783942384635892,1.0,5.0,26274.130859375,0.0010306205935852741,0.048122692878080464,0.009723774220051922,1.0,12081.0400390625,0.025947096858944363,0.14678972647210298,0.02342018734684641,1.0,7412.83984375,0.0018799566475542484,0.02945385463319794,0.00664088893448578,1.0,4.42,0.009132420091324311,-0.006741573033707926,0.009132273180191764,1.0,3.95,0.012820512820512997,0.0,0.011662677090519265,1.0,1460.550048828125,0.003959340943341161,-0.007596455728287932,0.007142053738283655,1.0,18.3799991607666,0.0692262123175218,0.004920625518550548,0.04624176274213957,1.0
2026-05-13,7513.65,7855.47,7402.36,7844.01,737316551,-0.01694327600531198,0.0,0.04396797827953125,1.0,-0.022894976375053666,0.043243531608428976,0.0010614081347921633,0.06451933763779394,0.02152686302336604,0.1017963122334038,0.034472931598961795,0.009983350071356645,0.180294426951509,0.028282947699466942,0.07165776720707462,0.30454336757770695,0.021821108360164237,0.1443257163479883,0.44263727718175017,0.03654549787103521,0.2818343696660288,0.016768853934422845,-0.039009682639270515,0.07388676389371843,2.0,5.0,26088.19921875,-0.007076604802653486,0.030090200655063848,0.009632396356157672,1.0,11717.259765625,-0.030111668553474136,0.06708932335620221,0.025428955909034708,1.0,7400.9599609375,-0.0016026088601545085,0.019525478205485225,0.006456643393894837,1.0,4.46,0.009049773755656076,0.006772009029345494,0.00891802407602383,1.0,4.0,0.012658227848101111,0.01781170483460559,0.011740854529675186,1.0,1474.449951171875,0.009516895607173836,-0.0010840402447873654,0.007457937674690532,1.0,17.989999771118164,-0.021218683757119994,0.03509785039164859,0.0456048475757169,1.0
2026-05-14,7873.91,7991.04,7842.72,7981.41,848909987,0.0038118258390797966,1.0,0.013652683355537487,1.0,0.026279740682833674,-0.022894976375053666,0.043243531608428976,0.014285211305751444,0.003928931539237235,0.062217654132405986,0.02510888071043632,0.02409037677443271,0.18578600550564395,0.028405898095911732,0.08118989731052295,0.35040853076978706,0.021343172713073844,0.15677273795104907,0.4795301120963318,0.036622339683624404,0.30623823158260977,-0.01694327600531198,0.04396797827953125,0.059283148963451014,3.0,5.0,26402.33984375,0.012041483674895437,0.021804315600765234,0.009436145025237276,1.0,12017.98046875,0.025664763702450744,0.04752395622235306,0.025464489748458243,1.0,7444.25,0.005849246488426552,0.01074386860681864,0.006388280360126872,1.0,4.46,0.0,0.022935779816513735,0.008861204879006006,1.0,3.98,-0.0050000000000000044,0.028423772609819098,0.0118643547857346,1.0,1492.989990234375,0.012574207112126423,0.012910818340527541,0.00786764118721929,1.0,17.8700008392334,-0.006670313141271755,0.02760215448142489,0.04556844648145718,1.0
2026-05-15,7951.75,8046.78,7371.68,7493.18,884453469,-0.0037161353695650545,0.0,-0.057669066557675897,0.0,0.017516550845804613,0.026279740682833674,-0.022894976375053666,0.0010614081347921633,0.007510894410798219,0.06560169825301565,0.025211072690235054,0.028828932880384794,0.20183495908760984,0.028004526929510175,0.08017195248407849,0.33742365213019987,0.02116317598813537,0.15981455545535317,0.49060134578643355,0.03664492221050796,0.31949871543812725,0.0038118258390797966,0.013652683355537487,0.01890869593485981,4.0,5.0,26635.220703125,0.008820462911741878,0.03212489670980512,0.009473702159805409,1.0,12073.7802734375,0.004643026740856815,0.0817839653914556,0.02552999672652345,1.0,7501.240234375,0.007655604577358366,0.022369894161615944,0.006473764603194048,1.0,4.47,0.0022421524663676085,0.013605442176870763,0.008783147666159553,1.0,4.0,0.005025125628140614,0.020408163265306145,0.011861399463238715,1.0,1489.8399658203125,-0.002109876445700709,0.03142373649679775,0.007873624022922684,1.0,17.260000228881836,-0.0341354550477867,0.01053865960069178,0.04613580344255924,1.0
2026-05-18,7443.29,7636.2,7142.71,7516.04,565695768,-0.0066580543907927,0.0,0.009773903744177748,1.0,-0.061170895869276154,0.017516550845804613,0.026279740682833674,0.043243531608428976,-0.013754502383834688,-0.000642838090157305,0.04222483545776539,-0.03398541511587638,0.1199061411768223,0.03781282221401567,0.003204339500934905,0.23012645717972413,0.027066607064284324,0.07788933537340514,0.3569021435025812,0.03755312430649654,0.23209283856047191,-0.0037161353695650545,-0.057669066557675897,0.08458405219127942,0.0,5.0,26225.140625,-0.015396158443578667,-0.0008358816698732507,0.010193070157141087,3.0,11588.4599609375,-0.04019621870771595,-0.01588382990637338,0.028018084342868944,3.0,7408.5,-0.012363320128051747,0.0012934064778817866,0.006996317057029832,3.0,4.59,0.02684563758389258,0.047945205479452024,0.009647490794866355,3.0,4.09,0.022499999999999964,0.04871794871794877,0.01150401288222924,3.0,1493.3399658203125,0.0023492456104659,0.026498618854068345,0.00787015072024221,3.0,18.43000030517578,0.06778679378787822,0.07213494663141051,0.048185364094028724,3.0
2026-05-19,7425.66,7446.57,7141.91,7271.66,532701946,-0.01202494930841247,0.0,-0.020738897283204438,0.0,0.003050774170645809,-0.061170895869276154,0.017516550845804613,-0.022894976375053666,0.051239075781156496,-0.03914479739818766,0.035340387941657864,-0.02332748320524647,0.13898894810778217,0.03690189340545919,-0.005941438941045041,0.2071923611278419,0.026981321113208803,0.0712385524103809,0.3648132107986002,0.03753814974248793,0.2290847055236811,-0.0066580543907927,0.009773903744177748,0.06585855404514503,1.0,5.0,26090.73046875,-0.005125240629667793,-0.006980264793785218,0.010287497652217533,1.0,11302.51953125,-0.024674584082039486,-0.06444151375173435,0.029063087118414762,1.0,7403.0498046875,-0.0007356678561787344,-0.0013206867096628994,0.006952235734799271,1.0,4.61,0.004357298474945592,0.042986425339366585,0.009606713829383797,1.0,4.07,-0.004889975550122161,0.030379746835442978,0.01170553628990879,1.0,1497.1500244140625,0.002551367190964493,0.025059035543015806,0.007574729093807764,1.0,17.81999969482422,-0.03309824201035161,-0.03046787222589986,0.04536271485583436,1.0
2026-05-20,7324.52,7324.52,7053.84,7208.95,491730623,0.007269316772236412,1.0,-0.01577850835276584,0.0,-0.032514462403073985,0.003050774170645809,-0.061170895869276154,0.026279740682833674,0.06451933763779394,-0.04860430581631914,0.036630128253630344,-0.045871680010916904,0.04824426732631881,0.03694297403967442,-0.04250088551741216,0.17437886794403035,0.02842581827519902,0.02849395250659037,0.28084195693337444,0.03771442274074682,0.18397668581419868,-0.01202494930841247,-0.020738897283204438,0.040534643242984315,2.0,5.0,25870.7109375,-0.008432862066224178,-0.008336653650424686,0.010421824395141352,1.0,11305.5,0.0002636995000768749,-0.03514130213558819,0.029113223938350027,1.0,7353.60986328125,-0.006678320788135905,-0.006397831890209593,0.006973583470265726,1.0,4.67,0.013015184381778733,0.047085201793722,0.00974696308405758,1.0,4.13,0.014742014742014753,0.03249999999999997,0.011637365093490275,1.0,1492.3199462890625,-0.0032261817761986,0.01211977056459923,0.007623517221045223,1.0,18.059999465942383,0.01346800085456068,0.0038910336695279213,0.044762403446786184,1.0
2026-05-21,7486.37,7819.23,7486.37,7815.59,620520388,0.038482719397415766,1.0,0.04397591890328689,1.0,-0.00862389055593904,-0.032514462403073985,0.003050774170645809,0.017516550845804613,0.014285211305751444,-0.08096114104902985,0.031037189829353915,-0.038068929664457296,-0.02378069918857728,0.030624073969125386,-0.04855818412592339,0.15916476526308498,0.028671586044041766,0.012536351627421949,0.2410971450607986,0.037676248861401807,0.16932243709961892,0.007269316772236412,-0.01577850835276584,0.03722396261651401,3.0,5.0,26270.359375,0.015447910900689754,-0.004998817132536915,0.010361392589923652,1.0,11813.2900390625,0.044915310164300504,-0.017032015505413,0.02997439679109696,1.0,7432.97021484375,0.010792026370445518,-0.0015152345980118387,0.006995054940116593,1.0,4.57,-0.021413276231263323,0.024663677130045025,0.011285077629198595,1.0,4.04,-0.021791767554479424,0.015075376884422065,0.013040772215115227,1.0,1507.8499755859375,0.010406635209489368,0.009953171453768173,0.007564278007532913,1.0,17.440000534057617,-0.03432995294678509,-0.024062690821576194,0.0449187697778584,1.0
2026-05-22,7873.12,7886.64,7780.13,7847.71,434994504,0.007360928605517847,1.0,-0.0032274371532505786,0.0,0.08415095124810135,-0.00862389055593904,-0.032514462403073985,-0.061170895869276154,0.0010614081347921633,-0.02077577771346162,0.05458590161712589,0.04751400734799405,0.04346299423902367,0.04096869491151015,0.027093644288141316,0.22338995095852376,0.033173121128289774,0.08684947443704671,0.336891837108221,0.039060934254646816,0.2610079783590902,0.038482719397415766,0.04397591890328689,0.04617315975280723,4.0,5.0,26293.099609375,0.0008656232695711807,-0.012844687775005359,0.009984221091203335,1.0,11964.080078125,0.012764440605782967,-0.009085820085184215,0.02993050157410947,1.0,7445.72021484375,0.0017153304306989359,-0.007401445333909629,0.006843560443325866,1.0,4.57,0.0,0.022371364653243964,0.011207860324127596,1.0,4.08,0.00990099009900991,0.020000000000000018,0.013022402738014693,1.0,1499.77001953125,-0.005358594147635731,0.006665181454888591,0.007567742440822864,1.0,16.760000228881836,-0.03899084199268488,-0.028968713404958768,0.04523848462206904,1.0
2026-05-26,8070.91,8131.15,8008.19,8047.51,518350225,0.02844141794230426,1.0,-0.002899301317943026,0.0,0.004109734517803609,0.08415095124810135,-0.00862389055593904,0.003050774170645809,0.043243531608428976,0.04731369058263635,0.04397633840411588,0.041917209130654776,0.046640437449986694,0.04094738671485976,0.026596745275034195,0.22277899571980364,0.03317811529956534,0.08057373866443429,0.3146035606837263,0.03900802484356398,0.2598278861895229,0.007360928605517847,-0.0032274371532505786,0.01362788989698797,1.0,5.0,26343.970703125,0.001934769749697418,0.004531151227144203,0.009538397466366446,4.0,12202.5400390625,0.01993132437933931,0.05299065451276075,0.028971320686660113,4.0,7473.47021484375,0.0037269732409066503,0.00876968547529855,0.006724508140319542,4.0,4.56,-0.002188183807440014,-0.0065359477124183885,0.011044424527119083,4.0,4.13,0.01225490196078427,0.009779951100244544,0.01257699857986046,4.0,1512.8299560546875,0.005603517351648657,0.010473186644579302,0.007581570898831563,1.0,16.59000015258789,-0.006586862594382348,-0.0690235445174322,0.04421885972473839,1.0
2026-05-27,8242.12,8457.09,8220.04,8228.7,618432994,0.024182635374171646,1.0,-0.0016282218652482472,0.0,0.025459656383836737,0.004109734517803609,0.08415095124810135,-0.032514462403073985,-0.022894976375053666,0.07071143847025829,0.04422781743330578,0.053575646048248604,0.02879865613941801,0.03947684679170782,0.04964039671205711,0.24270322940296274,0.03333956392625971,0.0962229903454852,0.32276383743215664,0.03905451041280287,0.2851506292612398,0.02844141794230426,-0.002899301317943026,0.01566826500979267,2.0,5.0,26656.1796875,0.011851250059960128,0.021672418080715072,0.009736956132759888,1.0,12876.91015625,0.05526473300056556,0.13929554562122304,0.03048641055041674,1.0,7519.1201171875,0.006108260424063872,0.015678715605358384,0.006778397093407544,1.0,4.5,-0.013157894736842035,-0.02386117136659438,0.011490785122868967,1.0,4.01,-0.029055690072639306,-0.014742014742014864,0.014635373026098618,1.0,1514.7900390625,0.0012956400023464987,0.015057155021825919,0.007559655005400423,1.0,17.010000228881836,0.025316460062143387,-0.058139494358271704,0.04463034332979002,1.0
2026-05-28,8165.73,8253.6,7841.01,8185.29,668121274,-0.007652484596594955,0.0,0.0023953767758670974,1.0,0.02251503881324779,0.025459656383836737,0.004109734517803609,-0.00862389055593904,0.026279740682833674,0.13161231410709529,0.03560486828107679,0.05096088070897298,0.07661108312672149,0.038702805587281154,0.06513825167536602,0.27071806140869703,0.03331233720149947,0.10767873883977064,0.304637347061407,0.038904343183887725,0.30739972483070455,0.024182635374171646,-0.0016282218652482472,0.029456316301563996,3.0,5.0,26674.73046875,0.0006959279787079886,0.03107837017669901,0.009316895724795589,1.0,12702.1904296875,-0.013568451161220296,0.12354079250696559,0.029057890358368033,1.0,7520.35986328125,0.00016487914469087706,0.022675937818326775,0.006584495633527201,1.0,4.48,-0.004444444444444362,-0.04068522483940029,0.011572754297566538,1.0,4.0,-0.0024937655860348684,-0.03147699757869249,0.014362751491805959,1.0,1505.43994140625,-0.0061725370613321395,-0.0015983249120994358,0.007737820978763439,1.0,16.290000915527344,-0.042328001391321646,-0.06594034307995011,0.04344988675262458,1.0
2026-05-29,8384.31,8476.15,8273.74,8476.15,733984402,0.02431434927778975,1.0,0.010953793454679062,1.0,-0.0052754384046083125,0.02251503881324779,0.025459656383836737,0.08415095124810135,0.017516550845804613,0.13543442526304106,0.03482500010442986,0.019978915782757678,0.04350835860739588,0.03833849173241063,0.05485924281703025,0.23737760826481513,0.03347186167086467,0.09031199867488837,0.31087757621958545,0.038877776754562665,0.2938518501755254,-0.007652484596594955,0.0023953767758670974,0.050140362390171,4.0,5.0,26917.470703125,0.009100007014480438,0.02463275507151308,0.00934421751800255,1.0,12829.1396484375,0.009994277715542177,0.08599209923873308,0.028939618448869667,1.0,7563.6298828125,0.005753716619668614,0.01757839251229898,0.006579379932830627,1.0,4.45,-0.006696428571428603,-0.026258205689277947,0.011326176173976226,1.0,3.99,-0.0024999999999999467,-0.012376237623762387,0.013696747660764265,1.0,1503.1099853515625,-0.0015476911370579938,0.0022269853222938174,0.007438003171802715,1.0,15.739999771118164,-0.03376311316747249,-0.06085921502590108,0.037845835632422505,1.0
2026-06-01,8485.67,8874.16,8485.67,8788.38,634865197,0.0011231514307794566,1.0,0.035673081795544626,1.0,0.03553447709244262,-0.0052754384046083125,0.02251503881324779,0.004109734517803609,-0.061170895869276154,0.08451825134122948,0.016631678723358252,0.039116732082296046,0.06198654122517189,0.039404741889729235,0.08542263247978821,0.27633255132494683,0.033852843719595196,0.11542261609612159,0.4634464278623114,0.03770152703651068,0.3304199389314151,0.02431434927778975,0.010953793454679062,0.024728506870251372,0.0,6.0,26972.619140625,0.002048797158850313,0.025844025289726957,0.009296742828304443,3.0,12829.3798828125,1.8725680878350914e-05,0.07232480884757742,0.02892675467229439,3.0,7580.06005859375,0.002172260678511728,0.018042558661038655,0.006351415759582511,3.0,4.45,0.0,-0.026258205689277947,0.01126768365862554,3.0,3.98,-0.0025062656641604564,-0.02450980392156865,0.013472399302726252,3.0,1495.2900390625,-0.005202511037296742,-0.006055560491705414,0.007227570424947864,3.0,15.319999694824219,-0.026683613875561618,-0.08263479072274804,0.03814908244975462,3.0
2026-06-02,8883.19,8933.62,8503.12,8801.49,631326547,0.010788108843723387,1.0,-0.009197146520563027,0.0,0.03683629949918288,0.03553447709244262,-0.0052754384046083125,0.025459656383836737,0.003050774170645809,0.11986554039331199,0.016987795860036386,0.053105219931059766,0.17285051206563828,0.03216481047522495,0.10704434208660007,0.31348249114468896,0.03424397396588703,0.14076700153506216,0.7253972679119038,0.03395972850545964,0.3662221566996411,0.0011231514307794566,0.035673081795544626,0.045833308754564255,1.0,6.0,27086.810546875,0.004233604666074475,0.028197717501328823,0.009226549672209806,1.0,12965.650390625,0.010621753277027857,0.06253700861621003,0.028923928146119618,1.0,7599.9599609375,0.0026252961308912415,0.01692516895866092,0.0063507813799912795,1.0,4.47,0.004494382022471877,-0.019736842105263164,0.011277678233384972,1.0,4.05,0.017587939698492372,-0.01937046004842613,0.013944716766473107,1.0,1506.8399658203125,0.0077242049743433405,-0.003959460354682753,0.0073689805917458405,1.0,16.049999237060547,0.04765010161736205,-0.03254978363837502,0.03536812457322808,1.0
2026-06-04,8623.82,8759.05,8577.3,8639.41,437174696,-0.02018635481037867,0.0,0.001807783557634668,1.0,0.0014917425054448152,0.03683629949918288,0.03553447709244262,0.02251503881324779,-0.032514462403073985,0.09369109202722337,0.019343444019652507,0.03595667703468064,0.1710275623865758,0.032241061066957316,0.09102937681903,0.33378745148790623,0.033753267660862375,0.12636681629878876,0.576226293450814,0.03201277866473974,0.3569477995523036,0.010788108843723387,-0.009197146520563027,0.04898513719252013,3.0,6.0,26853.98046875,-0.008855126741294739,0.0067198429693597905,0.009465249736799514,1.0,13916.9599609375,0.013892371066542397,0.0956346496278977,0.029808792248444724,1.0,7553.68017578125,-0.007372041104846239,0.0044306805931839666,0.006430943407182827,1.0,4.49,0.0067264573991032695,0.0022321428571427937,0.010924903486361848,1.0,4.08,0.007407407407407529,0.020000000000000018,0.013419913979066321,1.0,1516.5999755859375,0.003526805922042131,0.007413138095208716,0.007359365699673007,1.0,16.059999465942383,0.01838928343441748,-0.014119179659819903,0.034337520029026916,1.0
2026-06-05,8323.2,8382.16,8038.1,8160.59,462629879,-0.03660087899520903,0.0,-0.01953695693963864,0.0,-0.018415063813058907,0.0014917425054448152,0.03683629949918288,-0.0052754384046083125,-0.00862389055593904,0.049911893737771384,0.02492657160932788,0.007142104399273208,0.1880932276811622,0.030103247658046353,0.05308341697223207,0.24541191496600123,0.03341348476121398,0.09371055758488178,0.5469312625002909,0.03218042599327281,0.32158669152901465,-0.02018635481037867,0.001807783557634668,0.02064991268523852,4.0,6.0,26830.9609375,-0.0008572111414465455,-0.0032138890974982015,0.008572609596528294,1.0,13617.5,-0.021517627540643347,0.061450757663123357,0.029694542349303556,1.0,7584.31005859375,0.004054961568363158,0.0027341601984312014,0.005740886796038512,1.0,4.47,-0.0044543429844099425,0.004494382022471877,0.010297885402386436,1.0,4.05,-0.007352941176470673,0.015037593984962294,0.012995147054869219,1.0,1530.1099853515625,0.008908090454376794,0.017962757391758677,0.0055329848656351125,1.0,15.399999618530273,-0.04109588227644323,-0.021601026526808953,0.0352339136262513,1.0
2026-06-08,8048.09,8048.09,7442.73,7484.41,451482415,-0.013785767940798443,0.0,-0.07003897819234128,0.0,-0.055422766137965374,-0.018415063813058907,0.0014917425054448152,0.03553447709244262,0.08415095124810135,-0.0030176084170505657,0.03883501892120443,-0.04812833101836855,0.13200812878435841,0.03741384379277371,-0.016687628824489265,0.10508818399471331,0.034162898754495255,0.02804424125521665,0.5538446305792033,0.032035421111251586,0.2391513135800507,-0.03660087899520903,-0.01953695693963864,0.03982447875491492,0.0,6.0,25709.4296875,-0.04179989127532524,-0.04683228745933832,0.013009013472145635,3.0,12220.759765625,-0.10256950500275386,-0.0474395584780265,0.03812138344482032,3.0,7383.740234375,-0.026445361894386843,-0.025899507748118222,0.008437440549054797,3.0,4.55,0.017897091722595126,0.022471910112359383,0.010723642893903214,3.0,4.17,0.029629629629629672,0.047738693467336724,0.014192083889908667,3.0,1533.0699462890625,0.0019344759303820958,0.025265939208857002,0.005443920663337054,3.0,21.510000228881836,0.3967532962143463,0.4040470402978451,0.09649620067812649,3.0
2026-06-09,7697.76,8119.09,7598.87,8096.93,447460111,0.028505920974398746,1.0,0.05185534493151245,1.0,-0.08285920503296951,-0.055422766137965374,-0.018415063813058907,0.03683629949918288,0.004109734517803609,-0.11700359243288516,0.046992924991493455,-0.10632373858129618,-0.042374280124725106,0.03939591090041114,-0.09455085940369445,-0.0007529989786450031,0.039366774128202824,-0.05710519056952745,0.3527859465458312,0.033546111215247164,0.13089008241768774,-0.013785767940798443,-0.07003897819234128,0.07418091093903757,1.0,6.0,25929.66015625,0.008566135905265782,-0.04272006807972084,0.012547845571975828,1.0,12906.6904296875,0.05612831585086142,-0.004547397096263839,0.03819561480979326,1.0,7405.72998046875,0.0029781310549599205,-0.02555671101782886,0.00824887323120799,1.0,4.56,0.00219780219780219,0.020134228187919323,0.010538914366458185,1.0,4.15,-0.004796163069544224,0.024691358024691468,0.014182837645650486,1.0,1554.47998046875,0.013965464675315342,0.03161584224539915,0.006002843269522505,1.0,18.920000076293945,-0.12040911785348352,0.1788162601656933,0.10012900872135794,1.0
2026-06-10,7899.77,7996.68,7541.11,7730.82,460293388,-0.024349969679866246,0.0,-0.021386698600085907,0.0,0.08183945027062922,-0.08285920503296951,-0.055422766137965374,0.0014917425054448152,0.025459656383836737,-0.07867775403430433,0.06304731754017014,-0.016953181702180298,0.031757034854753785,0.04784814608017333,-0.02339388094348427,0.07987863430248066,0.043347888322684026,0.016226887760993014,0.44331589408105243,0.03494800166436617,0.21582675657852746,0.028505920974398746,0.05185534493151245,0.06950714886009722,2.0,6.0,25678.8203125,-0.009673857745857828,-0.0522287325827272,0.012704987701771019,1.0,12657.8095703125,-0.019283088932119496,-0.07784052021599774,0.03824799653328832,1.0,7386.64990234375,-0.0025763939780845124,-0.029321463841534556,0.008257835749790774,1.0,4.53,-0.0065789473684209065,0.015695067264574147,0.010570159386844778,1.0,4.13,-0.004819277108433884,0.01975308641975304,0.014101788792043435,1.0,1528.8800048828125,-0.01646851417039019,0.011652441406218461,0.007235248916155303,1.0,19.8700008392334,0.05021145661250648,0.25998733433462085,0.10040119564307719,1.0
2026-06-11,7509.62,7800.62,7394.46,7763.95,478280344,-0.028612747418773177,0.0,0.03386722630439354,1.0,-0.04521590281748766,0.08183945027062922,-0.08285920503296951,-0.018415063813058907,0.02251503881324779,-0.12164644849906092,0.06351198793722578,-0.03634957578948639,-0.03935254507294805,0.04954378473615819,-0.0639766457280394,-0.011687189347296956,0.04372402631571512,-0.02916576510890445,0.38464514395737237,0.03555842363141521,0.15464627250241691,-0.024349969679866246,-0.021386698600085907,0.05626453482986769,3.0,6.0,25169.5,-0.019834256648155746,-0.06272740351138006,0.013327578144793725,1.0,12206.4599609375,-0.03565779741493269,-0.12290758935867296,0.0385201583188773,1.0,7266.990234375,-0.016199450298948426,-0.037953677510128236,0.009004778030940257,1.0,4.55,0.004415011037527394,0.013363028953229383,0.010440930407810248,1.0,4.13,0.0,0.01225490196078427,0.013896170395262324,1.0,1525.81005859375,-0.0020079707231815958,0.00607284923913709,0.006819289489836929,1.0,22.219999313354492,0.11826866506623457,0.38356164708942275,0.10322062883569127,1.0
2026-06-12,8263.85,8434.4,8079.77,8123.62,492814309,0.06438732861494478,1.0,-0.016969088257894338,0.0,0.004285444493598467,-0.04521590281748766,0.08183945027062922,-0.055422766137965374,-0.0052754384046083125,-0.10133330864028911,0.06481043506100538,-0.010626530773484966,-0.05647915223546862,0.04883516315967428,-0.0546458174383172,0.01580500186441447,0.043385598007017044,-0.025744283332051254,0.4149098636108499,0.03542822387986746,0.15305965498383456,-0.028612747418773177,0.03386722630439354,0.052537764428611695,4.0,6.0,25809.66015625,0.02543396397425446,-0.03806426402800167,0.01435171233672617,1.0,13171.4404296875,0.07905489976930924,-0.03275634810446115,0.04189301886209836,1.0,7394.2998046875,0.017518885564244746,-0.025053070409608358,0.009805808617474732,1.0,4.45,-0.0219780219780219,-0.004474272930648726,0.011644578374069296,1.0,4.05,-0.01937046004842613,0.0,0.014613421090689319,1.0,1525.050048828125,-0.0004981024743836437,-0.0033069103344717243,0.0067886910042962234,1.0,19.440000534057617,-0.12511246018023325,0.26233772828579505,0.10743123628890205,1.0
2026-06-15,8526.12,8603.48,8450.24,8545.98,515960036,0.04954687688493564,1.0,0.002329312747181511,1.0,0.046325646095093376,0.004285444493598467,-0.04521590281748766,-0.08285920503296951,0.03553447709244262,-0.004530309695745083,0.06664912412164076,0.03618315738399236,-0.007534247412125938,0.05142734968475727,-0.010108358237145287,0.03564630845702643,0.04420760972119875,0.01760352304706081,0.46375487625791667,0.03579648157355888,0.19883844180606003,0.06438732861494478,-0.016969088257894338,0.045676491991833955,0.0,6.0,25888.83984375,0.0030678314639034365,0.006978379467407203,0.014200632758609964,3.0,13371.4697265625,0.015186592380902253,0.0941602636011436,0.04194883746637619,3.0,7431.4599609375,0.0050255138730570525,0.0064628122127510235,0.009710809938887812,3.0,4.48,0.006741573033707926,-0.015384615384615219,0.011734268563971724,3.0,4.09,0.009876543209876631,-0.01918465227817745,0.014724058923876491,3.0,1517.3800048828125,-0.005029371954845874,-0.01023432847550687,0.006921600188260983,3.0,17.68000030517578,-0.09053498871043908,-0.1780567123641147,0.10882891723960447,3.0
2026-06-16,8696.55,8753.82,8540.41,8726.6,585895820,0.017618810247625127,1.0,0.0034553932306491397,1.0,0.05199159980402812,0.046325646095093376,0.004285444493598467,0.08183945027062922,0.03683629949918288,0.14183749954906255,0.04932783544327322,0.06131446326869705,0.00823841012723947,0.052916928282281735,0.040472350715730965,0.07073562190139326,0.04547061748294572,0.06673833194488088,0.5151157348310782,0.0362472757218096,0.25221924731131584,0.04954687688493564,0.002329312747181511,0.018863511587198782,1.0,6.0,26683.939453125,0.030712060261246066,0.029089440136499167,0.01548076361112937,1.0,14099.6201171875,0.05445552400111442,0.09242723330189029,0.041806289153886775,1.0,7554.2900390625,0.016528391294663436,0.020060150584148895,0.00998600942782583,1.0,4.47,-0.0022321428571430157,-0.019736842105263164,0.009916719295752954,1.0,4.07,-0.004889975550122161,-0.01927710843373498,0.013890421925789464,1.0,1509.5,-0.005193165098693275,-0.02893570906920684,0.007035431834307592,1.0,16.200000762939453,-0.08371037990327757,-0.14376317665889182,0.11028640091184974,1.0
2026-06-17,8622.13,8872.18,8605.66,8864.24,570600453,-0.011971443632113443,0.0,0.028080068382174694,1.0,0.02113508339593606,0.05199159980402812,0.046325646095093376,-0.04521590281748766,0.0014917425054448152,0.07776651150497771,0.039133073430312325,0.06705710331645354,-0.007029736993620972,0.05199619054628517,0.06326257587683282,0.16460568143298304,0.042873746072251674,0.08096270167096731,0.47283642445692275,0.035855295114213294,0.2699959799323579,0.017618810247625127,0.0034553932306491397,0.024971975127486827,2.0,6.0,26376.33984375,-0.01152751863776913,0.027163223339759845,0.01567862736390452,1.0,13294.2197265625,-0.057122134066804664,0.050278063729338296,0.04383162524921731,1.0,7511.35009765625,-0.005684179609759754,0.016881833708259686,0.010092600344851065,1.0,4.43,-0.008948545861297563,-0.022075055187638082,0.009965058504517454,1.0,4.05,-0.004914004914005066,-0.01937046004842613,0.013890854222036588,1.0,1513.31005859375,0.002524053391023573,-0.010183890324509726,0.0069953467796703694,1.0,16.40999984741211,0.012962905838441063,-0.17413189963180586,0.11028327843664265,1.0
2026-06-18,8884.92,9106.07,8867.34,9063.84,510325689,0.002332969323935341,1.0,0.020137491389905504,1.0,0.01577246579423819,0.02113508339593606,0.05199159980402812,0.004285444493598467,-0.018415063813058907,0.14661057947281142,0.020435251457383893,0.05465421389816716,0.007129474668493563,0.05222160003685758,0.07920773395035474,0.17937637372871884,0.042882703393976755,0.08891959718436393,0.5380707312925759,0.03558481340366933,0.28039631121801345,-0.011971443632113443,0.028080068382174694,0.030541104210116247,3.0,6.0,26021.66015625,-0.013446887991323875,0.03385685676115924,0.015870618991032932,1.0,13477.0703125,0.013754142002945446,0.10409327156510928,0.043792727158321394,1.0,7420.10009765625,-0.012148282108228825,0.02106922650824483,0.010375362486604022,1.0,4.49,0.013544018058690765,-0.01318681318681314,0.010007447055883923,1.0,4.2,0.0370370370370372,0.016949152542373058,0.01589871500099522,1.0,1510.9599609375,-0.0015529518507488849,-0.00973259913487301,0.006625276037890738,1.0,18.440000534057617,0.12370510088491216,-0.17011696202101367,0.1132957363909291,1.0
2026-06-19,9288.89,9385.59,8831.72,9052.42,516202760,0.02482943211707167,1.0,-0.025457293605586795,0.0,0.022517440863514482,0.01577246579423819,0.02113508339593606,0.046325646095093376,-0.055422766137965374,0.16742637446145325,0.016394868908114955,0.04604623550581799,0.04912719734333715,0.052052445965290364,0.09783580572808104,0.24646091813973703,0.04182058745496129,0.10131606190419262,0.5678129108143639,0.03562945764312149,0.2989622640788365,0.002332969323935341,0.020137491389905504,0.026931806900535135,4.0,6.0,26517.9296875,0.019071401604282556,0.027442032439101594,0.0160707286099229,1.0,14341.7802734375,0.0641615678249805,0.08885435499614269,0.044805952057759335,1.0,7500.580078125,0.010846212235623431,0.014373270795718263,0.01037819772873793,1.0,4.46,-0.006681514476614803,0.0022471910112358273,0.00898693722851656,1.0,4.19,-0.0023809523809523725,0.0345679012345681,0.015004009377978052,1.0,1525.4200439453125,0.009570129839072905,0.00024261178672246864,0.006813383195579475,1.0,16.399999618530273,-0.11062911369007722,-0.15637864362202358,0.11596557793738399,1.0
2026-06-22,8954.43,9253.0,8900.68,9114.55,380453071,-0.010824729740776529,0.0,0.017881651875105264,1.0,-0.0012599516319793391,0.022517440863514482,0.01577246579423819,0.05199159980402812,-0.08285920503296951,0.1143332652192004,0.019237427775584983,0.02280112480306462,0.1092849904234865,0.04757182152881444,0.08473519345843461,0.2557196262978658,0.04166242756121462,0.08774604351034632,0.6745909448272673,0.034340513745530925,0.2861232082113707,0.02482943211707167,-0.025457293605586795,0.061107654151000106,0.0,6.0,26517.9296875,0.019071401604282556,0.027442032439101594,0.0160707286099229,4.0,14341.7802734375,0.0641615678249805,0.08885435499614269,0.044805952057759335,4.0,7500.580078125,0.010846212235623431,0.014373270795718263,0.01037819772873793,4.0,4.46,-0.006681514476614803,0.0022471910112358273,0.00898693722851656,4.0,4.19,-0.0023809523809523725,0.0345679012345681,0.015004009377978052,4.0,1537.56005859375,0.007958473272082323,0.01329927483293547,0.006981790625464141,3.0,16.399999618530273,-0.11062911369007722,-0.15637864362202358,0.11596557793738399,4.0
2026-06-23,9083.54,9175.45,8203.84,8203.84,487282629,-0.0034022524425230127,0.0,-0.09684550296470329,0.0,0.0068633580854622345,-0.0012599516319793391,0.022517440863514482,0.02113508339593606,0.08183945027062922,0.06653069630399311,0.010067922604624987,0.016757526775564857,0.21780474346007228,0.03446242015474184,0.07125458155834963,0.16620114412347609,0.038074714310100274,0.0867305673532286,0.6411021404701542,0.034258261931198776,0.2841235282158807,-0.010824729740776529,0.017881651875105264,0.03891997940882103,1.0,6.0,26166.599609375,-0.01324877478239217,0.010728938310924585,0.016365305437916047,1.0,14634.7197265625,0.020425599021870022,0.09447353401178837,0.04485717138338818,1.0,7472.7900390625,-0.003705051979052687,0.005561501823631687,0.010415614184812187,1.0,4.51,0.011210762331838486,0.006696428571428381,0.00940428039689994,1.0,4.24,0.01193317422434359,0.036674816625916984,0.015067572246806575,1.0,1531.3299560546875,-0.004051940933455622,0.014461713186278535,0.0069888274162839045,1.0,17.280000686645508,0.0536586029624615,-0.02262441242227664,0.11645913468071174,1.0
2026-06-24,8356.79,8577.52,8080.99,8471.02,417139283,0.018643708312205076,1.0,0.013669124149344292,1.0,-0.09991826255821723,0.0068633580854622345,-0.0012599516319793391,0.01577246579423819,-0.04521590281748766,-0.059904200948823205,0.050399402732428183,-0.07403548937682192,0.013203769823871392,0.0448407969202826,-0.03699336986819801,0.0453801172571362,0.04514288737248643,-0.023925940661534972,0.454011814519488,0.03700771216330651,0.14890545271816635,-0.0034022524425230127,-0.09684550296470329,0.1065998869938725,2.0,6.0,25587.0390625,-0.022148867469480193,-0.04110713834259361,0.017077242031105493,1.0,13482.509765625,-0.07873126253632323,-0.0437678707960536,0.04906197731963312,1.0,7365.4599609375,-0.014362785193208105,-0.024996402990695055,0.010871718954012606,1.0,4.5,-0.0022172949002217113,0.006711409395973256,0.009404538377880106,1.0,4.16,-0.018867924528301883,0.02211302211302213,0.015555491082295331,1.0,1539.050048828125,0.005041429995484181,0.017009065715385407,0.00705742651177904,1.0,19.489999771118164,0.1278934604545825,0.20308634896519284,0.11945101798825873,1.0
2026-06-25,8703.42,9044.04,8693.62,8930.3,456262231,0.027434712702838482,1.0,0.02606791353284099,1.0,0.032567675625073234,-0.09991826255821723,0.0068633580854622345,0.022517440863514482,0.004285444493598467,-0.044360261003763335,0.05313249123551607,-0.03531593983191683,0.09574663489772117,0.04237064303983517,-0.014195963554546442,0.05262621605937734,0.045354756175647847,0.005329682618133047,0.5513381656490479,0.03679060866653572,0.17804464288673638,0.018643708312205076,0.013669124149344292,0.06052409603307727,3.0,6.0,25476.640625,-0.004314623400946682,-0.034110085936096546,0.016801491550086305,1.0,13458.2001953125,-0.0018030448881616312,0.012334719308298991,0.047696197731271976,1.0,7358.22021484375,-0.0009829319733113406,-0.020386465924452257,0.010753976883215976,1.0,4.41,-0.020000000000000018,-0.004514672686230181,0.009990802711092385,1.0,4.11,-0.012019230769230727,0.014814814814814836,0.014266234399641935,1.0,1535.25,-0.002469087234049594,0.01607589856148728,0.00691141915749002,1.0,18.6299991607666,-0.044125224240688765,0.1352833232173729,0.12011688346544805,1.0
2026-06-26,8813.18,8861.7,8126.84,8411.21,517692118,-0.01311490095517498,0.0,-0.04561009760381618,0.0,0.0542177919542155,0.032567675625073234,-0.09991826255821723,-0.0012599516319793391,0.046325646095093376,-0.01473326978410927,0.05920565107461069,0.020089723758016653,0.15022636673342804,0.044507021129629384,0.02533502816017319,0.08526255666144089,0.046589101634127064,0.0554423688436787,0.6419403295169768,0.037233709932148584,0.23194620268443966,0.027434712702838482,0.02606791353284099,0.04136691921397896,4.0,6.0,25358.599609375,-0.004633303792383359,-0.025481100855732408,0.01679664421936602,1.0,13940.8701171875,0.035864373755051915,0.03441399309591242,0.04805523832565288,1.0,7357.490234375,-9.92061187945481e-05,-0.008437873136108553,0.010752599993806625,1.0,4.4,-0.0022675736961450532,-0.020044543429844075,0.009962686113593603,1.0,4.09,-0.0048661800486619056,-0.02619047619047632,0.014309481903343106,1.0,1542.760009765625,0.004891717808581664,0.011367338385999348,0.006936257877249012,1.0,18.889999389648438,0.013955997884818938,0.02440340794783058,0.11946711173206509,1.0
2026-06-29,8334.28,8525.53,8127.99,8394.65,370590513,-0.009146127608274934,0.0,0.007243577129637968,1.0,-0.05812682664636126,0.0542177919542155,0.032567675625073234,0.0068633580854622345,0.05199159980402812,-0.07083299272459753,0.06438233368182347,-0.024921100686004394,0.03540170515115171,0.04842809747155739,-0.03744278128719225,0.027600732533605843,0.04866426864228873,-0.007232527637249464,0.5938472324863091,0.03790889838463962,0.15203614325569936,-0.01311490095517498,-0.04561009760381618,0.08228838896789589,0.0,6.0,25297.619140625,-0.002404725406345176,-0.04601831897345399,0.016577931409386907,3.0,13203.5703125,-0.05288764607156715,-0.07936322682655972,0.04979053367753115,3.0,7354.02001953125,-0.00047165741757115853,-0.01953982986211744,0.010635077758026884,3.0,4.38,-0.00454545454545463,-0.017937219730941756,0.009907746702012594,3.0,4.07,-0.004889975550122161,-0.02863961813842486,0.014352005900800633,3.0,1546.47998046875,0.0024112439261956276,0.005801348588072797,0.006765960985508595,3.0,18.40999984741211,-0.025410246572022843,0.12256099241677698,0.11930769426510843,3.0
2026-06-30,8416.7,8667.73,8220.8,8476.48,449450165,0.0026266729405040046,1.0,0.007102546128530118,1.0,-0.0019688011594051202,-0.05812682664636126,0.0542177919542155,-0.09991826255821723,0.02113508339593606,-0.07898360314003428,0.06382398731264372,-0.010322081383565163,-0.017707740949545858,0.045473988286710926,-0.03767132199438583,-0.009615214454675725,0.04804328116457266,-0.008710310226385465,0.6614975675215637,0.037338934974830366,0.1410624488714971,-0.009146127608274934,0.007243577129637968,0.04726311672161329,1.0,6.0,25820.140625,0.02065496683582735,-0.013240504671874542,0.017377050336788286,1.0,13709.66015625,0.03832977230945467,-0.06320992732327402,0.050417677317360673,1.0,7440.43017578125,0.011750057250389023,-0.004330358957242875,0.01101103880005597,1.0,4.38,0.0,-0.02882483370288247,0.009907746702012594,1.0,4.1,0.007371007371007154,-0.03301886792452846,0.014391632976028187,1.0,1535.239990234375,-0.007268112343082556,0.002553358382514359,0.006893441485183177,1.0,17.649999618530273,-0.04128192477897652,0.02141197437397735,0.11961340771232266,1.0
2026-07-01,8591.5,8620.15,8143.33,8303.41,467743583,0.013569311789799698,1.0,-0.03353197928184837,0.0,0.009747875134758388,-0.0019688011594051202,-0.05812682664636126,0.032567675625073234,0.01577246579423819,0.03323321761516551,0.042462649087425655,-0.007057970192809182,-0.02866179267985247,0.04500325899704594,-0.025496493262154307,-0.0354900448091684,0.04734569719741037,0.0027993624610964662,0.5471699490755106,0.036011681445916995,0.14441328603527626,0.0026266729405040046,0.007102546128530118,0.05323986110201144,2.0,7.0,26213.720703125,0.015243142314411706,0.024492151635608916,0.01775639499488749,1.0,14246.9599609375,0.03919132922069957,0.056699398598734296,0.05100017561943581,1.0,7499.35986328125,0.007920198981480553,0.018179435236072683,0.011162154005421686,1.0,4.44,0.013698630136986356,-0.013333333333333197,0.010367077548259223,1.0,4.14,0.009756097560975618,-0.004807692307692402,0.014035387035641587,1.0,1541.72998046875,0.004227345741159461,0.0017412894679191826,0.0069188996489200185,1.0,16.450000762939453,-0.06798860518563254,-0.15597737526316569,0.1206501262402608,1.0
2026-07-02,7933.1,8136.28,7616.33,7648.09,504327027,-0.044597340128934904,0.0,-0.03592668691936318,0.0,-0.02041767337385325,0.009747875134758388,-0.0019688011594051202,0.0542177919542155,0.022517440863514482,-0.019786283115846848,0.04116828492667814,-0.02349700877668559,-0.06326881943629681,0.04487390360888114,-0.03919871069448755,-0.056590418213279814,0.04754483914395213,-0.014772754846143044,0.5864216046847086,0.03554458662721895,0.11335752096230411,0.013569311789799698,-0.03353197928184837,0.05625212352297177,3.0,7.0,26040.029296875,-0.006625973024473875,0.022113930960039996,0.01778746583221525,1.0,13353.2802734375,-0.06272774612621235,-0.0077959846303626845,0.05161951012950282,1.0,7483.22998046875,-0.0021508346187620875,0.01698913079182085,0.011157878036634074,1.0,4.48,0.009009009009008917,0.01587301587301604,0.010558868677872625,1.0,4.17,0.007246376811594235,0.014598540145985384,0.014096390074446553,1.0,1548.6099853515625,0.0044625226012149355,0.008702156229644986,0.00693986769769634,1.0,16.59000015258789,0.008510600799718215,-0.10950075684784777,0.12050829101524059,1.0
2026-07-03,7739.75,8136.28,7378.1,8088.34,465265195,0.01198469160273996,1.0,0.04503892244581542,1.0,-0.07892179237204955,-0.02041767337385325,0.009747875134758388,-0.05812682664636126,-0.0012599516319793391,-0.14357972296563382,0.03755630189916239,-0.07259547012841883,-0.15619759395576271,0.04908498818487448,-0.10028789742649835,-0.11474394663524479,0.05049039469265457,-0.08716008735612835,0.4222918565079128,0.0371910692023632,0.020311651647182183,-0.044597340128934904,-0.03592668691936318,0.06261885177294628,4.0,7.0,25832.669921875,-0.007963100679955204,0.018694656637298523,0.01777003617249394,1.0,12626.2197265625,-0.05444808556301162,-0.09430188930633432,0.05289129775676324,1.0,7483.240234375,1.3702513856905796e-06,0.017091426015420685,0.01104985342009671,1.0,4.49,0.0022321428571427937,0.020454545454545503,0.010461759994231051,1.0,4.14,-0.007194244604316613,0.012224938875305513,0.01415530385833601,1.0,1551.81005859375,0.002066416510585256,0.005866141701132088,0.006697446413747517,1.0,16.149999618530273,-0.026522033153145053,-0.1450502837294776,0.12073647363969807,1.0
2026-07-06,8186.82,8327.26,7815.53,8051.33,448000153,0.01217555147286098,1.0,-0.016549771461935148,0.0,0.05756339164418822,-0.07892179237204955,-0.02041767337385325,-0.0019688011594051202,0.0068633580854622345,-0.038385678160454795,0.04956514097359707,-0.011470517565337679,-0.10649969842318407,0.054262288809703435,-0.037582329478787146,-0.00885352652197946,0.050852794585561016,-0.03419749998059629,0.48400922512948763,0.037760576215573674,0.07275202379266088,0.01198469160273996,0.04503892244581542,0.09913324764745177,0.0,7.0,25832.669921875,-0.007963100679955204,0.018694656637298523,0.01777003617249394,4.0,12626.2197265625,-0.05444808556301162,-0.09430188930633432,0.05289129775676324,4.0,7483.240234375,1.3702513856905796e-06,0.017091426015420685,0.01104985342009671,4.0,4.49,0.0022321428571427937,0.020454545454545503,0.010461759994231051,4.0,4.14,-0.007194244604316613,0.012224938875305513,0.01415530385833601,4.0,1542.1300048828125,-0.006237911435958532,-0.0028128237292920355,0.006866974268807703,3.0,16.149999618530273,-0.026522033153145053,-0.1450502837294776,0.12073647363969807,4.0
2026-07-07,7919.2,7954.55,7389.22,7656.31,515937849,-0.0164109532213933,0.0,-0.03319653500353559,0.0,-0.004575722583373132,0.05756339164418822,-0.07892179237204955,0.009747875134758388,-0.09991826255821723,-0.04089747636887775,0.04951530987237874,-0.007666206940752152,-0.11665084946596371,0.053990950354908133,-0.02971088835239233,0.07574678565177484,0.046935937088648925,-0.041859765483636346,0.46526885516799577,0.037791493795521366,0.061842690846069415,0.01217555147286098,-0.016549771461935148,0.063267617335572,1.0,7.0,26121.16015625,0.01116765070151371,0.032554091792080575,0.01800500732933106,1.0,12900.1396484375,0.021694531523060556,-0.022980955671909276,0.052999458468230086,1.0,7537.43017578125,0.00724150765029874,0.024940121969057483,0.01114022749502275,1.0,4.48,-0.00222717149220486,0.022831050228310668,0.010423048882053015,1.0,4.13,-0.0024154589371979673,0.014742014742014753,0.014047829004570925,1.0,1531.0,-0.0072172935145362604,-0.0027617768305577828,0.006257645604229532,1.0,15.569999694824219,-0.035913308817702494,-0.15426399653051104,0.1206345654943853,1.0
2026-07-08,7452.48,7791.66,7186.21,7246.79,500395943,-0.026622485244197414,0.0,-0.027600208252823166,0.0,-0.049062701441873524,-0.004575722583373132,0.05756339164418822,-0.02041767337385325,0.032567675625073234,-0.09675832421004937,0.051396438043338384,-0.0368810802596794,-0.06674069703943519,0.0465679697413569,-0.07118717513793926,-0.05441815601715716,0.044689192203795636,-0.0864736518693957,0.30379201476753726,0.0375950173514472,0.005801780470316986,-0.0164109532213933,-0.03319653500353559,0.07021572833308284,2.0,7.0,25818.689453125,-0.011579527912071952,-5.620309726717121e-05,0.015512732926509058,1.0,12300.51953125,-0.046481676441396336,-0.10278450442534104,0.04866859223324216,1.0,7503.85009765625,-0.0044551096782159405,0.0085236902136967,0.009362104461986258,1.0,4.55,0.015624999999999778,0.038812785388127935,0.010230188701170775,1.0,4.19,0.014527845036319764,0.021951219512195363,0.012780712732299625,1.0,1528.760009765625,-0.0014630896370836366,-0.00841260847712233,0.005057275422383023,1.0,16.1299991607666,0.035966568845119395,-0.08611900796688199,0.07904631331681537,1.0
2026-07-09,7486.64,7543.86,7063.76,7291.91,582321746,0.03309741278552303,1.0,-0.026010333073314684,0.0,-0.05348790736007303,-0.049062701441873524,-0.004575722583373132,-0.07892179237204955,0.0542177919542155,-0.12725133409045197,0.05368791818289773,-0.06350104391579825,-0.1445197862831159,0.046621254525569464,-0.10761411805965782,-0.06261043459814086,0.04514784776694912,-0.13283219146547887,0.2542017061237345,0.03825727941305219,-0.051048157089625734,-0.026622485244197414,-0.027600208252823166,0.07907856395574367,3.0,7.0,25870.650390625,0.0020125319526513863,-0.013087432966320645,0.015398303124981728,1.0,12574.9697265625,0.022312081584460408,-0.11735768465407947,0.04723551803518774,1.0,7482.7099609375,-0.002817238676629863,-0.0022201764746978547,0.009382392626784647,1.0,4.56,0.00219780219780219,0.02702702702702675,0.010230188701170775,1.0,4.21,0.004773269689737347,0.01690821256038655,0.01275835336097323,1.0,1519.8599853515625,-0.0058217276467265044,-0.018565035917337935,0.005206982469141164,1.0,16.899999618530273,0.0477371666352322,0.02735555226262565,0.07570492490235856,1.0
2026-07-10,7552.49,7704.93,7429.51,7475.94,452783221,0.03573549316982794,1.0,-0.010135730070480076,0.0,0.0062262049817918275,-0.05348790736007303,-0.049062701441873524,0.05756339164418822,-0.05812682664636126,-0.04657110468103809,0.04545805020519297,-0.04891471638735467,-0.18346416133836485,0.04087743618375877,-0.08356847657842581,-0.060798948988594725,0.04516468842705442,-0.12496168210072744,0.2445932406761031,0.03823777676080499,-0.0481168594134882,0.03309741278552303,-0.026010333073314684,0.06625002242372133,4.0,7.0,26206.890625,0.012996976469398902,0.006407877895322711,0.015483050888818796,1.0,12960.0,0.030618783329886545,-0.029451959771998326,0.047493692519081365,1.0,7543.64013671875,0.008142795337428232,0.008072738163556359,0.00949929581146325,1.0,4.54,-0.004385964912280604,0.013392857142856984,0.010166957407058306,1.0,4.16,-0.01187648456057,-0.0023980815347721673,0.013016766039008646,1.0,1503.3499755859375,-0.010862849160283683,-0.031228102137530245,0.005729609690457903,1.0,15.84000015258789,-0.06272186330585061,-0.04520795618455775,0.07574526871084811,1.0
2026-07-13,7412.03,7529.07,6783.43,6806.93,473585883,-0.008548757748189528,0.0,-0.08163755408437356,0.0,0.02523755778664305,0.0062262049817918275,-0.05348790736007303,-0.004575722583373132,-0.0019688011594051202,-0.07571392893968365,0.03471230774978321,-0.009081635574519908,-0.11119327659159617,0.04057940363719932,-0.04926478302753612,-0.07972800303313055,0.044209718840499755,-0.09937792608900575,0.28704236118045245,0.038292720620695324,-0.027620979848379967,0.03573549316982794,-0.010135730070480076,0.03777062525456294,0.0,7.0,26281.609375,0.00285111084215095,0.017378747705239617,0.014676204367866378,3.0,12967.16015625,0.0005524811921295836,0.027002573776713668,0.04665494824553427,3.0,7575.39013671875,0.004208843399813977,0.012314171329212531,0.008597039111220043,3.0,4.56,0.004405286343612147,0.015590200445434244,0.010166743406646202,3.0,4.21,0.012019230769230616,0.01690821256038655,0.013270279085218266,3.0,1505.9100341796875,0.0017029026077259868,-0.02348697618776785,0.005659244688189144,3.0,15.029999732971191,-0.05113638963471623,-0.06934983975318554,0.07007528321151506,3.0
2026-07-14,6769.06,6979.92,6448.86,6856.83,490980891,-0.005563447839187385,0.0,0.012966349832916224,1.0,-0.08948841215954106,0.02523755778664305,0.0062262049817918275,-0.049062701441873524,0.009747875134758388,-0.1545583152100336,0.04689109206482186,-0.06697839896397473,-0.1891347465349954,0.04730404133317376,-0.11650552601818687,-0.2034933383883416,0.046189346833150534,-0.1712923565025669,0.1406191613254577,0.04006335723251381,-0.11624533569130602,-0.008548757748189528,-0.08163755408437356,0.09973862818588691,1.0,7.0,25873.1796875,-0.01554051282295188,-0.009493470705996376,0.014121267361375853,1.0,12347.7802734375,-0.047765268212097034,-0.04281809267598924,0.044495412448148974,1.0,7515.33984375,-0.007927023147980106,-0.002930751133486953,0.00806381426324484,1.0,4.62,0.013157894736842257,0.03125,0.009122227780442504,1.0,4.26,0.01187648456057011,0.03147699757869238,0.012560916326360421,1.0,1498.47998046875,-0.004933929346572774,-0.021241031699052892,0.005647887662779352,1.0,17.15999984741211,0.14171657699822537,0.10211947230265128,0.07372127341083953,1.0
2026-07-15,7082.91,7424.18,7082.91,7284.41,397298808,0.032971504324884826,1.0,0.02844875905524713,1.0,0.007330764382768695,-0.08948841215954106,0.02523755778664305,-0.05348790736007303,-0.02041767337385325,-0.10442105923088285,0.048548437231083555,-0.039078265841517634,-0.19107577673751364,0.04714264989172561,-0.09091813048783792,-0.2142609951183737,0.04579684420513668,-0.1556066393844211,0.1256593322706312,0.04000021377896735,-0.11123879818152649,-0.005563447839187385,0.012966349832916224,0.07801754976178694,2.0,7.0,26107.009765625,0.009037547025500192,0.011167116480619965,0.014247223696863622,1.0,12661.9296875,0.02544177229475797,0.029381698499142406,0.044765449975343374,1.0,7543.58984375,0.0037589783811964317,0.005295914174266558,0.008034158278638364,1.0,4.58,-0.008658008658008698,0.00659340659340657,0.009340760828930848,1.0,4.18,-0.018779342723004744,-0.0023866348448688957,0.013300415688983094,1.0,1497.699951171875,-0.0005205470256806066,-0.020317157955035636,0.005607197402535292,1.0,16.5,-0.03846152991147278,0.022938676905412514,0.07137501821600661,1.0
2026-07-16,6960.5,6995.93,6730.87,6820.6,423544279,-0.044466195615018855,0.0,-0.020099130809568266,0.0,0.06235826176235948,0.007330764382768695,-0.08948841215954106,0.0062262049817918275,-0.07892179237204955,0.005191263994126949,0.05612253834644329,0.019767880071743793,-0.12272066536519333,0.05384412146668608,-0.02100316529869284,-0.17822509318339752,0.048341995502992785,-0.09413997261681073,0.16998899783972177,0.04066203226209274,-0.057971008245350175,0.032971504324884826,0.02844875905524713,0.04977081245998522,3.0,7.0,26269.23046875,0.006213683780001311,0.015406650861372828,0.012454805780570009,1.0,12398.8896484375,-0.020774087801338492,-0.014002425608473645,0.04291583219203833,1.0,7572.39990234375,0.003819144358387927,0.011986291313503372,0.007180188574228568,1.0,4.55,-0.0065502183406114245,-0.002192982456140302,0.009471932869713536,1.0,4.13,-0.011961722488038284,-0.019002375296912177,0.013561500273014443,1.0,1487.8800048828125,-0.006556684655947831,-0.02104139906108038,0.005765878724340311,1.0,15.670000076293945,-0.05030302567915479,-0.07278103964497584,0.06971122471821904,1.0
2026-07-20,6643.58,6814.86,6472.8,6516.27,345270310,-0.025953728410990307,0.0,-0.019162860987600006,0.0,-0.06367159454231697,0.06235826176235948,0.007330764382768695,0.02523755778664305,0.05756339164418822,-0.06463464304962618,0.0631728755012504,-0.03239379753727578,-0.10819564100317858,0.05190929829101086,-0.07302846625936965,-0.24749333615774327,0.04925231931177023,-0.13981971601918342,0.1015323195390121,0.041562489122466066,-0.11914507936855057,-0.044466195615018855,-0.020099130809568266,0.03638729835360728,0.0,7.0,25520.240234375,-0.013975337843293634,-0.0289696543983049,0.012649666737494597,3.0,11673.8896484375,-0.016314333394775615,-0.0997342897156368,0.04196331964333543,3.0,7457.68994140625,-0.010098540030789804,-0.015537179364795262,0.00698327063788835,3.0,4.55,-0.004376367614879806,-0.002192982456140302,0.008846807091051626,3.0,4.18,0.004807692307692291,-0.0071258907363420665,0.010728936903498212,3.0,1478.8499755859375,-0.004945482322309291,-0.017969239848043328,0.004807022383294822,3.0,18.770000457763672,0.12193669882519642,0.24883571465327914,0.07112088723199612,3.0
2026-07-21,6553.88,6836.86,6429.03,6747.95,390605833,0.005771706820005829,1.0,0.029611466795241848,1.0,-0.044619241708940605,-0.06367159454231697,0.06235826176235948,-0.08948841215954106,-0.004575722583373132,-0.12836780391495906,0.06065063169811757,-0.04969193560806684,-0.19436250207088224,0.04691438967298386,-0.09505450279221617,-0.28016265263874185,0.04966372975271789,-0.1648442180514722,0.04778512611973773,0.04200343752882852,-0.1589861220821227,-0.025953728410990307,-0.019162860987600006,0.050151013107351185,1.0,7.0,25508.0703125,-0.0004768733273368131,-0.014111499993810006,0.011748734448103527,1.0,11743.849609375,0.005992857825828812,-0.04891005919190783,0.03871177555836148,1.0,7443.27978515625,-0.0019322546744660052,-0.009588396545191169,0.006535467720618439,1.0,4.6,0.01098901098901095,-0.0043290043290044045,0.008952443551774908,1.0,4.21,0.0071770334928229484,-0.011737089201877882,0.010838233222439611,1.0,1487.3900146484375,0.005774783922295024,-0.007400810130838931,0.005073914738673396,1.0,18.649999618530273,-0.006393225162856231,0.08682982426383123,0.06597114170108673,1.0
2026-07-22,7052.09,7166.0,6791.06,6797.7,373258282,0.04507146614897861,1.0,-0.03607299396349173,0.0,0.035554082320100155,-0.044619241708940605,-0.06367159454231697,0.007330764382768695,-0.049062701441873524,-0.008664699064042103,0.05303177500186468,-0.014208763731495822,-0.16188381298493537,0.05002895493071274,-0.04560481353655832,-0.25965077815141724,0.050734574073304554,-0.12183297771946999,0.05627012414553079,0.04210290838463387,-0.12975757223777118,0.005771706820005829,0.029611466795241848,0.06258641830372282,2.0,7.0,25508.0703125,-0.0004768733273368131,-0.014111499993810006,0.011748734448103527,2.0,11743.849609375,0.005992857825828812,-0.04891005919190783,0.03871177555836148,2.0,7443.27978515625,-0.0019322546744660052,-0.009588396545191169,0.006535467720618439,2.0,4.63,0.006521739130434856,0.01091703056768556,0.008746103404826663,1.0,4.26,0.01187648456057011,0.019138755980861344,0.010835036027147823,1.0,1475.010009765625,-0.00832330778134116,-0.015149857879407813,0.005055087528351995,1.0,18.649999618530273,-0.006393225162856231,0.08682982426383123,0.06597114170108673,2.0
2026-07-23,6963.35,7108.44,6892.64,7096.89,396914135,0.024368536416729203,1.0,0.019177551035062246,1.0,0.007372609459169066,0.035554082320100155,-0.044619241708940605,0.06235826176235948,-0.05348790736007303,-0.008623518448029222,0.053033344619102835,-0.005222301213483438,-0.11214410074827175,0.04910487876395464,-0.02674953357654697,-0.1714002223349066,0.046642536957602634,-0.10718970567153296,0.05917328484417861,0.04210754719895656,-0.12405662750913027,0.04507146614897861,-0.03607299396349173,0.055563541520017135,3.0,7.0,25508.0703125,-0.0004768733273368131,-0.014111499993810006,0.011748734448103527,3.0,11743.849609375,0.005992857825828812,-0.04891005919190783,0.03871177555836148,3.0,7443.27978515625,-0.0019322546744660052,-0.009588396545191169,0.006535467720618439,3.0,4.67,0.008639308855291628,0.026373626373626502,0.008849332104197897,1.0,4.31,0.011737089201877993,0.04358353510895885,0.010124650474706167,1.0,1479.719970703125,0.0031931721861659934,-0.005484336205143214,0.005190694387857003,1.0,18.649999618530273,-0.006393225162856231,0.08682982426383123,0.06597114170108673,3.0
2026-07-24,7000.78,7000.78,6650.41,6690.62,397000926,-0.013542551737451225,0.0,-0.04430363473784349,0.0,0.04401341630257294,0.007372609459169066,0.035554082320100155,-0.06367159454231697,0.0062262049817918275,-0.025742647654374173,0.047982827443927005,0.04429270549429787,-0.020685020540128773,0.049348380447541064,0.018271929737717407,-0.16221541207552337,0.04723689649714296,-0.05940623584763505,0.09590769340051675,0.042449618215977515,-0.0867215530169444,0.024368536416729203,0.019177551035062246,0.03174603174603164,4.0,7.0,25137.689453125,-0.014520144206812025,-0.037128737500083275,0.011816762210451463,1.0,12343.83984375,0.05108974095649477,-0.025121750917952212,0.04051297301702336,1.0,7408.2998046875,-0.004699538574179152,-0.017934437299051975,0.006565945314950606,1.0,4.71,0.008565310492505418,0.03063457330415753,0.007299309315233489,1.0,4.37,0.013921113689095321,0.05048076923076916,0.009917693974282656,1.0,1475.6300048828125,-0.0027640133952974155,-0.00711206206185655,0.004945606892354031,1.0,18.700000762939453,0.0026810265647136955,0.13333337957208813,0.0651112250466726,1.0
2026-07-27,6806.27,6806.27,6557.39,6755.75,275352363,0.017285393580864117,1.0,-0.007422567720645867,0.0,-0.057246202209700336,0.04401341630257294,0.007372609459169066,-0.044619241708940605,0.02523755778664305,-0.019056974459724985,0.04604096062918322,-0.011708616659128479,-0.08245987676754096,0.052313040713679794,-0.03166607182606218,-0.25079560597068407,0.046104546186656346,-0.0998923334211832,0.033199858546581584,0.0431427036595981,-0.13940010469447406,-0.013542551737451225,-0.04430363473784349,0.04936951256113592,0.0,7.0,24975.8203125,-0.006439300673470538,-0.049236697580031796,0.010888202013856908,3.0,11818.8798828125,-0.04252809235882149,-0.046779169915274865,0.03789574805517809,3.0,7411.97998046875,0.0004967638835191579,-0.021184819072398442,0.005686111795072697,3.0,4.69,-0.004246284501061459,0.030769230769230882,0.007391871318856587,3.0,4.33,-0.009153318077803174,0.035885167464114964,0.010143123026101422,3.0,1474.0400390625,-0.001077482712503408,-0.003252484432392677,0.00483429452115743,3.0,18.579999923706055,-0.006417156916443623,0.18570515847121438,0.05845125083470126,3.0
2026-07-28,6400.27,6413.57,5992.91,6023.66,330556522,-0.05261888021315164,0.0,-0.058842830068106644,0.0,0.009734523855786215,-0.057246202209700336,0.04401341630257294,0.035554082320100155,-0.08948841215954106,0.036751086127493116,0.03973851205838052,-0.009098560206237338,-0.09633437400514178,0.05146395042546696,-0.01194095119559413,-0.19681591590270597,0.04511918781159972,-0.08089535750629906,0.021272768226296757,0.04307659980542229,-0.13128464429637565,0.017285393580864117,-0.007422567720645867,0.03719834634159467,1.0,7.0,24932.080078125,-0.0017513032135768603,-0.03670006198516429,0.01086407407086706,1.0,11554.8798828125,-0.022337142150325007,-0.02634254200021069,0.0380574395096805,1.0,7413.18017578125,0.0001619264104413265,-0.016006573526583856,0.005677953459280261,1.0,4.65,-0.008528784648187626,0.010869565217391353,0.007660948854271747,1.0,4.31,-0.004618937644341958,0.02375296912114,0.010132336792194212,1.0,1458.010009765625,-0.010874894081622233,-0.01975272429790842,0.0050867358025605105,1.0,18.670000076293945,0.004843926423974798,0.11595938954809393,0.05756089470052117,1.0
2026-07-29,6089.11,6228.52,5262.77,5663.24,456315565,0.010865487095885307,1.0,-0.06993961350673583,0.0,-0.10836546645450174,0.009734523855786215,-0.057246202209700336,0.007372609459169066,0.007330764382768695,-0.10733482020465479,0.06107949806393775,-0.09729827583829831,-0.11506949535253053,0.05497612930213939,-0.10880316635370457,-0.28244060205011523,0.05012730821023935,-0.16706058600401674,-0.09296162336508551,0.045339350285144804,-0.22439719251301893,-0.05261888021315164,-0.058842830068106644,0.06226695777670871,2.0,7.0,24876.91015625,-0.002212808626561591,-0.02520862155750614,0.010835191468028032,1.0,11035.6796875,-0.04493341346497193,-0.05466986412904129,0.03756402520396074,1.0,7428.77978515625,0.002104307328987254,-0.0038765564775610217,0.005689380664693462,1.0,4.61,-0.008602150537634468,-0.004319654427645703,0.008070158624619728,1.0,4.26,-0.011600928074245953,0.0,0.010572015914060462,1.0,1464.43994140625,0.004410073728957853,-0.007166099409084414,0.005099725416789058,1.0,18.209999084472656,-0.024638510441431172,-0.02983491527084048,0.057772194397083934,1.0
2026-07-30,5681.77,5976.82,5547.41,5593.56,378188805,0.0032719785846972993,1.0,-0.015525091652777268,0.0,-0.059834054378899215,-0.10836546645450174,0.009734523855786215,0.04401341630257294,0.06235826176235948,-0.16688880062374034,0.060696441597856386,-0.12143780856191844,-0.17407315042082128,0.056600029814471056,-0.1470650295065642,-0.33188776473253045,0.050713289788896096,-0.20136491289105007,-0.15359069781344814,0.045964512685573146,-0.2691929692710151,0.010865487095885307,-0.06993961350673583,0.16032611402369987,3.0,7.0,24442.939453125,-0.017444718833619755,-0.041756622367982166,0.011449424690527005,1.0,10447.490234375,-0.05329888776957126,-0.11038623774312717,0.03758829912550712,1.0,7316.14990234375,-0.015161289750108109,-0.017079820520253475,0.006682595324909748,1.0,4.67,0.013015184381778733,0.0,0.00802196136331983,1.0,4.22,-0.009389671361502372,-0.02088167053364265,0.010695891022483842,1.0,1453.1600341796875,-0.007702540000193436,-0.017949299225053283,0.004941587153603559,1.0,20.65999984741211,0.13454150939680853,0.10777481340453976,0.06476263681325861,1.0
2026-07-31,5657.79,6630.77,5629.76,6595.45,433507878,0.011482848132495116,1.0,0.16572902140234969,1.0,-0.012303910835493315,-0.059834054378899215,-0.10836546645450174,-0.057246202209700336,-0.06367159454231697,-0.21182940696558628,0.04595727675667007,-0.08979221091144118,-0.23211900483361037,0.04936115064647487,-0.13554550534847953,-0.32635387148171646,0.050731402471583274,-0.19582567050469424,-0.15234578041391933,0.045958456230553814,-0.27662069679769985,0.0032719785846972993,-0.015525091652777268,0.07582408656528769,4.0,7.0,25122.1796875,0.02778881139388334,-0.000616992490655166,0.012263236189391815,1.0,11302.990234375,0.08188569511031263,-0.0843213799393232,0.04163810134351152,1.0,7437.6298828125,0.016604359135647728,0.00395908358169339,0.007208353554581256,1.0,4.68,0.0021413276231263545,-0.006369426751592355,0.007877008053432015,1.0,4.23,0.0023696682464455776,-0.03203661327231111,0.010601451157112377,1.0,1442.280029296875,-0.00748713467677653,-0.02260049976998535,0.004870597627800622,1.0,17.09000015258789,-0.17279766317478462,-0.08609628581097906,0.07574282414129095,1.0
2026-08-03,6358.27,6393.0,6223.29,6257.45,272502227,-0.03596115503870079,0.0,-0.01585651442923952,0.0,0.17911491071875507,-0.012303910835493315,-0.059834054378899215,0.009734523855786215,-0.044619241708940605,-0.014224391760404909,0.109130146669874,0.07657404136765678,-0.0330102923496467,0.07900125975934492,0.02285026509322341,-0.13763436361235293,0.0652417090806627,-0.044556414695936186,-0.04923461040018795,0.05112900396206118,-0.1464243151654907,0.011482848132495116,0.16572902140234969,0.1789575869392659,0.0,8.0,25122.1796875,0.02778881139388334,-0.000616992490655166,0.012263236189391815,4.0,11302.990234375,0.08188569511031263,-0.0843213799393232,0.04163810134351152,4.0,7437.6298828125,0.016604359135647728,0.00395908358169339,0.007208353554581256,4.0,4.75,0.014957264957265126,0.012793176972281328,0.00837651127200663,3.0,4.28,0.011820330969267046,-0.011547344110854452,0.010701952759233191,3.0,1420.5999755859375,-0.015031792211327222,-0.036254146468470916,0.0054765347998437216,3.0,17.09000015258789,-0.17279766317478462,-0.08609628581097906,0.07574282414129095,4.0
2026-08-04,6351.38,6389.4,6080.25,6358.95,312476974,0.01501090699885732,1.0,0.001191866964344701,1.0,-0.05124745089417704,0.17911491071875507,-0.012303910835493315,-0.10836546645450174,0.035554082320100155,-0.07375939014913224,0.11138774389907775,0.038292775847101,-0.03971904172172125,0.07943767698981799,-0.025657299251490295,-0.226361651463712,0.06424341659767786,-0.08133761541820683,-0.15263062389634596,0.050853308139067306,-0.18819426756137192,-0.03596115503870079,-0.01585651442923952,0.025731375417901742,1.0,8.0,25913.900390625,0.03151480934271533,0.03755953023314729,0.013854861352190127,1.0,11430.349609375,0.011267759447643355,-0.03287369677075036,0.04039432760640526,1.0,7600.5,0.02189812073922548,0.025434501985706515,0.00856588213169813,1.0,4.7,-0.010526315789473606,0.010752688172043001,0.008834403270601957,1.0,4.25,-0.007009345794392607,-0.013921113689094988,0.010843713983494652,1.0,1435.699951171875,0.010629294555428492,-0.015301718399955533,0.006326665584897053,1.0,15.859999656677246,-0.07197194177464006,-0.14639398698588713,0.07593907759602847,1.0
2026-08-05,6603.48,6674.66,6540.27,6598.26,337896712,0.03845446182152701,1.0,-0.000790492285885569,0.0,0.016220664967358855,-0.05124745089417704,0.17911491071875507,-0.059834054378899215,0.007372609459169066,0.05566217216775193,0.09704083886377426,0.04352342489739436,-0.057647137278729055,0.07867208346093947,-0.0038188549638770164,-0.2101988118733178,0.0645179951688701,-0.05469275005777208,-0.1510136781463408,0.05086409926629735,-0.17300364775149257,0.01501090699885732,0.001191866964344701,0.04940510910994089,2.0,8.0,26584.990234375,0.025896906047874646,0.06629652042952627,0.014960576355170363,1.0,12179.259765625,0.06551944444776692,0.054036034051833326,0.0417695714922379,1.0,7736.52001953125,0.01789619360979544,0.04361688723098167,0.009351076032106085,1.0,4.63,-0.014893617021276673,0.00433839479392617,0.009069133098186764,1.0,4.2,-0.0117647058823529,-0.014084507042253391,0.010773314848205023,1.0,1428.5,-0.005014941433966191,-0.024541765346647204,0.006325513079648619,1.0,16.5,0.040353112054028806,-0.11622924838919968,0.07643886193866932,1.0
2026-08-06,6478.75,6550.94,6238.32,6296.38,283938042,-0.018112350831886004,0.0,-0.028148948485433145,0.0,0.037633571580213854,0.016220664967358855,-0.05124745089417704,-0.012303910835493315,0.04401341630257294,0.16510336838982642,0.08774787341785535,0.05055555608627915,-0.029339335363431696,0.07970150726996413,0.03691071243079347,-0.13819320273081948,0.06465408175256344,-0.01134229493203287,-0.1199973326220325,0.05111336358600144,-0.14020402865908388,0.03845446182152701,-0.000790492285885569,0.02113399224714763,3.0,8.0,26363.439453125,-0.008333679241436354,0.05975538310578843,0.014972670873876702,1.0,12008.8798828125,-0.013989346322457408,0.08818670194050982,0.04013360529936424,1.0,7723.5498046875,-0.0016764921193257454,0.03967946662253219,0.00937468102397124,1.0,4.63,0.0,-0.008565310492505307,0.00906603388469663,1.0,4.18,-0.004761904761904856,-0.009478672985781977,0.010770068997456184,1.0,1428.4300537109375,-4.896485058625277e-05,-0.017018070884883718,0.006339290467282472,1.0,15.8100004196167,-0.0418181563868667,-0.13179564994609982,0.07682017162697331,1.0
2026-08-07,6365.07,6415.6,6158.73,6258.77,298771384,0.010909443203872549,1.0,-0.016700523324959415,0.0,-0.04575145568680228,0.037633571580213854,0.016220664967358855,0.17911491071875507,-0.057246202209700336,0.1256480667052824,0.09325162541996275,-0.019453699236509636,-0.11279729571685626,0.07921860140314328,0.0020766052151948156,-0.13114910187821094,0.06437423128751214,-0.04980919234505721,-0.19506688621162216,0.05110335059080701,-0.17681304939281217,-0.018112350831886004,-0.028148948485433145,0.04737915753547146,4.0,8.0,26348.349609375,-0.0005723776587205354,0.0779533967223569,0.014787135329393896,1.0,12048.6904296875,0.0033150924368872126,0.15326170777782866,0.039777481620842714,1.0,7709.9599609375,-0.0017595333873230423,0.053827499962458614,0.009306576204335502,1.0,4.69,0.012958963282937441,0.002136752136752351,0.009368298153796726,1.0,4.25,0.01674641148325362,0.004728132387706863,0.01104924478653204,1.0,1421.1600341796875,-0.0050895173427379925,-0.014643477471905197,0.006092805269097051,1.0,15.149999618530273,-0.041745780111903774,-0.26669894818861883,0.07698154450223846,1.0
2026-08-10,6306.33,6394.06,6232.45,6299.66,293079281,0.007598937171360953,1.0,-0.0010576674547637666,0.0,-0.005973273531775347,-0.04575145568680228,0.037633571580213854,-0.05124745089417704,0.009734523855786215,-0.05104731292027065,0.0385747913900705,-0.014981518617832479,-0.0645455877033817,0.07740214200761494,0.002984384822985797,-0.1416830432630133,0.06431917027954814,-0.048064038031383705,-0.18112689139948834,0.05103460792164195,-0.17925434372554316,0.010909443203872549,-0.016700523324959415,0.04079645764709258,0.0,8.0,26690.619140625,0.012990169643422922,0.062432458991820816,0.014748162156914978,3.0,12356.7900390625,0.025571211342259703,0.09323194861149675,0.03885221788849889,3.0,7757.64013671875,0.006184231308959065,0.043025837390182176,0.00927194039445756,3.0,4.65,-0.008528784648187626,-0.021052631578947323,0.009612653462585634,3.0,4.19,-0.014117647058823457,-0.02102803738317749,0.011237449510328979,3.0,1422.300048828125,0.0008021719025441687,0.001196729038015265,0.00606109721774749,3.0,14.899999618530273,-0.01650165058052011,-0.12814514420738565,0.07663663914868307,3.0
2026-08-11,6240.06,6405.81,6213.78,6345.53,333136722,-0.009460828044688063,0.0,0.01690208106973312,1.0,0.0065332325680604875,-0.005973273531775347,-0.04575145568680228,0.016220664967358855,-0.10836546645450174,0.006745559293322323,0.030967506725989337,-0.00986168121357911,-0.0675113791955001,0.07734526995601398,0.016970111411052757,-0.15734208674761962,0.06398080064570966,-0.03319637999980518,-0.1968827168756797,0.05091232551224266,-0.1710944054471072,0.007598937171360953,-0.0010576674547637666,0.02582136745718417,1.0,8.0,26605.359375,-0.003194371969259757,0.026682937495011494,0.014789456001931177,1.0,11993.8603515625,-0.029370871104283602,0.04929951938874355,0.03907392841413976,1.0,7753.10986328125,-0.0005839757139619595,0.020078924186731184,0.009227953997211203,1.0,4.72,0.015053763440860068,0.004255319148936065,0.00974704123851322,1.0,4.25,0.014319809069212264,0.0,0.01138767305000455,1.0,1407.0,-0.010757258175397744,-0.01999021532907974,0.006302328327515376,1.0,15.460000038146973,0.03758392174186764,-0.025220657452023842,0.07632860514411069,1.0
2026-08-12,6438.5,6668.43,6413.5,6579.04,360241504,0.014651258444921211,1.0,0.02182806554321659,1.0,0.007281345342446954,0.0065332325680604875,-0.005973273531775347,0.037633571580213854,-0.059834054378899215,-0.002110411310043303,0.030169716697978313,-0.0022312303057366867,0.05343429078002404,0.0681747876492265,0.01907985337396445,-0.06778386144708415,0.060973438078194775,-0.0226965730933798,-0.20496127877154535,0.05086164545415234,-0.16205274779614842,-0.009460828044688063,0.01690208106973312,0.030482597473514547,2.0,8.0,26445.44921875,-0.00601044902254777,-0.005248864656138608,0.01462182497361599,1.0,12098.4697265625,0.008721910371948915,-0.006633411275989376,0.038423664298558785,1.0,7728.2001953125,-0.003212861472107087,-0.0010753961985163762,0.009167387428925864,1.0,4.7,-0.004237288135593098,0.015118790496760237,0.00956208985299938,1.0,4.22,-0.007058823529411784,0.004761904761904745,0.010651187028757244,1.0,1417.31005859375,0.007327689121357395,-0.0078333506519076,0.0067045721312892215,1.0,15.279999732971191,-0.011642969258191305,-0.07393941012295813,0.07502202754281082,1.0
2026-08-13,6773.92,6895.63,6748.13,6813.34,418524713,0.029621342931491546,1.0,0.0058193778491626436,1.0,0.03679913261776413,0.007281345342446954,0.0065332325680604875,-0.04575145568680228,-0.012303910835493315,-0.0029128891556259306,0.02991030800930061,0.035111446478817365,0.16170955142286036,0.06436464744405428,0.041266605521575794,-0.040512890067275986,0.06155876472655438,0.015439557327226128,-0.12199626860691992,0.0505193337367249,-0.1294655719885187,0.014651258444921211,0.02182806554321659,0.040174737177194074,3.0,8.0,26588.490234375,0.005408908521152389,0.008536472703045694,0.014654125087655238,1.0,12399.3798828125,0.024871753457327284,0.03251760395729297,0.038915026361228906,1.0,7748.5,0.0026267182752088836,0.00323040518200024,0.009147306548098269,1.0,4.68,-0.004255319148936287,0.010799136069114423,0.009475837465099338,1.0,4.2,-0.004739336492890933,0.004784688995215447,0.010322741140343301,1.0,1412.1800537109375,-0.0036195360723697556,-0.011376125808739368,0.006648348668085558,1.0,14.550000190734863,-0.047774839986491235,-0.07969640704869652,0.07490304391292175,1.0
