Date,actual,realized_return,probability,baseline_probability,selected_model,probability_shrinkage,train_end_date,inner_cv_brier,position,net_strategy_return
2012-01-09,0,-0.003029409838213093,0.4990059642147117,0.4990059642147117,logistic_C0.1,0.0,2012-01-05,0.2509884445246118,0.0,-0.0
2012-01-10,1,0.00656661941307779,0.4990059642147117,0.4990059642147117,logistic_C0.1,0.0,2012-01-05,0.2509884445246118,0.0,0.0
2012-01-11,0,-0.006454773517663104,0.4990059642147117,0.4990059642147117,logistic_C0.1,0.0,2012-01-05,0.2509884445246118,0.0,-0.0
2012-01-12,1,0.006189628190599539,0.4990059642147117,0.4990059642147117,logistic_C0.1,0.0,2012-01-05,0.2509884445246118,0.0,0.0
2012-01-13,1,0.005338421628111378,0.4990059642147117,0.4990059642147117,logistic_C0.1,0.0,2012-01-05,0.2509884445246118,0.0,0.0
2012-01-16,0,-0.0008061178974295702,0.4990059642147117,0.4990059642147117,logistic_C0.1,0.0,2012-01-05,0.2509884445246118,0.0,-0.0
2012-01-17,1,0.0077629168973889495,0.4990059642147117,0.4990059642147117,logistic_C0.1,0.0,2012-01-05,0.2509884445246118,0.0,0.0
2012-01-18,1,0.000645103295843219,0.4990059642147117,0.4990059642147117,logistic_C0.1,0.0,2012-01-05,0.2509884445246118,0.0,0.0
2012-01-19,1,0.0013281531873061692,0.4990059642147117,0.4990059642147117,logistic_C0.1,0.0,2012-01-05,0.2509884445246118,0.0,0.0
2012-01-20,1,0.014442311394130547,0.4990059642147117,0.4990059642147117,logistic_C0.1,0.0,2012-01-05,0.2509884445246118,0.0,0.0
2012-01-25,1,0.0023052358117612304,0.4990059642147117,0.4990059642147117,logistic_C0.1,0.0,2012-01-05,0.2509884445246118,0.0,0.0
2012-01-26,0,-0.0010259341870875183,0.4990059642147117,0.4990059642147117,logistic_C0.1,0.0,2012-01-05,0.2509884445246118,0.0,-0.0
2012-01-27,1,0.00210639057479467,0.4990059642147117,0.4990059642147117,logistic_C0.1,0.0,2012-01-05,0.2509884445246118,0.0,0.0
2012-01-30,0,-0.0082182119256069,0.4990059642147117,0.4990059642147117,logistic_C0.1,0.0,2012-01-05,0.2509884445246118,0.0,-0.0
2012-01-31,1,0.006453106908529405,0.4990059642147117,0.4990059642147117,logistic_C0.1,0.0,2012-01-05,0.2509884445246118,0.0,0.0
2012-02-01,1,0.005475810466136766,0.4990059642147117,0.4990059642147117,logistic_C0.1,0.0,2012-01-05,0.2509884445246118,0.0,0.0
2012-02-02,1,0.0010442784137056904,0.4990059642147117,0.4990059642147117,logistic_C0.1,0.0,2012-01-05,0.2509884445246118,0.0,0.0
2012-02-03,0,-0.004994349826458966,0.4990059642147117,0.4990059642147117,logistic_C0.1,0.0,2012-01-05,0.2509884445246118,0.0,-0.0
2012-02-06,0,-0.010570601892478715,0.4990059642147117,0.4990059642147117,logistic_C0.1,0.0,2012-01-05,0.2509884445246118,0.0,-0.0
2012-02-07,1,0.0024383210995715388,0.4990059642147117,0.4990059642147117,logistic_C0.1,0.0,2012-01-05,0.2509884445246118,0.0,0.0
2012-02-08,1,0.009328987865263594,0.4990059642147117,0.4990059642147117,logistic_C0.1,0.0,2012-01-05,0.2509884445246118,0.0,0.0
2012-02-09,1,0.008217395656090476,0.4990059642147117,0.4990059642147117,logistic_C0.1,0.0,2012-01-05,0.2509884445246118,0.0,0.0
2012-02-10,0,-0.008124216433503806,0.4990059642147117,0.4990059642147117,logistic_C0.1,0.0,2012-01-05,0.2509884445246118,0.0,-0.0
2012-02-13,1,0.0025391620765147227,0.4990059642147117,0.4990059642147117,logistic_C0.1,0.0,2012-01-05,0.2509884445246118,0.0,0.0
2012-02-14,1,0.0015553655108950792,0.4990059642147117,0.4990059642147117,logistic_C0.1,0.0,2012-01-05,0.2509884445246118,0.0,0.0
2012-02-15,1,0.006620278330019769,0.4990059642147117,0.4990059642147117,logistic_C0.1,0.0,2012-01-05,0.2509884445246118,0.0,0.0
2012-02-16,0,-0.003949395872083428,0.4990059642147117,0.4990059642147117,logistic_C0.1,0.0,2012-01-05,0.2509884445246118,0.0,-0.0
2012-02-17,0,-0.0010318134244357013,0.4990059642147117,0.4990059642147117,logistic_C0.1,0.0,2012-01-05,0.2509884445246118,0.0,-0.0
2012-02-20,0,-0.008136134527873873,0.4990059642147117,0.4990059642147117,logistic_C0.1,0.0,2012-01-05,0.2509884445246118,0.0,-0.0
2012-02-21,1,0.0010830592715314058,0.4990059642147117,0.4990059642147117,logistic_C0.1,0.0,2012-01-05,0.2509884445246118,0.0,0.0
2012-02-22,1,0.005242632812538783,0.4990059642147117,0.4990059642147117,logistic_C0.1,0.0,2012-01-05,0.2509884445246118,0.0,0.0
2012-02-23,0,-0.00429465498943693,0.4990059642147117,0.4990059642147117,logistic_C0.1,0.0,2012-01-05,0.2509884445246118,0.0,-0.0
2012-02-24,1,0.004620511290162277,0.4990059642147117,0.4990059642147117,logistic_C0.1,0.0,2012-01-05,0.2509884445246118,0.0,0.0
2012-02-27,0,-0.011149130169198496,0.4990059642147117,0.4990059642147117,logistic_C0.1,0.0,2012-01-05,0.2509884445246118,0.0,-0.0
2012-02-28,1,0.003887911900718022,0.4990059642147117,0.4990059642147117,logistic_C0.1,0.0,2012-01-05,0.2509884445246118,0.0,0.0
2012-02-29,1,0.007378261171590461,0.4990059642147117,0.4990059642147117,logistic_C0.1,0.0,2012-01-05,0.2509884445246118,0.0,0.0
2012-03-02,0,-0.003374936321956179,0.4990059642147117,0.4990059642147117,logistic_C0.1,0.0,2012-01-05,0.2509884445246118,0.0,-0.0
2012-03-05,0,-0.0063628343445196744,0.4990059642147117,0.4990059642147117,logistic_C0.1,0.0,2012-01-05,0.2509884445246118,0.0,-0.0
2012-03-06,0,-0.009369676320272635,0.4990059642147117,0.4990059642147117,logistic_C0.1,0.0,2012-01-05,0.2509884445246118,0.0,-0.0
2012-03-07,1,0.0068216912511682715,0.4990059642147117,0.4990059642147117,logistic_C0.1,0.0,2012-01-05,0.2509884445246118,0.0,0.0
2012-03-08,1,0.005760820389081545,0.4990059642147117,0.4990059642147117,logistic_C0.1,0.0,2012-01-05,0.2509884445246118,0.0,0.0
2012-03-09,1,0.0003122413476930319,0.4990059642147117,0.4990059642147117,logistic_C0.1,0.0,2012-01-05,0.2509884445246118,0.0,0.0
2012-03-12,0,-0.008039708133331325,0.4990059642147117,0.4990059642147117,logistic_C0.1,0.0,2012-01-05,0.2509884445246118,0.0,-0.0
2012-03-13,1,0.006026101514722493,0.4990059642147117,0.4990059642147117,logistic_C0.1,0.0,2012-01-05,0.2509884445246118,0.0,0.0
2012-03-14,0,-0.0026432577420141268,0.4990059642147117,0.4990059642147117,logistic_C0.1,0.0,2012-01-05,0.2509884445246118,0.0,-0.0
2012-03-15,0,-0.00012230859927298,0.4990059642147117,0.4990059642147117,logistic_C0.1,0.0,2012-01-05,0.2509884445246118,0.0,-0.0
2012-03-16,0,-0.009826586782048397,0.4990059642147117,0.4990059642147117,logistic_C0.1,0.0,2012-01-05,0.2509884445246118,0.0,-0.0
2012-03-19,1,0.0033969422617852185,0.4990059642147117,0.4990059642147117,logistic_C0.1,0.0,2012-01-05,0.2509884445246118,0.0,0.0
2012-03-20,0,-0.002067064768029425,0.4990059642147117,0.4990059642147117,logistic_C0.1,0.0,2012-01-05,0.2509884445246118,0.0,-0.0
2012-03-21,0,-0.002141190600419285,0.4990059642147117,0.4990059642147117,logistic_C0.1,0.0,2012-01-05,0.2509884445246118,0.0,-0.0
2012-03-22,0,-0.00031084248180590635,0.4990059642147117,0.4990059642147117,logistic_C0.1,0.0,2012-01-05,0.2509884445246118,0.0,-0.0
2012-03-23,1,0.005836025547499624,0.4990059642147117,0.4990059642147117,logistic_C0.1,0.0,2012-01-05,0.2509884445246118,0.0,0.0
2012-03-26,0,-0.00785192391790368,0.4990059642147117,0.4990059642147117,logistic_C0.1,0.0,2012-01-05,0.2509884445246118,0.0,-0.0
2012-03-27,0,-0.001326824873804755,0.4990059642147117,0.4990059642147117,logistic_C0.1,0.0,2012-01-05,0.2509884445246118,0.0,-0.0
2012-03-28,0,-0.0012829650748396038,0.4990059642147117,0.4990059642147117,logistic_C0.1,0.0,2012-01-05,0.2509884445246118,0.0,-0.0
2012-03-29,0,-0.0024759707043146006,0.4990059642147117,0.4990059642147117,logistic_C0.1,0.0,2012-01-05,0.2509884445246118,0.0,-0.0
2012-03-30,1,0.0012627392493163025,0.4990059642147117,0.4990059642147117,logistic_C0.1,0.0,2012-01-05,0.2509884445246118,0.0,0.0
2012-04-02,1,0.0033969205209600783,0.4990059642147117,0.4990059642147117,logistic_C0.1,0.0,2012-01-05,0.2509884445246118,0.0,0.0
2012-04-03,1,0.004150312865970118,0.4990059642147117,0.4990059642147117,logistic_C0.1,0.0,2012-01-05,0.2509884445246118,0.0,0.0
2012-04-04,0,-0.01382089989740598,0.4990059642147117,0.4990059642147117,logistic_C0.1,0.0,2012-01-05,0.2509884445246118,0.0,-0.0
2012-04-05,1,0.01121484147198526,0.4990059642147117,0.4990059642147117,logistic_C0.1,0.0,2012-01-05,0.2509884445246118,0.0,0.0
2012-04-06,1,0.0013373998183900948,0.4990059642147117,0.4990059642147117,logistic_C0.1,0.0,2012-01-05,0.2509884445246118,0.0,0.0
2012-04-09,0,-0.005453105780292122,0.4990059642147117,0.4990059642147117,logistic_C0.1,0.0,2012-01-05,0.2509884445246118,0.0,-0.0
2012-04-10,0,-0.0031787761711740137,0.5396671183918309,0.5035335689045937,histgb_leaves15,0.25,2012-04-06,0.24926701151240907,0.0,-0.0
2012-04-12,1,0.0007404944689597404,0.5428518712160183,0.5035335689045937,histgb_leaves15,0.25,2012-04-06,0.24926701151240907,0.0,0.0
2012-04-13,1,0.0035969246294418333,0.571470352795131,0.5035335689045937,histgb_leaves15,0.25,2012-04-06,0.24926701151240907,1.0,0.0025969246294418333
2012-04-16,1,0.003702248549322995,0.5305094789572362,0.5035335689045937,histgb_leaves15,0.25,2012-04-06,0.24926701151240907,0.0,0.0
2012-04-17,0,-0.005026737431903516,0.5341700691302558,0.5035335689045937,histgb_leaves15,0.25,2012-04-06,0.24926701151240907,0.0,-0.0
2012-04-18,0,-0.004815736038089047,0.5466139110968864,0.5035335689045937,histgb_leaves15,0.25,2012-04-06,0.24926701151240907,0.0,-0.0
2012-04-19,0,-0.0002699460107978835,0.5622784210946821,0.5035335689045937,histgb_leaves15,0.25,2012-04-06,0.24926701151240907,0.0,-0.0
2012-04-20,0,-0.006825200430535805,0.5086231370583006,0.5035335689045937,histgb_leaves15,0.25,2012-04-06,0.24926701151240907,0.0,-0.0
2012-04-23,1,0.0006289978137252739,0.5783676274519598,0.5035335689045937,histgb_leaves15,0.25,2012-04-06,0.24926701151240907,1.0,-0.00037100218627472616
2012-04-24,1,0.003408713427877963,0.5882381283234479,0.5035335689045937,histgb_leaves15,0.25,2012-04-06,0.24926701151240907,1.0,0.002408713427877963
2012-04-25,0,-0.009356175934481459,0.5826095563030609,0.5035335689045937,histgb_leaves15,0.25,2012-04-06,0.24926701151240907,1.0,-0.01035617593448146
2012-04-26,0,-0.006464928521564883,0.5732355811443461,0.5035335689045937,histgb_leaves15,0.25,2012-04-06,0.24926701151240907,1.0,-0.007464928521564883
2012-04-27,1,0.0016733855632462546,0.602446565163061,0.5035335689045937,histgb_leaves15,0.25,2012-04-06,0.24926701151240907,1.0,0.0006733855632462546
2012-04-30,0,-0.0037848325224174584,0.5275868021342205,0.5035335689045937,histgb_leaves15,0.25,2012-04-06,0.24926701151240907,0.0,-0.0
2012-05-02,1,0.0024571626290637028,0.5736611737197688,0.5035335689045937,histgb_leaves15,0.25,2012-04-06,0.24926701151240907,1.0,0.0014571626290637027
2012-05-03,0,-0.00033570834460716625,0.4733826568661269,0.5035335689045937,histgb_leaves15,0.25,2012-04-06,0.24926701151240907,0.0,-0.0
2012-05-04,1,0.001066918969517383,0.47403753529821213,0.5035335689045937,histgb_leaves15,0.25,2012-04-06,0.24926701151240907,0.0,0.0
2012-05-07,1,0.0001942680694866361,0.4706694291612324,0.5035335689045937,histgb_leaves15,0.25,2012-04-06,0.24926701151240907,0.0,0.0
2012-05-08,0,-0.00013724533365866431,0.5113924186618853,0.5035335689045937,histgb_leaves15,0.25,2012-04-06,0.24926701151240907,0.0,-0.0
2012-05-09,0,-0.00409536794480958,0.5017566185707926,0.5035335689045937,histgb_leaves15,0.25,2012-04-06,0.24926701151240907,0.0,-0.0
2012-05-10,1,6.68449197862575e-05,0.5376791572155568,0.5035335689045937,histgb_leaves15,0.25,2012-04-06,0.24926701151240907,0.0,0.0
2012-05-11,0,-0.011279009798865314,0.5465554762861762,0.5035335689045937,histgb_leaves15,0.25,2012-04-06,0.24926701151240907,0.0,-0.0
2012-05-14,0,-0.0018411691685008558,0.5859196299736319,0.5035335689045937,histgb_leaves15,0.25,2012-04-06,0.24926701151240907,1.0,-0.002841169168500856
2012-05-15,1,0.000642869940034041,0.5336113151427325,0.5035335689045937,histgb_leaves15,0.25,2012-04-06,0.24926701151240907,0.0,0.0
2012-05-16,0,-0.02446612851077823,0.5097915035117,0.5035335689045937,histgb_leaves15,0.25,2012-04-06,0.24926701151240907,0.0,-0.0
2012-05-17,1,0.0013077711997309116,0.5571252742691878,0.5035335689045937,histgb_leaves15,0.25,2012-04-06,0.24926701151240907,0.0,0.0
2012-05-18,0,-0.017273223471294896,0.5554391731406756,0.5035335689045937,histgb_leaves15,0.25,2012-04-06,0.24926701151240907,0.0,-0.0
2012-05-21,0,-0.0013044829806603264,0.5172296832761486,0.5035335689045937,histgb_leaves15,0.25,2012-04-06,0.24926701151240907,0.0,-0.0
2012-05-22,1,0.001571896462959188,0.5478714085647693,0.5035335689045937,histgb_leaves15,0.25,2012-04-06,0.24926701151240907,0.0,0.0
2012-05-23,0,-0.0036962976428528416,0.5442056550262304,0.5035335689045937,histgb_leaves15,0.25,2012-04-06,0.24926701151240907,0.0,-0.0
2012-05-24,1,0.00409502675601936,0.5473131787922023,0.5035335689045937,histgb_leaves15,0.25,2012-04-06,0.24926701151240907,0.0,0.0
2012-05-25,1,0.003051764524749645,0.5260523214203612,0.5035335689045937,histgb_leaves15,0.25,2012-04-06,0.24926701151240907,0.0,0.0
2012-05-29,1,0.015524557676366735,0.5693467708302732,0.5035335689045937,histgb_leaves15,0.25,2012-04-06,0.24926701151240907,0.0,0.0
2012-05-30,0,-0.0006825125127294385,0.4473569395967931,0.5035335689045937,histgb_leaves15,0.25,2012-04-06,0.24926701151240907,0.0,-0.0
2012-05-31,1,0.012901169786647237,0.5362887304480524,0.5035335689045937,histgb_leaves15,0.25,2012-04-06,0.24926701151240907,0.0,0.0
2012-06-01,1,0.0013263612942666647,0.5004179268249914,0.5035335689045937,histgb_leaves15,0.25,2012-04-06,0.24926701151240907,0.0,0.0
2012-06-04,1,0.0003085415521324464,0.5330647582947654,0.5035335689045937,histgb_leaves15,0.25,2012-04-06,0.24926701151240907,0.0,0.0
2012-06-05,1,0.0010945174122718448,0.4718231510431812,0.5035335689045937,histgb_leaves15,0.25,2012-04-06,0.24926701151240907,0.0,0.0
2012-06-07,1,0.004599100837732184,0.5256655370504247,0.5035335689045937,histgb_leaves15,0.25,2012-04-06,0.24926701151240907,0.0,0.0
2012-06-08,0,-0.009902912621359117,0.5170733431621822,0.5035335689045937,histgb_leaves15,0.25,2012-04-06,0.24926701151240907,0.0,-0.0
2012-06-11,1,0.0032994787468427766,0.5616482654548081,0.5035335689045937,histgb_leaves15,0.25,2012-04-06,0.24926701151240907,0.0,0.0
2012-06-12,1,0.007704176989611788,0.5560821016707183,0.5035335689045937,histgb_leaves15,0.25,2012-04-06,0.24926701151240907,0.0,0.0
2012-06-13,0,-0.0043535302149990684,0.4968273510425123,0.5035335689045937,histgb_leaves15,0.25,2012-04-06,0.24926701151240907,0.0,-0.0
2012-06-14,1,0.008030938774191254,0.5294419841911524,0.5035335689045937,histgb_leaves15,0.25,2012-04-06,0.24926701151240907,0.0,0.0
2012-06-15,0,-0.0071173616602902,0.5214227143842568,0.5035335689045937,histgb_leaves15,0.25,2012-04-06,0.24926701151240907,0.0,-0.0
2012-06-18,0,-0.0006339445615480832,0.5367477121924806,0.5035335689045937,histgb_leaves15,0.25,2012-04-06,0.24926701151240907,0.0,-0.0
2012-06-19,1,0.0032934512823776796,0.5660691511192344,0.5035335689045937,histgb_leaves15,0.25,2012-04-06,0.24926701151240907,0.0,0.0
2012-06-20,0,-0.002132911292900719,0.540326466797534,0.5035335689045937,histgb_leaves15,0.25,2012-04-06,0.24926701151240907,0.0,-0.0
2012-06-21,0,-0.0033552975188735346,0.5800484555709265,0.5035335689045937,histgb_leaves15,0.25,2012-04-06,0.24926701151240907,1.0,-0.004355297518873535
2012-06-22,0,-0.007547919889977606,0.5688487561902149,0.5035335689045937,histgb_leaves15,0.25,2012-04-06,0.24926701151240907,0.0,-0.0
2012-06-25,0,-0.009431504916538214,0.5118166334348534,0.5035335689045937,histgb_leaves15,0.25,2012-04-06,0.24926701151240907,0.0,-0.0
2012-06-26,0,-0.00038493052004118233,0.6020994145446608,0.5035335689045937,histgb_leaves15,0.25,2012-04-06,0.24926701151240907,1.0,-0.0013849305200411824
2012-06-27,1,0.0010739659635401466,0.5649835338231947,0.5035335689045937,histgb_leaves15,0.25,2012-04-06,0.24926701151240907,0.0,0.0
2012-06-28,0,-0.003936770752914209,0.5507960856677148,0.5035335689045937,histgb_leaves15,0.25,2012-04-06,0.24926701151240907,0.0,-0.0
2012-06-29,1,0.02510215027009699,0.5711242189094128,0.5035335689045937,histgb_leaves15,0.25,2012-04-06,0.24926701151240907,1.0,0.02410215027009699
2012-07-02,0,-0.007014420318222969,0.42701972790335635,0.5035335689045937,histgb_leaves15,0.25,2012-04-06,0.24926701151240907,-1.0,0.006014420318222969
2012-07-03,1,0.004906655189110598,0.5790295134523312,0.5035335689045937,histgb_leaves15,0.25,2012-04-06,0.24926701151240907,1.0,0.003906655189110598
2012-07-04,0,-0.000570508445657758,0.501120453490133,0.5035335689045937,histgb_leaves15,0.25,2012-04-06,0.24926701151240907,0.0,-0.0
2012-07-05,1,0.0026516548785637806,0.5397623710118142,0.5035335689045937,histgb_leaves15,0.25,2012-04-06,0.24926701151240907,0.0,0.0
2012-07-06,0,-0.010406126513787806,0.5265586465654544,0.5035335689045937,histgb_leaves15,0.25,2012-04-06,0.24926701151240907,0.0,-0.0
2012-07-09,0,-0.0022659349019180652,0.5241043082329124,0.5035335689045937,histgb_leaves15,0.25,2012-04-06,0.24926701151240907,0.0,-0.0
2012-07-10,0,-0.007766695412117497,0.5765650071993541,0.5035335689045937,histgb_leaves15,0.25,2012-04-06,0.24926701151240907,1.0,-0.008766695412117498
2012-07-11,1,0.00047109606525230774,0.5855230032893738,0.5035335689045937,histgb_leaves15,0.25,2012-04-06,0.24926701151240907,1.0,-0.0005289039347476923
2012-07-12,0,-0.023213445525270493,0.49920508744038156,0.49920508744038156,logistic_C0.1,0.0,2012-07-10,0.25049021596548876,0.0,-0.0
2012-07-13,1,0.012233525779182353,0.49920508744038156,0.49920508744038156,logistic_C0.1,0.0,2012-07-10,0.25049021596548876,0.0,0.0
2012-07-16,0,-0.001400837206236183,0.49920508744038156,0.49920508744038156,logistic_C0.1,0.0,2012-07-10,0.25049021596548876,0.0,-0.0
2012-07-17,1,0.007370219447869308,0.49920508744038156,0.49920508744038156,logistic_C0.1,0.0,2012-07-10,0.25049021596548876,0.0,0.0
2012-07-18,0,-0.014478828076956773,0.49920508744038156,0.49920508744038156,logistic_C0.1,0.0,2012-07-10,0.25049021596548876,0.0,-0.0
2012-07-19,1,0.0011642977966213053,0.49920508744038156,0.49920508744038156,logistic_C0.1,0.0,2012-07-10,0.25049021596548876,0.0,0.0
2012-07-20,0,-0.000559225855971901,0.49920508744038156,0.49920508744038156,logistic_C0.1,0.0,2012-07-10,0.25049021596548876,0.0,-0.0
2012-07-23,0,-0.005446744180876317,0.49920508744038156,0.49920508744038156,logistic_C0.1,0.0,2012-07-10,0.25049021596548876,0.0,-0.0
2012-07-24,1,0.005301293941618601,0.49920508744038156,0.49920508744038156,logistic_C0.1,0.0,2012-07-10,0.25049021596548876,0.0,0.0
2012-07-25,1,0.005164127211371161,0.49920508744038156,0.49920508744038156,logistic_C0.1,0.0,2012-07-10,0.25049021596548876,0.0,0.0
2012-07-26,1,0.0025084223373321723,0.49920508744038156,0.49920508744038156,logistic_C0.1,0.0,2012-07-10,0.25049021596548876,0.0,0.0
2012-07-27,1,0.008924533089168074,0.49920508744038156,0.49920508744038156,logistic_C0.1,0.0,2012-07-10,0.25049021596548876,0.0,0.0
2012-07-30,0,-0.0017433581843087076,0.49920508744038156,0.49920508744038156,logistic_C0.1,0.0,2012-07-10,0.25049021596548876,0.0,-0.0
2012-07-31,1,0.01979452277480953,0.49920508744038156,0.49920508744038156,logistic_C0.1,0.0,2012-07-10,0.25049021596548876,0.0,0.0
2012-08-01,1,0.004998449678709438,0.49920508744038156,0.49920508744038156,logistic_C0.1,0.0,2012-07-10,0.25049021596548876,0.0,0.0
2012-08-02,0,-0.0075809054616494675,0.49920508744038156,0.49920508744038156,logistic_C0.1,0.0,2012-07-10,0.25049021596548876,0.0,-0.0
2012-08-03,1,0.0011372374876799096,0.49920508744038156,0.49920508744038156,logistic_C0.1,0.0,2012-07-10,0.25049021596548876,0.0,0.0
2012-08-06,1,0.0011998173729310668,0.49920508744038156,0.49920508744038156,logistic_C0.1,0.0,2012-07-10,0.25049021596548876,0.0,0.0
2012-08-07,1,0.0015818921128345487,0.49920508744038156,0.49920508744038156,logistic_C0.1,0.0,2012-07-10,0.25049021596548876,0.0,0.0
2012-08-08,1,0.003506311360448766,0.49920508744038156,0.49920508744038156,logistic_C0.1,0.0,2012-07-10,0.25049021596548876,0.0,0.0
2012-08-09,1,0.017544687567182082,0.49920508744038156,0.49920508744038156,logistic_C0.1,0.0,2012-07-10,0.25049021596548876,0.0,0.0
2012-08-10,1,0.004391374123402292,0.49920508744038156,0.49920508744038156,logistic_C0.1,0.0,2012-07-10,0.25049021596548876,0.0,0.0
2012-08-13,0,-0.0066261251304404745,0.49920508744038156,0.49920508744038156,logistic_C0.1,0.0,2012-07-10,0.25049021596548876,0.0,-0.0
2012-08-14,1,0.007386969077684213,0.49920508744038156,0.49920508744038156,logistic_C0.1,0.0,2012-07-10,0.25049021596548876,0.0,0.0
2012-08-16,1,0.0007974033276254566,0.49920508744038156,0.49920508744038156,logistic_C0.1,0.0,2012-07-10,0.25049021596548876,0.0,0.0
2012-08-17,0,-0.008925343801391983,0.49920508744038156,0.49920508744038156,logistic_C0.1,0.0,2012-07-10,0.25049021596548876,0.0,-0.0
2012-08-20,1,0.0008433307450621541,0.49920508744038156,0.49920508744038156,logistic_C0.1,0.0,2012-07-10,0.25049021596548876,0.0,0.0
2012-08-21,0,-0.005776383850683797,0.49920508744038156,0.49920508744038156,logistic_C0.1,0.0,2012-07-10,0.25049021596548876,0.0,-0.0
2012-08-22,0,-0.002273664673128395,0.49920508744038156,0.49920508744038156,logistic_C0.1,0.0,2012-07-10,0.25049021596548876,0.0,-0.0
2012-08-23,1,0.004124968985195654,0.49920508744038156,0.49920508744038156,logistic_C0.1,0.0,2012-07-10,0.25049021596548876,0.0,0.0
2012-08-24,0,-0.0006610864721927623,0.49920508744038156,0.49920508744038156,logistic_C0.1,0.0,2012-07-10,0.25049021596548876,0.0,-0.0
2012-08-27,1,0.004635886475783391,0.49920508744038156,0.49920508744038156,logistic_C0.1,0.0,2012-07-10,0.25049021596548876,0.0,0.0
2012-08-28,0,-0.002960427050707093,0.49920508744038156,0.49920508744038156,logistic_C0.1,0.0,2012-07-10,0.25049021596548876,0.0,-0.0
2012-08-29,1,0.004191638592234259,0.49920508744038156,0.49920508744038156,logistic_C0.1,0.0,2012-07-10,0.25049021596548876,0.0,0.0
2012-08-30,0,-0.008549942272287447,0.49920508744038156,0.49920508744038156,logistic_C0.1,0.0,2012-07-10,0.25049021596548876,0.0,-0.0
2012-08-31,1,0.004195745219169655,0.49920508744038156,0.49920508744038156,logistic_C0.1,0.0,2012-07-10,0.25049021596548876,0.0,0.0
2012-09-03,1,0.0019119357170545026,0.49920508744038156,0.49920508744038156,logistic_C0.1,0.0,2012-07-10,0.25049021596548876,0.0,0.0
2012-09-04,0,-0.0022705038530554944,0.49920508744038156,0.49920508744038156,logistic_C0.1,0.0,2012-07-10,0.25049021596548876,0.0,-0.0
2012-09-05,0,-0.010909378793476532,0.49920508744038156,0.49920508744038156,logistic_C0.1,0.0,2012-07-10,0.25049021596548876,0.0,-0.0
2012-09-06,0,-0.00015944385981692122,0.49920508744038156,0.49920508744038156,logistic_C0.1,0.0,2012-07-10,0.25049021596548876,0.0,-0.0
2012-09-07,1,0.0058487458037073115,0.49920508744038156,0.49920508744038156,logistic_C0.1,0.0,2012-07-10,0.25049021596548876,0.0,0.0
2012-09-10,0,-0.005132764404563228,0.49920508744038156,0.49920508744038156,logistic_C0.1,0.0,2012-07-10,0.25049021596548876,0.0,-0.0
2012-09-11,0,-0.00023952594690856976,0.49920508744038156,0.49920508744038156,logistic_C0.1,0.0,2012-07-10,0.25049021596548876,0.0,-0.0
2012-09-12,1,0.00962494304767425,0.49920508744038156,0.49920508744038156,logistic_C0.1,0.0,2012-07-10,0.25049021596548876,0.0,0.0
2012-09-13,1,0.0012421276311804785,0.49920508744038156,0.49920508744038156,logistic_C0.1,0.0,2012-07-10,0.25049021596548876,0.0,0.0
2012-09-14,1,0.0065984095626798744,0.49920508744038156,0.49920508744038156,logistic_C0.1,0.0,2012-07-10,0.25049021596548876,0.0,0.0
2012-09-17,0,-0.0015905940544691521,0.49920508744038156,0.49920508744038156,logistic_C0.1,0.0,2012-07-10,0.25049021596548876,0.0,-0.0
2012-09-18,1,0.0033328329079718166,0.49920508744038156,0.49920508744038156,logistic_C0.1,0.0,2012-07-10,0.25049021596548876,0.0,0.0
2012-09-19,1,0.003839616038396221,0.49920508744038156,0.49920508744038156,logistic_C0.1,0.0,2012-07-10,0.25049021596548876,0.0,0.0
2012-09-20,0,-0.003664305559031966,0.49920508744038156,0.49920508744038156,logistic_C0.1,0.0,2012-07-10,0.25049021596548876,0.0,-0.0
2012-09-21,1,0.0011599710007248465,0.49920508744038156,0.49920508744038156,logistic_C0.1,0.0,2012-07-10,0.25049021596548876,0.0,0.0
2012-09-24,1,0.003516294166558076,0.49920508744038156,0.49920508744038156,logistic_C0.1,0.0,2012-07-10,0.25049021596548876,0.0,0.0
2012-09-25,0,-0.0013389633314609961,0.49920508744038156,0.49920508744038156,logistic_C0.1,0.0,2012-07-10,0.25049021596548876,0.0,-0.0
2012-09-26,1,0.0037149474687170336,0.49920508744038156,0.49920508744038156,logistic_C0.1,0.0,2012-07-10,0.25049021596548876,0.0,0.0
2012-09-27,1,0.009671769096032179,0.49920508744038156,0.49920508744038156,logistic_C0.1,0.0,2012-07-10,0.25049021596548876,0.0,0.0
2012-09-28,0,-0.0018999905000475215,0.49920508744038156,0.49920508744038156,logistic_C0.1,0.0,2012-07-10,0.25049021596548876,0.0,-0.0
2012-10-02,0,-0.0012459219822669176,0.49920508744038156,0.49920508744038156,logistic_C0.1,0.0,2012-07-10,0.25049021596548876,0.0,-0.0
2012-10-04,0,-0.003026922095530682,0.49920508744038156,0.49920508744038156,logistic_C0.1,0.0,2012-07-10,0.25049021596548876,0.0,-0.0
2012-10-05,0,-0.004714110404964389,0.49920508744038156,0.49920508744038156,logistic_C0.1,0.0,2012-07-10,0.25049021596548876,0.0,-0.0
2012-10-08,0,-0.006098141972367688,0.49920508744038156,0.49920508744038156,logistic_C0.1,0.0,2012-07-10,0.25049021596548876,0.0,-0.0
2012-10-09,0,-0.0015387797728659836,0.49920508744038156,0.49920508744038156,logistic_C0.1,0.0,2012-07-10,0.25049021596548876,0.0,-0.0
2012-10-10,0,-0.006972832458331246,0.49920508744038156,0.49920508744038156,logistic_C0.1,0.0,2012-07-10,0.25049021596548876,0.0,-0.0
2012-10-11,0,-0.0007237049558281861,0.49920508744038156,0.49920508744038156,logistic_C0.1,0.0,2012-07-10,0.25049021596548876,0.0,-0.0
2012-10-12,0,-0.002368604381144057,0.4869099026501171,0.5028901734104047,histgb_leaves7,0.25,2012-10-10,0.2495716432811021,0.0,-0.0
2012-10-15,0,-0.001156746999201208,0.4856820200879841,0.5028901734104047,histgb_leaves7,0.25,2012-10-10,0.2495716432811021,0.0,-0.0
2012-10-16,0,-0.0004993539286799464,0.44434597106592877,0.5028901734104047,histgb_leaves7,0.25,2012-10-10,0.2495716432811021,0.0,-0.0
2012-10-17,0,-0.0003221221200747637,0.4498881906043127,0.5028901734104047,histgb_leaves7,0.25,2012-10-10,0.2495716432811021,0.0,-0.0
2012-10-18,0,-0.0006478302786691037,0.46822218390771836,0.5028901734104047,histgb_leaves7,0.25,2012-10-10,0.2495716432811021,0.0,-0.0
2012-10-19,0,-0.005367568424984537,0.48337804997475264,0.5028901734104047,histgb_leaves7,0.25,2012-10-10,0.2495716432811021,0.0,-0.0
2012-10-22,1,0.016017959371631196,0.45366461719407114,0.5028901734104047,histgb_leaves7,0.25,2012-10-10,0.2495716432811021,0.0,0.0
2012-10-23,0,-0.008735511552173891,0.45133673313745565,0.5028901734104047,histgb_leaves7,0.25,2012-10-10,0.2495716432811021,0.0,-0.0
2012-10-24,1,0.003565511021623724,0.4869867903597587,0.5028901734104047,histgb_leaves7,0.25,2012-10-10,0.2495716432811021,0.0,0.0
2012-10-25,1,0.009224347242397402,0.4619310902685636,0.5028901734104047,histgb_leaves7,0.25,2012-10-10,0.2495716432811021,0.0,0.0
2012-10-26,0,-0.01366784172211677,0.46412509749222786,0.5028901734104047,histgb_leaves7,0.25,2012-10-10,0.2495716432811021,0.0,-0.0
2012-10-29,0,-0.005421094419585271,0.48950737508117376,0.5028901734104047,histgb_leaves7,0.25,2012-10-10,0.2495716432811021,0.0,-0.0
2012-10-30,1,0.002919669491301624,0.4920801709386366,0.5028901734104047,histgb_leaves7,0.25,2012-10-10,0.2495716432811021,0.0,0.0
2012-10-31,0,-0.0004025449203536313,0.47280267675902976,0.5028901734104047,histgb_leaves7,0.25,2012-10-10,0.2495716432811021,0.0,-0.0
2012-11-01,0,-0.0026949363564249262,0.46065188450193295,0.5028901734104047,histgb_leaves7,0.25,2012-10-10,0.2495716432811021,0.0,-0.0
2012-11-02,0,-0.0009528520475905466,0.4930016000181567,0.5028901734104047,histgb_leaves7,0.25,2012-10-10,0.2495716432811021,0.0,-0.0
2012-11-05,1,0.0014484691360616697,0.5044394911450533,0.5028901734104047,histgb_leaves7,0.25,2012-10-10,0.2495716432811021,0.0,0.0
2012-11-06,1,0.008546785017496505,0.49748718415280435,0.5028901734104047,histgb_leaves7,0.25,2012-10-10,0.2495716432811021,0.0,0.0
2012-11-07,1,0.0019443683130018208,0.489251364724417,0.5028901734104047,histgb_leaves7,0.25,2012-10-10,0.2495716432811021,0.0,0.0
2012-11-08,1,0.0009254224527355248,0.48182127818866083,0.5028901734104047,histgb_leaves7,0.25,2012-10-10,0.2495716432811021,0.0,0.0
2012-11-09,1,0.005979641749731979,0.48333216430706616,0.5028901734104047,histgb_leaves7,0.25,2012-10-10,0.2495716432811021,0.0,0.0
2012-11-12,1,0.0008266203338072042,0.4650457851543528,0.5028901734104047,histgb_leaves7,0.25,2012-10-10,0.2495716432811021,0.0,0.0
2012-11-13,0,-0.007609534762812564,0.4504447884471443,0.5028901734104047,histgb_leaves7,0.25,2012-10-10,0.2495716432811021,0.0,-0.0
2012-11-14,1,0.0013693198339896906,0.4942535813057767,0.5028901734104047,histgb_leaves7,0.25,2012-10-10,0.2495716432811021,0.0,0.0
2012-11-15,1,0.0002299108694374663,0.4900930958456895,0.5028901734104047,histgb_leaves7,0.25,2012-10-10,0.2495716432811021,0.0,0.0
2012-11-16,0,-0.0026690820608743504,0.4966425284242949,0.5028901734104047,histgb_leaves7,0.25,2012-10-10,0.2495716432811021,0.0,-0.0
2012-11-19,1,0.004460465514290579,0.47406339838481654,0.5028901734104047,histgb_leaves7,0.25,2012-10-10,0.2495716432811021,0.0,0.0
2012-11-20,0,-0.0033744951438905435,0.4721885030289392,0.5028901734104047,histgb_leaves7,0.25,2012-10-10,0.2495716432811021,0.0,-0.0
2012-11-21,0,-0.006161247441605289,0.4843971343698542,0.5028901734104047,histgb_leaves7,0.25,2012-10-10,0.2495716432811021,0.0,-0.0
2012-11-22,1,0.002554548045559546,0.49981701727341227,0.5028901734104047,histgb_leaves7,0.25,2012-10-10,0.2495716432811021,0.0,0.0
2012-11-23,1,0.005048035210045487,0.4912817734611077,0.5028901734104047,histgb_leaves7,0.25,2012-10-10,0.2495716432811021,0.0,0.0
2012-11-26,0,-0.004953050296922279,0.48681239417933664,0.5028901734104047,histgb_leaves7,0.25,2012-10-10,0.2495716432811021,0.0,-0.0
2012-11-27,1,0.004204179141846787,0.5295255686738215,0.5028901734104047,histgb_leaves7,0.25,2012-10-10,0.2495716432811021,0.0,0.0
2012-11-28,0,-0.0018420819178525116,0.4886482642486868,0.5028901734104047,histgb_leaves7,0.25,2012-10-10,0.2495716432811021,0.0,-0.0
2012-11-29,1,0.0062355033647796265,0.4782786271826801,0.5028901734104047,histgb_leaves7,0.25,2012-10-10,0.2495716432811021,0.0,0.0
2012-11-30,1,9.830755778161837e-05,0.48193889644977844,0.5028901734104047,histgb_leaves7,0.25,2012-10-10,0.2495716432811021,0.0,0.0
2012-12-03,1,0.0014143541460192033,0.44369772510185107,0.5028901734104047,histgb_leaves7,0.25,2012-10-10,0.2495716432811021,0.0,0.0
2012-12-04,1,0.0013039023935923488,0.4778105287950427,0.5028901734104047,histgb_leaves7,0.25,2012-10-10,0.2495716432811021,0.0,0.0
2012-12-05,1,0.007028886187902428,0.49040140105664926,0.5028901734104047,histgb_leaves7,0.25,2012-10-10,0.2495716432811021,0.0,0.0
2012-12-06,1,0.0005491262733827718,0.45972041974440914,0.5028901734104047,histgb_leaves7,0.25,2012-10-10,0.2495716432811021,0.0,0.0
2012-12-07,1,0.0021913095122287896,0.46734116368592676,0.5028901734104047,histgb_leaves7,0.25,2012-10-10,0.2495716432811021,0.0,0.0
2012-12-10,0,-0.0042173057063350505,0.4453709712706693,0.5028901734104047,histgb_leaves7,0.25,2012-10-10,0.2495716432811021,0.0,-0.0
2012-12-11,1,0.001070052789270859,0.5102354933239832,0.5028901734104047,histgb_leaves7,0.25,2012-10-10,0.2495716432811021,0.0,0.0
2012-12-12,1,0.0015768152388293544,0.49222861780193733,0.5028901734104047,histgb_leaves7,0.25,2012-10-10,0.2495716432811021,0.0,0.0
2012-12-13,1,0.013455252051938649,0.48290600914312803,0.5028901734104047,histgb_leaves7,0.25,2012-10-10,0.2495716432811021,0.0,0.0
2012-12-14,1,0.0028249439535139587,0.5152790975920737,0.5028901734104047,histgb_leaves7,0.25,2012-10-10,0.2495716432811021,0.0,0.0
2012-12-17,0,-0.005072296531171361,0.47734276432080247,0.5028901734104047,histgb_leaves7,0.25,2012-10-10,0.2495716432811021,0.0,-0.0
2012-12-18,1,0.0011905240315062127,0.4766065238160469,0.5028901734104047,histgb_leaves7,0.25,2012-10-10,0.2495716432811021,0.0,0.0
2012-12-20,0,-0.0013036246759667858,0.527470046173139,0.5028901734104047,histgb_leaves7,0.25,2012-10-10,0.2495716432811021,0.0,-0.0
2012-12-21,0,-0.01206718513825622,0.5089459541652512,0.5028901734104047,histgb_leaves7,0.25,2012-10-10,0.2495716432811021,0.0,-0.0
2012-12-24,0,-0.0011894082190124777,0.5174546955373227,0.5028901734104047,histgb_leaves7,0.25,2012-10-10,0.2495716432811021,0.0,-0.0
2012-12-26,0,-0.0049445308970432755,0.5143591322322156,0.5028901734104047,histgb_leaves7,0.25,2012-10-10,0.2495716432811021,0.0,-0.0
2012-12-27,1,0.003985935558182385,0.5127884852860596,0.5028901734104047,histgb_leaves7,0.25,2012-10-10,0.2495716432811021,0.0,0.0
2012-12-28,1,0.0061516293504766395,0.4928569966590437,0.5028901734104047,histgb_leaves7,0.25,2012-10-10,0.2495716432811021,0.0,0.0
2013-01-02,1,0.008620775273868508,0.45545109498965514,0.5028901734104047,histgb_leaves7,0.25,2012-10-10,0.2495716432811021,0.0,0.0
2013-01-03,0,-0.010694479825988035,0.49887247024256587,0.5028901734104047,histgb_leaves7,0.25,2012-10-10,0.2495716432811021,0.0,-0.0
2013-01-04,0,-0.002943683469780245,0.47898453657056084,0.5028901734104047,histgb_leaves7,0.25,2012-10-10,0.2495716432811021,0.0,-0.0
2013-01-07,0,-0.0004472827572497007,0.49547983161071435,0.5028901734104047,histgb_leaves7,0.25,2012-10-10,0.2495716432811021,0.0,-0.0
2013-01-08,0,-0.0026357564321441984,0.5385233808409223,0.5028901734104047,histgb_leaves7,0.25,2012-10-10,0.2495716432811021,0.0,-0.0
2013-01-09,0,-0.005079970828879454,0.4943859116929686,0.5028901734104047,histgb_leaves7,0.25,2012-10-10,0.2495716432811021,0.0,-0.0
2013-01-10,1,0.006484876145385732,0.49126012917528294,0.5028901734104047,histgb_leaves7,0.25,2012-10-10,0.2495716432811021,0.0,0.0
2013-01-11,0,-0.010265790282445564,0.45651581131842844,0.5028901734104047,histgb_leaves7,0.25,2012-10-10,0.2495716432811021,0.0,-0.0
2013-01-14,1,0.006630488208564378,0.4849459858060492,0.5028901734104047,histgb_leaves7,0.25,2012-10-10,0.2495716432811021,0.0,0.0
2013-01-15,0,-0.011535261025766297,0.4359600191100152,0.5033112582781457,histgb_leaves15,0.25,2013-01-11,0.24860383161136082,0.0,-0.0
2013-01-16,0,-0.005526945746414325,0.4894303040119916,0.5033112582781457,histgb_leaves15,0.25,2013-01-11,0.24860383161136082,0.0,-0.0
2013-01-17,0,-0.004738691415406837,0.5582381176105257,0.5033112582781457,histgb_leaves15,0.25,2013-01-11,0.24860383161136082,0.0,-0.0
2013-01-18,1,0.00010062133675425855,0.512348095125587,0.5033112582781457,histgb_leaves15,0.25,2013-01-11,0.24860383161136082,0.0,0.0
2013-01-21,0,-0.0005533310529387547,0.4326493551799333,0.5033112582781457,histgb_leaves15,0.25,2013-01-11,0.24860383161136082,0.0,-0.0
2013-01-22,1,0.005003573981415377,0.48000790336486454,0.5033112582781457,histgb_leaves15,0.25,2013-01-11,0.24860383161136082,0.0,0.0
2013-01-23,0,-0.011460688739473923,0.4749719872936973,0.5033112582781457,histgb_leaves15,0.25,2013-01-11,0.24860383161136082,0.0,-0.0
2013-01-24,0,-0.003232107973716869,0.4930757495705437,0.5033112582781457,histgb_leaves15,0.25,2013-01-11,0.24860383161136082,0.0,-0.0
2013-01-25,0,-0.010023393002441039,0.49872463397788824,0.5033112582781457,histgb_leaves15,0.25,2013-01-11,0.24860383161136082,0.0,-0.0
2013-01-28,0,-0.00031953327526756947,0.47173476606614084,0.5033112582781457,histgb_leaves15,0.25,2013-01-11,0.24860383161136082,0.0,-0.0
2013-01-29,1,0.005061378853199461,0.4633393262988349,0.5033112582781457,histgb_leaves15,0.25,2013-01-11,0.24860383161136082,0.0,0.0
2013-01-30,1,0.0012793589952699858,0.44371517691742784,0.5033112582781457,histgb_leaves15,0.25,2013-01-11,0.24860383161136082,0.0,0.0
2013-01-31,1,0.0005916013015228039,0.45282033288616735,0.5033112582781457,histgb_leaves15,0.25,2013-01-11,0.24860383161136082,0.0,0.0
2013-02-01,0,-0.0035424354243542844,0.42715409632802626,0.5033112582781457,histgb_leaves15,0.25,2013-01-11,0.24860383161136082,-1.0,0.0025424354243542844
2013-02-04,0,-0.007994108535005928,0.44806576525425,0.5033112582781457,histgb_leaves15,0.25,2013-01-11,0.24860383161136082,0.0,-0.0
2013-02-05,1,0.000650517316151511,0.5276524328016807,0.5033112582781457,histgb_leaves15,0.25,2013-01-11,0.24860383161136082,0.0,0.0
2013-02-06,0,-0.003674105787488391,0.4772016869844896,0.5033112582781457,histgb_leaves15,0.25,2013-01-11,0.24860383161136082,0.0,-0.0
2013-02-07,0,-0.0039444782460735794,0.5147649561789059,0.5033112582781457,histgb_leaves15,0.25,2013-01-11,0.24860383161136082,0.0,-0.0
2013-02-08,1,0.010829015544041587,0.5167870843977047,0.5033112582781457,histgb_leaves15,0.25,2013-01-11,0.24860383161136082,0.0,0.0
2013-02-12,0,-0.006469368789763452,0.4794980993715083,0.5033112582781457,histgb_leaves15,0.25,2013-01-11,0.24860383161136082,0.0,-0.0
2013-02-13,1,0.011885132574787738,0.441485288224205,0.5033112582781457,histgb_leaves15,0.25,2013-01-11,0.24860383161136082,0.0,0.0
2013-02-14,1,0.001107503716964553,0.47665237850037734,0.5033112582781457,histgb_leaves15,0.25,2013-01-11,0.24860383161136082,0.0,0.0
2013-02-15,1,6.057363229783341e-05,0.4705128967252586,0.5033112582781457,histgb_leaves15,0.25,2013-01-11,0.24860383161136082,0.0,0.0
2013-02-18,1,0.001257944246294329,0.43127353147742403,0.5033112582781457,histgb_leaves15,0.25,2013-01-11,0.24860383161136082,0.0,0.0
2013-02-19,1,0.0019526125653392956,0.48514286761335307,0.5033112582781457,histgb_leaves15,0.25,2013-01-11,0.24860383161136082,0.0,0.0
2013-02-20,1,0.013820454272323035,0.4698265164837377,0.5033112582781457,histgb_leaves15,0.25,2013-01-11,0.24860383161136082,0.0,0.0
2013-02-21,1,0.00035740878629941797,0.4809782953411927,0.5033112582781457,histgb_leaves15,0.25,2013-01-11,0.24860383161136082,0.0,0.0
2013-02-22,1,0.005753883248478253,0.4594053166897053,0.5033112582781457,histgb_leaves15,0.25,2013-01-11,0.24860383161136082,0.0,0.0
2013-02-25,0,-0.006422712372250339,0.44018195086782086,0.5033112582781457,histgb_leaves15,0.25,2013-01-11,0.24860383161136082,0.0,-0.0
2013-02-26,1,0.0034568917074737637,0.49334256342626637,0.5033112582781457,histgb_leaves15,0.25,2013-01-11,0.24860383161136082,0.0,0.0
2013-02-27,0,-0.0024390972353579565,0.47016317310882755,0.5033112582781457,histgb_leaves15,0.25,2013-01-11,0.24860383161136082,0.0,-0.0
2013-02-28,1,0.0036849013149748977,0.4248386632235302,0.5033112582781457,histgb_leaves15,0.25,2013-01-11,0.24860383161136082,-1.0,-0.004684901314974898
2013-03-04,0,-0.007591629489043794,0.4395316762170013,0.5033112582781457,histgb_leaves15,0.25,2013-01-11,0.24860383161136082,0.0,-0.0
2013-03-05,0,-0.0028678655663293418,0.4752883463396906,0.5033112582781457,histgb_leaves15,0.25,2013-01-11,0.24860383161136082,0.0,-0.0
2013-03-06,0,-0.006113605847027137,0.4125003667880188,0.5033112582781457,histgb_leaves15,0.25,2013-01-11,0.24860383161136082,-1.0,0.005113605847027137
2013-03-07,0,-0.007049335440372895,0.4453993400825279,0.5033112582781457,histgb_leaves15,0.25,2013-01-11,0.24860383161136082,0.0,-0.0
2013-03-08,1,0.002018012257925861,0.488333580892408,0.5033112582781457,histgb_leaves15,0.25,2013-01-11,0.24860383161136082,0.0,0.0
2013-03-11,1,0.001389603962870467,0.44915894480426516,0.5033112582781457,histgb_leaves15,0.25,2013-01-11,0.24860383161136082,0.0,0.0
2013-03-12,0,-0.006726993681608895,0.49754418643935183,0.5033112582781457,histgb_leaves15,0.25,2013-01-11,0.24860383161136082,0.0,-0.0
2013-03-13,1,0.002476451155259518,0.49283115335194794,0.5033112582781457,histgb_leaves15,0.25,2013-01-11,0.24860383161136082,0.0,0.0
2013-03-14,1,0.0010299639512618697,0.42998813226991756,0.5033112582781457,histgb_leaves15,0.25,2013-01-11,0.24860383161136082,-1.0,-0.0020299639512618697
2013-03-15,0,-0.01154892994511647,0.47088310004447415,0.5033112582781457,histgb_leaves15,0.25,2013-01-11,0.24860383161136082,0.0,-0.0
2013-03-18,0,-0.0033068146715213853,0.5138714668184328,0.5033112582781457,histgb_leaves15,0.25,2013-01-11,0.24860383161136082,0.0,-0.0
2013-03-19,1,7.581846027870931e-05,0.4927263838444153,0.5033112582781457,histgb_leaves15,0.25,2013-01-11,0.24860383161136082,0.0,0.0
2013-03-20,0,-0.004966509072258152,0.5052995661512825,0.5033112582781457,histgb_leaves15,0.25,2013-01-11,0.24860383161136082,0.0,-0.0
2013-03-21,0,-0.009384045092164728,0.5211917349776739,0.5033112582781457,histgb_leaves15,0.25,2013-01-11,0.24860383161136082,0.0,-0.0
2013-03-22,0,-0.00016418423523489878,0.5078373507705823,0.5033112582781457,histgb_leaves15,0.25,2013-01-11,0.24860383161136082,0.0,-0.0
2013-03-25,1,0.0044797724560023955,0.5205492150888378,0.5033112582781457,histgb_leaves15,0.25,2013-01-11,0.24860383161136082,0.0,0.0
2013-03-26,1,0.0034854133680020105,0.4943899358231212,0.5033112582781457,histgb_leaves15,0.25,2013-01-11,0.24860383161136082,0.0,0.0
2013-03-27,1,0.0007681069927858442,0.500139537662204,0.5033112582781457,histgb_leaves15,0.25,2013-01-11,0.24860383161136082,0.0,0.0
2013-03-28,1,0.0019198874202139837,0.5002920515578568,0.5033112582781457,histgb_leaves15,0.25,2013-01-11,0.24860383161136082,0.0,0.0
2013-03-29,0,-0.0011110446809358132,0.5256197721730664,0.5033112582781457,histgb_leaves15,0.25,2013-01-11,0.24860383161136082,0.0,-0.0
2013-04-01,0,-0.006940505686736986,0.49245742654524954,0.5033112582781457,histgb_leaves15,0.25,2013-01-11,0.24860383161136082,0.0,-0.0
2013-04-02,0,-0.00533851493131543,0.5587676427742799,0.5033112582781457,histgb_leaves15,0.25,2013-01-11,0.24860383161136082,0.0,-0.0
2013-04-03,0,-0.0037624767042914176,0.529683604782135,0.5033112582781457,histgb_leaves15,0.25,2013-01-11,0.24860383161136082,0.0,-0.0
2013-04-04,0,-0.0020067332521812586,0.5326588501312515,0.5033112582781457,histgb_leaves15,0.25,2013-01-11,0.24860383161136082,0.0,-0.0
2013-04-05,0,-0.010829787561655313,0.5385431535397806,0.5033112582781457,histgb_leaves15,0.25,2013-01-11,0.24860383161136082,0.0,-0.0
2013-04-08,0,-0.00433307040850206,0.5494295752574612,0.5033112582781457,histgb_leaves15,0.25,2013-01-11,0.24860383161136082,0.0,-0.0
2013-04-09,1,0.0013607002653626132,0.5351356422793987,0.5033112582781457,histgb_leaves15,0.25,2013-01-11,0.24860383161136082,0.0,0.0
2013-04-10,1,0.0009567002632218102,0.504954765838382,0.5033112582781457,histgb_leaves15,0.25,2013-01-11,0.24860383161136082,0.0,0.0
2013-04-11,1,0.0027101664669610948,0.44933161815457556,0.5033112582781457,histgb_leaves15,0.25,2013-01-11,0.24860383161136082,0.0,0.0
2013-04-12,0,-0.015346276263675573,0.49101915424588394,0.5033112582781457,histgb_leaves15,0.25,2013-01-11,0.24860383161136082,0.0,-0.0
2013-04-15,1,0.0022911599845516495,0.5096068640052922,0.5033112582781457,histgb_leaves15,0.25,2013-01-11,0.24860383161136082,0.0,0.0
2013-04-16,1,0.011593638497405578,0.48125793988145427,0.5012224938875306,histgb_leaves15,0.25,2013-04-12,0.24870197533535765,0.0,0.0
2013-04-17,0,-0.005567013506598273,0.46802800605089856,0.5012224938875306,histgb_leaves15,0.25,2013-04-12,0.24870197533535765,0.0,-0.0
2013-04-18,0,-0.00860400198272937,0.45161973894455154,0.5012224938875306,histgb_leaves15,0.25,2013-04-12,0.24870197533535765,0.0,-0.0
2013-04-19,1,0.003896069708058114,0.5334329795969857,0.5012224938875306,histgb_leaves15,0.25,2013-04-12,0.24870197533535765,0.0,0.0
2013-04-22,1,0.011733378151966622,0.4681934021928119,0.5012224938875306,histgb_leaves15,0.25,2013-04-12,0.24870197533535765,0.0,0.0
2013-04-23,0,-0.003013879434429878,0.4502754974439831,0.5012224938875306,histgb_leaves15,0.25,2013-04-12,0.24870197533535765,0.0,-0.0
2013-04-24,1,0.002200863774300066,0.479301238753681,0.5012224938875306,histgb_leaves15,0.25,2013-04-12,0.24870197533535765,0.0,0.0
2013-04-25,1,0.0070799017483020865,0.5228711158828933,0.5012224938875306,histgb_leaves15,0.25,2013-04-12,0.24870197533535765,0.0,0.0
2013-04-26,0,-0.00274883072126042,0.4801321170255042,0.5012224938875306,histgb_leaves15,0.25,2013-04-12,0.24870197533535765,0.0,-0.0
2013-04-29,0,-0.004192172900193358,0.4592760302255414,0.5012224938875306,histgb_leaves15,0.25,2013-04-12,0.24870197533535765,0.0,-0.0
2013-04-30,1,0.008669436640696082,0.48030157787276545,0.5012224938875306,histgb_leaves15,0.25,2013-04-12,0.24870197533535765,0.0,0.0
2013-05-02,0,-0.002273573027063658,0.46528341823676045,0.5012224938875306,histgb_leaves15,0.25,2013-04-12,0.24870197533535765,0.0,-0.0
2013-05-03,0,-0.0011027095148078425,0.4590390229118807,0.5012224938875306,histgb_leaves15,0.25,2013-04-12,0.24870197533535765,0.0,-0.0
2013-05-06,0,-0.008071041346387253,0.44513879568712433,0.5012224938875306,histgb_leaves15,0.25,2013-04-12,0.24870197533535765,0.0,-0.0
2013-05-07,0,-0.00404121735939833,0.48991458399030086,0.5012224938875306,histgb_leaves15,0.25,2013-04-12,0.24870197533535765,0.0,-0.0
2013-05-08,0,-0.002691501888639092,0.46281313095949517,0.5012224938875306,histgb_leaves15,0.25,2013-04-12,0.24870197533535765,0.0,-0.0
2013-05-09,1,0.008066774970590052,0.48720474889279,0.5012224938875306,histgb_leaves15,0.25,2013-04-12,0.24870197533535765,0.0,0.0
2013-05-10,0,-0.015555713041893626,0.5191259975722775,0.5012224938875306,histgb_leaves15,0.25,2013-04-12,0.24870197533535765,0.0,-0.0
2013-05-13,1,0.006112986999576631,0.45295608374887686,0.5012224938875306,histgb_leaves15,0.25,2013-04-12,0.24870197533535765,0.0,0.0
2013-05-14,1,0.00738849461980462,0.46576107860605137,0.5012224938875306,histgb_leaves15,0.25,2013-04-12,0.24870197533535765,0.0,0.0
2013-05-15,0,-0.00035497677437679176,0.43294511229971866,0.5012224938875306,histgb_leaves15,0.25,2013-04-12,0.24870197533535765,0.0,-0.0
2013-05-16,1,0.0034241905425675956,0.4715315914548325,0.5012224938875306,histgb_leaves15,0.25,2013-04-12,0.24870197533535765,0.0,0.0
2013-05-20,0,-0.0039842038626177745,0.4568689190155338,0.5012224938875306,histgb_leaves15,0.25,2013-04-12,0.24870197533535765,0.0,-0.0
2013-05-21,0,-0.0064843883210801145,0.5266001788382197,0.5012224938875306,histgb_leaves15,0.25,2013-04-12,0.24870197533535765,0.0,-0.0
2013-05-22,1,0.0010392818411857352,0.4927126718568735,0.5012224938875306,histgb_leaves15,0.25,2013-04-12,0.24870197533535765,0.0,0.0
2013-05-23,0,-0.00841931406760632,0.4943639198534229,0.5012224938875306,histgb_leaves15,0.25,2013-04-12,0.24870197533535765,0.0,-0.0
2013-05-24,0,-0.002980776517543582,0.5051568360557599,0.5012224938875306,histgb_leaves15,0.25,2013-04-12,0.24870197533535765,0.0,-0.0
2013-05-27,1,0.0027246162494494186,0.5150317357084815,0.5012224938875306,histgb_leaves15,0.25,2013-04-12,0.24870197533535765,0.0,0.0
2013-05-28,1,0.0013309269099306409,0.47695614244133033,0.5012224938875306,histgb_leaves15,0.25,2013-04-12,0.24870197533535765,0.0,0.0
2013-05-29,1,0.00376688452066265,0.48378137653105424,0.5012224938875306,histgb_leaves15,0.25,2013-04-12,0.24870197533535765,0.0,0.0
2013-05-30,1,0.00013501147597549945,0.4992058369674406,0.5012224938875306,histgb_leaves15,0.25,2013-04-12,0.24870197533535765,0.0,0.0
2013-05-31,0,-0.004081124797810198,0.4826678056188026,0.5012224938875306,histgb_leaves15,0.25,2013-04-12,0.24870197533535765,0.0,-0.0
2013-06-03,0,-0.001776118729021503,0.48615686274455205,0.5012224938875306,histgb_leaves15,0.25,2013-04-12,0.24870197533535765,0.0,-0.0
2013-06-04,0,-0.0044385952621623925,0.5172838895242455,0.5012224938875306,histgb_leaves15,0.25,2013-04-12,0.24870197533535765,0.0,-0.0
2013-06-05,0,-0.014957716170422408,0.49937081519264137,0.5012224938875306,histgb_leaves15,0.25,2013-04-12,0.24870197533535765,0.0,-0.0
2013-06-07,0,-0.015344221349861575,0.5004139781504776,0.5012224938875306,histgb_leaves15,0.25,2013-04-12,0.24870197533535765,0.0,-0.0
2013-06-10,1,0.00285908498902554,0.47417692928924754,0.5012224938875306,histgb_leaves15,0.25,2013-04-12,0.24870197533535765,0.0,0.0
2013-06-11,0,-0.006424913351611328,0.48290412691201506,0.5012224938875306,histgb_leaves15,0.25,2013-04-12,0.24870197533535765,0.0,-0.0
2013-06-12,0,-0.0019283026755851917,0.49204120773030413,0.5012224938875306,histgb_leaves15,0.25,2013-04-12,0.24870197533535765,0.0,-0.0
2013-06-13,0,-0.011742165765576518,0.4861720012923983,0.5012224938875306,histgb_leaves15,0.25,2013-04-12,0.24870197533535765,0.0,-0.0
2013-06-14,0,-0.003444510673763168,0.5441598372508154,0.5012224938875306,histgb_leaves15,0.25,2013-04-12,0.24870197533535765,0.0,-0.0
2013-06-17,0,-0.0033607663605812466,0.5004853464653727,0.5012224938875306,histgb_leaves15,0.25,2013-04-12,0.24870197533535765,0.0,-0.0
2013-06-18,1,0.006833640582289746,0.540208100025737,0.5012224938875306,histgb_leaves15,0.25,2013-04-12,0.24870197533535765,0.0,0.0
2013-06-19,0,-0.0058910239536720255,0.4906482084103263,0.5012224938875306,histgb_leaves15,0.25,2013-04-12,0.24870197533535765,0.0,-0.0
2013-06-20,0,-0.007444874139789781,0.4870429522609641,0.5012224938875306,histgb_leaves15,0.25,2013-04-12,0.24870197533535765,0.0,-0.0
2013-06-21,1,0.00909543844109817,0.47531444524975336,0.5012224938875306,histgb_leaves15,0.25,2013-04-12,0.24870197533535765,0.0,0.0
2013-06-24,0,-0.012195121951219523,0.4976463004588521,0.5012224938875306,histgb_leaves15,0.25,2013-04-12,0.24870197533535765,0.0,-0.0
2013-06-25,0,-0.005417995565063283,0.5139984710831531,0.5012224938875306,histgb_leaves15,0.25,2013-04-12,0.24870197533535765,0.0,-0.0
2013-06-26,0,-0.00905130741107052,0.46248794320297026,0.5012224938875306,histgb_leaves15,0.25,2013-04-12,0.24870197533535765,0.0,-0.0
2013-06-27,1,0.013898483048271792,0.49978631814563745,0.5012224938875306,histgb_leaves15,0.25,2013-04-12,0.24870197533535765,0.0,0.0
2013-06-28,1,0.010148541689255053,0.5327024286805081,0.5012224938875306,histgb_leaves15,0.25,2013-04-12,0.24870197533535765,0.0,0.0
2013-07-01,1,0.002246741954125442,0.5251814408153346,0.5012224938875306,histgb_leaves15,0.25,2013-04-12,0.24870197533535765,0.0,0.0
2013-07-02,0,-0.0033525676154863016,0.56890382098471,0.5012224938875306,histgb_leaves15,0.25,2013-04-12,0.24870197533535765,0.0,-0.0
2013-07-03,0,-0.015979161835527278,0.5544739453342111,0.5012224938875306,histgb_leaves15,0.25,2013-04-12,0.24870197533535765,0.0,-0.0
2013-07-04,1,0.004725510655616771,0.49748560291685656,0.5012224938875306,histgb_leaves15,0.25,2013-04-12,0.24870197533535765,0.0,0.0
2013-07-05,0,-0.008469580360957796,0.5163315104808957,0.5012224938875306,histgb_leaves15,0.25,2013-04-12,0.24870197533535765,0.0,-0.0
2013-07-08,0,-0.007625040282716378,0.49899406141782965,0.5012224938875306,histgb_leaves15,0.25,2013-04-12,0.24870197533535765,0.0,-0.0
2013-07-09,1,0.0009405948715703882,0.5443733682539793,0.5012224938875306,histgb_leaves15,0.25,2013-04-12,0.24870197533535765,0.0,0.0
2013-07-10,0,-0.00641633168839939,0.5840473263978128,0.5012224938875306,histgb_leaves15,0.25,2013-04-12,0.24870197533535765,1.0,-0.00741633168839939
2013-07-11,1,0.02024625884347464,0.5742889682787969,0.5012224938875306,histgb_leaves15,0.25,2013-04-12,0.24870197533535765,1.0,0.01924625884347464
2013-07-12,0,-0.0019640703222569833,0.5380097684477849,0.5012224938875306,histgb_leaves15,0.25,2013-04-12,0.24870197533535765,0.0,-0.0
2013-07-15,1,0.0026199565835767213,0.49828600373389925,0.5012224938875306,histgb_leaves15,0.25,2013-04-12,0.24870197533535765,0.0,0.0
2013-07-16,0,-0.0048892846288782765,0.5143661822141247,0.5012224938875306,histgb_leaves15,0.25,2013-04-12,0.24870197533535765,0.0,-0.0
2013-07-17,1,0.00865712957371656,0.520091599938188,0.4948921679909194,histgb_leaves7,0.25,2013-07-15,0.24832186468296422,0.0,0.0
2013-07-18,0,-0.004030652073475749,0.48003035719656933,0.4948921679909194,histgb_leaves7,0.25,2013-07-15,0.24832186468296422,0.0,-0.0
2013-07-19,0,-0.004802067601199722,0.5144975585365709,0.4948921679909194,histgb_leaves7,0.25,2013-07-15,0.24832186468296422,0.0,-0.0
2013-07-22,0,-0.00024457547546008485,0.5063504943099828,0.4948921679909194,histgb_leaves7,0.25,2013-07-15,0.24832186468296422,0.0,-0.0
2013-07-23,1,0.007193673798630007,0.4810977924754409,0.4948921679909194,histgb_leaves7,0.25,2013-07-15,0.24832186468296422,0.0,0.0
2013-07-24,1,0.004206778112149312,0.4556357584813612,0.4948921679909194,histgb_leaves7,0.25,2013-07-15,0.24832186468296422,0.0,0.0
2013-07-25,1,0.0015944864337527065,0.45340457386326205,0.4948921679909194,histgb_leaves7,0.25,2013-07-15,0.24832186468296422,0.0,0.0
2013-07-26,0,-0.0006485186056850445,0.46728253800132935,0.4948921679909194,histgb_leaves7,0.25,2013-07-15,0.24832186468296422,0.0,-0.0
2013-07-29,0,-0.0045948466463382465,0.4438946919514405,0.4948921679909194,histgb_leaves7,0.25,2013-07-15,0.24832186468296422,0.0,-0.0
2013-07-30,1,0.00797631816939015,0.4599266604503416,0.4948921679909194,histgb_leaves7,0.25,2013-07-15,0.24832186468296422,0.0,0.0
2013-07-31,0,-0.000751773716111459,0.4353235178623,0.4948921679909194,histgb_leaves7,0.25,2013-07-15,0.24832186468296422,0.0,-0.0
2013-08-01,1,0.002180990942104666,0.448107452652472,0.4948921679909194,histgb_leaves7,0.25,2013-07-15,0.24832186468296422,0.0,0.0
2013-08-02,0,-0.006651999214981386,0.45979145129781634,0.4948921679909194,histgb_leaves7,0.25,2013-07-15,0.24832186468296422,0.0,-0.0
2013-08-05,0,-0.0024000041648661874,0.49592596777075804,0.4948921679909194,histgb_leaves7,0.25,2013-07-15,0.24832186468296422,0.0,-0.0
2013-08-06,0,-0.003887025485094564,0.4637045681167651,0.4948921679909194,histgb_leaves7,0.25,2013-07-15,0.24832186468296422,0.0,-0.0
2013-08-07,0,-0.007471716856806254,0.46148513304906735,0.4948921679909194,histgb_leaves7,0.25,2013-07-15,0.24832186468296422,0.0,-0.0
2013-08-08,0,-0.00032367954663636844,0.4723658299128013,0.4948921679909194,histgb_leaves7,0.25,2013-07-15,0.24832186468296422,0.0,-0.0
2013-08-09,0,-0.0020482125896092995,0.4809221318813843,0.4948921679909194,histgb_leaves7,0.25,2013-07-15,0.24832186468296422,0.0,-0.0
2013-08-12,1,0.003369709874900151,0.45339146137898273,0.4948921679909194,histgb_leaves7,0.25,2013-07-15,0.24832186468296422,0.0,0.0
2013-08-13,1,0.010356920281818116,0.4547254724633325,0.4948921679909194,histgb_leaves7,0.25,2013-07-15,0.24832186468296422,0.0,0.0
2013-08-14,1,0.00591867572244964,0.44588366459490475,0.4948921679909194,histgb_leaves7,0.25,2013-07-15,0.24832186468296422,0.0,0.0
2013-08-16,1,0.008609459374277595,0.44119719703785254,0.4948921679909194,histgb_leaves7,0.25,2013-07-15,0.24832186468296422,0.0,0.0
2013-08-19,1,0.00016689963073468483,0.44877288605154253,0.4948921679909194,histgb_leaves7,0.25,2013-07-15,0.24832186468296422,0.0,0.0
2013-08-20,0,-0.011752080825001343,0.4407153680942584,0.4948921679909194,histgb_leaves7,0.25,2013-07-15,0.24832186468296422,0.0,-0.0
2013-08-21,0,-0.012453662328596904,0.48141045999972376,0.4948921679909194,histgb_leaves7,0.25,2013-07-15,0.24832186468296422,0.0,-0.0
2013-08-22,1,0.0006385488706341924,0.48526568253083713,0.4948921679909194,histgb_leaves7,0.25,2013-07-15,0.24832186468296422,0.0,0.0
2013-08-23,1,0.0046089880639028635,0.47350418449329446,0.4948921679909194,histgb_leaves7,0.25,2013-07-15,0.24832186468296422,0.0,0.0
2013-08-26,1,0.006005573939965592,0.4779446741527174,0.4948921679909194,histgb_leaves7,0.25,2013-07-15,0.24832186468296422,0.0,0.0
2013-08-27,1,0.0011307473018669079,0.45336997622940856,0.4948921679909194,histgb_leaves7,0.25,2013-07-15,0.24832186468296422,0.0,0.0
2013-08-28,1,0.011817386215376091,0.45491861726739574,0.4948921679909194,histgb_leaves7,0.25,2013-07-15,0.24832186468296422,0.0,0.0
2013-08-29,1,0.008197544436399085,0.4774565273776884,0.4948921679909194,histgb_leaves7,0.25,2013-07-15,0.24832186468296422,0.0,0.0
2013-08-30,1,0.0038824124112124547,0.44523376790883534,0.4948921679909194,histgb_leaves7,0.25,2013-07-15,0.24832186468296422,0.0,0.0
2013-09-02,0,-0.00026489103110127754,0.42241542453317815,0.4948921679909194,histgb_leaves7,0.25,2013-07-15,0.24832186468296422,-1.0,-0.0007351089688987225
2013-09-03,0,-0.00025849946232114895,0.4286651266492479,0.4948921679909194,histgb_leaves7,0.25,2013-07-15,0.24832186468296422,-1.0,-0.0007415005376788511
2013-09-04,1,0.0017775704809286363,0.4581206034888915,0.4948921679909194,histgb_leaves7,0.25,2013-07-15,0.24832186468296422,0.0,0.0
2013-09-05,1,0.004110801271827391,0.45703147399529415,0.4948921679909194,histgb_leaves7,0.25,2013-07-15,0.24832186468296422,0.0,0.0
2013-09-06,1,0.0006140903019788979,0.4403135204202808,0.4948921679909194,histgb_leaves7,0.25,2013-07-15,0.24832186468296422,0.0,0.0
2013-09-09,1,0.005386718531228185,0.4407920239255408,0.4948921679909194,histgb_leaves7,0.25,2013-07-15,0.24832186468296422,0.0,0.0
2013-09-10,1,0.008078540807247458,0.45568403028482585,0.4948921679909194,histgb_leaves7,0.25,2013-07-15,0.24832186468296422,0.0,0.0
2013-09-11,1,0.003952985029760159,0.4558219819787454,0.4948921679909194,histgb_leaves7,0.25,2013-07-15,0.24832186468296422,0.0,0.0
2013-09-12,0,-0.0003042894840548094,0.4438044632062613,0.4948921679909194,histgb_leaves7,0.25,2013-07-15,0.24832186468296422,0.0,-0.0
2013-09-13,0,-0.00031579738840581406,0.4309081901207626,0.4948921679909194,histgb_leaves7,0.25,2013-07-15,0.24832186468296422,0.0,-0.0
2013-09-16,1,0.0008351187310171593,0.450803049319584,0.4948921679909194,histgb_leaves7,0.25,2013-07-15,0.24832186468296422,0.0,0.0
2013-09-17,0,-0.0018563586504820595,0.45256529571621995,0.4948921679909194,histgb_leaves7,0.25,2013-07-15,0.24832186468296422,0.0,-0.0
2013-09-23,1,0.0043434363629093475,0.4457319520741255,0.4948921679909194,histgb_leaves7,0.25,2013-07-15,0.24832186468296422,0.0,0.0
2013-09-24,1,0.00279289136701788,0.4574847543576129,0.4948921679909194,histgb_leaves7,0.25,2013-07-15,0.24832186468296422,0.0,0.0
2013-09-25,0,-0.0032276892837722615,0.47677121813816276,0.4948921679909194,histgb_leaves7,0.25,2013-07-15,0.24832186468296422,0.0,-0.0
2013-09-26,1,0.007640178705888179,0.46531979349322294,0.4948921679909194,histgb_leaves7,0.25,2013-07-15,0.24832186468296422,0.0,0.0
2013-09-27,0,-0.0002285986900301129,0.44297102282852696,0.4948921679909194,histgb_leaves7,0.25,2013-07-15,0.24832186468296422,0.0,-0.0
2013-09-30,0,-0.00252744727824894,0.44272894033475163,0.4948921679909194,histgb_leaves7,0.25,2013-07-15,0.24832186468296422,0.0,-0.0
2013-10-01,1,0.0006257446361170871,0.43892453148807525,0.4948921679909194,histgb_leaves7,0.25,2013-07-15,0.24832186468296422,0.0,0.0
2013-10-02,0,-0.006262207577271139,0.48621767530003146,0.4948921679909194,histgb_leaves7,0.25,2013-07-15,0.24832186468296422,0.0,-0.0
2013-10-04,0,-0.00147005880235207,0.43959680905646825,0.4948921679909194,histgb_leaves7,0.25,2013-07-15,0.24832186468296422,0.0,-0.0
2013-10-07,0,-0.0013769483819604522,0.4541703091243693,0.4948921679909194,histgb_leaves7,0.25,2013-07-15,0.24832186468296422,0.0,-0.0
2013-10-08,1,0.007439750096832398,0.4304803005197299,0.4948921679909194,histgb_leaves7,0.25,2013-07-15,0.24832186468296422,0.0,0.0
2013-10-10,1,0.00024488857569804345,0.42539913740513924,0.4948921679909194,histgb_leaves7,0.25,2013-07-15,0.24832186468296422,-1.0,-0.0012448885756980435
2013-10-11,1,0.003414254636993963,0.4686253721522218,0.4948921679909194,histgb_leaves7,0.25,2013-07-15,0.24832186468296422,0.0,0.0
2013-10-14,0,-0.0028626849022984624,0.43834031697817577,0.4948921679909194,histgb_leaves7,0.25,2013-07-15,0.24832186468296422,0.0,-0.0
2013-10-15,1,0.0030815505064654136,0.42934072600723455,0.4948921679909194,histgb_leaves7,0.25,2013-07-15,0.24832186468296422,-1.0,-0.004081550506465414
2013-10-16,0,-0.0026568236741616458,0.4427962638969436,0.4948921679909194,histgb_leaves7,0.25,2013-07-15,0.24832186468296422,0.0,-0.0
2013-10-17,0,-0.00515798146441826,0.45716519538587713,0.4948921679909194,histgb_leaves7,0.25,2013-07-15,0.24832186468296422,0.0,-0.0
2013-10-18,1,0.0028535689156439226,0.44596959774756484,0.4948921679909194,histgb_leaves7,0.25,2013-07-15,0.24832186468296422,0.0,0.0
2013-10-21,0,-0.0005598395451180682,0.43706603681151024,0.4948921679909194,histgb_leaves7,0.25,2013-07-15,0.24832186468296422,0.0,-0.0
2013-10-22,1,0.0024914554292760904,0.5365638672289172,0.4978813559322034,histgb_leaves7,0.25,2013-10-18,0.2484292733377418,0.0,0.0
2013-10-23,0,-0.013118028320591835,0.4646982005127302,0.4978813559322034,histgb_leaves7,0.25,2013-10-18,0.2484292733377418,0.0,-0.0
2013-10-24,1,0.005764241066163578,0.4626729415486158,0.4978813559322034,histgb_leaves7,0.25,2013-10-18,0.2484292733377418,0.0,0.0
2013-10-25,0,-0.006383519091948009,0.4619499899998982,0.4978813559322034,histgb_leaves7,0.25,2013-10-18,0.2484292733377418,0.0,-0.0
2013-10-28,1,0.00533063692766822,0.4752699560811602,0.4978813559322034,histgb_leaves7,0.25,2013-10-18,0.2484292733377418,0.0,0.0
2013-10-29,1,0.0024869666336049256,0.4634384064810063,0.4978813559322034,histgb_leaves7,0.25,2013-10-18,0.2484292733377418,0.0,0.0
2013-10-30,1,0.00222871046228712,0.47628761542807996,0.4978813559322034,histgb_leaves7,0.25,2013-10-18,0.2484292733377418,0.0,0.0
2013-10-31,0,-0.010175722588446456,0.45495533112041414,0.4978813559322034,histgb_leaves7,0.25,2013-10-18,0.2484292733377418,0.0,-0.0
2013-11-01,1,0.001065161369493195,0.4957418398083086,0.4978813559322034,histgb_leaves7,0.25,2013-10-18,0.2484292733377418,0.0,0.0
2013-11-04,0,-0.0048695874363661185,0.49028942799279934,0.4978813559322034,histgb_leaves7,0.25,2013-10-18,0.2484292733377418,0.0,-0.0
2013-11-05,0,-0.0067517582189955405,0.47658666652331194,0.4978813559322034,histgb_leaves7,0.25,2013-10-18,0.2484292733377418,0.0,-0.0
2013-11-06,0,-0.0008187285393882471,0.4856578276314368,0.4978813559322034,histgb_leaves7,0.25,2013-10-18,0.2484292733377418,0.0,-0.0
2013-11-07,0,-0.005365163659825756,0.48317689740792363,0.4978813559322034,histgb_leaves7,0.25,2013-10-18,0.2484292733377418,0.0,-0.0
2013-11-08,0,-0.0011775303063089604,0.48210516327298997,0.4978813559322034,histgb_leaves7,0.25,2013-10-18,0.2484292733377418,0.0,-0.0
2013-11-11,0,-0.009299249446353963,0.4406471595889414,0.4978813559322034,histgb_leaves7,0.25,2013-10-18,0.2484292733377418,0.0,-0.0
2013-11-12,1,0.005816708166577644,0.48392976648404606,0.4978813559322034,histgb_leaves7,0.25,2013-10-18,0.2484292733377418,0.0,0.0
2013-11-13,0,-0.01485078970077669,0.4856541959652776,0.4978813559322034,histgb_leaves7,0.25,2013-10-18,0.2484292733377418,0.0,-0.0
2013-11-14,0,-0.006383193616806393,0.5016811070374665,0.4978813559322034,histgb_leaves7,0.25,2013-10-18,0.2484292733377418,0.0,-0.0
2013-11-15,1,0.012443273312838565,0.504814282748934,0.4978813559322034,histgb_leaves7,0.25,2013-10-18,0.2484292733377418,0.0,0.0
2013-11-18,0,-0.0017028755262531448,0.4737298283735701,0.4978813559322034,histgb_leaves7,0.25,2013-10-18,0.2484292733377418,0.0,-0.0
2013-11-19,1,0.010791313216746756,0.488822487462865,0.4978813559322034,histgb_leaves7,0.25,2013-10-18,0.2484292733377418,0.0,0.0
2013-11-20,0,-0.005472455308281554,0.4786766023347967,0.4978813559322034,histgb_leaves7,0.25,2013-10-18,0.2484292733377418,0.0,-0.0
2013-11-21,0,-0.009897155002458136,0.5042256433094636,0.4978813559322034,histgb_leaves7,0.25,2013-10-18,0.2484292733377418,0.0,-0.0
2013-11-22,1,0.002037809354943354,0.4841992082418791,0.4978813559322034,histgb_leaves7,0.25,2013-10-18,0.2484292733377418,0.0,0.0
2013-11-25,0,-0.001990099009900992,0.48703030037998374,0.4978813559322034,histgb_leaves7,0.25,2013-10-18,0.2484292733377418,0.0,-0.0
2013-11-26,1,0.007195534287094407,0.48370053183326245,0.4978813559322034,histgb_leaves7,0.25,2013-10-18,0.2484292733377418,0.0,0.0
2013-11-27,1,0.006214414664629908,0.5066311928055787,0.4978813559322034,histgb_leaves7,0.25,2013-10-18,0.2484292733377418,0.0,0.0
2013-11-28,1,0.0029611762341092973,0.5045671672970911,0.4978813559322034,histgb_leaves7,0.25,2013-10-18,0.2484292733377418,0.0,0.0
2013-11-29,1,9.780668508652113e-06,0.4766396030525983,0.4978813559322034,histgb_leaves7,0.25,2013-10-18,0.2484292733377418,0.0,0.0
2013-12-02,0,-0.009593016167182777,0.4519271178396952,0.4978813559322034,histgb_leaves7,0.25,2013-10-18,0.2484292733377418,0.0,-0.0
2013-12-03,0,-0.007046777557051187,0.4724880019515786,0.4978813559322034,histgb_leaves7,0.25,2013-10-18,0.2484292733377418,0.0,-0.0
2013-12-04,0,-0.005948896527225411,0.5065084199683334,0.4978813559322034,histgb_leaves7,0.25,2013-10-18,0.2484292733377418,0.0,-0.0
2013-12-05,0,-0.0044940889689175645,0.50752364845103,0.4978813559322034,histgb_leaves7,0.25,2013-10-18,0.2484292733377418,0.0,-0.0
2013-12-06,0,-0.0013010655626100043,0.5028609417991352,0.4978813559322034,histgb_leaves7,0.25,2013-10-18,0.2484292733377418,0.0,-0.0
2013-12-09,0,-6.998180473072324e-05,0.45587081251808687,0.4978813559322034,histgb_leaves7,0.25,2013-10-18,0.2484292733377418,0.0,-0.0
2013-12-10,0,-0.0032899506507402254,0.48573581246952063,0.4978813559322034,histgb_leaves7,0.25,2013-10-18,0.2484292733377418,0.0,-0.0
2013-12-11,0,-0.004654743812964823,0.5250003459229317,0.4978813559322034,histgb_leaves7,0.25,2013-10-18,0.2484292733377418,0.0,-0.0
2013-12-12,1,0.0007577144484449683,0.48960399970850244,0.4978813559322034,histgb_leaves7,0.25,2013-10-18,0.2484292733377418,0.0,0.0
2013-12-13,0,-6.622381612186867e-05,0.5078543370734062,0.4978813559322034,histgb_leaves7,0.25,2013-10-18,0.2484292733377418,0.0,-0.0
2013-12-16,1,0.00028052636947872855,0.5033153274551297,0.4978813559322034,histgb_leaves7,0.25,2013-10-18,0.2484292733377418,0.0,0.0
2013-12-17,0,-0.006168033408495699,0.5135871360503641,0.4978813559322034,histgb_leaves7,0.25,2013-10-18,0.2484292733377418,0.0,-0.0
2013-12-18,1,0.0014098435479372728,0.5137278878123318,0.4978813559322034,histgb_leaves7,0.25,2013-10-18,0.2484292733377418,0.0,0.0
2013-12-19,0,-0.010586992122356365,0.5168158460766719,0.4978813559322034,histgb_leaves7,0.25,2013-10-18,0.2484292733377418,0.0,-0.0
2013-12-20,1,0.005184682127797657,0.520320558616072,0.4978813559322034,histgb_leaves7,0.25,2013-10-18,0.2484292733377418,0.0,0.0
2013-12-23,1,0.001725651508690973,0.47396808844706434,0.4978813559322034,histgb_leaves7,0.25,2013-10-18,0.2484292733377418,0.0,0.0
2013-12-24,1,0.0006749190097188329,0.5091119707682468,0.4978813559322034,histgb_leaves7,0.25,2013-10-18,0.2484292733377418,0.0,0.0
2013-12-26,0,-0.002469751777472884,0.4787517257620564,0.4978813559322034,histgb_leaves7,0.25,2013-10-18,0.2484292733377418,0.0,-0.0
2013-12-27,1,0.004127278653995647,0.5110161365041838,0.4978813559322034,histgb_leaves7,0.25,2013-10-18,0.2484292733377418,0.0,0.0
2013-12-30,1,0.00350243474095957,0.5239647778449714,0.4978813559322034,histgb_leaves7,0.25,2013-10-18,0.2484292733377418,0.0,0.0
2014-01-02,0,-0.022810477321159706,0.4946495917008024,0.4978813559322034,histgb_leaves7,0.25,2013-10-18,0.2484292733377418,0.0,-0.0
2014-01-03,0,-0.008952396472002078,0.49291818268902093,0.4978813559322034,histgb_leaves7,0.25,2013-10-18,0.2484292733377418,0.0,-0.0
2014-01-06,1,0.0029061110483565855,0.46899311359943036,0.4978813559322034,histgb_leaves7,0.25,2013-10-18,0.2484292733377418,0.0,0.0
2014-01-07,1,0.006053449028316171,0.49219439483233235,0.4978813559322034,histgb_leaves7,0.25,2013-10-18,0.2484292733377418,0.0,0.0
2014-01-08,0,-0.0033273976087508927,0.49278808238348765,0.4978813559322034,histgb_leaves7,0.25,2013-10-18,0.2484292733377418,0.0,-0.0
2014-01-09,0,-0.008250522346226363,0.5293571788812399,0.4978813559322034,histgb_leaves7,0.25,2013-10-18,0.2484292733377418,0.0,-0.0
2014-01-10,0,-0.005637256159176873,0.5116872583933374,0.4978813559322034,histgb_leaves7,0.25,2013-10-18,0.2484292733377418,0.0,-0.0
2014-01-13,1,0.0007908061087205098,0.5172845389385657,0.4978813559322034,histgb_leaves7,0.25,2013-10-18,0.2484292733377418,0.0,0.0
2014-01-14,1,0.0016882936395596904,0.4676097531766858,0.4978813559322034,histgb_leaves7,0.25,2013-10-18,0.2484292733377418,0.0,0.0
2014-01-15,0,-0.0016100754946509754,0.47757017949470226,0.4978813559322034,histgb_leaves7,0.25,2013-10-18,0.2484292733377418,0.0,-0.0
2014-01-16,0,-0.0003013417368521454,0.5064706775540782,0.4978813559322034,histgb_leaves7,0.25,2013-10-18,0.2484292733377418,0.0,-0.0
2014-01-17,0,-0.007158539698749022,0.5280884460397669,0.4978813559322034,histgb_leaves7,0.25,2013-10-18,0.2484292733377418,0.0,-0.0
2014-01-20,1,0.0040031038186219,0.4651013096462408,0.4978813559322034,histgb_leaves7,0.25,2013-10-18,0.2484292733377418,0.0,0.0
2014-01-21,1,0.004413735257715157,0.48339805787108014,0.4978813559322034,histgb_leaves7,0.25,2013-10-18,0.2484292733377418,0.0,0.0
2014-01-22,1,0.00508044030482635,0.4730479385163829,0.49354518371400197,histgb_leaves7,0.25,2014-01-20,0.2496695028827458,0.0,0.0
2014-01-23,0,-0.010757985950618942,0.48082954967602604,0.49354518371400197,histgb_leaves7,0.25,2014-01-20,0.2496695028827458,0.0,-0.0
2014-01-24,0,-0.0005099018825165391,0.5101482394783996,0.49354518371400197,histgb_leaves7,0.25,2014-01-20,0.2496695028827458,0.0,-0.0
2014-01-27,1,0.0023243489986410903,0.4900483542745466,0.49354518371400197,histgb_leaves7,0.25,2014-01-20,0.2496695028827458,0.0,0.0
2014-01-28,1,0.005112259985947887,0.47232600432774957,0.49354518371400197,histgb_leaves7,0.25,2014-01-20,0.2496695028827458,0.0,0.0
2014-01-29,1,0.007902675590493846,0.4833102202658607,0.49354518371400197,histgb_leaves7,0.25,2014-01-20,0.2496695028827458,0.0,0.0
2014-02-03,0,-0.005248459916376902,0.44918972650791056,0.49354518371400197,histgb_leaves7,0.25,2014-01-20,0.2496695028827458,0.0,-0.0
2014-02-04,0,-0.004279773715540225,0.5006556380072413,0.49354518371400197,histgb_leaves7,0.25,2014-01-20,0.2496695028827458,0.0,-0.0
2014-02-05,0,-0.0034932427092390084,0.4731892545072512,0.49354518371400197,histgb_leaves7,0.25,2014-01-20,0.2496695028827458,0.0,-0.0
2014-02-06,1,0.005555116346483313,0.47253582085899576,0.49354518371400197,histgb_leaves7,0.25,2014-01-20,0.2496695028827458,0.0,0.0
2014-02-07,1,2.6008478763994702e-05,0.4493668309869846,0.49354518371400197,histgb_leaves7,0.25,2014-01-20,0.2496695028827458,0.0,0.0
2014-02-10,0,-0.002505017815188859,0.4713892792217155,0.49354518371400197,histgb_leaves7,0.25,2014-01-20,0.2496695028827458,0.0,-0.0
2014-02-11,1,0.003954376575125318,0.4831282866805249,0.49354518371400197,histgb_leaves7,0.25,2014-01-20,0.2496695028827458,0.0,0.0
2014-02-12,0,-0.003290032591402703,0.42641017610251913,0.49354518371400197,histgb_leaves7,0.25,2014-01-20,0.2496695028827458,-1.0,0.002290032591402703
2014-02-13,0,-0.0049880720017349,0.4611619652201221,0.49354518371400197,histgb_leaves7,0.25,2014-01-20,0.2496695028827458,0.0,-0.0
2014-02-14,1,0.005253504927103636,0.4992204098455386,0.49354518371400197,histgb_leaves7,0.25,2014-01-20,0.2496695028827458,0.0,0.0
2014-02-17,0,-0.002756514699703949,0.49479676393239574,0.49354518371400197,histgb_leaves7,0.25,2014-01-20,0.2496695028827458,0.0,-0.0
2014-02-18,1,1.5409270216926174e-05,0.5223962765001972,0.49354518371400197,histgb_leaves7,0.25,2014-01-20,0.2496695028827458,0.0,0.0
2014-02-19,0,-0.0009101660924564214,0.5044704433670728,0.49354518371400197,histgb_leaves7,0.25,2014-01-20,0.2496695028827458,0.0,-0.0
2014-02-20,0,-0.001205442599203299,0.48649284441408475,0.49354518371400197,histgb_leaves7,0.25,2014-01-20,0.2496695028827458,0.0,-0.0
2014-02-21,1,0.005030723346149735,0.47735278092875233,0.49354518371400197,histgb_leaves7,0.25,2014-01-20,0.2496695028827458,0.0,0.0
2014-02-24,0,-0.004601493314811633,0.47853839676713317,0.49354518371400197,histgb_leaves7,0.25,2014-01-20,0.2496695028827458,0.0,-0.0
2014-02-25,1,0.003349844252668044,0.49175120860724947,0.49354518371400197,histgb_leaves7,0.25,2014-01-20,0.2496695028827458,0.0,0.0
2014-02-26,1,0.003728131605082785,0.48339709618623433,0.49354518371400197,histgb_leaves7,0.25,2014-01-20,0.2496695028827458,0.0,0.0
2014-02-27,1,0.004355661598598903,0.5200459369879882,0.49354518371400197,histgb_leaves7,0.25,2014-01-20,0.2496695028827458,0.0,0.0
2014-02-28,1,0.0017758844005504315,0.49899102597863454,0.49354518371400197,histgb_leaves7,0.25,2014-01-20,0.2496695028827458,0.0,0.0
2014-03-03,0,-0.0016311804461609514,0.4720553871471036,0.49354518371400197,histgb_leaves7,0.25,2014-01-20,0.2496695028827458,0.0,-0.0
2014-03-04,0,-0.0002404608662730512,0.503491865400744,0.49354518371400197,histgb_leaves7,0.25,2014-01-20,0.2496695028827458,0.0,-0.0
2014-03-05,0,-0.0010338117246412315,0.5066082874360998,0.49354518371400197,histgb_leaves7,0.25,2014-01-20,0.2496695028827458,0.0,-0.0
2014-03-06,1,0.0009880071136512125,0.47415153333956056,0.49354518371400197,histgb_leaves7,0.25,2014-01-20,0.2496695028827458,0.0,0.0
2014-03-07,0,-0.002535737738041055,0.491991459354569,0.49354518371400197,histgb_leaves7,0.25,2014-01-20,0.2496695028827458,0.0,-0.0
2014-03-10,0,-0.006713660596758597,0.5063863616390427,0.49354518371400197,histgb_leaves7,0.25,2014-01-20,0.2496695028827458,0.0,-0.0
2014-03-11,1,0.003397676295970653,0.5403397394076834,0.49354518371400197,histgb_leaves7,0.25,2014-01-20,0.2496695028827458,0.0,0.0
2014-03-12,0,-0.012836688512364192,0.5011078241169167,0.49354518371400197,histgb_leaves7,0.25,2014-01-20,0.2496695028827458,0.0,-0.0
2014-03-13,0,-0.003076764501249718,0.4835674729334755,0.49354518371400197,histgb_leaves7,0.25,2014-01-20,0.2496695028827458,0.0,-0.0
2014-03-14,1,0.0019988831305746135,0.4956784806471182,0.49354518371400197,histgb_leaves7,0.25,2014-01-20,0.2496695028827458,0.0,0.0
2014-03-17,1,0.003320927569424592,0.484999225173143,0.49354518371400197,histgb_leaves7,0.25,2014-01-20,0.2496695028827458,0.0,0.0
2014-03-18,0,-0.00046880151665007475,0.4467607088846194,0.49354518371400197,histgb_leaves7,0.25,2014-01-20,0.2496695028827458,0.0,-0.0
2014-03-19,0,-0.004960612938675224,0.4795541235969922,0.49354518371400197,histgb_leaves7,0.25,2014-01-20,0.2496695028827458,0.0,-0.0
2014-03-20,0,-0.007564046221854581,0.5017320053409613,0.49354518371400197,histgb_leaves7,0.25,2014-01-20,0.2496695028827458,0.0,-0.0
2014-03-21,1,0.0024349303713528947,0.5190622248979441,0.49354518371400197,histgb_leaves7,0.25,2014-01-20,0.2496695028827458,0.0,0.0
2014-03-24,1,0.00438293083332475,0.528686543882919,0.49354518371400197,histgb_leaves7,0.25,2014-01-20,0.2496695028827458,0.0,0.0
2014-03-25,1,0.00018032871348339086,0.49741577530849795,0.49354518371400197,histgb_leaves7,0.25,2014-01-20,0.2496695028827458,0.0,0.0
2014-03-26,1,0.004967768341348711,0.5061053023274951,0.49354518371400197,histgb_leaves7,0.25,2014-01-20,0.2496695028827458,0.0,0.0
2014-03-27,1,0.0072874122811483755,0.4829018381661075,0.49354518371400197,histgb_leaves7,0.25,2014-01-20,0.2496695028827458,0.0,0.0
2014-03-28,1,0.004243066363180059,0.48738066675400926,0.49354518371400197,histgb_leaves7,0.25,2014-01-20,0.2496695028827458,0.0,0.0
2014-03-31,0,-0.0015688404157427893,0.505997897984672,0.49354518371400197,histgb_leaves7,0.25,2014-01-20,0.2496695028827458,0.0,-0.0
2014-04-01,1,0.004133522870479522,0.4869992212253458,0.49354518371400197,histgb_leaves7,0.25,2014-01-20,0.2496695028827458,0.0,0.0
2014-04-02,0,-0.001439906406083713,0.475846026953573,0.49354518371400197,histgb_leaves7,0.25,2014-01-20,0.2496695028827458,0.0,-0.0
2014-04-03,0,-0.0028608296405957523,0.4949421559305379,0.49354518371400197,histgb_leaves7,0.25,2014-01-20,0.2496695028827458,0.0,-0.0
2014-04-04,1,0.00012576464906621787,0.5279602311454401,0.49354518371400197,histgb_leaves7,0.25,2014-01-20,0.2496695028827458,0.0,0.0
2014-04-07,1,0.0027264159976616575,0.47764365491446,0.49354518371400197,histgb_leaves7,0.25,2014-01-20,0.2496695028827458,0.0,0.0
2014-04-08,1,0.007797290669040002,0.4916493544538364,0.49354518371400197,histgb_leaves7,0.25,2014-01-20,0.2496695028827458,0.0,0.0
2014-04-09,1,0.00048549034524869583,0.4798456954850853,0.49354518371400197,histgb_leaves7,0.25,2014-01-20,0.2496695028827458,0.0,0.0
2014-04-10,1,0.00044827191177998493,0.44902784345097696,0.49354518371400197,histgb_leaves7,0.25,2014-01-20,0.2496695028827458,0.0,0.0
2014-04-11,1,0.006125080593165633,0.4725027224734444,0.49354518371400197,histgb_leaves7,0.25,2014-01-20,0.2496695028827458,0.0,0.0
2014-04-14,1,0.0016099828970663754,0.4570797930432901,0.49354518371400197,histgb_leaves7,0.25,2014-01-20,0.2496695028827458,0.0,0.0
2014-04-15,0,-0.008075718574650614,0.45989496471740576,0.49354518371400197,histgb_leaves7,0.25,2014-01-20,0.2496695028827458,0.0,-0.0
2014-04-16,0,-0.0010529957729740191,0.4768406989392974,0.49354518371400197,histgb_leaves7,0.25,2014-01-20,0.2496695028827458,0.0,-0.0
2014-04-17,0,-0.004209010882442632,0.4270528190987818,0.49354518371400197,histgb_leaves7,0.25,2014-01-20,0.2496695028827458,-1.0,0.003209010882442632
2014-04-18,1,0.002882132778255997,0.5094671371618639,0.49354518371400197,histgb_leaves7,0.25,2014-01-20,0.2496695028827458,0.0,0.0
2014-04-21,0,-0.003484181616082105,0.46726893231070066,0.49354518371400197,histgb_leaves7,0.25,2014-01-20,0.2496695028827458,0.0,-0.0
2014-04-22,1,0.0016392295621057151,0.4936663440129897,0.49354518371400197,histgb_leaves7,0.25,2014-01-20,0.2496695028827458,0.0,0.0
2014-04-23,0,-0.004820751619354691,0.455407562540378,0.49626168224299066,logistic_C0.1,0.25,2014-04-21,0.2501167582535666,0.0,-0.0
2014-04-24,0,-0.0040072169778407885,0.4800804731176764,0.49626168224299066,logistic_C0.1,0.25,2014-04-21,0.2501167582535666,0.0,-0.0
2014-04-25,0,-0.012496181026840358,0.4813875461737821,0.49626168224299066,logistic_C0.1,0.25,2014-04-21,0.2501167582535666,0.0,-0.0
2014-04-28,1,0.00011172957380245485,0.4594301985476849,0.49626168224299066,logistic_C0.1,0.25,2014-04-21,0.2501167582535666,0.0,0.0
2014-04-29,0,-0.005013495925901612,0.46627565378372887,0.49626168224299066,logistic_C0.1,0.25,2014-04-21,0.2501167582535666,0.0,-0.0
2014-04-30,0,-0.005963841991122654,0.46018837836379795,0.49626168224299066,logistic_C0.1,0.25,2014-04-21,0.2501167582535666,0.0,-0.0
2014-05-02,0,-0.003483718068036712,0.45716921080856293,0.49626168224299066,logistic_C0.1,0.25,2014-04-21,0.2501167582535666,0.0,-0.0
2014-05-07,0,-0.012376603078113613,0.47695360825362765,0.49626168224299066,logistic_C0.1,0.25,2014-04-21,0.2501167582535666,0.0,-0.0
2014-05-08,1,0.0023947295394513013,0.4791927091902339,0.49626168224299066,logistic_C0.1,0.25,2014-04-21,0.2501167582535666,0.0,0.0
2014-05-09,1,0.0015715543542804689,0.47781593726167065,0.49626168224299066,logistic_C0.1,0.25,2014-04-21,0.2501167582535666,0.0,0.0
2014-05-12,1,0.004437038021530837,0.4353659031498409,0.49626168224299066,logistic_C0.1,0.25,2014-04-21,0.2501167582535666,0.0,0.0
2014-05-13,1,0.004992194943945538,0.4433105146111607,0.49626168224299066,logistic_C0.1,0.25,2014-04-21,0.2501167582535666,0.0,0.0
2014-05-14,1,0.009964891837728862,0.4708471028708321,0.49626168224299066,logistic_C0.1,0.25,2014-04-21,0.2501167582535666,0.0,0.0
2014-05-15,1,0.0011554475367052675,0.4420204030476352,0.49626168224299066,logistic_C0.1,0.25,2014-04-21,0.2501167582535666,0.0,0.0
2014-05-16,1,0.0049713498512589105,0.45071519361270507,0.49626168224299066,logistic_C0.1,0.25,2014-04-21,0.2501167582535666,0.0,0.0
2014-05-19,1,0.0006703777454453164,0.4280337950848437,0.49626168224299066,logistic_C0.1,0.25,2014-04-21,0.2501167582535666,-1.0,-0.0016703777454453164
2014-05-20,0,-0.0002932624201604783,0.4481900549734905,0.49626168224299066,logistic_C0.1,0.25,2014-04-21,0.2501167582535666,0.0,-0.0
2014-05-21,1,0.0024207878291770957,0.4377762603627971,0.49626168224299066,logistic_C0.1,0.25,2014-04-21,0.2501167582535666,0.0,0.0
2014-05-22,1,8.931185217897486e-05,0.42665682172217556,0.49626168224299066,logistic_C0.1,0.25,2014-04-21,0.2501167582535666,-1.0,-0.0010893118521789749
2014-05-23,1,0.002026735019298842,0.4459841935776007,0.49626168224299066,logistic_C0.1,0.25,2014-04-21,0.2501167582535666,0.0,0.0
2014-05-26,0,-0.002906443277238102,0.427757538386195,0.49626168224299066,logistic_C0.1,0.25,2014-04-21,0.2501167582535666,-1.0,0.0019064432772381021
2014-05-27,0,-0.008556383290237002,0.469279117520504,0.49626168224299066,logistic_C0.1,0.25,2014-04-21,0.2501167582535666,0.0,-0.0
2014-05-28,1,0.008398908141941552,0.4421660310386517,0.49626168224299066,logistic_C0.1,0.25,2014-04-21,0.2501167582535666,0.0,0.0
2014-05-29,0,-0.00416198587597183,0.4568757506445293,0.49626168224299066,logistic_C0.1,0.25,2014-04-21,0.2501167582535666,0.0,-0.0
2014-05-30,0,-0.010127172677969698,0.4374885009758832,0.49626168224299066,logistic_C0.1,0.25,2014-04-21,0.2501167582535666,0.0,-0.0
2014-06-02,1,0.001595949590005974,0.43770272023231294,0.49626168224299066,logistic_C0.1,0.25,2014-04-21,0.2501167582535666,0.0,0.0
2014-06-03,1,0.0011214617880586086,0.45025640404260736,0.49626168224299066,logistic_C0.1,0.25,2014-04-21,0.2501167582535666,0.0,0.0
2014-06-05,0,-0.005838979673176592,0.4488298263520967,0.49626168224299066,logistic_C0.1,0.25,2014-04-21,0.2501167582535666,0.0,-0.0
2014-06-09,0,-0.007327670060307434,0.42714043087179004,0.49626168224299066,logistic_C0.1,0.25,2014-04-21,0.2501167582535666,-1.0,0.006327670060307434
2014-06-10,1,0.005452573604745714,0.449005588196203,0.49626168224299066,logistic_C0.1,0.25,2014-04-21,0.2501167582535666,0.0,0.0
2014-06-11,1,0.002567790157799621,0.43167045294816303,0.49626168224299066,logistic_C0.1,0.25,2014-04-21,0.2501167582535666,0.0,0.0
2014-06-12,0,-0.0009684147794992715,0.44119370813477066,0.49626168224299066,logistic_C0.1,0.25,2014-04-21,0.2501167582535666,0.0,-0.0
2014-06-13,0,-0.007329660192964549,0.46036541123784086,0.49626168224299066,logistic_C0.1,0.25,2014-04-21,0.2501167582535666,0.0,-0.0
2014-06-16,1,0.003387254260491357,0.43405024999755754,0.49626168224299066,logistic_C0.1,0.25,2014-04-21,0.2501167582535666,0.0,0.0
2014-06-17,1,0.0033385299440069627,0.4650809646060171,0.49626168224299066,logistic_C0.1,0.25,2014-04-21,0.2501167582535666,0.0,0.0
2014-06-18,0,-0.006377793093804041,0.4553160654969602,0.49626168224299066,logistic_C0.1,0.25,2014-04-21,0.2501167582535666,0.0,-0.0
2014-06-19,0,-0.0011031826820376844,0.468016559852359,0.49626168224299066,logistic_C0.1,0.25,2014-04-21,0.2501167582535666,0.0,-0.0
2014-06-20,0,-0.011372826780394973,0.4853052474375599,0.49626168224299066,logistic_C0.1,0.25,2014-04-21,0.2501167582535666,0.0,-0.0
2014-06-23,0,-9.113462609477985e-05,0.45179512015703427,0.49626168224299066,logistic_C0.1,0.25,2014-04-21,0.2501167582535666,0.0,-0.0
2014-06-24,1,0.009163866736833448,0.4737772635128499,0.49626168224299066,logistic_C0.1,0.25,2014-04-21,0.2501167582535666,0.0,0.0
2014-06-25,0,-0.005480029507851203,0.4524792419067749,0.49626168224299066,logistic_C0.1,0.25,2014-04-21,0.2501167582535666,0.0,-0.0
2014-06-26,1,0.006076651538073685,0.4577406255835515,0.49626168224299066,logistic_C0.1,0.25,2014-04-21,0.2501167582535666,0.0,0.0
2014-06-27,0,-0.0012004621025667461,0.4753367854452977,0.49626168224299066,logistic_C0.1,0.25,2014-04-21,0.2501167582535666,0.0,-0.0
2014-06-30,1,0.0030458938045117012,0.43364249852978215,0.49626168224299066,logistic_C0.1,0.25,2014-04-21,0.2501167582535666,0.0,0.0
2014-07-01,1,0.00286461076913036,0.46098523786495443,0.49626168224299066,logistic_C0.1,0.25,2014-04-21,0.2501167582535666,0.0,0.0
2014-07-02,1,0.0036254980079681864,0.45205592041644105,0.49626168224299066,logistic_C0.1,0.25,2014-04-21,0.2501167582535666,0.0,0.0
2014-07-03,0,-0.0024900917167247627,0.45311469160042733,0.49626168224299066,logistic_C0.1,0.25,2014-04-21,0.2501167582535666,0.0,-0.0
2014-07-04,0,-0.004305497064433728,0.4670773444137143,0.49626168224299066,logistic_C0.1,0.25,2014-04-21,0.2501167582535666,0.0,-0.0
2014-07-07,0,-0.0012004801920768582,0.454859769880147,0.49626168224299066,logistic_C0.1,0.25,2014-04-21,0.2501167582535666,0.0,-0.0
2014-07-08,1,0.0015522447655411664,0.4870827005726706,0.49626168224299066,logistic_C0.1,0.25,2014-04-21,0.2501167582535666,0.0,0.0
2014-07-09,1,0.0014667821403004933,0.5030801110712815,0.49626168224299066,logistic_C0.1,0.25,2014-04-21,0.2501167582535666,0.0,0.0
2014-07-10,0,-0.0008929328604282416,0.47061286824180837,0.49626168224299066,logistic_C0.1,0.25,2014-04-21,0.2501167582535666,0.0,-0.0
2014-07-11,0,-9.552875164031693e-05,0.51433671112731,0.49626168224299066,logistic_C0.1,0.25,2014-04-21,0.2501167582535666,0.0,-0.0
2014-07-14,0,-0.002191906959054357,0.44516810304809756,0.49626168224299066,logistic_C0.1,0.25,2014-04-21,0.2501167582535666,0.0,-0.0
2014-07-15,1,0.0038854224337008247,0.4802538497161211,0.49626168224299066,logistic_C0.1,0.25,2014-04-21,0.2501167582535666,0.0,0.0
2014-07-16,0,-0.0010864873714447887,0.46511215872682715,0.49626168224299066,logistic_C0.1,0.25,2014-04-21,0.2501167582535666,0.0,-0.0
2014-07-17,1,0.00018807039771950862,0.46644321632369623,0.49626168224299066,logistic_C0.1,0.25,2014-04-21,0.2501167582535666,0.0,0.0
2014-07-18,1,0.0061281836661486455,0.5205807871004025,0.49626168224299066,logistic_C0.1,0.25,2014-04-21,0.2501167582535666,0.0,0.0
2014-07-21,0,-0.004694233784676705,0.4268497803289582,0.49626168224299066,logistic_C0.1,0.25,2014-04-21,0.2501167582535666,-1.0,0.0036942337846767046
2014-07-22,1,0.0038343937699758524,0.49379012804824063,0.49626168224299066,logistic_C0.1,0.25,2014-04-21,0.2501167582535666,0.0,0.0
2014-07-23,0,-0.00216949619477258,0.47842617098880497,0.49626168224299066,logistic_C0.1,0.25,2014-04-21,0.2501167582535666,0.0,-0.0
2014-07-24,0,-0.0031087980953693473,0.4421316180288355,0.49626168224299066,logistic_C0.1,0.25,2014-04-21,0.2501167582535666,0.0,-0.0
2014-07-25,1,0.0018768103091564292,0.46166904613628007,0.49626168224299066,logistic_C0.1,0.25,2014-04-21,0.2501167582535666,0.0,0.0
2014-07-28,1,0.006311518890351531,0.4606400367178892,0.4960282436010591,histgb_leaves7,0.25,2014-07-24,0.24847162612552892,0.0,0.0
2014-07-29,1,0.003865571583667071,0.4549606143260664,0.4960282436010591,histgb_leaves7,0.25,2014-07-24,0.24847162612552892,0.0,0.0
2014-07-30,1,0.008786758829142816,0.46777112411351224,0.4960282436010591,histgb_leaves7,0.25,2014-07-24,0.24847162612552892,0.0,0.0
2014-07-31,0,-0.0027044553860934295,0.4787551856056756,0.4960282436010591,histgb_leaves7,0.25,2014-07-24,0.24847162612552892,0.0,-0.0
2014-08-01,1,0.004550057905422733,0.5080625955406782,0.4960282436010591,histgb_leaves7,0.25,2014-07-24,0.24847162612552892,0.0,0.0
2014-08-04,0,-0.00016820696184582928,0.5070684056108435,0.4960282436010591,histgb_leaves7,0.25,2014-07-24,0.24847162612552892,0.0,-0.0
2014-08-05,0,-0.004773212212872635,0.46441508506202356,0.4960282436010591,histgb_leaves7,0.25,2014-07-24,0.24847162612552892,0.0,-0.0
2014-08-06,0,-0.0010664443291822367,0.5082735399329729,0.4960282436010591,histgb_leaves7,0.25,2014-07-24,0.24847162612552892,0.0,-0.0
2014-08-07,0,-0.0037483513073161,0.4770425009926991,0.4960282436010591,histgb_leaves7,0.25,2014-07-24,0.24847162612552892,0.0,-0.0
2014-08-08,0,-0.008982634873701656,0.4963194464592403,0.4960282436010591,histgb_leaves7,0.25,2014-07-24,0.24847162612552892,0.0,-0.0
2014-08-11,0,-0.004301379761544322,0.44089828224599753,0.4960282436010591,histgb_leaves7,0.25,2014-07-24,0.24847162612552892,0.0,-0.0
2014-08-12,0,-0.0033782629284461185,0.47787654639712285,0.4960282436010591,histgb_leaves7,0.25,2014-07-24,0.24847162612552892,0.0,-0.0
2014-08-13,1,0.007661187874997477,0.5033119194600107,0.4960282436010591,histgb_leaves7,0.25,2014-07-24,0.24847162612552892,0.0,0.0
2014-08-14,0,-0.001195726367460903,0.47687615871117695,0.4960282436010591,histgb_leaves7,0.25,2014-07-24,0.24847162612552892,0.0,-0.0
2014-08-18,0,-0.008604746613872671,0.5367022662244338,0.4960282436010591,histgb_leaves7,0.25,2014-07-24,0.24847162612552892,0.0,-0.0
2014-08-19,1,0.002881090843941614,0.47643828115591363,0.4960282436010591,histgb_leaves7,0.25,2014-07-24,0.24847162612552892,0.0,0.0
2014-08-20,0,-0.0038399246432809786,0.47516912519625776,0.4960282436010591,histgb_leaves7,0.25,2014-07-24,0.24847162612552892,0.0,-0.0
2014-08-21,0,-0.011326978231114837,0.494630431160752,0.4960282436010591,histgb_leaves7,0.25,2014-07-24,0.24847162612552892,0.0,-0.0
2014-08-22,1,0.00413037534663907,0.4833542201522737,0.4960282436010591,histgb_leaves7,0.25,2014-07-24,0.24847162612552892,0.0,0.0
2014-08-25,1,0.005724296785024174,0.5089268905930185,0.4960282436010591,histgb_leaves7,0.25,2014-07-24,0.24847162612552892,0.0,0.0
2014-08-26,0,-0.0004929751047572095,0.49094869765073174,0.4960282436010591,histgb_leaves7,0.25,2014-07-24,0.24847162612552892,0.0,-0.0
2014-08-27,0,-0.00025054807391167166,0.48938353742540747,0.4960282436010591,histgb_leaves7,0.25,2014-07-24,0.24847162612552892,0.0,-0.0
2014-08-28,0,-0.00349010815974804,0.5072881576185195,0.4960282436010591,histgb_leaves7,0.25,2014-07-24,0.24847162612552892,0.0,-0.0
2014-08-29,0,-0.001057598045133834,0.5263612851649111,0.4960282436010591,histgb_leaves7,0.25,2014-07-24,0.24847162612552892,0.0,-0.0
2014-09-01,1,2.901634587471058e-05,0.4908445217021771,0.4960282436010591,histgb_leaves7,0.25,2014-07-24,0.24847162612552892,0.0,0.0
2014-09-02,0,-0.006965251189513855,0.480313564573168,0.4960282436010591,histgb_leaves7,0.25,2014-07-24,0.24847162612552892,0.0,-0.0
2014-09-03,1,0.0005414396441130176,0.4812344355469518,0.4960282436010591,histgb_leaves7,0.25,2014-07-24,0.24847162612552892,0.0,0.0
2014-09-04,0,-0.001354993807824001,0.5162244656181669,0.4960282436010591,histgb_leaves7,0.25,2014-07-24,0.24847162612552892,0.0,-0.0
2014-09-05,0,-0.0018361760780837288,0.4709776850423462,0.4960282436010591,histgb_leaves7,0.25,2014-07-24,0.24847162612552892,0.0,-0.0
2014-09-11,0,-0.006258030161653494,0.4630375048646719,0.4960282436010591,histgb_leaves7,0.25,2014-07-24,0.24847162612552892,0.0,-0.0
2014-09-12,0,-0.0003182358960299725,0.4784532208045999,0.4960282436010591,histgb_leaves7,0.25,2014-07-24,0.24847162612552892,0.0,-0.0
2014-09-15,0,-0.0015742779655032457,0.466943937681896,0.4960282436010591,histgb_leaves7,0.25,2014-07-24,0.24847162612552892,0.0,-0.0
2014-09-16,1,0.001470645907682755,0.46880458560932436,0.4960282436010591,histgb_leaves7,0.25,2014-07-24,0.24847162612552892,0.0,0.0
2014-09-17,1,0.005141175209302018,0.4829296662015907,0.4960282436010591,histgb_leaves7,0.25,2014-07-24,0.24847162612552892,0.0,0.0
2014-09-18,0,-0.00508694448088387,0.4786731362802332,0.4960282436010591,histgb_leaves7,0.25,2014-07-24,0.24847162612552892,0.0,-0.0
2014-09-19,0,-0.0018176869690311737,0.48044555913375897,0.4960282436010591,histgb_leaves7,0.25,2014-07-24,0.24847162612552892,0.0,-0.0
2014-09-22,0,-0.006832903131544388,0.48374401779696635,0.4960282436010591,histgb_leaves7,0.25,2014-07-24,0.24847162612552892,0.0,-0.0
2014-09-23,1,4.928779141488704e-06,0.5187855666586431,0.4960282436010591,histgb_leaves7,0.25,2014-07-24,0.24847162612552892,0.0,0.0
2014-09-24,1,0.005378441782936116,0.5042475709140049,0.4960282436010591,histgb_leaves7,0.25,2014-07-24,0.24847162612552892,0.0,0.0
2014-09-25,0,-0.0056460995473344155,0.4742136877054965,0.4960282436010591,histgb_leaves7,0.25,2014-07-24,0.24847162612552892,0.0,-0.0
2014-09-26,1,0.006175804909938298,0.4856142492284027,0.4960282436010591,histgb_leaves7,0.25,2014-07-24,0.24847162612552892,0.0,0.0
2014-09-29,0,-0.004582672292269496,0.4864108985267111,0.4960282436010591,histgb_leaves7,0.25,2014-07-24,0.24847162612552892,0.0,-0.0
2014-09-30,0,-0.0015272986091203755,0.5195297253182767,0.4960282436010591,histgb_leaves7,0.25,2014-07-24,0.24847162612552892,0.0,-0.0
2014-10-01,0,-0.01089164477245752,0.4928144055082715,0.4960282436010591,histgb_leaves7,0.25,2014-07-24,0.24847162612552892,0.0,-0.0
2014-10-02,0,-0.004167443548021343,0.5127304742885088,0.4960282436010591,histgb_leaves7,0.25,2014-07-24,0.24847162612552892,0.0,-0.0
2014-10-06,0,-0.009809395892126815,0.44935243479065823,0.4960282436010591,histgb_leaves7,0.25,2014-07-24,0.24847162612552892,0.0,-0.0
2014-10-07,0,-0.003495249592136651,0.5073885225787027,0.4960282436010591,histgb_leaves7,0.25,2014-07-24,0.24847162612552892,0.0,-0.0
2014-10-08,1,0.0037540221666070295,0.5066384349902041,0.4960282436010591,histgb_leaves7,0.25,2014-07-24,0.24847162612552892,0.0,0.0
2014-10-10,0,-0.006683794102293805,0.49685780936879814,0.4960282436010591,histgb_leaves7,0.25,2014-07-24,0.24847162612552892,0.0,-0.0
2014-10-13,1,0.004027132348344287,0.5347237893189646,0.4960282436010591,histgb_leaves7,0.25,2014-07-24,0.24847162612552892,0.0,0.0
2014-10-14,0,-0.0021722827070780326,0.5154521716354727,0.4960282436010591,histgb_leaves7,0.25,2014-07-24,0.24847162612552892,0.0,-0.0
2014-10-15,0,-0.003208927027964159,0.49058062255612644,0.4960282436010591,histgb_leaves7,0.25,2014-07-24,0.24847162612552892,0.0,-0.0
2014-10-16,1,0.0038609432629679308,0.5074671967341602,0.4960282436010591,histgb_leaves7,0.25,2014-07-24,0.24847162612552892,0.0,0.0
2014-10-17,0,-0.011879324776060352,0.4831014694156721,0.4960282436010591,histgb_leaves7,0.25,2014-07-24,0.24847162612552892,0.0,-0.0
2014-10-20,1,0.005847282733318027,0.45732393924483283,0.4960282436010591,histgb_leaves7,0.25,2014-07-24,0.24847162612552892,0.0,0.0
2014-10-21,0,-0.004335575633441113,0.45263806307222393,0.4960282436010591,histgb_leaves7,0.25,2014-07-24,0.24847162612552892,0.0,-0.0
2014-10-22,1,3.0977174984903044e-05,0.4623881536179766,0.4960282436010591,histgb_leaves7,0.25,2014-07-24,0.24847162612552892,0.0,0.0
2014-10-23,0,-0.00040363687171074414,0.4874876170375416,0.4960282436010591,histgb_leaves7,0.25,2014-07-24,0.24847162612552892,0.0,-0.0
2014-10-24,0,-0.008633382411993074,0.4433273509862367,0.4960282436010591,histgb_leaves7,0.25,2014-07-24,0.24847162612552892,0.0,-0.0
2014-10-27,0,-0.0010031490607111948,0.4921385983295452,0.4960282436010591,histgb_leaves7,0.25,2014-07-24,0.24847162612552892,0.0,-0.0
2014-10-28,0,-0.00505306232110192,0.5125393595447731,0.4960282436010591,histgb_leaves7,0.25,2014-07-24,0.24847162612552892,0.0,-0.0
2014-10-29,1,0.011538064782339763,0.4753643307897169,0.4960282436010591,histgb_leaves7,0.25,2014-07-24,0.24847162612552892,0.0,0.0
2014-10-30,1,0.0010271242564847682,0.5090932882620464,0.4960282436010591,histgb_leaves7,0.25,2014-07-24,0.24847162612552892,0.0,0.0
2014-10-31,1,0.0005959475566150729,0.4788666531743504,0.4882943143812709,histgb_leaves7,0.25,2014-10-29,0.2489022137060259,0.0,0.0
2014-11-03,0,-0.003413857505893958,0.4596718299958212,0.4882943143812709,histgb_leaves7,0.25,2014-10-29,0.2489022137060259,0.0,-0.0
2014-11-04,0,-0.007671204779119534,0.5135674817669494,0.4882943143812709,histgb_leaves7,0.25,2014-10-29,0.2489022137060259,0.0,-0.0
2014-11-05,0,-0.003703684598758805,0.49053546524153013,0.4882943143812709,histgb_leaves7,0.25,2014-10-29,0.2489022137060259,0.0,-0.0
2014-11-06,1,0.001567146810106168,0.5139470934797412,0.4882943143812709,histgb_leaves7,0.25,2014-10-29,0.2489022137060259,0.0,0.0
2014-11-07,1,0.002128374015239576,0.4736420666793018,0.4882943143812709,histgb_leaves7,0.25,2014-10-29,0.2489022137060259,0.0,0.0
2014-11-10,1,0.002785757813180245,0.446576162429755,0.4882943143812709,histgb_leaves7,0.25,2014-10-29,0.2489022137060259,0.0,0.0
2014-11-11,1,0.0026201943949293316,0.4684147400291696,0.4882943143812709,histgb_leaves7,0.25,2014-10-29,0.2489022137060259,0.0,0.0
2014-11-12,1,0.0010482340309687643,0.46654787953092713,0.4882943143812709,histgb_leaves7,0.25,2014-10-29,0.2489022137060259,0.0,0.0
2014-11-13,0,-0.005140461981894218,0.4643464353199142,0.4882943143812709,histgb_leaves7,0.25,2014-10-29,0.2489022137060259,0.0,-0.0
2014-11-14,0,-0.0073993182421261405,0.49050413632992973,0.4882943143812709,histgb_leaves7,0.25,2014-10-29,0.2489022137060259,0.0,-0.0
2014-11-17,1,0.0009269606505204475,0.5147009020283974,0.4882943143812709,histgb_leaves7,0.25,2014-10-29,0.2489022137060259,0.0,0.0
2014-11-18,1,0.007725686884263228,0.4832475700701558,0.4882943143812709,histgb_leaves7,0.25,2014-10-29,0.2489022137060259,0.0,0.0
2014-11-19,0,-0.003818862343687557,0.4830367836580216,0.4882943143812709,histgb_leaves7,0.25,2014-10-29,0.2489022137060259,0.0,-0.0
2014-11-20,0,-0.0013668448325105942,0.45231474639658786,0.4882943143812709,histgb_leaves7,0.25,2014-10-29,0.2489022137060259,0.0,-0.0
2014-11-21,0,-0.0010422545236389302,0.46288046638132396,0.4882943143812709,histgb_leaves7,0.25,2014-10-29,0.2489022137060259,0.0,-0.0
2014-11-24,0,-0.001987409709051313,0.4369120632694366,0.4882943143812709,histgb_leaves7,0.25,2014-10-29,0.2489022137060259,0.0,-0.0
2014-11-25,0,-0.0006611086438693681,0.4538489317565921,0.4882943143812709,histgb_leaves7,0.25,2014-10-29,0.2489022137060259,0.0,-0.0
2014-11-26,0,-0.0020102477290246945,0.47122210316521196,0.4882943143812709,histgb_leaves7,0.25,2014-10-29,0.2489022137060259,0.0,-0.0
2014-11-27,0,-0.005798409951596417,0.476779163591252,0.4882943143812709,histgb_leaves7,0.25,2014-10-29,0.2489022137060259,0.0,-0.0
2014-11-28,0,-0.0012303224049777794,0.4781519765566158,0.4882943143812709,histgb_leaves7,0.25,2014-10-29,0.2489022137060259,0.0,-0.0
2014-12-01,0,-0.003412865437764645,0.4874036610291864,0.4882943143812709,histgb_leaves7,0.25,2014-10-29,0.2489022137060259,0.0,-0.0
2014-12-02,1,0.0032816168214759855,0.4731450419958657,0.4882943143812709,histgb_leaves7,0.25,2014-10-29,0.2489022137060259,0.0,0.0
2014-12-03,1,0.00017262651238603155,0.4533172184886868,0.4882943143812709,histgb_leaves7,0.25,2014-10-29,0.2489022137060259,0.0,0.0
2014-12-04,1,0.005216819308809351,0.46925730204549465,0.4882943143812709,histgb_leaves7,0.25,2014-10-29,0.2489022137060259,0.0,0.0
2014-12-05,1,1.0067451927886495e-05,0.4734942765419946,0.4882943143812709,histgb_leaves7,0.25,2014-10-29,0.2489022137060259,0.0,0.0
2014-12-08,0,-0.004952735317779511,0.44248351454036045,0.4882943143812709,histgb_leaves7,0.25,2014-10-29,0.2489022137060259,0.0,-0.0
2014-12-09,0,-0.0030854050226346574,0.5020897496111816,0.4882943143812709,histgb_leaves7,0.25,2014-10-29,0.2489022137060259,0.0,-0.0
2014-12-10,0,-0.009409177002505098,0.4907867981201909,0.4882943143812709,histgb_leaves7,0.25,2014-10-29,0.2489022137060259,0.0,-0.0
2014-12-11,0,-0.007184816054204735,0.5219739363105448,0.4882943143812709,histgb_leaves7,0.25,2014-10-29,0.2489022137060259,0.0,-0.0
2014-12-12,1,5.2039695880079506e-05,0.5065625603781119,0.4882943143812709,histgb_leaves7,0.25,2014-10-29,0.2489022137060259,0.0,0.0
2014-12-15,1,0.00905880869309339,0.5041857976858581,0.4882943143812709,histgb_leaves7,0.25,2014-10-29,0.2489022137060259,0.0,0.0
2014-12-16,0,-0.002556298814568758,0.487500110967093,0.4882943143812709,histgb_leaves7,0.25,2014-10-29,0.2489022137060259,0.0,-0.0
2014-12-17,0,-0.006857334002341453,0.5031095696383482,0.4882943143812709,histgb_leaves7,0.25,2014-10-29,0.2489022137060259,0.0,-0.0
2014-12-18,0,-0.010517972331005931,0.4869498092999126,0.4882943143812709,histgb_leaves7,0.25,2014-10-29,0.2489022137060259,0.0,-0.0
2014-12-19,1,0.004805414551607434,0.4889941895842993,0.4882943143812709,histgb_leaves7,0.25,2014-10-29,0.2489022137060259,0.0,0.0
2014-12-22,1,0.0025591282453460984,0.48319751074319317,0.4882943143812709,histgb_leaves7,0.25,2014-10-29,0.2489022137060259,0.0,0.0
2014-12-23,0,-0.0015961938500195227,0.46712359320662744,0.4882943143812709,histgb_leaves7,0.25,2014-10-29,0.2489022137060259,0.0,-0.0
2014-12-24,1,0.003014283064366463,0.48210311589492616,0.4882943143812709,histgb_leaves7,0.25,2014-10-29,0.2489022137060259,0.0,0.0
2014-12-26,1,0.0002875333744096764,0.47166663190242,0.4882943143812709,histgb_leaves7,0.25,2014-10-29,0.2489022137060259,0.0,0.0
2014-12-29,0,-0.004857350808096017,0.4662624441112544,0.4882943143812709,histgb_leaves7,0.25,2014-10-29,0.2489022137060259,0.0,-0.0
2014-12-30,0,-0.009780254431354773,0.5085424529027806,0.4882943143812709,histgb_leaves7,0.25,2014-10-29,0.2489022137060259,0.0,-0.0
2015-01-02,1,0.006373286526245359,0.5113638290959849,0.4882943143812709,histgb_leaves7,0.25,2014-10-29,0.2489022137060259,0.0,0.0
2015-01-05,0,-0.0032310766092946697,0.47068818841991666,0.4882943143812709,histgb_leaves7,0.25,2014-10-29,0.2489022137060259,0.0,-0.0
2015-01-06,0,-0.006874248211534817,0.4991255122250456,0.4882943143812709,histgb_leaves7,0.25,2014-10-29,0.2489022137060259,0.0,-0.0
2015-01-07,1,0.0026238756719356715,0.48946435412580164,0.4882943143812709,histgb_leaves7,0.25,2014-10-29,0.2489022137060259,0.0,0.0
2015-01-08,1,0.004641717435451165,0.49478597656906925,0.4882943143812709,histgb_leaves7,0.25,2014-10-29,0.2489022137060259,0.0,0.0
2015-01-09,1,0.002552349203041926,0.4796906290382565,0.4882943143812709,histgb_leaves7,0.25,2014-10-29,0.2489022137060259,0.0,0.0
2015-01-12,1,0.001444077198177407,0.45625831801165423,0.4882943143812709,histgb_leaves7,0.25,2014-10-29,0.2489022137060259,0.0,0.0
2015-01-13,1,0.0011018104155027242,0.4895739323117341,0.4882943143812709,histgb_leaves7,0.25,2014-10-29,0.2489022137060259,0.0,0.0
2015-01-14,0,-0.0029437662493291272,0.4915934899048824,0.4882943143812709,histgb_leaves7,0.25,2014-10-29,0.2489022137060259,0.0,-0.0
2015-01-15,1,4.1795972958169614e-05,0.49551747877160035,0.4882943143812709,histgb_leaves7,0.25,2014-10-29,0.2489022137060259,0.0,0.0
2015-01-16,0,-0.00993146554662383,0.49281427602677996,0.4882943143812709,histgb_leaves7,0.25,2014-10-29,0.2489022137060259,0.0,-0.0
2015-01-19,0,-9.985232366871433e-05,0.4841842846016765,0.4882943143812709,histgb_leaves7,0.25,2014-10-29,0.2489022137060259,0.0,-0.0
2015-01-20,1,0.0050769666041432515,0.45190298122463474,0.4882943143812709,histgb_leaves7,0.25,2014-10-29,0.2489022137060259,0.0,0.0
2015-01-21,1,0.002034078640609671,0.44834936520906427,0.4882943143812709,histgb_leaves7,0.25,2014-10-29,0.2489022137060259,0.0,0.0
2015-01-22,0,-0.002694690058722471,0.4561722256870755,0.4882943143812709,histgb_leaves7,0.25,2014-10-29,0.2489022137060259,0.0,-0.0
2015-01-23,0,-0.004765184850104909,0.4525957259550528,0.4882943143812709,histgb_leaves7,0.25,2014-10-29,0.2489022137060259,0.0,-0.0
2015-01-26,1,0.003848028792797775,0.4595555256158617,0.4882943143812709,histgb_leaves7,0.25,2014-10-29,0.2489022137060259,0.0,0.0
2015-01-27,1,0.0054070755445696506,0.4636353191200127,0.4882943143812709,histgb_leaves7,0.25,2014-10-29,0.2489022137060259,0.0,0.0
2015-01-28,1,0.00763852859439762,0.5084527689125034,0.4882943143812709,histgb_leaves7,0.25,2014-10-29,0.2489022137060259,0.0,0.0
2015-01-29,1,9.739444236567252e-05,0.4876107680435401,0.4882943143812709,histgb_leaves7,0.25,2014-10-29,0.2489022137060259,0.0,0.0
2015-01-30,0,-0.007570781974716612,0.4431798376735461,0.4882943143812709,histgb_leaves7,0.25,2014-10-29,0.2489022137060259,0.0,-0.0
2015-02-02,1,0.0024487784343218966,0.509777189399071,0.4892772041302621,histgb_leaves7,0.25,2015-01-29,0.24907336730409452,0.0,0.0
2015-02-03,0,-0.004157929912096736,0.447110553739815,0.4892772041302621,histgb_leaves7,0.25,2015-01-29,0.24907336730409452,0.0,-0.0
2015-02-04,0,-0.0002954104422497883,0.4592406636699183,0.4892772041302621,histgb_leaves7,0.25,2015-01-29,0.24907336730409452,0.0,-0.0
2015-02-05,0,-0.004237309741733308,0.489921245539866,0.4892772041302621,histgb_leaves7,0.25,2015-01-29,0.24907336730409452,0.0,-0.0
2015-02-06,1,0.00019947522671115436,0.44575461866485855,0.4892772041302621,histgb_leaves7,0.25,2015-01-29,0.24907336730409452,0.0,0.0
2015-02-09,0,-0.0012823800974608446,0.49877041220034657,0.4892772041302621,histgb_leaves7,0.25,2015-01-29,0.24907336730409452,0.0,-0.0
2015-02-10,0,-0.006894782742522976,0.49927821174978176,0.4892772041302621,histgb_leaves7,0.25,2015-01-29,0.24907336730409452,0.0,-0.0
2015-02-11,1,0.0017298722159868607,0.47919473845244137,0.4892772041302621,histgb_leaves7,0.25,2015-01-29,0.24907336730409452,0.0,0.0
2015-02-12,0,-0.0028656385289721475,0.5231274063089193,0.4892772041302621,histgb_leaves7,0.25,2015-01-29,0.24907336730409452,0.0,-0.0
2015-02-13,1,0.004196335132251372,0.4805354326835133,0.4892772041302621,histgb_leaves7,0.25,2015-01-29,0.24907336730409452,0.0,0.0
2015-02-16,0,-0.0009183532905108205,0.4750657629545234,0.4892772041302621,histgb_leaves7,0.25,2015-01-29,0.24907336730409452,0.0,-0.0
2015-02-17,1,0.002904226979655089,0.4965569593831297,0.4892772041302621,histgb_leaves7,0.25,2015-01-29,0.24907336730409452,0.0,0.0
2015-02-23,0,-0.003064159964344282,0.4755175041744938,0.4892772041302621,histgb_leaves7,0.25,2015-01-29,0.24907336730409452,0.0,-0.0
2015-02-24,1,0.00023789638853033424,0.5115862719196593,0.4892772041302621,histgb_leaves7,0.25,2015-01-29,0.24907336730409452,0.0,0.0
2015-02-25,1,0.0010057984279370213,0.471196899670619,0.4892772041302621,histgb_leaves7,0.25,2015-01-29,0.24907336730409452,0.0,0.0
2015-02-26,0,-9.532075433837939e-05,0.5000868032709671,0.4892772041302621,histgb_leaves7,0.25,2015-01-29,0.24907336730409452,0.0,-0.0
2015-02-27,0,-0.003492643368995796,0.5252333041459877,0.4892772041302621,histgb_leaves7,0.25,2015-01-29,0.24907336730409452,0.0,-0.0
2015-03-02,1,4.5073921230764924e-05,0.46711940135330826,0.4892772041302621,histgb_leaves7,0.25,2015-01-29,0.24907336730409452,0.0,0.0
2015-03-03,0,-0.0005593008739075422,0.500597953031676,0.4892772041302621,histgb_leaves7,0.25,2015-01-29,0.24907336730409452,0.0,-0.0
2015-03-04,0,-0.001733474542402691,0.4882013979404075,0.4892772041302621,histgb_leaves7,0.25,2015-01-29,0.24907336730409452,0.0,-0.0
2015-03-05,1,0.0007862540752501257,0.49482974208712327,0.4892772041302621,histgb_leaves7,0.25,2015-01-29,0.24907336730409452,0.0,0.0
2015-03-06,1,0.00447611491189992,0.49375365753559214,0.4892772041302621,histgb_leaves7,0.25,2015-01-29,0.24907336730409452,0.0,0.0
2015-03-09,0,-0.006045068680359589,0.49027866011636817,0.4892772041302621,histgb_leaves7,0.25,2015-01-29,0.24907336730409452,0.0,-0.0
2015-03-10,0,-0.007942379014925116,0.49235345107231887,0.4892772041302621,histgb_leaves7,0.25,2015-01-29,0.24907336730409452,0.0,-0.0
2015-03-11,1,0.00496692101631635,0.5128066661473195,0.4892772041302621,histgb_leaves7,0.25,2015-01-29,0.24907336730409452,0.0,0.0
2015-03-12,0,-0.00436030355392536,0.49995696761768793,0.4892772041302621,histgb_leaves7,0.25,2015-01-29,0.24907336730409452,0.0,-0.0
2015-03-13,0,-0.0006944549283655066,0.5047643190459696,0.4892772041302621,histgb_leaves7,0.25,2015-01-29,0.24907336730409452,0.0,-0.0
2015-03-16,1,0.0008763138412259952,0.4671737058237755,0.4892772041302621,histgb_leaves7,0.25,2015-01-29,0.24907336730409452,0.0,0.0
2015-03-17,1,0.015838779738372333,0.44405311473546566,0.4892772041302621,histgb_leaves7,0.25,2015-01-29,0.24907336730409452,0.0,0.0
2015-03-18,0,-0.0018403790984110602,0.5025687731030671,0.4892772041302621,histgb_leaves7,0.25,2015-01-29,0.24907336730409452,0.0,-0.0
2015-03-19,0,-0.004513636163800072,0.4421024911156608,0.4892772041302621,histgb_leaves7,0.25,2015-01-29,0.24907336730409452,0.0,-0.0
2015-03-20,1,5.399753574875099e-05,0.48493674036878975,0.4892772041302621,histgb_leaves7,0.25,2015-01-29,0.24907336730409452,0.0,0.0
2015-03-23,0,-0.0032448781824767625,0.4489151507209634,0.4892772041302621,histgb_leaves7,0.25,2015-01-29,0.24907336730409452,0.0,-0.0
2015-03-24,1,0.003090787585745991,0.48898085791289125,0.4892772041302621,histgb_leaves7,0.25,2015-01-29,0.24907336730409452,0.0,0.0
2015-03-25,0,-0.0001713032753186683,0.5019724612778189,0.4892772041302621,histgb_leaves7,0.25,2015-01-29,0.24907336730409452,0.0,-0.0
2015-03-26,0,-0.0022888713496448387,0.49029734927056884,0.4892772041302621,histgb_leaves7,0.25,2015-01-29,0.24907336730409452,0.0,-0.0
2015-03-27,0,-0.0034291353151597592,0.4639895859299808,0.4892772041302621,histgb_leaves7,0.25,2015-01-29,0.24907336730409452,0.0,-0.0
2015-03-30,1,0.001697424257376845,0.467506546014676,0.4892772041302621,histgb_leaves7,0.25,2015-01-29,0.24907336730409452,0.0,0.0
2015-03-31,0,-0.0006267412880512913,0.43569579684420057,0.4892772041302621,histgb_leaves7,0.25,2015-01-29,0.24907336730409452,0.0,-0.0
2015-04-01,0,-0.0034145622482067983,0.47472635259072127,0.4892772041302621,histgb_leaves7,0.25,2015-01-29,0.24907336730409452,0.0,-0.0
2015-04-02,0,-0.0038440767833473055,0.4421390768670607,0.4892772041302621,histgb_leaves7,0.25,2015-01-29,0.24907336730409452,0.0,-0.0
2015-04-03,1,0.004710609432025281,0.4701147095643045,0.4892772041302621,histgb_leaves7,0.25,2015-01-29,0.24907336730409452,0.0,0.0
2015-04-06,0,-0.0016781552000857403,0.4520061068753916,0.4892772041302621,histgb_leaves7,0.25,2015-01-29,0.24907336730409452,0.0,-0.0
2015-04-07,0,-0.005837643573492701,0.45102606047183147,0.4892772041302621,histgb_leaves7,0.25,2015-01-29,0.24907336730409452,0.0,-0.0
2015-04-08,1,0.005129957291031273,0.44090637614305517,0.4892772041302621,histgb_leaves7,0.25,2015-01-29,0.24907336730409452,0.0,0.0
2015-04-09,0,-0.0006940736785906454,0.45569313974807907,0.4892772041302621,histgb_leaves7,0.25,2015-01-29,0.24907336730409452,0.0,-0.0
2015-04-10,1,0.010375934027643474,0.4581896988235244,0.4892772041302621,histgb_leaves7,0.25,2015-01-29,0.24907336730409452,0.0,0.0
2015-04-13,1,0.0023017047896471965,0.47093066699410496,0.4892772041302621,histgb_leaves7,0.25,2015-01-29,0.24907336730409452,0.0,0.0
2015-04-14,1,0.00473888550548085,0.48105141466399876,0.4892772041302621,histgb_leaves7,0.25,2015-01-29,0.24907336730409452,0.0,0.0
2015-04-15,1,0.0025537227602905332,0.4822975117594182,0.4892772041302621,histgb_leaves7,0.25,2015-01-29,0.24907336730409452,0.0,0.0
2015-04-16,1,0.002698979448396255,0.47168713132354545,0.4892772041302621,histgb_leaves7,0.25,2015-01-29,0.24907336730409452,0.0,0.0
2015-04-17,1,0.0003640232974910784,0.44345795789649145,0.4892772041302621,histgb_leaves7,0.25,2015-01-29,0.24907336730409452,0.0,0.0
2015-04-20,1,0.009480143895041149,0.5066303990165552,0.4892772041302621,histgb_leaves7,0.25,2015-01-29,0.24907336730409452,0.0,0.0
2015-04-21,0,-0.004007578642345688,0.4436576873841126,0.4892772041302621,histgb_leaves7,0.25,2015-01-29,0.24907336730409452,0.0,-0.0
2015-04-22,0,-0.0012578088969017465,0.46956403239160793,0.4892772041302621,histgb_leaves7,0.25,2015-01-29,0.24907336730409452,0.0,-0.0
2015-04-23,1,0.007635817407994461,0.4589897072453315,0.4892772041302621,histgb_leaves7,0.25,2015-01-29,0.24907336730409452,0.0,0.0
2015-04-24,0,-0.009829271423593688,0.44863816831906295,0.4892772041302621,histgb_leaves7,0.25,2015-01-29,0.24907336730409452,0.0,-0.0
2015-04-27,0,-0.005347741501240066,0.45809606208365744,0.4892772041302621,histgb_leaves7,0.25,2015-01-29,0.24907336730409452,0.0,-0.0
2015-04-28,0,-0.006857803468208079,0.46673474622745914,0.4892772041302621,histgb_leaves7,0.25,2015-01-29,0.24907336730409452,0.0,-0.0
2015-04-29,0,-0.005744752924580432,0.479909637567299,0.4892772041302621,histgb_leaves7,0.25,2015-01-29,0.24907336730409452,0.0,-0.0
2015-04-30,0,-0.0036394465418231325,0.4526046749602751,0.4892772041302621,histgb_leaves7,0.25,2015-01-29,0.24907336730409452,0.0,-0.0
2015-05-04,0,-0.0010681608425353595,0.43338277800855657,0.4892772041302621,histgb_leaves7,0.25,2015-01-29,0.24907336730409452,0.0,-0.0
2015-05-06,0,-0.008223257918125726,0.47930701285777655,0.4892772041302621,histgb_leaves7,0.25,2015-01-29,0.24907336730409452,0.0,-0.0
2015-05-07,0,-0.0035644847699287663,0.4824969242514048,0.4856278366111952,histgb_leaves7,0.25,2015-05-04,0.2489087854404544,0.0,-0.0
2015-05-08,0,-0.0022342466474339906,0.4965842857107548,0.4856278366111952,histgb_leaves7,0.25,2015-05-04,0.2489087854404544,0.0,-0.0
2015-05-11,0,-0.00414981102691192,0.44619681668788513,0.4856278366111952,histgb_leaves7,0.25,2015-05-04,0.2489087854404544,0.0,-0.0
2015-05-12,0,-0.0018375439749028777,0.46606688465705676,0.4856278366111952,histgb_leaves7,0.25,2015-05-04,0.2489087854404544,0.0,-0.0
2015-05-13,1,0.006694919289557566,0.4551898277021361,0.4856278366111952,histgb_leaves7,0.25,2015-05-04,0.2489087854404544,0.0,0.0
2015-05-14,1,0.002240509739599661,0.48517803959041306,0.4856278366111952,histgb_leaves7,0.25,2015-05-04,0.2489087854404544,0.0,0.0
2015-05-15,0,-0.012206158881703955,0.4570049461249805,0.4856278366111952,histgb_leaves7,0.25,2015-05-04,0.2489087854404544,0.0,-0.0
2015-05-18,1,0.002642126983373849,0.49610151147520265,0.4856278366111952,histgb_leaves7,0.25,2015-05-04,0.2489087854404544,0.0,0.0
2015-05-19,1,0.0031026964134532875,0.4743336108772799,0.4856278366111952,histgb_leaves7,0.25,2015-05-04,0.2489087854404544,0.0,0.0
2015-05-20,1,0.005418207621204596,0.4681060059285747,0.4856278366111952,histgb_leaves7,0.25,2015-05-04,0.2489087854404544,0.0,0.0
2015-05-21,0,-0.007884356539295534,0.48236474690778564,0.4856278366111952,histgb_leaves7,0.25,2015-05-04,0.2489087854404544,0.0,-0.0
2015-05-22,1,0.007033893135502067,0.4958716875618795,0.4856278366111952,histgb_leaves7,0.25,2015-05-04,0.2489087854404544,0.0,0.0
2015-05-26,0,-0.0013836671372066123,0.4749286389518732,0.4856278366111952,histgb_leaves7,0.25,2015-05-04,0.2489087854404544,0.0,-0.0
2015-05-27,0,-0.012181917890404792,0.4582884708953418,0.4856278366111952,histgb_leaves7,0.25,2015-05-04,0.2489087854404544,0.0,-0.0
2015-05-28,0,-0.0032487002837890966,0.4349846113742538,0.4856278366111952,histgb_leaves7,0.25,2015-05-04,0.2489087854404544,0.0,-0.0
2015-05-29,1,0.002569475390873155,0.4918243254702057,0.4856278366111952,histgb_leaves7,0.25,2015-05-04,0.2489087854404544,0.0,0.0
2015-06-01,0,-0.0036727769036831726,0.48224869649272445,0.4856278366111952,histgb_leaves7,0.25,2015-05-04,0.2489087854404544,0.0,-0.0
2015-06-02,0,-0.011404818749940593,0.44596980199925296,0.4856278366111952,histgb_leaves7,0.25,2015-05-04,0.2489087854404544,0.0,-0.0
2015-06-03,0,-0.007385097978840793,0.4489163593217942,0.4856278366111952,histgb_leaves7,0.25,2015-05-04,0.2489087854404544,0.0,-0.0
2015-06-04,1,0.0011446565788775231,0.49007319554636264,0.4856278366111952,histgb_leaves7,0.25,2015-05-04,0.2489087854404544,0.0,0.0
2015-06-05,1,0.0028512961759656896,0.47495866763047845,0.4856278366111952,histgb_leaves7,0.25,2015-05-04,0.2489087854404544,0.0,0.0
2015-06-08,0,-0.0016050200385785418,0.4289882725961109,0.4856278366111952,histgb_leaves7,0.25,2015-05-04,0.2489087854404544,-1.0,0.0006050200385785418
2015-06-09,1,0.00030532131433558263,0.4754018389971498,0.4856278366111952,histgb_leaves7,0.25,2015-05-04,0.2489087854404544,0.0,0.0
2015-06-10,0,-0.013375786987826599,0.48719080961231004,0.4856278366111952,histgb_leaves7,0.25,2015-05-04,0.2489087854404544,0.0,-0.0
2015-06-11,0,-0.004096713428600518,0.46252454343633465,0.4856278366111952,histgb_leaves7,0.25,2015-05-04,0.2489087854404544,0.0,-0.0
2015-06-12,0,-0.007870627764751226,0.49025440473895154,0.4856278366111952,histgb_leaves7,0.25,2015-05-04,0.2489087854404544,0.0,-0.0
2015-06-15,1,0.0006124238757121425,0.4961289586916972,0.4856278366111952,histgb_leaves7,0.25,2015-05-04,0.2489087854404544,0.0,0.0
2015-06-16,0,-0.007965731218918193,0.48305377836237084,0.4856278366111952,histgb_leaves7,0.25,2015-05-04,0.2489087854404544,0.0,-0.0
2015-06-17,0,-0.00030459645882052744,0.5108520799500146,0.4856278366111952,histgb_leaves7,0.25,2015-05-04,0.2489087854404544,0.0,-0.0
2015-06-18,0,-0.0021063537599147475,0.49261417466776736,0.4856278366111952,histgb_leaves7,0.25,2015-05-04,0.2489087854404544,0.0,-0.0
2015-06-19,0,-0.004658309587948661,0.4791991873438553,0.4856278366111952,histgb_leaves7,0.25,2015-05-04,0.2489087854404544,0.0,-0.0
2015-06-22,0,-0.0021557583996892893,0.48966153434584614,0.4856278366111952,histgb_leaves7,0.25,2015-05-04,0.2489087854404544,0.0,-0.0
2015-06-23,1,0.004779607010090059,0.47154869107225394,0.4856278366111952,histgb_leaves7,0.25,2015-05-04,0.2489087854404544,0.0,0.0
2015-06-24,0,-0.0005559043269482977,0.4816518097020993,0.4856278366111952,histgb_leaves7,0.25,2015-05-04,0.2489087854404544,0.0,-0.0
2015-06-25,1,0.003474762253108832,0.48657699938199495,0.4856278366111952,histgb_leaves7,0.25,2015-05-04,0.2489087854404544,0.0,0.0
2015-06-26,1,0.0032926946337716867,0.4715476788140142,0.4856278366111952,histgb_leaves7,0.25,2015-05-04,0.2489087854404544,0.0,0.0
2015-06-29,1,0.0019694228861526497,0.4565851182174139,0.4856278366111952,histgb_leaves7,0.25,2015-05-04,0.2489087854404544,0.0,0.0
2015-06-30,1,0.009426570567881543,0.47288799530332193,0.4856278366111952,histgb_leaves7,0.25,2015-05-04,0.2489087854404544,0.0,0.0
2015-07-01,1,0.009926490056660908,0.47085714669788825,0.4856278366111952,histgb_leaves7,0.25,2015-05-04,0.2489087854404544,0.0,0.0
2015-07-02,1,0.00010440840772418802,0.4490306540845206,0.4856278366111952,histgb_leaves7,0.25,2015-05-04,0.2489087854404544,0.0,0.0
2015-07-03,0,-0.0014709301497978222,0.48819705184305223,0.4856278366111952,histgb_leaves7,0.25,2015-05-04,0.2489087854404544,0.0,-0.0
2015-07-06,0,-0.010659614847355114,0.4917132055677934,0.4856278366111952,histgb_leaves7,0.25,2015-05-04,0.2489087854404544,0.0,-0.0
2015-07-07,0,-0.012941210620017074,0.48792533848573993,0.4856278366111952,histgb_leaves7,0.25,2015-05-04,0.2489087854404544,0.0,-0.0
2015-07-08,0,-0.01450231685142822,0.5400121599889955,0.4856278366111952,histgb_leaves7,0.25,2015-05-04,0.2489087854404544,0.0,-0.0
2015-07-09,1,0.01380868817462333,0.4990046323913302,0.4856278366111952,histgb_leaves7,0.25,2015-05-04,0.2489087854404544,0.0,0.0
2015-07-10,0,-0.002808202701176765,0.47396779837790215,0.4856278366111952,histgb_leaves7,0.25,2015-05-04,0.2489087854404544,0.0,-0.0
2015-07-13,1,0.013903848518382,0.4715585777725077,0.4856278366111952,histgb_leaves7,0.25,2015-05-04,0.2489087854404544,0.0,0.0
2015-07-14,0,-0.00541430806978227,0.44774682733827176,0.4856278366111952,histgb_leaves7,0.25,2015-05-04,0.2489087854404544,0.0,-0.0
2015-07-15,1,0.002190119803904489,0.5050349264687095,0.4856278366111952,histgb_leaves7,0.25,2015-05-04,0.2489087854404544,0.0,0.0
2015-07-16,1,0.007041947822060468,0.47512653200709515,0.4856278366111952,histgb_leaves7,0.25,2015-05-04,0.2489087854404544,0.0,0.0
2015-07-17,0,-0.01162657884467111,0.47601607931264445,0.4856278366111952,histgb_leaves7,0.25,2015-05-04,0.2489087854404544,0.0,-0.0
2015-07-20,0,-0.0018198537376812318,0.4779885355262324,0.4856278366111952,histgb_leaves7,0.25,2015-05-04,0.2489087854404544,0.0,-0.0
2015-07-21,1,0.000691582860271378,0.47484456915590095,0.4856278366111952,histgb_leaves7,0.25,2015-05-04,0.2489087854404544,0.0,0.0
2015-07-22,0,-0.0030564058984288156,0.4739584371605956,0.4856278366111952,histgb_leaves7,0.25,2015-05-04,0.2489087854404544,0.0,-0.0
2015-07-23,0,-0.0018656986944940446,0.480338925978435,0.4856278366111952,histgb_leaves7,0.25,2015-05-04,0.2489087854404544,0.0,-0.0
2015-07-24,0,-0.0071336367959778935,0.5089385659055882,0.4856278366111952,histgb_leaves7,0.25,2015-05-04,0.2489087854404544,0.0,-0.0
2015-07-27,1,0.0019608614029742455,0.49765541079814585,0.4856278366111952,histgb_leaves7,0.25,2015-05-04,0.2489087854404544,0.0,0.0
2015-07-28,1,0.006302033725997136,0.4987577435334215,0.4856278366111952,histgb_leaves7,0.25,2015-05-04,0.2489087854404544,0.0,0.0
2015-07-29,0,-0.007791120070899216,0.4702908198351585,0.4856278366111952,histgb_leaves7,0.25,2015-05-04,0.2489087854404544,0.0,-0.0
2015-07-30,0,-0.010395835784025476,0.5133098145276569,0.4856278366111952,histgb_leaves7,0.25,2015-05-04,0.2489087854404544,0.0,-0.0
2015-07-31,1,0.0015688363970043362,0.5245500262642041,0.4856278366111952,histgb_leaves7,0.25,2015-05-04,0.2489087854404544,0.0,0.0
2015-08-03,0,-0.008764959901295444,0.5054839594549656,0.4856278366111952,histgb_leaves7,0.25,2015-05-04,0.2489087854404544,0.0,-0.0
2015-08-04,1,0.010080936371560156,0.5093625432217719,0.4856278366111952,histgb_leaves7,0.25,2015-05-04,0.2489087854404544,0.0,0.0
2015-08-05,1,0.0012529473860753981,0.5149091655019438,0.48231046931407945,histgb_leaves7,0.25,2015-08-03,0.24821843882596598,0.0,0.0
2015-08-06,0,-0.011765803088461979,0.4908124977722291,0.48231046931407945,histgb_leaves7,0.25,2015-08-03,0.24821843882596598,0.0,-0.0
2015-08-07,1,0.0004180373148068295,0.5201266804771129,0.48231046931407945,histgb_leaves7,0.25,2015-08-03,0.24821843882596598,0.0,0.0
2015-08-10,0,-0.002623927027942119,0.49142260847539726,0.48231046931407945,histgb_leaves7,0.25,2015-08-03,0.24821843882596598,0.0,-0.0
2015-08-11,0,-0.016582927010370563,0.4403786047154036,0.48231046931407945,histgb_leaves7,0.25,2015-08-03,0.24821843882596598,0.0,-0.0
2015-08-12,0,-0.0023080341811275717,0.520079844588351,0.48231046931407945,histgb_leaves7,0.25,2015-08-03,0.24821843882596598,0.0,-0.0
2015-08-13,1,0.004044607106157061,0.4890386712848907,0.48231046931407945,histgb_leaves7,0.25,2015-08-03,0.24821843882596598,0.0,0.0
2015-08-17,0,-0.011315637477712803,0.4815310064183817,0.48231046931407945,histgb_leaves7,0.25,2015-08-03,0.24821843882596598,0.0,-0.0
2015-08-18,0,-0.010795859648767947,0.5125939476062049,0.48231046931407945,histgb_leaves7,0.25,2015-08-03,0.24821843882596598,0.0,-0.0
2015-08-19,0,-0.007766453831041131,0.5056096152765566,0.48231046931407945,histgb_leaves7,0.25,2015-08-03,0.24821843882596598,0.0,-0.0
2015-08-20,0,-0.007712122232991114,0.5112043418357461,0.48231046931407945,histgb_leaves7,0.25,2015-08-03,0.24821843882596598,0.0,-0.0
2015-08-21,1,0.007129091309272528,0.5344779439588219,0.48231046931407945,histgb_leaves7,0.25,2015-08-03,0.24821843882596598,0.0,0.0
2015-08-24,0,-0.01624704977876701,0.5100552608470915,0.48231046931407945,histgb_leaves7,0.25,2015-08-03,0.24821843882596598,0.0,-0.0
2015-08-25,1,0.003090812302410706,0.5384717071012234,0.48231046931407945,histgb_leaves7,0.25,2015-08-03,0.24821843882596598,0.0,0.0
2015-08-26,1,0.027330910668763808,0.4877751568035098,0.48231046931407945,histgb_leaves7,0.25,2015-08-03,0.24821843882596598,0.0,0.0
2015-08-27,0,-0.002311207789084002,0.4683372132183432,0.48231046931407945,histgb_leaves7,0.25,2015-08-03,0.24821843882596598,0.0,-0.0
2015-08-28,1,0.0027323676897521576,0.48688008161378277,0.48231046931407945,histgb_leaves7,0.25,2015-08-03,0.24821843882596598,0.0,0.0
2015-08-31,1,0.003810518478688074,0.5352975477173735,0.48231046931407945,histgb_leaves7,0.25,2015-08-03,0.24821843882596598,0.0,0.0
2015-09-01,0,-0.01044746800107521,0.498783807751647,0.48231046931407945,histgb_leaves7,0.25,2015-08-03,0.24821843882596598,0.0,-0.0
2015-09-02,1,0.015417731451535799,0.5256482825902042,0.48231046931407945,histgb_leaves7,0.25,2015-08-03,0.24821843882596598,0.0,0.0
2015-09-03,0,-0.007384261418399984,0.49258165791476927,0.48231046931407945,histgb_leaves7,0.25,2015-08-03,0.24821843882596598,0.0,-0.0
2015-09-04,0,-0.018612662021739945,0.5282116599880717,0.48231046931407945,histgb_leaves7,0.25,2015-08-03,0.24821843882596598,0.0,-0.0
2015-09-07,0,-7.433523065147885e-05,0.529673456907633,0.48231046931407945,histgb_leaves7,0.25,2015-08-03,0.24821843882596598,0.0,-0.0
2015-09-08,0,-0.005536910975364462,0.5033633358874843,0.48231046931407945,histgb_leaves7,0.25,2015-08-03,0.24821843882596598,0.0,-0.0
2015-09-09,1,0.01624563910722543,0.4886215571269751,0.48231046931407945,histgb_leaves7,0.25,2015-08-03,0.24821843882596598,0.0,0.0
2015-09-10,1,0.022773949395856974,0.49324627845150987,0.48231046931407945,histgb_leaves7,0.25,2015-08-03,0.24821843882596598,0.0,0.0
2015-09-11,0,-0.0007771967388620071,0.4704253791656715,0.48231046931407945,histgb_leaves7,0.25,2015-08-03,0.24821843882596598,0.0,-0.0
2015-09-14,0,-0.008312581829384103,0.5309303984702379,0.48231046931407945,histgb_leaves7,0.25,2015-08-03,0.24821843882596598,0.0,-0.0
2015-09-15,1,0.003688278319968541,0.5504136651753027,0.48231046931407945,histgb_leaves7,0.25,2015-08-03,0.24821843882596598,0.0,0.0
2015-09-16,1,0.013316303238282812,0.4375205447196253,0.48231046931407945,histgb_leaves7,0.25,2015-08-03,0.24821843882596598,0.0,0.0
2015-09-17,0,-0.0063245637408436695,0.5170100425922616,0.48231046931407945,histgb_leaves7,0.25,2015-08-03,0.24821843882596598,0.0,-0.0
2015-09-18,1,0.008875904144278968,0.5514499841740841,0.48231046931407945,histgb_leaves7,0.25,2015-08-03,0.24821843882596598,0.0,0.0
2015-09-21,0,-0.0043380430155479655,0.5185250618308532,0.48231046931407945,histgb_leaves7,0.25,2015-08-03,0.24821843882596598,0.0,-0.0
2015-09-22,1,0.004317115437234564,0.5150472459663293,0.48231046931407945,histgb_leaves7,0.25,2015-08-03,0.24821843882596598,0.0,0.0
2015-09-23,0,-0.00800375446991064,0.5134133429029487,0.48231046931407945,histgb_leaves7,0.25,2015-08-03,0.24821843882596598,0.0,-0.0
2015-09-24,0,-0.0050282584034258004,0.5047109712352147,0.48231046931407945,histgb_leaves7,0.25,2015-08-03,0.24821843882596598,0.0,-0.0
2015-09-25,0,-0.0027973104757994527,0.5184372846186177,0.48231046931407945,histgb_leaves7,0.25,2015-08-03,0.24821843882596598,0.0,-0.0
2015-09-30,1,0.024719910621991525,0.5246092570179092,0.48231046931407945,histgb_leaves7,0.25,2015-08-03,0.24821843882596598,0.0,0.0
2015-10-01,1,0.008031371750146343,0.45670903243430766,0.48231046931407945,histgb_leaves7,0.25,2015-08-03,0.24821843882596598,0.0,0.0
2015-10-02,0,-0.004915606165473596,0.49591179115868583,0.48231046931407945,histgb_leaves7,0.25,2015-08-03,0.24821843882596598,0.0,-0.0
2015-10-05,0,-0.0016905530884133713,0.520655699235963,0.48231046931407945,histgb_leaves7,0.25,2015-08-03,0.24821843882596598,0.0,-0.0
2015-10-06,0,-0.0028252408217241953,0.4968148175269157,0.48231046931407945,histgb_leaves7,0.25,2015-08-03,0.24821843882596598,0.0,-0.0
2015-10-07,1,0.004995315326148608,0.5167879223629736,0.48231046931407945,histgb_leaves7,0.25,2015-08-03,0.24821843882596598,0.0,0.0
2015-10-08,1,0.0015721398956536348,0.4609236641928517,0.48231046931407945,histgb_leaves7,0.25,2015-08-03,0.24821843882596598,0.0,0.0
2015-10-12,0,-0.00034613539827810236,0.5388097286095039,0.48231046931407945,histgb_leaves7,0.25,2015-08-03,0.24821843882596598,0.0,-0.0
2015-10-13,0,-0.0010637245200870726,0.4898533172724485,0.48231046931407945,histgb_leaves7,0.25,2015-08-03,0.24821843882596598,0.0,-0.0
2015-10-14,0,-0.0024423297443000314,0.49564198641001156,0.48231046931407945,histgb_leaves7,0.25,2015-08-03,0.24821843882596598,0.0,-0.0
2015-10-15,1,0.012438442655194226,0.48627424648341827,0.48231046931407945,histgb_leaves7,0.25,2015-08-03,0.24821843882596598,0.0,0.0
2015-10-16,0,-0.0037880646522536754,0.49509106541842257,0.48231046931407945,histgb_leaves7,0.25,2015-08-03,0.24821843882596598,0.0,-0.0
2015-10-19,0,-0.0010283611171248985,0.4896466999455943,0.48231046931407945,histgb_leaves7,0.25,2015-08-03,0.24821843882596598,0.0,-0.0
2015-10-20,1,0.0038690622692592047,0.455344059904808,0.48231046931407945,histgb_leaves7,0.25,2015-08-03,0.24821843882596598,0.0,0.0
2015-10-21,1,0.0018291038371951451,0.46533023727713585,0.48231046931407945,histgb_leaves7,0.25,2015-08-03,0.24821843882596598,0.0,0.0
2015-10-22,0,-0.008542317060619586,0.4862882806694399,0.48231046931407945,histgb_leaves7,0.25,2015-08-03,0.24821843882596598,0.0,-0.0
2015-10-23,0,-0.0016000626324210732,0.49242030435231876,0.48231046931407945,histgb_leaves7,0.25,2015-08-03,0.24821843882596598,0.0,-0.0
2015-10-26,0,-0.0006489672637490784,0.45785859993216876,0.48231046931407945,histgb_leaves7,0.25,2015-08-03,0.24821843882596598,0.0,-0.0
2015-10-27,1,0.0005529674287505504,0.47229716833537166,0.48231046931407945,histgb_leaves7,0.25,2015-08-03,0.24821843882596598,0.0,0.0
2015-10-28,0,-0.0015447261777314925,0.477628831893727,0.48231046931407945,histgb_leaves7,0.25,2015-08-03,0.24821843882596598,0.0,-0.0
2015-10-29,0,-0.008196121835034043,0.4307037440115701,0.48231046931407945,histgb_leaves7,0.25,2015-08-03,0.24821843882596598,0.0,-0.0
2015-10-30,0,-0.0026096187302804275,0.4868856561715183,0.48231046931407945,histgb_leaves7,0.25,2015-08-03,0.24821843882596598,0.0,-0.0
2015-11-02,1,0.0010279615375157203,0.46340838844519944,0.48231046931407945,histgb_leaves7,0.25,2015-08-03,0.24821843882596598,0.0,0.0
2015-11-03,1,0.0028395182610398972,0.4268676265312968,0.48231046931407945,histgb_leaves7,0.25,2015-08-03,0.24821843882596598,-1.0,-0.0038395182610398973
2015-11-04,0,-0.0003603586055097585,0.4660460986276664,0.48231046931407945,histgb_leaves7,0.25,2015-08-03,0.24821843882596598,0.0,-0.0
2015-11-05,1,5.3676865270801954e-05,0.47524559226855556,0.48231046931407945,histgb_leaves7,0.25,2015-08-03,0.24821843882596598,0.0,0.0
2015-11-06,0,-0.0034665091276603333,0.45547644568090395,0.47928176795580113,histgb_leaves7,0.25,2015-11-04,0.2486897194457357,0.0,-0.0
2015-11-09,0,-0.006322997758254401,0.45453736175026527,0.47928176795580113,histgb_leaves7,0.25,2015-11-04,0.2486897194457357,0.0,-0.0
2015-11-10,0,-0.009357711677292935,0.48093381419781966,0.47928176795580113,histgb_leaves7,0.25,2015-11-04,0.2486897194457357,0.0,-0.0
2015-11-11,1,0.0017353709731620093,0.4997042925673469,0.47928176795580113,histgb_leaves7,0.25,2015-11-04,0.2486897194457357,0.0,0.0
2015-11-12,0,-0.0019826567600584877,0.513811465907776,0.47928176795580113,histgb_leaves7,0.25,2015-11-04,0.2486897194457357,0.0,-0.0
2015-11-13,0,-0.0013562958951806037,0.49063307241538473,0.47928176795580113,histgb_leaves7,0.25,2015-11-04,0.2486897194457357,0.0,-0.0
2015-11-16,0,-0.0013671312857201912,0.47178826735004253,0.47928176795580113,histgb_leaves7,0.25,2015-11-04,0.2486897194457357,0.0,-0.0
2015-11-17,0,-0.001921356538711727,0.4552415786307328,0.47928176795580113,histgb_leaves7,0.25,2015-11-04,0.2486897194457357,0.0,-0.0
2015-11-18,0,-0.002221375015885041,0.4931350105592418,0.47928176795580113,histgb_leaves7,0.25,2015-11-04,0.2486897194457357,0.0,-0.0
2015-11-19,1,0.006054811982154185,0.4726281679102108,0.47928176795580113,histgb_leaves7,0.25,2015-11-04,0.2486897194457357,0.0,0.0
2015-11-20,1,0.00045249778778844174,0.4873397774478232,0.47928176795580113,histgb_leaves7,0.25,2015-11-04,0.2486897194457357,0.0,0.0
2015-11-23,1,0.0038979518217163722,0.498787579977257,0.47928176795580113,histgb_leaves7,0.25,2015-11-04,0.2486897194457357,0.0,0.0
2015-11-24,1,0.005987157547061583,0.4881624626738411,0.47928176795580113,histgb_leaves7,0.25,2015-11-04,0.2486897194457357,0.0,0.0
2015-11-25,0,-0.004370144284128741,0.48582233859204654,0.47928176795580113,histgb_leaves7,0.25,2015-11-04,0.2486897194457357,0.0,-0.0
2015-11-26,1,0.00784165806400372,0.47575809370604416,0.47928176795580113,histgb_leaves7,0.25,2015-11-04,0.2486897194457357,0.0,0.0
2015-11-27,0,-0.004767720764601191,0.4816736574782296,0.47928176795580113,histgb_leaves7,0.25,2015-11-04,0.2486897194457357,0.0,-0.0
2015-11-30,0,-0.015036738891800794,0.45856885153886234,0.47928176795580113,histgb_leaves7,0.25,2015-11-04,0.2486897194457357,0.0,-0.0
2015-12-01,1,0.011201542835159506,0.4787868471464151,0.47928176795580113,histgb_leaves7,0.25,2015-11-04,0.2486897194457357,0.0,0.0
2015-12-02,0,-0.008286938324251758,0.4313629983659458,0.47928176795580113,histgb_leaves7,0.25,2015-11-04,0.2486897194457357,0.0,-0.0
2015-12-03,0,-0.003064693530646978,0.45681707026177976,0.47928176795580113,histgb_leaves7,0.25,2015-11-04,0.2486897194457357,0.0,-0.0
2015-12-04,1,0.0011358104819081394,0.48732949802046577,0.47928176795580113,histgb_leaves7,0.25,2015-11-04,0.2486897194457357,0.0,0.0
2015-12-07,0,-0.012049586943178148,0.4369480374127524,0.47928176795580113,histgb_leaves7,0.25,2015-11-04,0.2486897194457357,0.0,-0.0
2015-12-08,0,-0.007728258545376843,0.4673891242056385,0.47928176795580113,histgb_leaves7,0.25,2015-11-04,0.2486897194457357,0.0,-0.0
2015-12-09,0,-0.0016142339563081087,0.5009790668369608,0.47928176795580113,histgb_leaves7,0.25,2015-11-04,0.2486897194457357,0.0,-0.0
2015-12-10,1,0.0024958787187820963,0.4739567209339348,0.47928176795580113,histgb_leaves7,0.25,2015-11-04,0.2486897194457357,0.0,0.0
2015-12-11,0,-0.0021507358589117898,0.4720234785161526,0.47928176795580113,histgb_leaves7,0.25,2015-11-04,0.2486897194457357,0.0,-0.0
2015-12-14,1,0.0007579061027014333,0.49842584628662606,0.47928176795580113,histgb_leaves7,0.25,2015-11-04,0.2486897194457357,0.0,0.0
2015-12-15,0,-0.0014722443202362934,0.4530525183174199,0.47928176795580113,histgb_leaves7,0.25,2015-11-04,0.2486897194457357,0.0,-0.0
2015-12-16,1,0.009871035561367147,0.4714576112736938,0.47928176795580113,histgb_leaves7,0.25,2015-11-04,0.2486897194457357,0.0,0.0
2015-12-17,0,-0.003074503795248096,0.49089359589267423,0.47928176795580113,histgb_leaves7,0.25,2015-11-04,0.2486897194457357,0.0,-0.0
2015-12-18,1,0.007651811949069609,0.49861880430221095,0.47928176795580113,histgb_leaves7,0.25,2015-11-04,0.2486897194457357,0.0,0.0
2015-12-21,1,0.0035101759646651853,0.5134258234174358,0.47928176795580113,histgb_leaves7,0.25,2015-11-04,0.2486897194457357,0.0,0.0
2015-12-22,1,0.0041272544938695255,0.46027432197391754,0.47928176795580113,histgb_leaves7,0.25,2015-11-04,0.2486897194457357,0.0,0.0
2015-12-23,1,0.002517300170494341,0.4642820445001867,0.47928176795580113,histgb_leaves7,0.25,2015-11-04,0.2486897194457357,0.0,0.0
2015-12-24,0,-0.009301561706829053,0.4533397739750087,0.47928176795580113,histgb_leaves7,0.25,2015-11-04,0.2486897194457357,0.0,-0.0
2015-12-28,0,-0.013327706860779998,0.49649073420445156,0.47928176795580113,histgb_leaves7,0.25,2015-11-04,0.2486897194457357,0.0,-0.0
2015-12-29,1,0.00501919253356764,0.5058875288604655,0.47928176795580113,histgb_leaves7,0.25,2015-11-04,0.2486897194457357,0.0,0.0
2015-12-30,0,-0.005940102279235471,0.45819308618499227,0.47928176795580113,histgb_leaves7,0.25,2015-11-04,0.2486897194457357,0.0,-0.0
2016-01-04,0,-0.018270937901323614,0.4748980035566536,0.47928176795580113,histgb_leaves7,0.25,2015-11-04,0.2486897194457357,0.0,-0.0
2016-01-05,1,0.009728389637695845,0.5001444414075538,0.47928176795580113,histgb_leaves7,0.25,2015-11-04,0.2486897194457357,0.0,0.0
2016-01-06,0,-0.004559906940674652,0.4810675767631341,0.47928176795580113,histgb_leaves7,0.25,2015-11-04,0.2486897194457357,0.0,-0.0
2016-01-07,0,-0.00594035631697909,0.47799521674248985,0.47928176795580113,histgb_leaves7,0.25,2015-11-04,0.2486897194457357,0.0,-0.0
2016-01-08,1,0.01492521514538847,0.4818110308495918,0.47928176795580113,histgb_leaves7,0.25,2015-11-04,0.2486897194457357,0.0,0.0
2016-01-11,0,-0.0012334095868605788,0.4594304241220046,0.47928176795580113,histgb_leaves7,0.25,2015-11-04,0.2486897194457357,0.0,-0.0
2016-01-12,0,-0.008780620776783543,0.4825402819270914,0.47928176795580113,histgb_leaves7,0.25,2015-11-04,0.2486897194457357,0.0,-0.0
2016-01-13,1,0.006275172895453984,0.5028849429206658,0.47928176795580113,histgb_leaves7,0.25,2015-11-04,0.2486897194457357,0.0,0.0
2016-01-14,1,0.003607686537994148,0.48831802800338364,0.47928176795580113,histgb_leaves7,0.25,2015-11-04,0.2486897194457357,0.0,0.0
2016-01-15,0,-0.019291899594431672,0.47875910893799056,0.47928176795580113,histgb_leaves7,0.25,2015-11-04,0.2486897194457357,0.0,-0.0
2016-01-18,1,0.012079546128026086,0.5298122913891805,0.47928176795580113,histgb_leaves7,0.25,2015-11-04,0.2486897194457357,0.0,0.0
2016-01-19,1,0.005234599425470776,0.4913525291858025,0.47928176795580113,histgb_leaves7,0.25,2015-11-04,0.2486897194457357,0.0,0.0
2016-01-20,0,-0.02116837102728386,0.49165666441632694,0.47928176795580113,histgb_leaves7,0.25,2015-11-04,0.2486897194457357,0.0,-0.0
2016-01-21,0,-0.00409609869595795,0.5351207296827184,0.47928176795580113,histgb_leaves7,0.25,2015-11-04,0.2486897194457357,0.0,-0.0
2016-01-22,1,0.010283287641778216,0.4947381733067836,0.47928176795580113,histgb_leaves7,0.25,2015-11-04,0.2486897194457357,0.0,0.0
2016-01-25,1,0.0017353120122740595,0.46848075210216533,0.47928176795580113,histgb_leaves7,0.25,2015-11-04,0.2486897194457357,0.0,0.0
2016-01-26,0,-0.005409512878147726,0.5132529733760975,0.47928176795580113,histgb_leaves7,0.25,2015-11-04,0.2486897194457357,0.0,-0.0
2016-01-27,1,0.0051904855222528745,0.46866508101374293,0.47928176795580113,histgb_leaves7,0.25,2015-11-04,0.2486897194457357,0.0,0.0
2016-01-28,1,0.011435360510878345,0.5178362853684407,0.47928176795580113,histgb_leaves7,0.25,2015-11-04,0.2486897194457357,0.0,0.0
2016-01-29,1,0.0037007679749712086,0.4613472622239577,0.47928176795580113,histgb_leaves7,0.25,2015-11-04,0.2486897194457357,0.0,0.0
2016-02-01,1,0.0027088694637480426,0.47245994153678283,0.47928176795580113,histgb_leaves7,0.25,2015-11-04,0.2486897194457357,0.0,0.0
2016-02-02,0,-0.0043656264360614205,0.4985687485007868,0.47928176795580113,histgb_leaves7,0.25,2015-11-04,0.2486897194457357,0.0,-0.0
2016-02-03,0,-0.0016685763769714868,0.4788326186297528,0.47928176795580113,histgb_leaves7,0.25,2015-11-04,0.2486897194457357,0.0,-0.0
2016-02-04,1,0.008303165516080124,0.4696757488093746,0.47928176795580113,histgb_leaves7,0.25,2015-11-04,0.2486897194457357,0.0,0.0
2016-02-05,1,0.00169230367449269,0.4674377195972174,0.47928176795580113,histgb_leaves7,0.25,2015-11-04,0.2486897194457357,0.0,0.0
2016-02-11,0,-0.0059486938505244336,0.42538115425562817,0.47915287888815355,histgb_leaves15,0.25,2016-02-04,0.2481919771764718,-1.0,0.0049486938505244335
2016-02-12,0,-0.00831590721198272,0.47593630442215384,0.47915287888815355,histgb_leaves15,0.25,2016-02-04,0.2481919771764718,0.0,-0.0
2016-02-15,1,0.002622043471004032,0.4915354685268324,0.47915287888815355,histgb_leaves15,0.25,2016-02-04,0.2481919771764718,0.0,0.0
2016-02-16,1,0.009732099887706624,0.5132504004631699,0.47915287888815355,histgb_leaves15,0.25,2016-02-04,0.2481919771764718,0.0,0.0
2016-02-17,0,-0.0028950836504517685,0.48354912466790845,0.47915287888815355,histgb_leaves15,0.25,2016-02-04,0.2481919771764718,0.0,-0.0
2016-02-18,0,-0.00029328584895782495,0.4786193309299863,0.47915287888815355,histgb_leaves15,0.25,2016-02-04,0.2481919771764718,0.0,-0.0
2016-02-19,1,0.006164347597794606,0.520329443567233,0.47915287888815355,histgb_leaves15,0.25,2016-02-04,0.2481919771764718,0.0,0.0
2016-02-22,1,0.002511038105003305,0.46906100471150614,0.47915287888815355,histgb_leaves15,0.25,2016-02-04,0.2481919771764718,0.0,0.0
2016-02-23,0,-0.007584830339321336,0.43763734276184996,0.47915287888815355,histgb_leaves15,0.25,2016-02-04,0.2481919771764718,0.0,-0.0
2016-02-24,1,0.0020013516982673174,0.549915243182601,0.47915287888815355,histgb_leaves15,0.25,2016-02-04,0.2481919771764718,0.0,0.0
2016-02-25,0,-0.00026575233966275036,0.4890920924700951,0.47915287888815355,histgb_leaves15,0.25,2016-02-04,0.2481919771764718,0.0,-0.0
2016-02-26,0,-0.0036012661512115907,0.4688863977435359,0.47915287888815355,histgb_leaves15,0.25,2016-02-04,0.2481919771764718,0.0,-0.0
2016-02-29,0,-0.0026538173341102977,0.45187293847237864,0.47915287888815355,histgb_leaves15,0.25,2016-02-04,0.2481919771764718,0.0,-0.0
2016-03-02,1,0.0016201453501829555,0.46156679979306336,0.47915287888815355,histgb_leaves15,0.25,2016-02-04,0.2481919771764718,0.0,0.0
2016-03-03,1,0.00017366165601728767,0.5177331109727428,0.47915287888815355,histgb_leaves15,0.25,2016-02-04,0.2481919771764718,0.0,0.0
2016-03-04,0,-0.0001942730354138611,0.49390422313199067,0.47915287888815355,histgb_leaves15,0.25,2016-02-04,0.2481919771764718,0.0,-0.0
2016-03-07,0,-0.001728480670589394,0.49309498134454954,0.47915287888815355,histgb_leaves15,0.25,2016-02-04,0.2481919771764718,0.0,-0.0
2016-03-08,0,-0.006544355620897058,0.5168112222898883,0.47915287888815355,histgb_leaves15,0.25,2016-02-04,0.2481919771764718,0.0,-0.0
2016-03-09,1,0.0063899409961094555,0.487500183135941,0.47915287888815355,histgb_leaves15,0.25,2016-02-04,0.2481919771764718,0.0,0.0
2016-03-10,1,0.005339813259685355,0.4332910690894913,0.47915287888815355,histgb_leaves15,0.25,2016-02-04,0.2481919771764718,0.0,0.0
2016-03-11,1,0.0015800436925266226,0.4144570929216068,0.47915287888815355,histgb_leaves15,0.25,2016-02-04,0.2481919771764718,-1.0,-0.0025800436925266226
2016-03-14,0,-0.006783365395268248,0.43138118397511394,0.47915287888815355,histgb_leaves15,0.25,2016-02-04,0.2481919771764718,0.0,-0.0
2016-03-15,0,-0.002854814462368571,0.5161215214250163,0.47915287888815355,histgb_leaves15,0.25,2016-02-04,0.2481919771764718,0.0,-0.0
2016-03-16,1,0.0016839286257723796,0.436218626218732,0.47915287888815355,histgb_leaves15,0.25,2016-02-04,0.2481919771764718,0.0,0.0
2016-03-17,1,0.001662728184250506,0.46622742276264173,0.47915287888815355,histgb_leaves15,0.25,2016-02-04,0.2481919771764718,0.0,0.0
2016-03-18,0,-0.0020988724196142616,0.49689303133004226,0.47915287888815355,histgb_leaves15,0.25,2016-02-04,0.2481919771764718,0.0,-0.0
2016-03-21,0,-0.004746780042515941,0.4701307795063483,0.47915287888815355,histgb_leaves15,0.25,2016-02-04,0.2481919771764718,0.0,-0.0
2016-03-22,1,0.001725720764333749,0.46236643499919594,0.47915287888815355,histgb_leaves15,0.25,2016-02-04,0.2481919771764718,0.0,0.0
2016-03-23,0,-0.0006761934814949466,0.46684412988207236,0.47915287888815355,histgb_leaves15,0.25,2016-02-04,0.2481919771764718,0.0,-0.0
2016-03-24,0,-0.0012522253402130756,0.4630372436306942,0.47915287888815355,histgb_leaves15,0.25,2016-02-04,0.2481919771764718,0.0,-0.0
2016-03-25,0,-0.003641276505981783,0.4363769098141195,0.47915287888815355,histgb_leaves15,0.25,2016-02-04,0.2481919771764718,0.0,-0.0
2016-03-28,0,-0.0012040726877018404,0.45112329514266986,0.47915287888815355,histgb_leaves15,0.25,2016-02-04,0.2481919771764718,0.0,-0.0
2016-03-29,1,0.004016246168712545,0.4523266183852287,0.47915287888815355,histgb_leaves15,0.25,2016-02-04,0.2481919771764718,0.0,0.0
2016-03-30,0,-0.001545949612016484,0.44601880255352766,0.47915287888815355,histgb_leaves15,0.25,2016-02-04,0.2481919771764718,0.0,-0.0
2016-03-31,0,-0.00492092615120765,0.4544834832074214,0.47915287888815355,histgb_leaves15,0.25,2016-02-04,0.2481919771764718,0.0,-0.0
2016-04-01,0,-0.010627791675230758,0.48421518819276343,0.47915287888815355,histgb_leaves15,0.25,2016-02-04,0.2481919771764718,0.0,-0.0
2016-04-04,1,0.0021471289745940147,0.4699313144947205,0.47915287888815355,histgb_leaves15,0.25,2016-02-04,0.2481919771764718,0.0,0.0
2016-04-05,0,-0.0048874963242377945,0.5011106401461876,0.47915287888815355,histgb_leaves15,0.25,2016-02-04,0.2481919771764718,0.0,-0.0
2016-04-06,1,0.00415144893208419,0.4651220209001838,0.47915287888815355,histgb_leaves15,0.25,2016-02-04,0.2481919771764718,0.0,0.0
2016-04-07,0,-0.002456096020214682,0.46328913988513354,0.47915287888815355,histgb_leaves15,0.25,2016-02-04,0.2481919771764718,0.0,-0.0
2016-04-08,1,0.005486185112859365,0.485449367382106,0.47915287888815355,histgb_leaves15,0.25,2016-02-04,0.2481919771764718,0.0,0.0
2016-04-11,0,-0.0009532260109013091,0.45073779286500226,0.47915287888815355,histgb_leaves15,0.25,2016-02-04,0.2481919771764718,0.0,-0.0
2016-04-12,1,0.00549099213397608,0.46954106900970943,0.47915287888815355,histgb_leaves15,0.25,2016-02-04,0.2481919771764718,0.0,0.0
2016-04-14,1,0.005877803557617911,0.4435345167550983,0.47915287888815355,histgb_leaves15,0.25,2016-02-04,0.2481919771764718,0.0,0.0
2016-04-15,1,0.0006605807150164011,0.4524899363638695,0.47915287888815355,histgb_leaves15,0.25,2016-02-04,0.2481919771764718,0.0,0.0
2016-04-18,1,0.003872386139355921,0.49132784188330886,0.47915287888815355,histgb_leaves15,0.25,2016-02-04,0.2481919771764718,0.0,0.0
2016-04-19,0,-0.0018559872959158508,0.4650454396823854,0.47915287888815355,histgb_leaves15,0.25,2016-02-04,0.2481919771764718,0.0,-0.0
2016-04-20,0,-0.0055625790139064435,0.4698368952927199,0.47915287888815355,histgb_leaves15,0.25,2016-02-04,0.2481919771764718,0.0,-0.0
2016-04-21,1,0.003722823389258334,0.4563876470586573,0.47915287888815355,histgb_leaves15,0.25,2016-02-04,0.2481919771764718,0.0,0.0
2016-04-22,1,0.0002779252877271876,0.42915142207923757,0.47915287888815355,histgb_leaves15,0.25,2016-02-04,0.2481919771764718,-1.0,-0.0012779252877271876
2016-04-25,0,-0.000744029165943294,0.42817242255868154,0.47915287888815355,histgb_leaves15,0.25,2016-02-04,0.2481919771764718,-1.0,-0.000255970834056706
2016-04-26,1,0.0031640225306219794,0.4400181129971017,0.47915287888815355,histgb_leaves15,0.25,2016-02-04,0.2481919771764718,0.0,0.0
2016-04-27,0,-0.0019363049754618222,0.4328609075035712,0.47915287888815355,histgb_leaves15,0.25,2016-02-04,0.2481919771764718,0.0,-0.0
2016-04-28,0,-0.009847438923610508,0.465472347833726,0.47915287888815355,histgb_leaves15,0.25,2016-02-04,0.2481919771764718,0.0,-0.0
2016-04-29,0,-0.002266495887285558,0.5014490893607382,0.47915287888815355,histgb_leaves15,0.25,2016-02-04,0.2481919771764718,0.0,-0.0
2016-05-02,0,-0.006873042011406483,0.4923403434376039,0.47915287888815355,histgb_leaves15,0.25,2016-02-04,0.2481919771764718,0.0,-0.0
2016-05-03,0,-0.0009706589416296207,0.4687633307986775,0.47915287888815355,histgb_leaves15,0.25,2016-02-04,0.2481919771764718,0.0,-0.0
2016-05-04,0,-0.000773414752507251,0.487177742904746,0.47915287888815355,histgb_leaves15,0.25,2016-02-04,0.2481919771764718,0.0,-0.0
2016-05-09,0,-0.0033982942689868567,0.4234523355608292,0.47915287888815355,histgb_leaves15,0.25,2016-02-04,0.2481919771764718,-1.0,0.0023982942689868567
2016-05-10,1,0.008464488824229566,0.47142111837221023,0.47915287888815355,histgb_leaves15,0.25,2016-02-04,0.2481919771764718,0.0,0.0
2016-05-11,0,-0.00455969072527751,0.4348932188059925,0.47915287888815355,histgb_leaves15,0.25,2016-02-04,0.2481919771764718,0.0,-0.0
2016-05-12,1,0.0021335036082057446,0.448087876790527,0.47915287888815355,histgb_leaves15,0.25,2016-02-04,0.2481919771764718,0.0,0.0
2016-05-13,0,-0.006555654883659834,0.48489657907555106,0.47915287888815355,histgb_leaves15,0.25,2016-02-04,0.2481919771764718,0.0,-0.0
2016-05-16,1,0.003058244261969101,0.4902821957848653,0.4771283354510801,histgb_leaves7,0.25,2016-05-12,0.24757312130170203,0.0,0.0
2016-05-17,0,-0.002938404952732232,0.4360756822367562,0.4771283354510801,histgb_leaves7,0.25,2016-05-12,0.24757312130170203,0.0,-0.0
2016-05-18,0,-0.003082362771171465,0.48252955768019,0.4771283354510801,histgb_leaves7,0.25,2016-05-12,0.24757312130170203,0.0,-0.0
2016-05-19,0,-0.003649093356398292,0.45000426076434896,0.4771283354510801,histgb_leaves7,0.25,2016-05-12,0.24757312130170203,0.0,-0.0
2016-05-20,1,0.0019703267758663934,0.47678568974751084,0.4771283354510801,histgb_leaves7,0.25,2016-05-12,0.24757312130170203,0.0,0.0
2016-05-23,1,0.0005065856129686797,0.46231835162051177,0.4771283354510801,histgb_leaves7,0.25,2016-05-12,0.24757312130170203,0.0,0.0
2016-05-24,0,-0.006918890107524667,0.45214476440401186,0.4771283354510801,histgb_leaves7,0.25,2016-05-12,0.24757312130170203,0.0,-0.0
2016-05-25,1,0.0035216494423200295,0.46852605851654894,0.4771283354510801,histgb_leaves7,0.25,2016-05-12,0.24757312130170203,0.0,0.0
2016-05-26,0,-0.004451091407613128,0.46389792833849836,0.4771283354510801,histgb_leaves7,0.25,2016-05-12,0.24757312130170203,0.0,-0.0
2016-05-27,1,0.0034856522603232687,0.48166493774854213,0.4771283354510801,histgb_leaves7,0.25,2016-05-12,0.24757312130170203,0.0,0.0
2016-05-30,0,-0.0013149077026175515,0.45531745420959824,0.4771283354510801,histgb_leaves7,0.25,2016-05-12,0.24757312130170203,0.0,-0.0
2016-05-31,1,0.010665131186718746,0.45756856278977065,0.4771283354510801,histgb_leaves7,0.25,2016-05-12,0.24757312130170203,0.0,0.0
2016-06-01,1,0.002959223418838919,0.479996517830252,0.4771283354510801,histgb_leaves7,0.25,2016-05-12,0.24757312130170203,0.0,0.0
2016-06-02,1,0.0006300847842086732,0.4799422646079194,0.4771283354510801,histgb_leaves7,0.25,2016-05-12,0.24757312130170203,0.0,0.0
2016-06-03,0,-0.0028821337832274363,0.4604839654003141,0.4771283354510801,histgb_leaves7,0.25,2016-05-12,0.24757312130170203,0.0,-0.0
2016-06-07,1,0.009307202922110624,0.4620354360020753,0.4771283354510801,histgb_leaves7,0.25,2016-05-12,0.24757312130170203,0.0,0.0
2016-06-08,1,0.0066344874163239975,0.4907696704062884,0.4771283354510801,histgb_leaves7,0.25,2016-05-12,0.24757312130170203,0.0,0.0
2016-06-09,0,-0.001898403368802981,0.4721689672096723,0.4771283354510801,histgb_leaves7,0.25,2016-05-12,0.24757312130170203,0.0,-0.0
2016-06-10,0,-0.002541069918972405,0.49162163128735836,0.4771283354510801,histgb_leaves7,0.25,2016-05-12,0.24757312130170203,0.0,-0.0
2016-06-13,0,-0.010979345636996984,0.4572476838787477,0.4771283354510801,histgb_leaves7,0.25,2016-05-12,0.24757312130170203,0.0,-0.0
2016-06-14,0,-0.0024129906920274946,0.4903656441559849,0.4771283354510801,histgb_leaves7,0.25,2016-05-12,0.24757312130170203,0.0,-0.0
2016-06-15,0,-0.001607505070993942,0.4810818496279471,0.4771283354510801,histgb_leaves7,0.25,2016-05-12,0.24757312130170203,0.0,-0.0
2016-06-16,0,-0.009911084284794036,0.48767052791786214,0.4771283354510801,histgb_leaves7,0.25,2016-05-12,0.24757312130170203,0.0,-0.0
2016-06-17,0,-0.006525177624184364,0.45077004467492615,0.4771283354510801,histgb_leaves7,0.25,2016-05-12,0.24757312130170203,0.0,-0.0
2016-06-20,1,0.0033883196669417526,0.4707353352548471,0.4771283354510801,histgb_leaves7,0.25,2016-05-12,0.24757312130170203,0.0,0.0
2016-06-21,1,0.0024775002528061307,0.47753341683576594,0.4771283354510801,histgb_leaves7,0.25,2016-05-12,0.24757312130170203,0.0,0.0
2016-06-22,1,0.0054496462775888155,0.46955734249952386,0.4771283354510801,histgb_leaves7,0.25,2016-05-12,0.24757312130170203,0.0,0.0
2016-06-23,0,-0.0013622060701109495,0.502752701368196,0.4771283354510801,histgb_leaves7,0.25,2016-05-12,0.24757312130170203,0.0,-0.0
2016-06-24,0,-0.038125452774100066,0.45916383960836216,0.4771283354510801,histgb_leaves7,0.25,2016-05-12,0.24757312130170203,0.0,-0.0
2016-06-27,1,0.013145095564844667,0.5111965518031806,0.4771283354510801,histgb_leaves7,0.25,2016-05-12,0.24757312130170203,0.0,0.0
2016-06-28,1,0.014944619465222742,0.4865665015497414,0.4771283354510801,histgb_leaves7,0.25,2016-05-12,0.24757312130170203,0.0,0.0
2016-06-29,1,0.005163617306595425,0.46672737028853717,0.4771283354510801,histgb_leaves7,0.25,2016-05-12,0.24757312130170203,0.0,0.0
2016-06-30,0,-0.0006035890725016868,0.49291137602019114,0.4771283354510801,histgb_leaves7,0.25,2016-05-12,0.24757312130170203,0.0,-0.0
2016-07-01,1,0.005037019055710745,0.44484051292235105,0.4771283354510801,histgb_leaves7,0.25,2016-05-12,0.24757312130170203,0.0,0.0
2016-07-04,1,0.002945552517291228,0.44363801063880615,0.4771283354510801,histgb_leaves7,0.25,2016-05-12,0.24757312130170203,0.0,0.0
2016-07-05,0,-0.002926306189839134,0.4704237009926291,0.4771283354510801,histgb_leaves7,0.25,2016-05-12,0.24757312130170203,0.0,-0.0
2016-07-06,0,-0.013630555878208828,0.4395899760633986,0.4771283354510801,histgb_leaves7,0.25,2016-05-12,0.24757312130170203,0.0,-0.0
2016-07-07,1,0.005490755360872068,0.4728416245193521,0.4771283354510801,histgb_leaves7,0.25,2016-05-12,0.24757312130170203,0.0,0.0
2016-07-08,0,-0.004654511529803118,0.48441274023393455,0.4771283354510801,histgb_leaves7,0.25,2016-05-12,0.24757312130170203,0.0,-0.0
2016-07-11,1,0.004637862743513077,0.45518668912395965,0.4771283354510801,histgb_leaves7,0.25,2016-05-12,0.24757312130170203,0.0,0.0
2016-07-12,1,5.022273784227593e-05,0.46990841779345316,0.4771283354510801,histgb_leaves7,0.25,2016-05-12,0.24757312130170203,0.0,0.0
2016-07-13,0,-0.001045999053620017,0.45013885356523803,0.4771283354510801,histgb_leaves7,0.25,2016-05-12,0.24757312130170203,0.0,-0.0
2016-07-14,1,0.002320220346087032,0.4796304150974096,0.4771283354510801,histgb_leaves7,0.25,2016-05-12,0.24757312130170203,0.0,0.0
2016-07-15,1,0.0009377930603313711,0.4579863506133365,0.4771283354510801,histgb_leaves7,0.25,2016-05-12,0.24757312130170203,0.0,0.0
2016-07-18,1,0.0014319548909433877,0.45224438305819076,0.4771283354510801,histgb_leaves7,0.25,2016-05-12,0.24757312130170203,0.0,0.0
2016-07-19,0,-0.0029216927031836537,0.4882442342728719,0.4771283354510801,histgb_leaves7,0.25,2016-05-12,0.24757312130170203,0.0,-0.0
2016-07-20,1,0.0010231449289759276,0.47621758970006894,0.4771283354510801,histgb_leaves7,0.25,2016-05-12,0.24757312130170203,0.0,0.0
2016-07-21,0,-0.003535773710482415,0.4577740026875212,0.4771283354510801,histgb_leaves7,0.25,2016-05-12,0.24757312130170203,0.0,-0.0
2016-07-22,1,0.002478345641951485,0.48236166473707104,0.4771283354510801,histgb_leaves7,0.25,2016-05-12,0.24757312130170203,0.0,0.0
2016-07-25,0,-0.0012011475426110252,0.44496963777255116,0.4771283354510801,histgb_leaves7,0.25,2016-05-12,0.24757312130170203,0.0,-0.0
2016-07-26,1,0.008928038220364254,0.4546051534864342,0.4771283354510801,histgb_leaves7,0.25,2016-05-12,0.24757312130170203,0.0,0.0
2016-07-27,0,-0.0009965122072744803,0.4590143276677513,0.4771283354510801,histgb_leaves7,0.25,2016-05-12,0.24757312130170203,0.0,-0.0
2016-07-28,0,-0.003927907859265556,0.45837558178372806,0.4771283354510801,histgb_leaves7,0.25,2016-05-12,0.24757312130170203,0.0,-0.0
2016-07-29,0,-0.0034845099938711765,0.46016829632615985,0.4771283354510801,histgb_leaves7,0.25,2016-05-12,0.24757312130170203,0.0,-0.0
2016-08-01,1,0.0024200996685943554,0.45316507433309344,0.4771283354510801,histgb_leaves7,0.25,2016-05-12,0.24757312130170203,0.0,0.0
2016-08-02,0,-0.002233698203651935,0.4869895727698758,0.4771283354510801,histgb_leaves7,0.25,2016-05-12,0.24757312130170203,0.0,-0.0
2016-08-03,0,-0.006914988947965828,0.4664381890462882,0.4771283354510801,histgb_leaves7,0.25,2016-05-12,0.24757312130170203,0.0,-0.0
2016-08-04,0,-0.0030158318711117627,0.4976922706208068,0.4771283354510801,histgb_leaves7,0.25,2016-05-12,0.24757312130170203,0.0,-0.0
2016-08-05,1,0.005836818310961389,0.47468058200913943,0.4771283354510801,histgb_leaves7,0.25,2016-05-12,0.24757312130170203,0.0,0.0
2016-08-08,1,0.002749870405568844,0.4295600075133506,0.4771283354510801,histgb_leaves7,0.25,2016-05-12,0.24757312130170203,-1.0,-0.003749870405568844
2016-08-09,1,0.00504543845155192,0.4603588658388599,0.4771283354510801,histgb_leaves7,0.25,2016-05-12,0.24757312130170203,0.0,0.0
2016-08-10,1,0.0007880452073636413,0.5225359046920817,0.4771283354510801,histgb_leaves7,0.25,2016-05-12,0.24757312130170203,0.0,0.0
2016-08-11,1,0.0030157051658639134,0.4943607016526116,0.4771283354510801,histgb_leaves7,0.25,2016-05-12,0.24757312130170203,0.0,0.0
2016-08-12,0,-0.00163110691297208,0.44506886048685107,0.47831398900427613,logistic_C0.1,0.25,2016-08-10,0.24690820061531,0.0,-0.0
2016-08-16,0,-0.0040077821011673675,0.46159468978041807,0.47831398900427613,logistic_C0.1,0.25,2016-08-10,0.24690820061531,0.0,-0.0
2016-08-17,0,-0.0007920327373530656,0.4789786725819088,0.47831398900427613,logistic_C0.1,0.25,2016-08-10,0.24690820061531,0.0,-0.0
2016-08-18,1,0.0035739569855721687,0.4775080622090589,0.47831398900427613,logistic_C0.1,0.25,2016-08-10,0.24690820061531,0.0,0.0
2016-08-19,0,-0.0008066475533312634,0.46848162624500117,0.47831398900427613,logistic_C0.1,0.25,2016-08-10,0.24690820061531,0.0,-0.0
2016-08-22,0,-0.005943427912206589,0.45500656030859643,0.47831398900427613,logistic_C0.1,0.25,2016-08-10,0.24690820061531,0.0,-0.0
2016-08-23,1,0.0027687145044441586,0.48067734884385205,0.47831398900427613,logistic_C0.1,0.25,2016-08-10,0.24690820061531,0.0,0.0
2016-08-24,0,-0.0034425254288529272,0.48423198236417864,0.47831398900427613,logistic_C0.1,0.25,2016-08-10,0.24690820061531,0.0,-0.0
2016-08-25,1,0.0006563543921864756,0.4896023111582578,0.47831398900427613,logistic_C0.1,0.25,2016-08-10,0.24690820061531,0.0,0.0
2016-08-26,1,0.00037314532046317517,0.4755764180709436,0.47831398900427613,logistic_C0.1,0.25,2016-08-10,0.24690820061531,0.0,0.0
2016-08-29,1,0.0018288114204589867,0.4528553195526459,0.47831398900427613,logistic_C0.1,0.25,2016-08-10,0.24690820061531,0.0,0.0
2016-08-30,1,0.0005592072991269514,0.4766834119695159,0.47831398900427613,logistic_C0.1,0.25,2016-08-10,0.24690820061531,0.0,0.0
2016-08-31,0,-0.0019278124969340782,0.4870494433199748,0.47831398900427613,logistic_C0.1,0.25,2016-08-10,0.24690820061531,0.0,-0.0
2016-09-01,1,0.0048246134377347705,0.4727280650271877,0.47831398900427613,logistic_C0.1,0.25,2016-08-10,0.24690820061531,0.0,0.0
2016-09-02,1,0.002158393643800993,0.4678009694038837,0.47831398900427613,logistic_C0.1,0.25,2016-08-10,0.24690820061531,0.0,0.0
2016-09-05,1,0.005314294916527906,0.45281350293259465,0.47831398900427613,logistic_C0.1,0.25,2016-08-10,0.24690820061531,0.0,0.0
2016-09-06,1,0.004042347476691077,0.4685470652124346,0.47831398900427613,logistic_C0.1,0.25,2016-08-10,0.24690820061531,0.0,0.0
2016-09-07,0,-0.003349751789676114,0.4697463949982524,0.47831398900427613,logistic_C0.1,0.25,2016-08-10,0.24690820061531,0.0,-0.0
2016-09-08,0,-0.0005956531845653368,0.4673372073585177,0.47831398900427613,logistic_C0.1,0.25,2016-08-10,0.24690820061531,0.0,-0.0
2016-09-09,0,-0.005402793639638137,0.4710962448629219,0.47831398900427613,logistic_C0.1,0.25,2016-08-10,0.24690820061531,0.0,-0.0
2016-09-12,0,-0.0060838361606452285,0.4622266629858405,0.47831398900427613,logistic_C0.1,0.25,2016-08-10,0.24690820061531,0.0,-0.0
2016-09-13,0,-0.006247732276967954,0.4335660154114386,0.47831398900427613,logistic_C0.1,0.25,2016-08-10,0.24690820061531,0.0,-0.0
2016-09-19,1,0.009186805044482105,0.4775918363111388,0.47831398900427613,logistic_C0.1,0.25,2016-08-10,0.24690820061531,0.0,0.0
2016-09-20,1,0.005564656242243782,0.4581526734468561,0.47831398900427613,logistic_C0.1,0.25,2016-08-10,0.24690820061531,0.0,0.0
2016-09-21,1,0.006515688571838263,0.4599548884734468,0.47831398900427613,logistic_C0.1,0.25,2016-08-10,0.24690820061531,0.0,0.0
2016-09-22,0,-0.0002975159853876308,0.44494944231771516,0.47831398900427613,logistic_C0.1,0.25,2016-08-10,0.24690820061531,0.0,-0.0
2016-09-23,1,0.0004139838887213809,0.4341500785938587,0.47831398900427613,logistic_C0.1,0.25,2016-08-10,0.24690820061531,0.0,0.0
2016-09-26,0,-0.0027523919016350096,0.43503150562032855,0.47831398900427613,logistic_C0.1,0.25,2016-08-10,0.24690820061531,0.0,-0.0
2016-09-27,1,0.01251644317043965,0.4575695142041423,0.47831398900427613,logistic_C0.1,0.25,2016-08-10,0.24690820061531,0.0,0.0
2016-09-28,0,-0.004610752604760182,0.43405743989519474,0.47831398900427613,logistic_C0.1,0.25,2016-08-10,0.24690820061531,0.0,-0.0
2016-09-29,1,0.002413094672778504,0.4598082535529154,0.47831398900427613,logistic_C0.1,0.25,2016-08-10,0.24690820061531,0.0,0.0
2016-09-30,0,-0.005169769989047057,0.4875842962388397,0.47831398900427613,logistic_C0.1,0.25,2016-08-10,0.24690820061531,0.0,-0.0
2016-10-04,0,-0.0010112108277343657,0.45520933402051156,0.47831398900427613,logistic_C0.1,0.25,2016-08-10,0.24690820061531,0.0,-0.0
2016-10-05,1,0.0047128028697691615,0.47088701011353584,0.47831398900427613,logistic_C0.1,0.25,2016-08-10,0.24690820061531,0.0,0.0
2016-10-06,0,-0.001933020828299381,0.43370326773545437,0.47831398900427613,logistic_C0.1,0.25,2016-08-10,0.24690820061531,0.0,-0.0
2016-10-07,0,-0.005881071661947068,0.4673804788753731,0.47831398900427613,logistic_C0.1,0.25,2016-08-10,0.24690820061531,0.0,-0.0
2016-10-10,1,0.004704008909773849,0.4552482813513574,0.47831398900427613,logistic_C0.1,0.25,2016-08-10,0.24690820061531,0.0,0.0
2016-10-11,0,-0.010402816942565285,0.42723436351926103,0.47831398900427613,logistic_C0.1,0.25,2016-08-10,0.24690820061531,-1.0,0.009402816942565284
2016-10-12,1,0.0053189122923227306,0.46705279755422885,0.47831398900427613,logistic_C0.1,0.25,2016-08-10,0.24690820061531,0.0,0.0
2016-10-13,0,-0.00912000550641845,0.4505359853250984,0.47831398900427613,logistic_C0.1,0.25,2016-08-10,0.24690820061531,0.0,-0.0
2016-10-14,1,0.0004946430161352211,0.44874578450926006,0.47831398900427613,logistic_C0.1,0.25,2016-08-10,0.24690820061531,0.0,0.0
2016-10-17,0,-0.0006505892268339197,0.45950218305285195,0.47831398900427613,logistic_C0.1,0.25,2016-08-10,0.24690820061531,0.0,-0.0
2016-10-18,1,0.006223462750454933,0.46675496206149414,0.47831398900427613,logistic_C0.1,0.25,2016-08-10,0.24690820061531,0.0,0.0
2016-10-19,1,0.002337710811421312,0.4582920402652866,0.47831398900427613,logistic_C0.1,0.25,2016-08-10,0.24690820061531,0.0,0.0
2016-10-20,0,-0.001722012406316642,0.45048064471848615,0.47831398900427613,logistic_C0.1,0.25,2016-08-10,0.24690820061531,0.0,-0.0
2016-10-21,0,-0.0031381778954594486,0.4677568503942406,0.47831398900427613,logistic_C0.1,0.25,2016-08-10,0.24690820061531,0.0,-0.0
2016-10-24,1,0.005178702035647076,0.43821960585061726,0.47831398900427613,logistic_C0.1,0.25,2016-08-10,0.24690820061531,0.0,0.0
2016-10-25,0,-0.0025069897027355514,0.46778669928379163,0.47831398900427613,logistic_C0.1,0.25,2016-08-10,0.24690820061531,0.0,-0.0
2016-10-26,0,-0.008116747193861129,0.46811527592525504,0.47831398900427613,logistic_C0.1,0.25,2016-08-10,0.24690820061531,0.0,-0.0
2016-10-27,1,0.00291342952275242,0.49454752993401563,0.47831398900427613,logistic_C0.1,0.25,2016-08-10,0.24690820061531,0.0,0.0
2016-10-28,0,-0.0012611463078087137,0.4801490225166644,0.47831398900427613,logistic_C0.1,0.25,2016-08-10,0.24690820061531,0.0,-0.0
2016-10-31,0,-0.00154129936508407,0.46087981625198243,0.47831398900427613,logistic_C0.1,0.25,2016-08-10,0.24690820061531,0.0,-0.0
2016-11-01,1,0.001986612825133127,0.4818401593243382,0.47831398900427613,logistic_C0.1,0.25,2016-08-10,0.24690820061531,0.0,0.0
2016-11-02,0,-0.008253942798723046,0.4873922423005792,0.47831398900427613,logistic_C0.1,0.25,2016-08-10,0.24690820061531,0.0,-0.0
2016-11-03,1,0.00449129842576701,0.48266534035810355,0.47831398900427613,logistic_C0.1,0.25,2016-08-10,0.24690820061531,0.0,0.0
2016-11-04,0,-0.0009325207800914281,0.48738413369269756,0.47831398900427613,logistic_C0.1,0.25,2016-08-10,0.24690820061531,0.0,-0.0
2016-11-07,0,0.0,0.4477905344808164,0.47831398900427613,logistic_C0.1,0.25,2016-08-10,0.24690820061531,0.0,0.0
2016-11-08,0,-0.003075300065685904,0.46235178926809456,0.47831398900427613,logistic_C0.1,0.25,2016-08-10,0.24690820061531,0.0,-0.0
2016-11-09,0,-0.02475000995976251,0.48090275246183667,0.47831398900427613,logistic_C0.1,0.25,2016-08-10,0.24690820061531,0.0,-0.0
2016-11-10,1,0.006407518154634806,0.45528693862176794,0.47831398900427613,logistic_C0.1,0.25,2016-08-10,0.24690820061531,0.0,0.0
2016-11-11,0,-0.002232423436423603,0.4857376676310747,0.47831398900427613,logistic_C0.1,0.25,2016-08-10,0.24690820061531,0.0,-0.0
2016-11-14,0,-0.004301715138708917,0.4494194495415059,0.47831398900427613,logistic_C0.1,0.25,2016-08-10,0.24690820061531,0.0,-0.0
2016-11-15,0,-0.004956178280812962,0.5010468692260619,0.47831398900427613,logistic_C0.1,0.25,2016-08-10,0.24690820061531,0.0,-0.0
2016-11-16,0,-0.0005906644722891707,0.431592921295713,0.47705882352941176,histgb_leaves7,0.5,2016-11-14,0.24732966406209358,0.0,-0.0
2016-11-17,1,0.002196122881677587,0.4654324802436576,0.47705882352941176,histgb_leaves7,0.5,2016-11-14,0.24732966406209358,0.0,0.0
2016-11-18,0,-0.0042812407025470955,0.4545431780907556,0.47705882352941176,histgb_leaves7,0.5,2016-11-14,0.24732966406209358,0.0,-0.0
2016-11-21,0,-0.0025265977686793617,0.44233999704782534,0.47705882352941176,histgb_leaves7,0.5,2016-11-14,0.24732966406209358,0.0,-0.0
2016-11-22,1,0.0037448066111018807,0.5031562211445881,0.47705882352941176,histgb_leaves7,0.5,2016-11-14,0.24732966406209358,0.0,0.0
2016-11-23,1,0.00015596385663396717,0.4408967971441762,0.47705882352941176,histgb_leaves7,0.5,2016-11-14,0.24732966406209358,0.0,0.0
2016-11-24,0,-0.00697694334318999,0.45297050770190195,0.47705882352941176,histgb_leaves7,0.5,2016-11-14,0.24732966406209358,0.0,-0.0
2016-11-25,1,0.0009429179762749929,0.48707452920231864,0.47705882352941176,histgb_leaves7,0.5,2016-11-14,0.24732966406209358,0.0,0.0
2016-11-28,1,0.0007841827803580781,0.45707666750727427,0.47705882352941176,histgb_leaves7,0.5,2016-11-14,0.24732966406209358,0.0,0.0
2016-11-29,1,0.0006524707905519733,0.488602471765022,0.47705882352941176,histgb_leaves7,0.5,2016-11-14,0.24732966406209358,0.0,0.0
2016-11-30,1,0.0015653561437702912,0.4389636945247206,0.47705882352941176,histgb_leaves7,0.5,2016-11-14,0.24732966406209358,0.0,0.0
2016-12-01,0,-0.0018767484452674177,0.4201299986295707,0.47705882352941176,histgb_leaves7,0.5,2016-11-14,0.24732966406209358,-1.0,0.0008767484452674177
2016-12-02,0,-0.004812791014776829,0.46500080826205276,0.47705882352941176,histgb_leaves7,0.5,2016-11-14,0.24732966406209358,0.0,-0.0
2016-12-05,0,-0.0011954967925076332,0.48830853049422684,0.47705882352941176,histgb_leaves7,0.5,2016-11-14,0.24732966406209358,0.0,-0.0
2016-12-06,1,0.006754329601165621,0.44094733538252906,0.47705882352941176,histgb_leaves7,0.5,2016-11-14,0.24732966406209358,0.0,0.0
2016-12-07,0,-0.0019041033427035226,0.41721906610219806,0.47705882352941176,histgb_leaves7,0.5,2016-11-14,0.24732966406209358,-1.0,0.0009041033427035225
2016-12-08,1,0.011332911751671837,0.35071877928880596,0.47705882352941176,histgb_leaves7,0.5,2016-11-14,0.24732966406209358,-1.0,-0.012332911751671838
2016-12-09,1,8.397052140751704e-05,0.5230114463548428,0.47705882352941176,histgb_leaves7,0.5,2016-11-14,0.24732966406209358,0.0,0.0
2016-12-12,0,-0.0023179704225005926,0.41405267761667747,0.47705882352941176,histgb_leaves7,0.5,2016-11-14,0.24732966406209358,-1.0,0.0013179704225005926
2016-12-13,1,0.004732553950621554,0.4077565136185385,0.47705882352941176,histgb_leaves7,0.5,2016-11-14,0.24732966406209358,-1.0,-0.005732553950621554
2016-12-14,0,-0.003034648837288989,0.43053220276360427,0.47705882352941176,histgb_leaves7,0.5,2016-11-14,0.24732966406209358,0.0,-0.0
2016-12-15,1,0.007175566479076689,0.43082489041430927,0.47705882352941176,histgb_leaves7,0.5,2016-11-14,0.24732966406209358,0.0,0.0
2016-12-16,1,0.002400176700125156,0.4079053648188839,0.47705882352941176,histgb_leaves7,0.5,2016-11-14,0.24732966406209358,-1.0,-0.003400176700125156
2016-12-19,0,-0.0004952436991272346,0.4123633842526498,0.47705882352941176,histgb_leaves7,0.5,2016-11-14,0.24732966406209358,-1.0,-0.0005047563008727654
2016-12-20,0,-0.0014328539222541181,0.478643027618635,0.47705882352941176,histgb_leaves7,0.5,2016-11-14,0.24732966406209358,0.0,-0.0
2016-12-21,0,-0.005616086110067364,0.44109535245612574,0.47705882352941176,histgb_leaves7,0.5,2016-11-14,0.24732966406209358,0.0,-0.0
2016-12-22,0,-0.0028800799369125274,0.48860488641360444,0.47705882352941176,histgb_leaves7,0.5,2016-11-14,0.24732966406209358,0.0,-0.0
2016-12-23,0,-0.0001326018947337415,0.4246194063920632,0.47705882352941176,histgb_leaves7,0.5,2016-11-14,0.24732966406209358,-1.0,-0.0008673981052662585
2016-12-26,0,-0.0002845466631997695,0.4101421586248518,0.47705882352941176,histgb_leaves7,0.5,2016-11-14,0.24732966406209358,-1.0,-0.0007154533368002305
2016-12-27,1,0.0007007262071601073,0.4178861166097654,0.47705882352941176,histgb_leaves7,0.5,2016-11-14,0.24732966406209358,-1.0,-0.0017007262071601073
2016-12-28,1,0.0013007824478450392,0.41999756607306216,0.47705882352941176,histgb_leaves7,0.5,2016-11-14,0.24732966406209358,-1.0,-0.002300782447845039
2016-12-29,1,0.002989477435384691,0.39615795569318846,0.47705882352941176,histgb_leaves7,0.5,2016-11-14,0.24732966406209358,-1.0,-0.003989477435384691
2017-01-02,1,0.0019433991187947086,0.46296132245699695,0.47705882352941176,histgb_leaves7,0.5,2016-11-14,0.24732966406209358,0.0,0.0
2017-01-03,1,0.004748538816601311,0.444994394824789,0.47705882352941176,histgb_leaves7,0.5,2016-11-14,0.24732966406209358,0.0,0.0
2017-01-04,0,-0.00031764803620204507,0.41827072053284386,0.47705882352941176,histgb_leaves7,0.5,2016-11-14,0.24732966406209358,-1.0,-0.000682351963797955
2017-01-05,0,-0.0017452774844537444,0.38486891135247026,0.47705882352941176,histgb_leaves7,0.5,2016-11-14,0.24732966406209358,-1.0,0.0007452774844537444
2017-01-06,1,0.0004931375756183076,0.45234299818444845,0.47705882352941176,histgb_leaves7,0.5,2016-11-14,0.24732966406209358,0.0,0.0
2017-01-09,0,-0.0021430171733601844,0.427332231978636,0.47705882352941176,histgb_leaves7,0.5,2016-11-14,0.24732966406209358,-1.0,0.0011430171733601844
2017-01-10,1,0.0008907159986295543,0.4367528885063849,0.47705882352941176,histgb_leaves7,0.5,2016-11-14,0.24732966406209358,0.0,0.0
2017-01-11,1,0.01322702238193818,0.439625843888077,0.47705882352941176,histgb_leaves7,0.5,2016-11-14,0.24732966406209358,0.0,0.0
2017-01-12,1,0.004548320490544766,0.4640234927238129,0.47705882352941176,histgb_leaves7,0.5,2016-11-14,0.24732966406209358,0.0,0.0
2017-01-13,0,-0.00015887382529655714,0.548571290913616,0.47705882352941176,histgb_leaves7,0.5,2016-11-14,0.24732966406209358,0.0,-0.0
2017-01-16,0,-0.006191533102555158,0.42839264036609276,0.47705882352941176,histgb_leaves7,0.5,2016-11-14,0.24732966406209358,-1.0,0.005191533102555158
2017-01-17,1,0.0021039699736882245,0.46260355653129626,0.47705882352941176,histgb_leaves7,0.5,2016-11-14,0.24732966406209358,0.0,0.0
2017-01-18,0,-0.0015575497764940271,0.4539586933580091,0.47705882352941176,histgb_leaves7,0.5,2016-11-14,0.24732966406209358,0.0,-0.0
2017-01-19,0,-0.00614688268660013,0.4756085237832483,0.47705882352941176,histgb_leaves7,0.5,2016-11-14,0.24732966406209358,0.0,-0.0
2017-01-20,1,3.388944295457108e-05,0.4583754462641449,0.47705882352941176,histgb_leaves7,0.5,2016-11-14,0.24732966406209358,0.0,0.0
2017-01-23,0,-0.0007883460210290627,0.4186576937527622,0.47705882352941176,histgb_leaves7,0.5,2016-11-14,0.24732966406209358,-1.0,-0.00021165397897093732
2017-01-24,0,-0.0021543604061402544,0.4562462161227451,0.47705882352941176,histgb_leaves7,0.5,2016-11-14,0.24732966406209358,0.0,-0.0
2017-01-25,0,-0.004042730553694973,0.4398762238678478,0.47705882352941176,histgb_leaves7,0.5,2016-11-14,0.24732966406209358,0.0,-0.0
2017-01-26,1,0.0042510736129788285,0.45232609942001956,0.47705882352941176,histgb_leaves7,0.5,2016-11-14,0.24732966406209358,0.0,0.0
2017-01-31,0,-0.004856425016605104,0.42544729064903963,0.47705882352941176,histgb_leaves7,0.5,2016-11-14,0.24732966406209358,-1.0,0.0038564250166051037
2017-02-01,1,0.002491194086666537,0.44738762148223554,0.47705882352941176,histgb_leaves7,0.5,2016-11-14,0.24732966406209358,0.0,0.0
2017-02-02,0,-0.004432202208409564,0.4335062060588155,0.47705882352941176,histgb_leaves7,0.5,2016-11-14,0.24732966406209358,0.0,-0.0
2017-02-03,0,-0.0013199094368708808,0.4433918232920544,0.47705882352941176,histgb_leaves7,0.5,2016-11-14,0.24732966406209358,0.0,-0.0
2017-02-06,0,-0.0038691489310698213,0.48240901960972143,0.47705882352941176,histgb_leaves7,0.5,2016-11-14,0.24732966406209358,0.0,-0.0
2017-02-07,0,-0.0012465107325055902,0.447684925151613,0.47705882352941176,histgb_leaves7,0.5,2016-11-14,0.24732966406209358,0.0,-0.0
2017-02-08,0,-0.003618678169238332,0.4248480859765835,0.47705882352941176,histgb_leaves7,0.5,2016-11-14,0.24732966406209358,-1.0,0.002618678169238332
2017-02-09,0,-0.0006143724451539434,0.4553750272969108,0.47705882352941176,histgb_leaves7,0.5,2016-11-14,0.24732966406209358,0.0,-0.0
2017-02-10,0,-0.0003468542248772355,0.4075858166158812,0.47705882352941176,histgb_leaves7,0.5,2016-11-14,0.24732966406209358,-1.0,-0.0006531457751227645
2017-02-13,1,0.001788003508535141,0.40116156918641843,0.47705882352941176,histgb_leaves7,0.5,2016-11-14,0.24732966406209358,-1.0,-0.002788003508535141
2017-02-14,0,-0.002274804020583887,0.4193272258166021,0.47705882352941176,histgb_leaves7,0.5,2016-11-14,0.24732966406209358,-1.0,0.001274804020583887
2017-02-15,1,0.0049479166666668295,0.4021006451357917,0.47705882352941176,histgb_leaves7,0.5,2016-11-14,0.24732966406209358,-1.0,-0.0059479166666668295
2017-02-16,0,-0.0029931660033810648,0.43326239395810523,0.4753261486103233,histgb_leaves7,0.25,2017-02-14,0.24834090643709902,0.0,-0.0
2017-02-17,1,0.003864766931876762,0.45887660200181435,0.4753261486103233,histgb_leaves7,0.25,2017-02-14,0.24834090643709902,0.0,0.0
2017-02-20,1,0.00011035621065569323,0.44316071983243505,0.4753261486103233,histgb_leaves7,0.25,2017-02-14,0.24834090643709902,0.0,0.0
2017-02-21,1,0.008130510026510551,0.4455546752539904,0.4753261486103233,histgb_leaves7,0.25,2017-02-14,0.24834090643709902,0.0,0.0
2017-02-22,1,9.020043486107632e-05,0.4553108769165629,0.4753261486103233,histgb_leaves7,0.25,2017-02-14,0.24834090643709902,0.0,0.0
2017-02-23,1,0.0007027039859459627,0.4468198860684699,0.4753261486103233,histgb_leaves7,0.25,2017-02-14,0.24834090643709902,0.0,0.0
2017-02-24,0,-0.005844010956927104,0.43694252383229626,0.4753261486103233,histgb_leaves7,0.25,2017-02-14,0.24834090643709902,0.0,-0.0
2017-02-27,0,-0.0047483380816712994,0.4465698343470287,0.4753261486103233,histgb_leaves7,0.25,2017-02-14,0.24834090643709902,0.0,-0.0
2017-02-28,1,0.002098444851144299,0.4635445914549301,0.4753261486103233,histgb_leaves7,0.25,2017-02-14,0.24834090643709902,0.0,0.0
2017-03-02,0,-0.0012065419273319389,0.42544798718196963,0.4753261486103233,histgb_leaves7,0.25,2017-02-14,0.24834090643709902,-1.0,0.00020654192733193886
2017-03-03,0,-0.005820404415281311,0.44190710397545707,0.4753261486103233,histgb_leaves7,0.25,2017-02-14,0.24834090643709902,0.0,-0.0
2017-03-06,1,0.003935944433725691,0.446865847461387,0.4753261486103233,histgb_leaves7,0.25,2017-02-14,0.24834090643709902,0.0,0.0
2017-03-07,1,0.006382252723751369,0.4534147002471772,0.4753261486103233,histgb_leaves7,0.25,2017-02-14,0.24834090643709902,0.0,0.0
2017-03-08,1,0.0015007623299094774,0.45016035229021223,0.4753261486103233,histgb_leaves7,0.25,2017-02-14,0.24834090643709902,0.0,0.0
2017-03-09,0,-0.0034456628969303793,0.4680796672433192,0.4753261486103233,histgb_leaves7,0.25,2017-02-14,0.24834090643709902,0.0,-0.0
2017-03-10,1,0.0041557546189678884,0.46871912175406516,0.4753261486103233,histgb_leaves7,0.25,2017-02-14,0.24834090643709902,0.0,0.0
2017-03-13,1,0.007239448812530691,0.467599554341406,0.4753261486103233,histgb_leaves7,0.25,2017-02-14,0.24834090643709902,0.0,0.0
2017-03-14,1,0.003130994020083655,0.47935110906851436,0.4753261486103233,histgb_leaves7,0.25,2017-02-14,0.24834090643709902,0.0,0.0
2017-03-15,1,0.0021518309356236553,0.45575067364773425,0.4753261486103233,histgb_leaves7,0.25,2017-02-14,0.24834090643709902,0.0,0.0
2017-03-16,0,-0.0022738030051323577,0.4369175293405415,0.4753261486103233,histgb_leaves7,0.25,2017-02-14,0.24834090643709902,0.0,-0.0
2017-03-17,1,0.006561356354657377,0.48564538361217285,0.4753261486103233,histgb_leaves7,0.25,2017-02-14,0.24834090643709902,0.0,0.0
2017-03-20,0,-0.001532180417715856,0.4525049671667638,0.4753261486103233,histgb_leaves7,0.25,2017-02-14,0.24834090643709902,0.0,-0.0
2017-03-21,1,0.007133775630504768,0.44591896254599656,0.4753261486103233,histgb_leaves7,0.25,2017-02-14,0.24834090643709902,0.0,0.0
2017-03-22,1,0.0038565350444683677,0.5297879678584048,0.4753261486103233,histgb_leaves7,0.25,2017-02-14,0.24834090643709902,0.0,0.0
2017-03-23,0,-0.0006301487058955058,0.448852856743095,0.4753261486103233,histgb_leaves7,0.25,2017-02-14,0.24834090643709902,0.0,-0.0
2017-03-24,0,-0.0011099034706361088,0.46595271819604706,0.4753261486103233,histgb_leaves7,0.25,2017-02-14,0.24834090643709902,0.0,-0.0
2017-03-27,0,-0.0025495449224264277,0.443853245980922,0.4753261486103233,histgb_leaves7,0.25,2017-02-14,0.24834090643709902,0.0,-0.0
2017-03-28,0,-0.0015092911408763898,0.4532114515192364,0.4753261486103233,histgb_leaves7,0.25,2017-02-14,0.24834090643709902,0.0,-0.0
2017-03-29,0,-0.002453609291491521,0.43878476076481365,0.4753261486103233,histgb_leaves7,0.25,2017-02-14,0.24834090643709902,0.0,-0.0
2017-03-30,0,-0.0025527836400667248,0.4517506309341348,0.4753261486103233,histgb_leaves7,0.25,2017-02-14,0.24834090643709902,0.0,-0.0
2017-03-31,0,-0.002949294292492355,0.4535278728869036,0.4753261486103233,histgb_leaves7,0.25,2017-02-14,0.24834090643709902,0.0,-0.0
2017-04-03,1,0.0006786578271871235,0.44619450302478875,0.4753261486103233,histgb_leaves7,0.25,2017-02-14,0.24834090643709902,0.0,0.0
2017-04-04,0,-0.0019074186114177438,0.44577622659175203,0.4753261486103233,histgb_leaves7,0.25,2017-02-14,0.24834090643709902,0.0,-0.0
2017-04-05,0,-0.00048568388917169525,0.44633549094016794,0.4753261486103233,histgb_leaves7,0.25,2017-02-14,0.24834090643709902,0.0,-0.0
2017-04-06,1,5.110004459640827e-05,0.44975787942772527,0.4753261486103233,histgb_leaves7,0.25,2017-02-14,0.24834090643709902,0.0,0.0
2017-04-07,0,-0.0014571644693183172,0.44698341763336336,0.4753261486103233,histgb_leaves7,0.25,2017-02-14,0.24834090643709902,0.0,-0.0
2017-04-10,0,-0.007217881358692724,0.45695138465552854,0.4753261486103233,histgb_leaves7,0.25,2017-02-14,0.24834090643709902,0.0,-0.0
2017-04-11,0,-0.002526735016884052,0.4764293151876081,0.4753261486103233,histgb_leaves7,0.25,2017-02-14,0.24834090643709902,0.0,-0.0
2017-04-12,1,0.0003477165827916462,0.4779613541613078,0.4753261486103233,histgb_leaves7,0.25,2017-02-14,0.24834090643709902,0.0,0.0
2017-04-13,1,0.008434085532985414,0.45660486716686943,0.4753261486103233,histgb_leaves7,0.25,2017-02-14,0.24834090643709902,0.0,0.0
2017-04-14,0,-0.00159006304132292,0.4685155189044148,0.4753261486103233,histgb_leaves7,0.25,2017-02-14,0.24834090643709902,0.0,-0.0
2017-04-17,1,0.0022841181388875142,0.47432056072914813,0.4753261486103233,histgb_leaves7,0.25,2017-02-14,0.24834090643709902,0.0,0.0
2017-04-18,0,-0.0032013213569891397,0.4166892419202692,0.4753261486103233,histgb_leaves7,0.25,2017-02-14,0.24834090643709902,-1.0,0.0022013213569891396
2017-04-19,0,-0.003067627670187978,0.4436269353834851,0.4753261486103233,histgb_leaves7,0.25,2017-02-14,0.24834090643709902,0.0,-0.0
2017-04-20,1,0.005125830725987823,0.4531393710048067,0.4753261486103233,histgb_leaves7,0.25,2017-02-14,0.24834090643709902,0.0,0.0
2017-04-21,1,0.0017582498935797553,0.44596398202334375,0.4753261486103233,histgb_leaves7,0.25,2017-02-14,0.24834090643709902,0.0,0.0
2017-04-24,0,-0.0008090094231212319,0.43672982579031705,0.4753261486103233,histgb_leaves7,0.25,2017-02-14,0.24834090643709902,0.0,-0.0
2017-04-25,1,0.009721009330330599,0.42839520934282393,0.4753261486103233,histgb_leaves7,0.25,2017-02-14,0.24834090643709902,-1.0,-0.0107210093303306
2017-04-26,1,0.0024836880269891726,0.47414743925741465,0.4753261486103233,histgb_leaves7,0.25,2017-02-14,0.24834090643709902,0.0,0.0
2017-04-27,1,0.0035154333884419575,0.4625687926492424,0.4753261486103233,histgb_leaves7,0.25,2017-02-14,0.24834090643709902,0.0,0.0
2017-04-28,0,-0.004028251955418338,0.46860152630440133,0.4753261486103233,histgb_leaves7,0.25,2017-02-14,0.24834090643709902,0.0,-0.0
2017-05-02,1,0.0027376096060280908,0.4352796150480741,0.4753261486103233,histgb_leaves7,0.25,2017-02-14,0.24834090643709902,0.0,0.0
2017-05-04,1,0.0073396227263125,0.4466433667900298,0.4753261486103233,histgb_leaves7,0.25,2017-02-14,0.24834090643709902,0.0,0.0
2017-05-08,1,0.020996522103125637,0.4640781957001606,0.4753261486103233,histgb_leaves7,0.25,2017-02-14,0.24834090643709902,0.0,0.0
2017-05-10,0,-0.010452900919750707,0.4667150936724435,0.4753261486103233,histgb_leaves7,0.25,2017-02-14,0.24834090643709902,0.0,-0.0
2017-05-11,1,0.007856149082498431,0.4644039289519476,0.4753261486103233,histgb_leaves7,0.25,2017-02-14,0.24834090643709902,0.0,0.0
2017-05-12,0,-0.004372708030277894,0.4821442067371239,0.4753261486103233,histgb_leaves7,0.25,2017-02-14,0.24834090643709902,0.0,-0.0
2017-05-15,1,0.0010575859944148558,0.4231553190036174,0.4753261486103233,histgb_leaves7,0.25,2017-02-14,0.24834090643709902,-1.0,-0.002057585994414856
2017-05-16,0,-0.004942060839370099,0.45407910352513836,0.4753261486103233,histgb_leaves7,0.25,2017-02-14,0.24834090643709902,0.0,-0.0
2017-05-17,1,0.0006633036010403881,0.4750183692240871,0.4753261486103233,histgb_leaves7,0.25,2017-02-14,0.24834090643709902,0.0,0.0
2017-05-18,1,0.006846389905207362,0.47686961840522485,0.4753261486103233,histgb_leaves7,0.25,2017-02-14,0.24834090643709902,0.0,0.0
2017-05-19,1,0.0007434033881701385,0.44144438232188776,0.4753261486103233,histgb_leaves7,0.25,2017-02-14,0.24834090643709902,0.0,0.0
2017-05-22,1,0.0014560912425893857,0.42339460381953264,0.4753261486103233,histgb_leaves7,0.25,2017-02-14,0.24834090643709902,-1.0,-0.0024560912425893857
2017-05-23,1,0.0013210955130398272,0.4538823852182444,0.47809419496166483,histgb_leaves7,0.25,2017-05-19,0.24827167871151534,0.0,0.0
2017-05-24,0,-0.0008752376722988009,0.46469239672490004,0.47809419496166483,histgb_leaves7,0.25,2017-05-19,0.24827167871151534,0.0,-0.0
2017-05-25,1,0.007499494730142997,0.4477373411384396,0.47809419496166483,histgb_leaves7,0.25,2017-05-19,0.24827167871151534,0.0,0.0
2017-05-26,1,0.004653662573206763,0.47929424673991367,0.47809419496166483,histgb_leaves7,0.25,2017-05-19,0.24827167871151534,0.0,0.0
2017-05-29,0,-0.004071802555669968,0.46270872792617923,0.47809419496166483,histgb_leaves7,0.25,2017-05-19,0.24827167871151534,0.0,-0.0
2017-05-30,0,-0.005457153284052052,0.4814639261354387,0.47809419496166483,histgb_leaves7,0.25,2017-05-19,0.24827167871151534,0.0,-0.0
2017-05-31,1,0.0034754729079833346,0.48624665020952074,0.47809419496166483,histgb_leaves7,0.25,2017-05-19,0.24827167871151534,0.0,0.0
2017-06-01,0,-0.0015756011770166056,0.4704035071934512,0.47809419496166483,histgb_leaves7,0.25,2017-05-19,0.24827167871151534,0.0,-0.0
2017-06-02,1,0.007626063719054832,0.4585384088312075,0.47809419496166483,histgb_leaves7,0.25,2017-05-19,0.24827167871151534,0.0,0.0
2017-06-05,0,-0.0033828986897578295,0.45269153766989234,0.47809419496166483,histgb_leaves7,0.25,2017-05-19,0.24827167871151534,0.0,-0.0
2017-06-07,0,-0.0020380894391449633,0.45904226039651047,0.47809419496166483,histgb_leaves7,0.25,2017-05-19,0.24827167871151534,0.0,-0.0
2017-06-08,1,0.0008172287054759586,0.47091765795551915,0.47809419496166483,histgb_leaves7,0.25,2017-05-19,0.24827167871151534,0.0,0.0
2017-06-09,1,0.004415448587646864,0.4636192071181551,0.47809419496166483,histgb_leaves7,0.25,2017-05-19,0.24827167871151534,0.0,0.0
2017-06-12,0,-0.005407708304333458,0.46733210450415413,0.47809419496166483,histgb_leaves7,0.25,2017-05-19,0.24827167871151534,0.0,-0.0
2017-06-13,1,0.006689501975480239,0.49939898208799627,0.47809419496166483,histgb_leaves7,0.25,2017-05-19,0.24827167871151534,0.0,0.0
2017-06-14,0,-0.004990480344217341,0.4645293001709694,0.47809419496166483,histgb_leaves7,0.25,2017-05-19,0.24827167871151534,0.0,-0.0
2017-06-15,0,-0.004933933326591866,0.4807965281253348,0.47809419496166483,histgb_leaves7,0.25,2017-05-19,0.24827167871151534,0.0,-0.0
2017-06-16,0,-0.0010024532611453418,0.49054781518211243,0.47809419496166483,histgb_leaves7,0.25,2017-05-19,0.24827167871151534,0.0,-0.0
2017-06-19,1,0.00291029686720079,0.4599599852022639,0.47809419496166483,histgb_leaves7,0.25,2017-05-19,0.24827167871151534,0.0,0.0
2017-06-20,0,-0.005586474938510944,0.4508169605393106,0.47809419496166483,histgb_leaves7,0.25,2017-05-19,0.24827167871151534,0.0,-0.0
2017-06-21,0,-0.0002968327940869875,0.48177303321499954,0.47809419496166483,histgb_leaves7,0.25,2017-05-19,0.24827167871151534,0.0,-0.0
2017-06-22,1,0.0026012807606736743,0.47297978425113274,0.47809419496166483,histgb_leaves7,0.25,2017-05-19,0.24827167871151534,0.0,0.0
2017-06-23,1,0.0029769685520799616,0.4770193151565586,0.47809419496166483,histgb_leaves7,0.25,2017-05-19,0.24827167871151534,0.0,0.0
2017-06-26,1,0.0031792162413011305,0.4581250740882229,0.47809419496166483,histgb_leaves7,0.25,2017-05-19,0.24827167871151534,0.0,0.0
2017-06-27,1,0.0021744959694312005,0.4514738586424386,0.47809419496166483,histgb_leaves7,0.25,2017-05-19,0.24827167871151534,0.0,0.0
2017-06-28,0,-0.00014687923589218332,0.4713567100154692,0.47809419496166483,histgb_leaves7,0.25,2017-05-19,0.24827167871151534,0.0,-0.0
2017-06-29,0,-0.0004798044066905982,0.4454978487853581,0.47809419496166483,histgb_leaves7,0.25,2017-05-19,0.24827167871151534,0.0,-0.0
2017-06-30,1,0.004046764477467768,0.4808844597069326,0.47809419496166483,histgb_leaves7,0.25,2017-05-19,0.24827167871151534,0.0,0.0
2017-07-03,0,-0.0013262931358073438,0.45418951784338146,0.47809419496166483,histgb_leaves7,0.25,2017-05-19,0.24827167871151534,0.0,-0.0
2017-07-04,0,-0.006145521951871125,0.4714641941022126,0.47809419496166483,histgb_leaves7,0.25,2017-05-19,0.24827167871151534,0.0,-0.0
2017-07-05,1,0.004770699323940475,0.4771359973155783,0.47809419496166483,histgb_leaves7,0.25,2017-05-19,0.24827167871151534,0.0,0.0
2017-07-06,0,-0.0010458894453020395,0.4815864963430308,0.47809419496166483,histgb_leaves7,0.25,2017-05-19,0.24827167871151534,0.0,-0.0
2017-07-07,1,0.0015065501264575065,0.47847706849147087,0.47809419496166483,histgb_leaves7,0.25,2017-05-19,0.24827167871151534,0.0,0.0
2017-07-10,0,-0.001760046934585091,0.47034486378430007,0.47809419496166483,histgb_leaves7,0.25,2017-05-19,0.24827167871151534,0.0,-0.0
2017-07-11,1,0.004014381374611409,0.4801860506237658,0.47809419496166483,histgb_leaves7,0.25,2017-05-19,0.24827167871151534,0.0,0.0
2017-07-12,0,-0.0015195728497416905,0.4651094355535066,0.47809419496166483,histgb_leaves7,0.25,2017-05-19,0.24827167871151534,0.0,-0.0
2017-07-13,1,0.0015504455972330522,0.47825497360642305,0.47809419496166483,histgb_leaves7,0.25,2017-05-19,0.24827167871151534,0.0,0.0
2017-07-14,0,-0.0015052082687210255,0.5144773320136463,0.47809419496166483,histgb_leaves7,0.25,2017-05-19,0.24827167871151534,0.0,-0.0
2017-07-17,0,-0.0010956601970542046,0.4545799345352214,0.47809419496166483,histgb_leaves7,0.25,2017-05-19,0.24827167871151534,0.0,-0.0
2017-07-18,1,0.00039998845394140226,0.48861302561487274,0.47809419496166483,histgb_leaves7,0.25,2017-05-19,0.24827167871151534,0.0,0.0
2017-07-19,0,-6.172610890953223e-05,0.4713153658234687,0.47809419496166483,histgb_leaves7,0.25,2017-05-19,0.24827167871151534,0.0,-0.0
2017-07-20,1,0.002372683759841898,0.4592200393149567,0.47809419496166483,histgb_leaves7,0.25,2017-05-19,0.24827167871151534,0.0,0.0
2017-07-21,1,0.004625263451397688,0.4691202895315991,0.47809419496166483,histgb_leaves7,0.25,2017-05-19,0.24827167871151534,0.0,0.0
2017-07-24,1,4.895141979521789e-05,0.4468389061000085,0.47809419496166483,histgb_leaves7,0.25,2017-05-19,0.24827167871151534,0.0,0.0
2017-07-25,0,-0.00443127846055924,0.4618910138153972,0.47809419496166483,histgb_leaves7,0.25,2017-05-19,0.24827167871151534,0.0,-0.0
2017-07-26,0,-0.005031019854341512,0.46906843566030787,0.47809419496166483,histgb_leaves7,0.25,2017-05-19,0.24827167871151534,0.0,-0.0
2017-07-27,0,-1.6371435120121625e-05,0.48514290791978654,0.47809419496166483,histgb_leaves7,0.25,2017-05-19,0.24827167871151534,0.0,-0.0
2017-07-28,0,-0.013343141041973317,0.4580236218742496,0.47809419496166483,histgb_leaves7,0.25,2017-05-19,0.24827167871151534,0.0,-0.0
2017-07-31,1,0.004469026178710811,0.4755226862496924,0.47809419496166483,histgb_leaves7,0.25,2017-05-19,0.24827167871151534,0.0,0.0
2017-08-01,1,0.010779602189293858,0.47757940258270903,0.47809419496166483,histgb_leaves7,0.25,2017-05-19,0.24827167871151534,0.0,0.0
2017-08-02,0,-0.0017722476705839263,0.47903349458422523,0.47809419496166483,histgb_leaves7,0.25,2017-05-19,0.24827167871151534,0.0,-0.0
2017-08-03,0,-0.015004890207617194,0.4715619018308292,0.47809419496166483,histgb_leaves7,0.25,2017-05-19,0.24827167871151534,0.0,-0.0
2017-08-04,1,0.0023893812716027085,0.5083442174119128,0.47809419496166483,histgb_leaves7,0.25,2017-05-19,0.24827167871151534,0.0,0.0
2017-08-07,0,-0.0015899640801309012,0.4947047497697297,0.47809419496166483,histgb_leaves7,0.25,2017-05-19,0.24827167871151534,0.0,-0.0
2017-08-08,0,-0.004137764692183521,0.48958173954300116,0.47809419496166483,histgb_leaves7,0.25,2017-05-19,0.24827167871151534,0.0,-0.0
2017-08-09,0,-0.004752699920158032,0.5083201247899685,0.47809419496166483,histgb_leaves7,0.25,2017-05-19,0.24827167871151534,0.0,-0.0
2017-08-10,0,-0.0006268663038183631,0.5058779140093019,0.47809419496166483,histgb_leaves7,0.25,2017-05-19,0.24827167871151534,0.0,-0.0
2017-08-11,0,-0.0014420634852306824,0.5137865507547186,0.47809419496166483,histgb_leaves7,0.25,2017-05-19,0.24827167871151534,0.0,-0.0
2017-08-14,0,-0.0007705413481049472,0.4776109708240692,0.47809419496166483,histgb_leaves7,0.25,2017-05-19,0.24827167871151534,0.0,-0.0
2017-08-16,0,-0.003175223072155453,0.4936582461771801,0.47809419496166483,histgb_leaves7,0.25,2017-05-19,0.24827167871151534,0.0,-0.0
2017-08-17,1,0.0042779202333720345,0.4868940411981735,0.47809419496166483,histgb_leaves7,0.25,2017-05-19,0.24827167871151534,0.0,0.0
2017-08-18,1,0.007768599985471303,0.5173057226626768,0.47809419496166483,histgb_leaves7,0.25,2017-05-19,0.24827167871151534,0.0,0.0
2017-08-21,0,-0.0035457691949666303,0.46065334636093347,0.47809419496166483,histgb_leaves7,0.25,2017-05-19,0.24827167871151534,0.0,-0.0
2017-08-22,1,0.002135330827991444,0.47181027378131346,0.47697194282689254,histgb_leaves7,0.5,2017-08-18,0.24722952945599022,0.0,0.0
2017-08-23,0,-0.0042625171994462585,0.3948511756481996,0.47697194282689254,histgb_leaves7,0.5,2017-08-18,0.24722952945599022,-1.0,0.0032625171994462585
2017-08-24,1,0.0024133799132535216,0.5068045684281917,0.47697194282689254,histgb_leaves7,0.5,2017-08-18,0.24722952945599022,0.0,0.0
2017-08-25,0,-0.0012429297870640843,0.47542454227831366,0.47697194282689254,histgb_leaves7,0.5,2017-08-18,0.24722952945599022,0.0,-0.0
2017-08-28,0,-0.002558513369073978,0.4554338913546827,0.47697194282689254,histgb_leaves7,0.5,2017-08-18,0.24722952945599022,0.0,-0.0
2017-08-29,1,0.0036244800950682166,0.5269872048085521,0.47697194282689254,histgb_leaves7,0.5,2017-08-18,0.24722952945599022,0.0,0.0
2017-08-30,1,0.0017566603184790974,0.4648270083654077,0.47697194282689254,histgb_leaves7,0.5,2017-08-18,0.24722952945599022,0.0,0.0
2017-08-31,0,-0.004536723449426239,0.47072077403607004,0.47697194282689254,histgb_leaves7,0.5,2017-08-18,0.24722952945599022,0.0,-0.0
2017-09-01,0,-0.004122579146338734,0.4789905969488798,0.47697194282689254,histgb_leaves7,0.5,2017-08-18,0.24722952945599022,0.0,-0.0
2017-09-04,1,0.005507382741519962,0.48892857039101667,0.47697194282689254,histgb_leaves7,0.5,2017-08-18,0.24722952945599022,0.0,0.0
2017-09-05,0,-0.00598132118840311,0.45889196851796443,0.47697194282689254,histgb_leaves7,0.5,2017-08-18,0.24722952945599022,0.0,-0.0
2017-09-06,0,-0.002159288381135882,0.5034633124435044,0.47697194282689254,histgb_leaves7,0.5,2017-08-18,0.24722952945599022,0.0,-0.0
2017-09-07,1,0.007406803094970327,0.48366210615468164,0.47697194282689254,histgb_leaves7,0.5,2017-08-18,0.24722952945599022,0.0,0.0
2017-09-08,0,-0.002752968908896869,0.45375376070093654,0.47697194282689254,histgb_leaves7,0.5,2017-08-18,0.24722952945599022,0.0,-0.0
2017-09-11,1,0.0017920385925276339,0.448031991863475,0.47697194282689254,histgb_leaves7,0.5,2017-08-18,0.24722952945599022,0.0,0.0
2017-09-12,0,-0.0027613595163616944,0.40421882010625054,0.47697194282689254,histgb_leaves7,0.5,2017-08-18,0.24722952945599022,-1.0,0.0017613595163616944
2017-09-13,0,-0.004370312249529662,0.5043887801175779,0.47697194282689254,histgb_leaves7,0.5,2017-08-18,0.24722952945599022,0.0,-0.0
2017-09-14,1,0.00512356586656737,0.4952216062451906,0.47697194282689254,histgb_leaves7,0.5,2017-08-18,0.24722952945599022,0.0,0.0
2017-09-15,1,0.007443718228032026,0.4632327387204983,0.47697194282689254,histgb_leaves7,0.5,2017-08-18,0.24722952945599022,0.0,0.0
2017-09-18,1,0.011557864618628066,0.45258481599089795,0.47697194282689254,histgb_leaves7,0.5,2017-08-18,0.24722952945599022,0.0,0.0
2017-09-19,0,-0.0013433637829124434,0.5274860737497681,0.47697194282689254,histgb_leaves7,0.5,2017-08-18,0.24722952945599022,0.0,-0.0
2017-09-20,0,-0.0035607769268265477,0.5127509802366056,0.47697194282689254,histgb_leaves7,0.5,2017-08-18,0.24722952945599022,0.0,-0.0
2017-09-21,0,-0.002284401805962788,0.46625684812816537,0.47697194282689254,histgb_leaves7,0.5,2017-08-18,0.24722952945599022,0.0,-0.0
2017-09-22,0,-0.006504876577869245,0.47721104371306877,0.47697194282689254,histgb_leaves7,0.5,2017-08-18,0.24722952945599022,0.0,-0.0
2017-09-25,0,-0.003503895310138616,0.45396562390440814,0.47697194282689254,histgb_leaves7,0.5,2017-08-18,0.24722952945599022,0.0,-0.0
2017-09-26,1,0.001138462316897515,0.4691652314323979,0.47697194282689254,histgb_leaves7,0.5,2017-08-18,0.24722952945599022,0.0,0.0
2017-09-27,0,-0.0018175010202405861,0.4350055949357714,0.47697194282689254,histgb_leaves7,0.5,2017-08-18,0.24722952945599022,0.0,-0.0
2017-09-28,0,-0.0004043637588980742,0.4426294098087815,0.47697194282689254,histgb_leaves7,0.5,2017-08-18,0.24722952945599022,0.0,-0.0
2017-09-29,1,0.006646599345850213,0.47549015668351713,0.47697194282689254,histgb_leaves7,0.5,2017-08-18,0.24722952945599022,0.0,0.0
2017-10-10,1,0.0033723197684725204,0.4700626482140935,0.47697194282689254,histgb_leaves7,0.5,2017-08-18,0.24722952945599022,0.0,0.0
2017-10-11,1,0.006415584096557181,0.5291591253615076,0.47697194282689254,histgb_leaves7,0.5,2017-08-18,0.24722952945599022,0.0,0.0
2017-10-12,1,0.005305276841207407,0.580766826262526,0.47697194282689254,histgb_leaves7,0.5,2017-08-18,0.24722952945599022,1.0,0.004305276841207407
2017-10-13,0,-1.2127827299868166e-05,0.5595079455210497,0.47697194282689254,histgb_leaves7,0.5,2017-08-18,0.24722952945599022,0.0,-0.0
2017-10-16,0,-0.0012564584784771071,0.5538326364622478,0.47697194282689254,histgb_leaves7,0.5,2017-08-18,0.24722952945599022,0.0,-0.0
2017-10-17,0,-0.00023742836906837095,0.5458685978153877,0.47697194282689254,histgb_leaves7,0.5,2017-08-18,0.24722952945599022,0.0,-0.0
2017-10-18,1,0.0005561085298182444,0.4873894241389047,0.47697194282689254,histgb_leaves7,0.5,2017-08-18,0.24722952945599022,0.0,0.0
2017-10-19,0,-0.005093091740018929,0.5014947139609629,0.47697194282689254,histgb_leaves7,0.5,2017-08-18,0.24722952945599022,0.0,-0.0
2017-10-20,1,0.004940863036370091,0.4913395649904475,0.47697194282689254,histgb_leaves7,0.5,2017-08-18,0.24722952945599022,0.0,0.0
2017-10-23,0,-0.0030428602886712897,0.4281969526214694,0.47697194282689254,histgb_leaves7,0.5,2017-08-18,0.24722952945599022,-1.0,0.0020428602886712896
2017-10-24,1,0.0004740269391918517,0.4924328592706294,0.47697194282689254,histgb_leaves7,0.5,2017-08-18,0.24722952945599022,0.0,0.0
2017-10-25,0,-0.0013502305809196535,0.47078975930860767,0.47697194282689254,histgb_leaves7,0.5,2017-08-18,0.24722952945599022,0.0,-0.0
2017-10-26,0,-0.0036029884318765637,0.4543502145164946,0.47697194282689254,histgb_leaves7,0.5,2017-08-18,0.24722952945599022,0.0,-0.0
2017-10-27,1,0.004502220934723855,0.48549297222901056,0.47697194282689254,histgb_leaves7,0.5,2017-08-18,0.24722952945599022,0.0,0.0
2017-10-30,0,-0.004749648947638518,0.45254837886261357,0.47697194282689254,histgb_leaves7,0.5,2017-08-18,0.24722952945599022,0.0,-0.0
2017-10-31,1,0.009287219873530539,0.45715002696922624,0.47697194282689254,histgb_leaves7,0.5,2017-08-18,0.24722952945599022,0.0,0.0
2017-11-01,1,0.008083691841780372,0.5017461880985498,0.47697194282689254,histgb_leaves7,0.5,2017-08-18,0.24722952945599022,0.0,0.0
2017-11-02,0,-0.005460212315551827,0.5639030164141072,0.47697194282689254,histgb_leaves7,0.5,2017-08-18,0.24722952945599022,0.0,-0.0
2017-11-03,0,-0.0001563495506905488,0.5141831458351086,0.47697194282689254,histgb_leaves7,0.5,2017-08-18,0.24722952945599022,0.0,-0.0
2017-11-06,0,-0.0030813869369528124,0.4441225244551938,0.47697194282689254,histgb_leaves7,0.5,2017-08-18,0.24722952945599022,0.0,-0.0
2017-11-07,0,-0.0011223168386768068,0.4630737529399662,0.47697194282689254,histgb_leaves7,0.5,2017-08-18,0.24722952945599022,0.0,-0.0
2017-11-08,1,0.007070483886240986,0.4957157471444378,0.47697194282689254,histgb_leaves7,0.5,2017-08-18,0.24722952945599022,0.0,0.0
2017-11-09,0,-0.0036563499783195397,0.45517624712946797,0.47697194282689254,histgb_leaves7,0.5,2017-08-18,0.24722952945599022,0.0,-0.0
2017-11-10,1,0.0006965268103793498,0.4846390984838067,0.47697194282689254,histgb_leaves7,0.5,2017-08-18,0.24722952945599022,0.0,0.0
2017-11-13,0,-0.007032221860320931,0.4466441174788395,0.47697194282689254,histgb_leaves7,0.5,2017-08-18,0.24722952945599022,0.0,-0.0
2017-11-14,0,-0.002333616315571385,0.5022845795280692,0.47697194282689254,histgb_leaves7,0.5,2017-08-18,0.24722952945599022,0.0,-0.0
2017-11-15,0,-0.0029101995565410377,0.4362965280460107,0.47697194282689254,histgb_leaves7,0.5,2017-08-18,0.24722952945599022,0.0,-0.0
2017-11-16,1,0.004904020741985926,0.4576819506776647,0.47697194282689254,histgb_leaves7,0.5,2017-08-18,0.24722952945599022,0.0,0.0
2017-11-17,0,-0.004736749081911351,0.4597789279165478,0.47697194282689254,histgb_leaves7,0.5,2017-08-18,0.24722952945599022,0.0,-0.0
2017-11-20,0,-0.003599022390413209,0.4266053335771559,0.47697194282689254,histgb_leaves7,0.5,2017-08-18,0.24722952945599022,-1.0,0.002599022390413209
2017-11-21,0,-0.0012431675118890206,0.47204386460184455,0.47697194282689254,histgb_leaves7,0.5,2017-08-18,0.24722952945599022,0.0,-0.0
2017-11-22,0,-0.002395341257593442,0.46722012345828307,0.47697194282689254,histgb_leaves7,0.5,2017-08-18,0.24722952945599022,0.0,-0.0
2017-11-23,0,-0.0020414264024481987,0.46927301006962713,0.47697194282689254,histgb_leaves7,0.5,2017-08-18,0.24722952945599022,0.0,-0.0
2017-11-24,1,0.0017875493643175755,0.48694879755961185,0.47697194282689254,histgb_leaves7,0.5,2017-08-18,0.24722952945599022,0.0,0.0
2017-11-27,0,-0.014512288092300096,0.4370444312514678,0.4738729508196721,logistic_C0.1,0.25,2017-11-23,0.2475360530933444,0.0,-0.0
2017-11-28,1,0.0006646713259994552,0.46201035112347955,0.4738729508196721,logistic_C0.1,0.25,2017-11-23,0.2475360530933444,0.0,0.0
2017-11-29,0,-0.0017320419821552635,0.44877353754727123,0.4738729508196721,logistic_C0.1,0.25,2017-11-23,0.2475360530933444,0.0,-0.0
2017-11-30,0,-0.010330826226310985,0.43105004538465214,0.4738729508196721,logistic_C0.1,0.25,2017-11-23,0.2475360530933444,0.0,-0.0
2017-12-01,0,-0.005428057149285737,0.4326191146172159,0.4738729508196721,logistic_C0.1,0.25,2017-11-23,0.2475360530933444,0.0,-0.0
2017-12-04,1,0.006011935400849433,0.4446616870189076,0.4738729508196721,logistic_C0.1,0.25,2017-11-23,0.2475360530933444,0.0,0.0
2017-12-05,1,0.007784866284181735,0.4394904654385344,0.4738729508196721,logistic_C0.1,0.25,2017-11-23,0.2475360530933444,0.0,0.0
2017-12-06,0,-0.01426983614786137,0.4192025152947843,0.4738729508196721,logistic_C0.1,0.25,2017-11-23,0.2475360530933444,-1.0,0.013269836147861369
2017-12-07,0,-0.007085963178802723,0.46028240197359993,0.4738729508196721,logistic_C0.1,0.25,2017-11-23,0.2475360530933444,0.0,-0.0
2017-12-08,0,-0.002465497208603784,0.4425460787686725,0.4738729508196721,logistic_C0.1,0.25,2017-11-23,0.2475360530933444,0.0,-0.0
2017-12-11,1,0.0014912007002159111,0.4310761149701568,0.4738729508196721,logistic_C0.1,0.25,2017-11-23,0.2475360530933444,0.0,0.0
2017-12-12,0,-0.004139638965211634,0.4429866972307609,0.4738729508196721,logistic_C0.1,0.25,2017-11-23,0.2475360530933444,0.0,-0.0
2017-12-13,1,0.00736267574174998,0.45400047436299934,0.4738729508196721,logistic_C0.1,0.25,2017-11-23,0.2475360530933444,0.0,0.0
2017-12-14,0,-0.006872921333403115,0.45326189183275645,0.4738729508196721,logistic_C0.1,0.25,2017-11-23,0.2475360530933444,0.0,-0.0
2017-12-15,0,-0.002539794807083995,0.4498735754959625,0.4738729508196721,logistic_C0.1,0.25,2017-11-23,0.2475360530933444,0.0,-0.0
2017-12-18,0,-0.0027924767862810285,0.42767115846499965,0.4738729508196721,logistic_C0.1,0.25,2017-11-23,0.2475360530933444,-1.0,0.0017924767862810284
2017-12-19,0,-0.0037381975456520777,0.4557093944839277,0.4738729508196721,logistic_C0.1,0.25,2017-11-23,0.2475360530933444,0.0,-0.0
2017-12-20,0,-0.0005861380375291603,0.4777487806559031,0.4738729508196721,logistic_C0.1,0.25,2017-11-23,0.2475360530933444,0.0,-0.0
2017-12-21,0,-0.016796555714713612,0.464755825690318,0.4738729508196721,logistic_C0.1,0.25,2017-11-23,0.2475360530933444,0.0,-0.0
2017-12-22,1,0.0012102117255157196,0.4620911228557193,0.4738729508196721,logistic_C0.1,0.25,2017-11-23,0.2475360530933444,0.0,0.0
2017-12-26,0,-0.008305858224352147,0.4835820135932782,0.4738729508196721,logistic_C0.1,0.25,2017-11-23,0.2475360530933444,0.0,-0.0
2017-12-27,1,0.006530737010814303,0.45798997906452715,0.4738729508196721,logistic_C0.1,0.25,2017-11-23,0.2475360530933444,0.0,0.0
2017-12-28,1,0.011552447208431849,0.44371449013760406,0.4738729508196721,logistic_C0.1,0.25,2017-11-23,0.2475360530933444,0.0,0.0
2018-01-02,1,0.0019354630160897113,0.48337865667504787,0.4738729508196721,logistic_C0.1,0.25,2017-11-23,0.2475360530933444,0.0,0.0
2018-01-03,1,0.0006922559898254743,0.43587558730780285,0.4738729508196721,logistic_C0.1,0.25,2017-11-23,0.2475360530933444,0.0,0.0
2018-01-04,0,-0.014401598401598381,0.4601376318540581,0.4738729508196721,logistic_C0.1,0.25,2017-11-23,0.2475360530933444,0.0,-0.0
2018-01-05,1,0.008345277267497009,0.4795675819479356,0.4738729508196721,logistic_C0.1,0.25,2017-11-23,0.2475360530933444,0.0,0.0
2018-01-08,1,0.0010276018640220652,0.43998684574131275,0.4738729508196721,logistic_C0.1,0.25,2017-11-23,0.2475360530933444,0.0,0.0
2018-01-09,0,-0.0001991452685076167,0.47989958015727063,0.4738729508196721,logistic_C0.1,0.25,2017-11-23,0.2475360530933444,0.0,-0.0
2018-01-10,0,-0.00658896090735317,0.4544533929065987,0.4738729508196721,logistic_C0.1,0.25,2017-11-23,0.2475360530933444,0.0,-0.0
2018-01-11,0,-0.003584502134681311,0.47395451819083795,0.4738729508196721,logistic_C0.1,0.25,2017-11-23,0.2475360530933444,0.0,-0.0
2018-01-12,0,-0.0013800717637316717,0.44965740807159393,0.4738729508196721,logistic_C0.1,0.25,2017-11-23,0.2475360530933444,0.0,-0.0
2018-01-15,0,-0.0028833478695483583,0.43284279726659614,0.4738729508196721,logistic_C0.1,0.25,2017-11-23,0.2475360530933444,0.0,-0.0
2018-01-16,1,0.007020318190530839,0.47261342371281595,0.4738729508196721,logistic_C0.1,0.25,2017-11-23,0.2475360530933444,0.0,0.0
2018-01-17,0,-0.0006991923533782307,0.4565025831773293,0.4738729508196721,logistic_C0.1,0.25,2017-11-23,0.2475360530933444,0.0,-0.0
2018-01-18,0,-0.00469206818928114,0.46017430272027365,0.4738729508196721,logistic_C0.1,0.25,2017-11-23,0.2475360530933444,0.0,-0.0
2018-01-19,1,0.0002341576476285745,0.46233972124692435,0.4738729508196721,logistic_C0.1,0.25,2017-11-23,0.2475360530933444,0.0,0.0
2018-01-22,0,-0.005876276371727163,0.43586080705186553,0.4738729508196721,logistic_C0.1,0.25,2017-11-23,0.2475360530933444,0.0,-0.0
2018-01-23,1,0.010456709223813476,0.463199575409325,0.4738729508196721,logistic_C0.1,0.25,2017-11-23,0.2475360530933444,0.0,0.0
2018-01-24,1,0.0016338708531646873,0.45804720480636696,0.4738729508196721,logistic_C0.1,0.25,2017-11-23,0.2475360530933444,0.0,0.0
2018-01-25,1,0.009960740413723412,0.44288025047597523,0.4738729508196721,logistic_C0.1,0.25,2017-11-23,0.2475360530933444,0.0,0.0
2018-01-26,1,0.005494612780149177,0.4277354113266725,0.4738729508196721,logistic_C0.1,0.25,2017-11-23,0.2475360530933444,-1.0,-0.006494612780149177
2018-01-29,1,0.0036000262662860827,0.4203124120548344,0.4738729508196721,logistic_C0.1,0.25,2017-11-23,0.2475360530933444,-1.0,-0.004600026266286083
2018-01-30,0,-0.00875151037866595,0.45931399571118225,0.4738729508196721,logistic_C0.1,0.25,2017-11-23,0.2475360530933444,0.0,-0.0
2018-01-31,1,0.0035544328743983833,0.4479477214994423,0.4738729508196721,logistic_C0.1,0.25,2017-11-23,0.2475360530933444,0.0,0.0
2018-02-01,0,-0.004021078672772571,0.44375077193625606,0.4738729508196721,logistic_C0.1,0.25,2017-11-23,0.2475360530933444,0.0,-0.0
2018-02-02,0,-0.01582235316583458,0.44861414326236326,0.4738729508196721,logistic_C0.1,0.25,2017-11-23,0.2475360530933444,0.0,-0.0
2018-02-05,1,0.00177297836242718,0.4576957579565309,0.4738729508196721,logistic_C0.1,0.25,2017-11-23,0.2475360530933444,0.0,0.0
2018-02-06,1,0.0066843932343598755,0.5028046919748245,0.4738729508196721,logistic_C0.1,0.25,2017-11-23,0.2475360530933444,0.0,0.0
2018-02-07,0,-0.035092522506562696,0.4217712896883872,0.4738729508196721,logistic_C0.1,0.25,2017-11-23,0.2475360530933444,-1.0,0.034092522506562695
2018-02-08,1,0.0031039468037679097,0.4827902931509729,0.4738729508196721,logistic_C0.1,0.25,2017-11-23,0.2475360530933444,0.0,0.0
2018-02-09,1,0.007261167667349966,0.47658682184431855,0.4738729508196721,logistic_C0.1,0.25,2017-11-23,0.2475360530933444,0.0,0.0
2018-02-12,1,0.0020541989254314608,0.40051478381959027,0.4738729508196721,logistic_C0.1,0.25,2017-11-23,0.2475360530933444,-1.0,-0.003054198925431461
2018-02-13,0,-0.003204474611821495,0.46205134188630415,0.4738729508196721,logistic_C0.1,0.25,2017-11-23,0.2475360530933444,0.0,-0.0
2018-02-14,1,0.0038798409928413324,0.4449021335199098,0.4738729508196721,logistic_C0.1,0.25,2017-11-23,0.2475360530933444,0.0,0.0
2018-02-19,0,-0.003955115554613142,0.43422440592443945,0.4738729508196721,logistic_C0.1,0.25,2017-11-23,0.2475360530933444,0.0,-0.0
2018-02-20,0,-0.0074917295087020275,0.5009862321726133,0.4738729508196721,logistic_C0.1,0.25,2017-11-23,0.2475360530933444,0.0,-0.0
2018-02-21,1,0.004930244485529922,0.4706260135002076,0.4738729508196721,logistic_C0.1,0.25,2017-11-23,0.2475360530933444,0.0,0.0
2018-02-22,0,-0.0011997451575801454,0.45219519608042064,0.4738729508196721,logistic_C0.1,0.25,2017-11-23,0.2475360530933444,0.0,-0.0
2018-02-23,1,0.010048905497439309,0.4623619898768483,0.4738729508196721,logistic_C0.1,0.25,2017-11-23,0.2475360530933444,0.0,0.0
2018-02-26,0,-0.0031232887825257682,0.43497916757901217,0.4738729508196721,logistic_C0.1,0.25,2017-11-23,0.2475360530933444,0.0,-0.0
2018-02-27,0,-0.0072511802366940215,0.4967983117789949,0.4738729508196721,logistic_C0.1,0.25,2017-11-23,0.2475360530933444,0.0,-0.0
2018-02-28,0,-0.00807074467433011,0.5036297468656935,0.4738729508196721,logistic_C0.1,0.25,2017-11-23,0.2475360530933444,0.0,-0.0
2018-03-02,0,-0.001832483576210242,0.5053026148253015,0.47344913151364765,logistic_C0.1,0.25,2018-02-27,0.24751618964240404,0.0,-0.0
2018-03-05,0,-0.012826694154419171,0.44247232301818024,0.47344913151364765,logistic_C0.1,0.25,2018-02-27,0.24751618964240404,0.0,-0.0
2018-03-06,1,0.004473751077824106,0.4822697446391782,0.47344913151364765,logistic_C0.1,0.25,2018-02-27,0.24751618964240404,0.0,0.0
2018-03-07,0,-0.004794086326702196,0.4812459508529835,0.47344913151364765,logistic_C0.1,0.25,2018-02-27,0.24751618964240404,0.0,-0.0
2018-03-08,1,0.005126679803525436,0.4550811199285566,0.47344913151364765,logistic_C0.1,0.25,2018-02-27,0.24751618964240404,0.0,0.0
2018-03-09,1,0.00655635725189585,0.46521337092909165,0.47344913151364765,logistic_C0.1,0.25,2018-02-27,0.24751618964240404,0.0,0.0
2018-03-12,0,-0.0006115125279605449,0.4216909840273895,0.47344913151364765,logistic_C0.1,0.25,2018-02-27,0.24751618964240404,-1.0,-0.0003884874720394551
2018-03-13,1,0.00460723706731625,0.47712198030219843,0.47344913151364765,logistic_C0.1,0.25,2018-02-27,0.24751618964240404,0.0,0.0
2018-03-14,1,0.0034915214557020846,0.4651101286528525,0.47344913151364765,logistic_C0.1,0.25,2018-02-27,0.24751618964240404,0.0,0.0
2018-03-15,1,0.0025663716814159354,0.4608206614805984,0.47344913151364765,logistic_C0.1,0.25,2018-02-27,0.24751618964240404,0.0,0.0
2018-03-16,0,-0.0004568936840461113,0.4624422186099331,0.47344913151364765,logistic_C0.1,0.25,2018-02-27,0.24751618964240404,0.0,-0.0
2018-03-19,0,-0.0068058058017888,0.4457570695866806,0.47344913151364765,logistic_C0.1,0.25,2018-02-27,0.24751618964240404,0.0,-0.0
2018-03-20,1,0.011690003256268344,0.48480275874570977,0.47344913151364765,logistic_C0.1,0.25,2018-02-27,0.24751618964240404,0.0,0.0
2018-03-21,0,-0.0013061546004774494,0.45466686387467076,0.47344913151364765,logistic_C0.1,0.25,2018-02-27,0.24751618964240404,0.0,-0.0
2018-03-22,1,0.0004729762229240819,0.4622298421317283,0.47344913151364765,logistic_C0.1,0.25,2018-02-27,0.24751618964240404,0.0,0.0
2018-03-23,0,-0.012249001728838027,0.4947536123555713,0.47344913151364765,logistic_C0.1,0.25,2018-02-27,0.24751618964240404,0.0,-0.0
2018-03-26,1,0.009276591515231969,0.450241587923882,0.47344913151364765,logistic_C0.1,0.25,2018-02-27,0.24751618964240404,0.0,0.0
2018-03-27,0,-0.0011975560081466385,0.4367059310137112,0.47344913151364765,logistic_C0.1,0.25,2018-02-27,0.24751618964240404,0.0,-0.0
2018-03-28,0,-0.0027412054708690903,0.49360630364396885,0.47344913151364765,logistic_C0.1,0.25,2018-02-27,0.24751618964240404,0.0,-0.0
2018-03-29,1,0.006057728042284438,0.4452369444628841,0.47344913151364765,logistic_C0.1,0.25,2018-02-27,0.24751618964240404,0.0,0.0
2018-03-30,0,-0.003361721201254997,0.445213486406576,0.47344913151364765,logistic_C0.1,0.25,2018-02-27,0.24751618964240404,0.0,-0.0
2018-04-02,0,-0.00430191630817367,0.42793569760263617,0.47344913151364765,logistic_C0.1,0.25,2018-02-27,0.24751618964240404,-1.0,0.00330191630817367
2018-04-03,1,0.008326934350564974,0.46759086789393484,0.47344913151364765,logistic_C0.1,0.25,2018-02-27,0.24751618964240404,0.0,0.0
2018-04-04,0,-0.016303304370560046,0.41923370265338245,0.47344913151364765,logistic_C0.1,0.25,2018-02-27,0.24751618964240404,-1.0,0.015303304370560045
2018-04-05,1,0.004367675901966184,0.43650603111218134,0.47344913151364765,logistic_C0.1,0.25,2018-02-27,0.24751618964240404,0.0,0.0
2018-04-06,1,0.0035937345097649676,0.45475715944181005,0.47344913151364765,logistic_C0.1,0.25,2018-02-27,0.24751618964240404,0.0,0.0
2018-04-09,1,0.008221438442340467,0.4372483495583278,0.47344913151364765,logistic_C0.1,0.25,2018-02-27,0.24751618964240404,0.0,0.0
2018-04-10,1,0.004426338352582437,0.44753127593840614,0.47344913151364765,logistic_C0.1,0.25,2018-02-27,0.24751618964240404,0.0,0.0
2018-04-11,0,-0.005011133590878347,0.45626243053155185,0.47344913151364765,logistic_C0.1,0.25,2018-02-27,0.24751618964240404,0.0,-0.0
2018-04-12,0,-0.0033619616883248105,0.4677048999686855,0.47344913151364765,logistic_C0.1,0.25,2018-02-27,0.24751618964240404,0.0,-0.0
2018-04-13,1,0.0023066685174448764,0.455064904484872,0.47344913151364765,logistic_C0.1,0.25,2018-02-27,0.24751618964240404,0.0,0.0
2018-04-16,0,-0.0034670970462766793,0.45391732354477626,0.47344913151364765,logistic_C0.1,0.25,2018-02-27,0.24751618964240404,0.0,-0.0
2018-04-17,0,-0.0022851194808468644,0.46342459743894615,0.47344913151364765,logistic_C0.1,0.25,2018-02-27,0.24751618964240404,0.0,-0.0
2018-04-18,1,0.005037385260683536,0.4590007344673623,0.47344913151364765,logistic_C0.1,0.25,2018-02-27,0.24751618964240404,0.0,0.0
2018-04-19,1,0.0011436579335226682,0.4470489791228481,0.47344913151364765,logistic_C0.1,0.25,2018-02-27,0.24751618964240404,0.0,0.0
2018-04-20,0,-0.000911808729963548,0.4363509837414916,0.47344913151364765,logistic_C0.1,0.25,2018-02-27,0.24751618964240404,0.0,-0.0
2018-04-23,1,0.00016574362291321698,0.44491775256304045,0.47344913151364765,logistic_C0.1,0.25,2018-02-27,0.24751618964240404,0.0,0.0
2018-04-24,0,-0.005781792799590013,0.452340033295481,0.47344913151364765,logistic_C0.1,0.25,2018-02-27,0.24751618964240404,0.0,-0.0
2018-04-25,1,0.0018901967522981789,0.48619891189518893,0.47344913151364765,logistic_C0.1,0.25,2018-02-27,0.24751618964240404,0.0,0.0
2018-04-26,1,0.006104152611943414,0.4491778163092478,0.47344913151364765,logistic_C0.1,0.25,2018-02-27,0.24751618964240404,0.0,0.0
2018-04-27,0,-0.0021419277349614685,0.44782570761389784,0.47344913151364765,logistic_C0.1,0.25,2018-02-27,0.24751618964240404,0.0,-0.0
2018-04-30,1,0.005231208213276606,0.4554845768451903,0.47344913151364765,logistic_C0.1,0.25,2018-02-27,0.24751618964240404,0.0,0.0
2018-05-02,0,-0.00403060717479875,0.45205369264473483,0.47344913151364765,logistic_C0.1,0.25,2018-02-27,0.24751618964240404,0.0,-0.0
2018-05-03,0,-0.007854196749822462,0.45814178622822815,0.47344913151364765,logistic_C0.1,0.25,2018-02-27,0.24751618964240404,0.0,-0.0
2018-05-04,0,-0.01009061038339476,0.46511401406097425,0.47344913151364765,logistic_C0.1,0.25,2018-02-27,0.24751618964240404,0.0,-0.0
2018-05-08,0,-0.0075512973728452115,0.47842666199654826,0.47344913151364765,logistic_C0.1,0.25,2018-02-27,0.24751618964240404,0.0,-0.0
2018-05-09,0,-0.0027461429544907157,0.477351501589314,0.47344913151364765,logistic_C0.1,0.25,2018-02-27,0.24751618964240404,0.0,-0.0
2018-05-10,1,0.0022329145432284925,0.4590454968630293,0.47344913151364765,logistic_C0.1,0.25,2018-02-27,0.24751618964240404,0.0,0.0
2018-05-11,1,0.003405823512736328,0.47307420335793327,0.47344913151364765,logistic_C0.1,0.25,2018-02-27,0.24751618964240404,0.0,0.0
2018-05-14,0,-0.0027628203321021783,0.43821450987094046,0.47344913151364765,logistic_C0.1,0.25,2018-02-27,0.24751618964240404,0.0,-0.0
2018-05-15,0,-0.007400469140487753,0.46834349606703646,0.47344913151364765,logistic_C0.1,0.25,2018-02-27,0.24751618964240404,0.0,-0.0
2018-05-16,1,0.005386979694601779,0.46850511453899135,0.47344913151364765,logistic_C0.1,0.25,2018-02-27,0.24751618964240404,0.0,0.0
2018-05-17,0,-0.008210732687384592,0.44776465762667217,0.47344913151364765,logistic_C0.1,0.25,2018-02-27,0.24751618964240404,0.0,-0.0
2018-05-18,1,0.00037402479133885613,0.47083045886117586,0.47344913151364765,logistic_C0.1,0.25,2018-02-27,0.24751618964240404,0.0,0.0
2018-05-21,1,0.0006087489397623713,0.4662133620684461,0.47344913151364765,logistic_C0.1,0.25,2018-02-27,0.24751618964240404,0.0,0.0
2018-05-23,1,0.0036256892057588974,0.47849982795639373,0.47344913151364765,logistic_C0.1,0.25,2018-02-27,0.24751618964240404,0.0,0.0
2018-05-24,0,-0.004629704377028143,0.4552012664467898,0.47344913151364765,logistic_C0.1,0.25,2018-02-27,0.24751618964240404,0.0,-0.0
2018-05-25,1,0.003261578604044413,0.46485522194164486,0.47344913151364765,logistic_C0.1,0.25,2018-02-27,0.24751618964240404,0.0,0.0
2018-05-28,1,0.0056632860040568556,0.44784102963769074,0.47344913151364765,logistic_C0.1,0.25,2018-02-27,0.24751618964240404,0.0,0.0
2018-05-29,0,-0.007853191747082766,0.49367791363690716,0.47344913151364765,logistic_C0.1,0.25,2018-02-27,0.24751618964240404,0.0,-0.0
2018-05-30,0,-0.015440512340557655,0.5065055188643394,0.47344913151364765,logistic_C0.1,0.25,2018-02-27,0.24751618964240404,0.0,-0.0
2018-05-31,0,-0.002396215461765383,0.471219491382272,0.47344913151364765,logistic_C0.1,0.25,2018-02-27,0.24751618964240404,0.0,-0.0
2018-06-01,1,0.007988824737666489,0.49354686765942246,0.47344913151364765,logistic_C0.1,0.25,2018-02-27,0.24751618964240404,0.0,0.0
2018-06-04,1,0.0012844532074516302,0.377375344828928,0.4735322425409047,histgb_leaves7,0.5,2018-05-31,0.24770235115994443,-1.0,-0.00228445320745163
2018-06-05,1,0.0013752912801636707,0.41035321550928083,0.4735322425409047,histgb_leaves7,0.5,2018-05-31,0.24770235115994443,-1.0,-0.0023752912801636708
2018-06-07,1,0.0009399333943749255,0.45377661170184347,0.4735322425409047,histgb_leaves7,0.5,2018-05-31,0.24770235115994443,0.0,0.0
2018-06-08,0,-0.006604859231405191,0.5238649722296301,0.4735322425409047,histgb_leaves7,0.5,2018-05-31,0.24770235115994443,0.0,-0.0
2018-06-11,1,0.0064785576041561654,0.504372477013382,0.4735322425409047,histgb_leaves7,0.5,2018-05-31,0.24770235115994443,0.0,0.0
2018-06-12,0,-0.002404254115517479,0.4362337419760257,0.4735322425409047,histgb_leaves7,0.5,2018-05-31,0.24770235115994443,0.0,-0.0
2018-06-14,0,-0.011171588748439376,0.5017330903491362,0.4735322425409047,histgb_leaves7,0.5,2018-05-31,0.24770235115994443,0.0,-0.0
2018-06-15,0,-0.011569867361790553,0.470773429877131,0.4735322425409047,histgb_leaves7,0.5,2018-05-31,0.24770235115994443,0.0,-0.0
2018-06-18,0,-0.011826937471929755,0.4965694153084981,0.4735322425409047,histgb_leaves7,0.5,2018-05-31,0.24770235115994443,0.0,-0.0
2018-06-19,0,-0.013909958198489614,0.5091802714582753,0.4735322425409047,histgb_leaves7,0.5,2018-05-31,0.24770235115994443,0.0,-0.0
2018-06-20,1,0.005816427258492851,0.548190535066427,0.4735322425409047,histgb_leaves7,0.5,2018-05-31,0.24770235115994443,0.0,0.0
2018-06-21,0,-0.011137148077964287,0.4734264398771773,0.4735322425409047,histgb_leaves7,0.5,2018-05-31,0.24770235115994443,0.0,-0.0
2018-06-22,1,0.014696007025156277,0.495853334010381,0.4735322425409047,histgb_leaves7,0.5,2018-05-31,0.24770235115994443,0.0,0.0
2018-06-25,1,0.002546887822134636,0.453261849489194,0.4735322425409047,histgb_leaves7,0.5,2018-05-31,0.24770235115994443,0.0,0.0
2018-06-26,1,0.006925795053003503,0.5161692244837504,0.4735322425409047,histgb_leaves7,0.5,2018-05-31,0.24770235115994443,0.0,0.0
2018-06-27,0,-0.003128484961989919,0.46789510164727943,0.4735322425409047,histgb_leaves7,0.5,2018-05-31,0.24770235115994443,0.0,-0.0
2018-06-28,0,-0.005641561075376944,0.5309288366370932,0.4735322425409047,histgb_leaves7,0.5,2018-05-31,0.24770235115994443,0.0,-0.0
2018-06-29,1,0.0001934917959480753,0.43912698548951135,0.4735322425409047,histgb_leaves7,0.5,2018-05-31,0.24770235115994443,0.0,0.0
2018-07-02,0,-0.02182815655641346,0.4667196828361621,0.4735322425409047,histgb_leaves7,0.5,2018-05-31,0.24770235115994443,0.0,-0.0
2018-07-03,0,-0.005739583880168597,0.5037386067283712,0.4735322425409047,histgb_leaves7,0.5,2018-05-31,0.24770235115994443,0.0,-0.0
2018-07-04,0,-0.0024174904775533523,0.5115071740931135,0.4735322425409047,histgb_leaves7,0.5,2018-05-31,0.24770235115994443,0.0,-0.0
2018-07-05,0,-0.0031747573672914475,0.4882842974542124,0.4735322425409047,histgb_leaves7,0.5,2018-05-31,0.24770235115994443,0.0,-0.0
2018-07-06,1,0.005054301683882656,0.5136251697898884,0.4735322425409047,histgb_leaves7,0.5,2018-05-31,0.24770235115994443,0.0,0.0
2018-07-09,1,0.0039000052702773402,0.43041428845940705,0.4735322425409047,histgb_leaves7,0.5,2018-05-31,0.24770235115994443,0.0,0.0
2018-07-10,0,-0.002144326668377605,0.41754753635091246,0.4735322425409047,histgb_leaves7,0.5,2018-05-31,0.24770235115994443,-1.0,0.0011443266683776052
2018-07-11,1,0.001493048541642894,0.49654510690212283,0.4735322425409047,histgb_leaves7,0.5,2018-05-31,0.24770235115994443,0.0,0.0
2018-07-12,0,-0.0003805890819053026,0.5445524125285061,0.4735322425409047,histgb_leaves7,0.5,2018-05-31,0.24770235115994443,0.0,-0.0
2018-07-13,1,0.007775602140362103,0.4595156081846422,0.4735322425409047,histgb_leaves7,0.5,2018-05-31,0.24770235115994443,0.0,0.0
2018-07-16,0,-0.004441542041120128,0.5087800024661774,0.4735322425409047,histgb_leaves7,0.5,2018-05-31,0.24770235115994443,0.0,-0.0
2018-07-17,0,-0.0021841551054081476,0.47101350587063295,0.4735322425409047,histgb_leaves7,0.5,2018-05-31,0.24770235115994443,0.0,-0.0
2018-07-18,0,-0.010230013225112189,0.4680683219140429,0.4735322425409047,histgb_leaves7,0.5,2018-05-31,0.24770235115994443,0.0,-0.0
2018-07-19,0,-0.007229513117085862,0.5432642879493371,0.4735322425409047,histgb_leaves7,0.5,2018-05-31,0.24770235115994443,0.0,-0.0
2018-07-20,1,0.003432163271031241,0.5008140064862099,0.4735322425409047,histgb_leaves7,0.5,2018-05-31,0.24770235115994443,0.0,0.0
2018-07-23,0,-0.008866138774725862,0.42025393218976625,0.4735322425409047,histgb_leaves7,0.5,2018-05-31,0.24770235115994443,-1.0,0.007866138774725862
2018-07-24,1,0.0031014231352968213,0.4885511959102653,0.4735322425409047,histgb_leaves7,0.5,2018-05-31,0.24770235115994443,0.0,0.0
2018-07-25,0,-0.004968525376688571,0.487855585306721,0.4735322425409047,histgb_leaves7,0.5,2018-05-31,0.24770235115994443,0.0,-0.0
2018-07-26,1,0.0019916743634300627,0.48408057399495497,0.4735322425409047,histgb_leaves7,0.5,2018-05-31,0.24770235115994443,0.0,0.0
2018-07-27,1,0.0011603913921642839,0.4481508884741279,0.4735322425409047,histgb_leaves7,0.5,2018-05-31,0.24770235115994443,0.0,0.0
2018-07-30,1,0.0014540341807196544,0.5379668327092547,0.4735322425409047,histgb_leaves7,0.5,2018-05-31,0.24770235115994443,0.0,0.0
2018-07-31,1,0.0013218568817265908,0.5378945130084976,0.4735322425409047,histgb_leaves7,0.5,2018-05-31,0.24770235115994443,0.0,0.0
2018-08-01,1,0.0025639131398376147,0.4634154306416418,0.4735322425409047,histgb_leaves7,0.5,2018-05-31,0.24770235115994443,0.0,0.0
2018-08-02,0,-0.014730007725225036,0.4085209726016125,0.4735322425409047,histgb_leaves7,0.5,2018-05-31,0.24770235115994443,-1.0,0.013730007725225035
2018-08-03,1,0.004103883107363648,0.5117376345515048,0.4735322425409047,histgb_leaves7,0.5,2018-05-31,0.24770235115994443,0.0,0.0
2018-08-06,0,-0.0008783007284216549,0.5046851906029158,0.4735322425409047,histgb_leaves7,0.5,2018-05-31,0.24770235115994443,0.0,-0.0
2018-08-07,1,0.004063993714123582,0.4851153326642013,0.4735322425409047,histgb_leaves7,0.5,2018-05-31,0.24770235115994443,0.0,0.0
2018-08-08,0,-0.0018562450937448238,0.44440469842954267,0.4735322425409047,histgb_leaves7,0.5,2018-05-31,0.24770235115994443,0.0,-0.0
2018-08-09,1,0.00029091982770612645,0.44813071056340964,0.4735322425409047,histgb_leaves7,0.5,2018-05-31,0.24770235115994443,0.0,0.0
2018-08-10,0,-0.005411269557034082,0.47775100348979443,0.4735322425409047,histgb_leaves7,0.5,2018-05-31,0.24770235115994443,0.0,-0.0
2018-08-13,0,-0.007933181258631405,0.5222260146358121,0.4735322425409047,histgb_leaves7,0.5,2018-05-31,0.24770235115994443,0.0,-0.0
2018-08-14,1,0.004022472509400465,0.5156328960185768,0.4735322425409047,histgb_leaves7,0.5,2018-05-31,0.24770235115994443,0.0,0.0
2018-08-16,1,0.003470589552405867,0.4599556162450046,0.4735322425409047,histgb_leaves7,0.5,2018-05-31,0.24770235115994443,0.0,0.0
2018-08-17,1,0.00108704852958863,0.4376678189154958,0.4735322425409047,histgb_leaves7,0.5,2018-05-31,0.24770235115994443,0.0,0.0
2018-08-20,0,-0.00419518461913293,0.46385472633276337,0.4735322425409047,histgb_leaves7,0.5,2018-05-31,0.24770235115994443,0.0,-0.0
2018-08-21,1,0.009795199373676677,0.49331313652242115,0.4735322425409047,histgb_leaves7,0.5,2018-05-31,0.24770235115994443,0.0,0.0
2018-08-22,0,-0.0001539354702507767,0.4978272561846955,0.4735322425409047,histgb_leaves7,0.5,2018-05-31,0.24770235115994443,0.0,-0.0
2018-08-23,1,1.314307994926267e-05,0.49229823560319463,0.4735322425409047,histgb_leaves7,0.5,2018-05-31,0.24770235115994443,0.0,0.0
2018-08-24,1,0.007490686067763264,0.4848651796744072,0.4735322425409047,histgb_leaves7,0.5,2018-05-31,0.24770235115994443,0.0,0.0
2018-08-27,1,0.000861873835599658,0.46122267377955867,0.4735322425409047,histgb_leaves7,0.5,2018-05-31,0.24770235115994443,0.0,0.0
2018-08-28,0,-0.0039011478543686806,0.47412564014001485,0.4735322425409047,histgb_leaves7,0.5,2018-05-31,0.24770235115994443,0.0,-0.0
2018-08-29,1,0.0018961582185659243,0.45776634663942073,0.4735322425409047,histgb_leaves7,0.5,2018-05-31,0.24770235115994443,0.0,0.0
2018-08-30,0,-0.0024901539485800983,0.4210079480488955,0.4735322425409047,histgb_leaves7,0.5,2018-05-31,0.24770235115994443,-1.0,0.0014901539485800983
2018-08-31,1,0.010769625739188049,0.5296617431017545,0.4735322425409047,histgb_leaves7,0.5,2018-05-31,0.24770235115994443,0.0,0.0
2018-09-03,0,-0.0047024716018170265,0.42446549983792004,0.4735322425409047,histgb_leaves7,0.5,2018-05-31,0.24770235115994443,-1.0,0.0037024716018170265
2018-09-04,1,0.0029277250363799467,0.48148191726201595,0.4750116767865483,histgb_leaves7,0.25,2018-08-31,0.24842229150133532,0.0,0.0
2018-09-05,0,-0.008278160024232983,0.4650305662807642,0.4750116767865483,histgb_leaves7,0.25,2018-08-31,0.24842229150133532,0.0,-0.0
2018-09-06,0,-0.0005199231038098828,0.4864745741370221,0.4750116767865483,histgb_leaves7,0.25,2018-08-31,0.24842229150133532,0.0,-0.0
2018-09-07,1,0.001536381514257723,0.4935522531378211,0.4750116767865483,histgb_leaves7,0.25,2018-08-31,0.24842229150133532,0.0,0.0
2018-09-10,1,0.004966298548751746,0.4608674782498162,0.4750116767865483,histgb_leaves7,0.25,2018-08-31,0.24842229150133532,0.0,0.0
2018-09-11,0,-0.0016222763466861023,0.45460838818830757,0.4750116767865483,histgb_leaves7,0.25,2018-08-31,0.24842229150133532,0.0,-0.0
2018-09-12,0,-0.0014696362650244987,0.45866645750461726,0.4750116767865483,histgb_leaves7,0.25,2018-08-31,0.24842229150133532,0.0,-0.0
2018-09-13,1,0.00041570398375689877,0.48719266371630554,0.4750116767865483,histgb_leaves7,0.25,2018-08-31,0.24842229150133532,0.0,0.0
2018-09-14,1,0.005879290146223015,0.4606102828675732,0.4750116767865483,histgb_leaves7,0.25,2018-08-31,0.24842229150133532,0.0,0.0
2018-09-17,0,-0.00498585038128363,0.4825452116823046,0.4750116767865483,histgb_leaves7,0.25,2018-08-31,0.24842229150133532,0.0,-0.0
2018-09-18,1,0.009288683542201248,0.49350102140605656,0.4750116767865483,histgb_leaves7,0.25,2018-08-31,0.24842229150133532,0.0,0.0
2018-09-19,0,-0.004639490863307394,0.4472282546985704,0.4750116767865483,histgb_leaves7,0.25,2018-08-31,0.24842229150133532,0.0,-0.0
2018-09-20,1,0.003905963074822605,0.46121325464011265,0.4750116767865483,histgb_leaves7,0.25,2018-08-31,0.24842229150133532,0.0,0.0
2018-09-21,1,0.0030574089638257806,0.44819987248160176,0.4750116767865483,histgb_leaves7,0.25,2018-08-31,0.24842229150133532,0.0,0.0
2018-09-27,1,0.010177123986790715,0.4662569837817997,0.4750116767865483,histgb_leaves7,0.25,2018-08-31,0.24842229150133532,0.0,0.0
2018-09-28,0,-0.005542987865694959,0.46295952680777847,0.4750116767865483,histgb_leaves7,0.25,2018-08-31,0.24842229150133532,0.0,-0.0
2018-10-01,0,-0.004579424933181198,0.4412095305585113,0.4750116767865483,histgb_leaves7,0.25,2018-08-31,0.24842229150133532,0.0,-0.0
2018-10-02,0,-0.0122782558119644,0.45000560241803333,0.4750116767865483,histgb_leaves7,0.25,2018-08-31,0.24842229150133532,0.0,-0.0
2018-10-04,0,-0.015823907644111457,0.4623125667185717,0.4750116767865483,histgb_leaves7,0.25,2018-08-31,0.24842229150133532,0.0,-0.0
2018-10-05,0,-0.0010661074742064347,0.5291740927116536,0.4750116767865483,histgb_leaves7,0.25,2018-08-31,0.24842229150133532,0.0,-0.0
2018-10-08,0,-0.002169360658423103,0.47235156615900786,0.4750116767865483,histgb_leaves7,0.25,2018-08-31,0.24842229150133532,0.0,-0.0
2018-10-10,0,-0.01215409369556264,0.44916201872487466,0.4750116767865483,histgb_leaves7,0.25,2018-08-31,0.24842229150133532,0.0,-0.0
2018-10-11,0,-0.02136331887361209,0.5184284575627052,0.4750116767865483,histgb_leaves7,0.25,2018-08-31,0.24842229150133532,0.0,-0.0
2018-10-12,1,0.014162671345336442,0.4992583777076599,0.4750116767865483,histgb_leaves7,0.25,2018-08-31,0.24842229150133532,0.0,0.0
2018-10-15,0,-0.004741711284530603,0.4370950068526389,0.4750116767865483,histgb_leaves7,0.25,2018-08-31,0.24842229150133532,0.0,-0.0
2018-10-16,0,-0.005046382189239362,0.4702678928689524,0.4750116767865483,histgb_leaves7,0.25,2018-08-31,0.24842229150133532,0.0,-0.0
2018-10-17,0,-0.0008896305037243701,0.4695788762987132,0.4750116767865483,histgb_leaves7,0.25,2018-08-31,0.24842229150133532,0.0,-0.0
2018-10-18,0,-0.004859181026496295,0.4938252776224684,0.4750116767865483,histgb_leaves7,0.25,2018-08-31,0.24842229150133532,0.0,-0.0
2018-10-19,1,0.012300123001230068,0.5168663622074341,0.4750116767865483,histgb_leaves7,0.25,2018-08-31,0.24842229150133532,0.0,0.0
2018-10-22,1,0.008693095918024474,0.4667990436101843,0.4750116767865483,histgb_leaves7,0.25,2018-08-31,0.24842229150133532,0.0,0.0
2018-10-23,0,-0.019186885856657288,0.4762847262780171,0.4750116767865483,histgb_leaves7,0.25,2018-08-31,0.24842229150133532,0.0,-0.0
2018-10-24,0,-0.010197292361704302,0.5076455114169995,0.4750116767865483,histgb_leaves7,0.25,2018-08-31,0.24842229150133532,0.0,-0.0
2018-10-25,1,0.008125393932583158,0.5343474724220321,0.4750116767865483,histgb_leaves7,0.25,2018-08-31,0.24842229150133532,0.0,0.0
2018-10-26,0,-0.019075085770140943,0.4567507386922018,0.4750116767865483,histgb_leaves7,0.25,2018-08-31,0.24842229150133532,0.0,-0.0
2018-10-29,0,-0.015113387411925028,0.523464205092593,0.4750116767865483,histgb_leaves7,0.25,2018-08-31,0.24842229150133532,0.0,-0.0
2018-10-30,1,0.01447166343563544,0.5220941370885623,0.4750116767865483,histgb_leaves7,0.25,2018-08-31,0.24842229150133532,0.0,0.0
2018-10-31,1,0.0033863281327244366,0.4366811497682932,0.4750116767865483,histgb_leaves7,0.25,2018-08-31,0.24842229150133532,0.0,0.0
2018-11-01,0,-0.005233132361395665,0.49849087877248516,0.4750116767865483,histgb_leaves7,0.25,2018-08-31,0.24842229150133532,0.0,-0.0
2018-11-02,1,0.024132589990276676,0.501863329549878,0.4750116767865483,histgb_leaves7,0.25,2018-08-31,0.24842229150133532,0.0,0.0
2018-11-05,0,-0.0013895500069717182,0.5238258574254416,0.4750116767865483,histgb_leaves7,0.25,2018-08-31,0.24842229150133532,0.0,-0.0
2018-11-06,1,0.0018266285040344776,0.5063183918390739,0.4750116767865483,histgb_leaves7,0.25,2018-08-31,0.24842229150133532,0.0,0.0
2018-11-07,0,-0.005563741436717895,0.4895917480756389,0.4750116767865483,histgb_leaves7,0.25,2018-08-31,0.24842229150133532,0.0,-0.0
2018-11-08,0,-0.008218126324070818,0.4798819208708741,0.4750116767865483,histgb_leaves7,0.25,2018-08-31,0.24842229150133532,0.0,-0.0
2018-11-09,0,-0.0037251240514065698,0.4838065870342573,0.4750116767865483,histgb_leaves7,0.25,2018-08-31,0.24842229150133532,0.0,-0.0
2018-11-12,1,0.007028345724906959,0.5041795702531725,0.4750116767865483,histgb_leaves7,0.25,2018-08-31,0.24842229150133532,0.0,0.0
2018-11-13,1,0.011530459753274602,0.5202517237636579,0.4750116767865483,histgb_leaves7,0.25,2018-08-31,0.24842229150133532,0.0,0.0
2018-11-14,0,-0.001622083508334704,0.4552544330989531,0.4750116767865483,histgb_leaves7,0.25,2018-08-31,0.24842229150133532,0.0,-0.0
2018-11-15,1,0.01289856267614864,0.47952971445149917,0.4750116767865483,histgb_leaves7,0.25,2018-08-31,0.24842229150133532,0.0,0.0
2018-11-16,0,-0.0026406856249463484,0.4213922252390314,0.4750116767865483,histgb_leaves7,0.25,2018-08-31,0.24842229150133532,-1.0,0.0016406856249463484
2018-11-19,1,0.0021134185379723114,0.46789830279535927,0.4750116767865483,histgb_leaves7,0.25,2018-08-31,0.24842229150133532,0.0,0.0
2018-11-20,1,0.003812654542650007,0.5123035843970534,0.4750116767865483,histgb_leaves7,0.25,2018-08-31,0.24842229150133532,0.0,0.0
2018-11-21,1,0.009469779832480096,0.5052405120692546,0.4750116767865483,histgb_leaves7,0.25,2018-08-31,0.24842229150133532,0.0,0.0
2018-11-22,0,-0.004357843396616823,0.4800452249789797,0.4750116767865483,histgb_leaves7,0.25,2018-08-31,0.24842229150133532,0.0,-0.0
2018-11-23,0,-0.007611201682374724,0.4802788696906338,0.4750116767865483,histgb_leaves7,0.25,2018-08-31,0.24842229150133532,0.0,-0.0
2018-11-26,1,0.01109131770679106,0.4819299722103978,0.4750116767865483,histgb_leaves7,0.25,2018-08-31,0.24842229150133532,0.0,0.0
2018-11-27,1,0.0036667861838173277,0.4436102307958674,0.4750116767865483,histgb_leaves7,0.25,2018-08-31,0.24842229150133532,0.0,0.0
2018-11-28,1,0.0019437962483304094,0.47119102142148156,0.4750116767865483,histgb_leaves7,0.25,2018-08-31,0.24842229150133532,0.0,0.0
2018-11-29,0,-0.009301998641017772,0.46421005825989753,0.4750116767865483,histgb_leaves7,0.25,2018-08-31,0.24842229150133532,0.0,-0.0
2018-11-30,0,-0.00943391769768942,0.5181294385041008,0.4750116767865483,histgb_leaves7,0.25,2018-08-31,0.24842229150133532,0.0,-0.0
2018-12-03,1,0.001950389607948022,0.4979996401756858,0.4750116767865483,histgb_leaves7,0.25,2018-08-31,0.24842229150133532,0.0,0.0
2018-12-04,0,-0.005325379762616045,0.45579593569647003,0.4750116767865483,histgb_leaves7,0.25,2018-08-31,0.24842229150133532,0.0,-0.0
2018-12-05,1,0.0070642250200088075,0.5093984560681903,0.4750116767865483,histgb_leaves7,0.25,2018-08-31,0.24842229150133532,0.0,0.0
2018-12-06,0,-0.012379333721629582,0.5028814727971249,0.4750116767865483,histgb_leaves7,0.25,2018-08-31,0.24842229150133532,0.0,-0.0
2018-12-07,0,-0.0028438568848235812,0.4859689096051245,0.47413793103448276,histgb_leaves7,0.25,2018-12-05,0.2480095969098037,0.0,-0.0
2018-12-10,1,0.0026068490810124967,0.5211519940452747,0.47413793103448276,histgb_leaves7,0.25,2018-12-05,0.2480095969098037,0.0,0.0
2018-12-11,0,-0.0025216698410230887,0.4720840244438597,0.47413793103448276,histgb_leaves7,0.25,2018-12-05,0.2480095969098037,0.0,-0.0
2018-12-12,1,0.00959874343722289,0.47186361546505184,0.47413793103448276,histgb_leaves7,0.25,2018-12-05,0.2480095969098037,0.0,0.0
2018-12-13,1,0.003889950800745501,0.48980546149213045,0.47413793103448276,histgb_leaves7,0.25,2018-12-05,0.2480095969098037,0.0,0.0
2018-12-14,0,-0.012530778187093139,0.4944431129714496,0.47413793103448276,histgb_leaves7,0.25,2018-12-05,0.2480095969098037,0.0,-0.0
2018-12-17,0,-5.7937147850739557e-05,0.5284652199745489,0.47413793103448276,histgb_leaves7,0.25,2018-12-05,0.2480095969098037,0.0,-0.0
2018-12-18,1,0.0022941688255508907,0.5326590652638166,0.47413793103448276,histgb_leaves7,0.25,2018-12-05,0.2480095969098037,0.0,0.0
2018-12-19,1,0.004780202518185783,0.4864382552280578,0.47413793103448276,histgb_leaves7,0.25,2018-12-05,0.2480095969098037,0.0,0.0
2018-12-20,0,-0.0017347482676745019,0.5063963210539524,0.47413793103448276,histgb_leaves7,0.25,2018-12-05,0.2480095969098037,0.0,-0.0
2018-12-21,1,0.0042821649534758865,0.5009642175099488,0.47413793103448276,histgb_leaves7,0.25,2018-12-05,0.2480095969098037,0.0,0.0
2018-12-24,1,0.002258118007393728,0.5252308784325093,0.47413793103448276,histgb_leaves7,0.25,2018-12-05,0.2480095969098037,0.0,0.0
2018-12-26,0,-0.00039431982295035084,0.529994723024233,0.47413793103448276,histgb_leaves7,0.25,2018-12-05,0.2480095969098037,0.0,-0.0
2018-12-27,0,-0.0017961802872903387,0.4733997844336045,0.47413793103448276,histgb_leaves7,0.25,2018-12-05,0.2480095969098037,0.0,-0.0
2018-12-28,1,0.0021308980213088358,0.4923757131954868,0.47413793103448276,histgb_leaves7,0.25,2018-12-05,0.2480095969098037,0.0,0.0
2019-01-02,0,-0.019775182268171987,0.48929912857627095,0.47413793103448276,histgb_leaves7,0.25,2018-12-05,0.2480095969098037,0.0,-0.0
2019-01-03,0,-0.00900184411052729,0.4931943308594775,0.47413793103448276,histgb_leaves7,0.25,2018-12-05,0.2480095969098037,0.0,-0.0
2019-01-04,1,0.008959044368600733,0.522349320034753,0.47413793103448276,histgb_leaves7,0.25,2018-12-05,0.2480095969098037,0.0,0.0
2019-01-07,1,0.0014059304703475384,0.4640309295955599,0.47413793103448276,histgb_leaves7,0.25,2018-12-05,0.2480095969098037,0.0,0.0
2019-01-08,0,-0.006577785625993315,0.5012716772513166,0.47413793103448276,histgb_leaves7,0.25,2018-12-05,0.2480095969098037,0.0,-0.0
2019-01-09,1,0.015003514912569571,0.4782367373156825,0.47413793103448276,histgb_leaves7,0.25,2018-12-05,0.2480095969098037,0.0,0.0
2019-01-10,0,-0.0011860214064760566,0.48726348497886113,0.47413793103448276,histgb_leaves7,0.25,2018-12-05,0.2480095969098037,0.0,-0.0
2019-01-11,1,0.002516470565505635,0.45750666015573493,0.47413793103448276,histgb_leaves7,0.25,2018-12-05,0.2480095969098037,0.0,0.0
2019-01-14,0,-0.002883375432868429,0.46247677921770175,0.47413793103448276,histgb_leaves7,0.25,2018-12-05,0.2480095969098037,0.0,-0.0
2019-01-15,1,0.01355152382149094,0.4950324934846697,0.47413793103448276,histgb_leaves7,0.25,2018-12-05,0.2480095969098037,0.0,0.0
2019-01-16,1,0.0035499011269148895,0.42875404537933115,0.47413793103448276,histgb_leaves7,0.25,2018-12-05,0.2480095969098037,-1.0,-0.0045499011269148895
2019-01-17,0,-0.0014596187930657756,0.4657394571343873,0.47413793103448276,histgb_leaves7,0.25,2018-12-05,0.2480095969098037,0.0,-0.0
2019-01-18,1,0.003709076132922151,0.47845136058688187,0.47413793103448276,histgb_leaves7,0.25,2018-12-05,0.2480095969098037,0.0,0.0
2019-01-21,0,-0.004339533336145007,0.4460393229061398,0.47413793103448276,histgb_leaves7,0.25,2018-12-05,0.2480095969098037,0.0,-0.0
2019-01-22,0,-0.003885175656035078,0.45139703883821264,0.47413793103448276,histgb_leaves7,0.25,2018-12-05,0.2480095969098037,0.0,-0.0
2019-01-23,1,0.0090386585227058,0.5258652812835306,0.47413793103448276,histgb_leaves7,0.25,2018-12-05,0.2480095969098037,0.0,0.0
2019-01-24,1,0.008059665018704143,0.4564031481559026,0.47413793103448276,histgb_leaves7,0.25,2018-12-05,0.2480095969098037,0.0,0.0
2019-01-25,1,0.013878542962493912,0.49949867393261693,0.47413793103448276,histgb_leaves7,0.25,2018-12-05,0.2480095969098037,0.0,0.0
2019-01-28,0,-0.0032548834696781714,0.47626850654195174,0.47413793103448276,histgb_leaves7,0.25,2018-12-05,0.2480095969098037,0.0,-0.0
2019-01-29,1,0.004846214384006231,0.5121063906637853,0.47413793103448276,histgb_leaves7,0.25,2018-12-05,0.2480095969098037,0.0,0.0
2019-01-30,1,0.010400780402016974,0.4863939069101557,0.47413793103448276,histgb_leaves7,0.25,2018-12-05,0.2480095969098037,0.0,0.0
2019-01-31,0,-0.008111099114662124,0.4746350608575013,0.47413793103448276,histgb_leaves7,0.25,2018-12-05,0.2480095969098037,0.0,-0.0
2019-02-01,0,-0.003829235102376538,0.48881959403051367,0.47413793103448276,histgb_leaves7,0.25,2018-12-05,0.2480095969098037,0.0,-0.0
2019-02-07,0,-0.005573683189139644,0.48010448282826934,0.47413793103448276,histgb_leaves7,0.25,2018-12-05,0.2480095969098037,0.0,-0.0
2019-02-08,0,-0.006824786383273773,0.5060904391788791,0.47413793103448276,histgb_leaves7,0.25,2018-12-05,0.2480095969098037,0.0,-0.0
2019-02-11,1,8.713437955742975e-05,0.46926531655217285,0.47413793103448276,histgb_leaves7,0.25,2018-12-05,0.2480095969098037,0.0,0.0
2019-02-12,1,0.0035552134731593465,0.4657978380110407,0.47413793103448276,histgb_leaves7,0.25,2018-12-05,0.2480095969098037,0.0,0.0
2019-02-13,1,0.0006727272727273803,0.4350901078459744,0.47413793103448276,histgb_leaves7,0.25,2018-12-05,0.2480095969098037,0.0,0.0
2019-02-14,1,0.013629822580057516,0.44348379619831635,0.47413793103448276,histgb_leaves7,0.25,2018-12-05,0.2480095969098037,0.0,0.0
2019-02-15,0,-0.0067166001791092445,0.4939842368697356,0.47413793103448276,histgb_leaves7,0.25,2018-12-05,0.2480095969098037,0.0,-0.0
2019-02-18,1,0.0015991954189618074,0.45107817321680904,0.47413793103448276,histgb_leaves7,0.25,2018-12-05,0.2480095969098037,0.0,0.0
2019-02-19,0,-0.0015074967405475093,0.44406302369437045,0.47413793103448276,histgb_leaves7,0.25,2018-12-05,0.2480095969098037,0.0,-0.0
2019-02-20,1,0.005873489899582474,0.48892903501488183,0.47413793103448276,histgb_leaves7,0.25,2018-12-05,0.2480095969098037,0.0,0.0
2019-02-21,1,0.00197818600343469,0.46028587559944506,0.47413793103448276,histgb_leaves7,0.25,2018-12-05,0.2480095969098037,0.0,0.0
2019-02-22,1,0.0036808380431261334,0.45500778531765174,0.47413793103448276,histgb_leaves7,0.25,2018-12-05,0.2480095969098037,0.0,0.0
2019-02-25,0,-0.0038239638039739843,0.4528747320718263,0.47413793103448276,histgb_leaves7,0.25,2018-12-05,0.2480095969098037,0.0,-0.0
2019-02-26,0,-0.0016903025058622179,0.472039709481634,0.47413793103448276,histgb_leaves7,0.25,2018-12-05,0.2480095969098037,0.0,-0.0
2019-02-27,1,0.00014768668940146057,0.47988058267452416,0.47413793103448276,histgb_leaves7,0.25,2018-12-05,0.2480095969098037,0.0,0.0
2019-02-28,0,-0.016194803681696346,0.4361049237712394,0.47413793103448276,histgb_leaves7,0.25,2018-12-05,0.2480095969098037,0.0,-0.0
2019-03-04,0,-0.009186013378743252,0.4693213952477597,0.47413793103448276,histgb_leaves7,0.25,2018-12-05,0.2480095969098037,0.0,-0.0
2019-03-05,0,-0.0018870084961183364,0.49122163946119624,0.47413793103448276,histgb_leaves7,0.25,2018-12-05,0.2480095969098037,0.0,-0.0
2019-03-06,0,-0.0006935800212208854,0.4587315589619119,0.47413793103448276,histgb_leaves7,0.25,2018-12-05,0.2480095969098037,0.0,-0.0
2019-03-07,0,-0.003405132547085188,0.5031081431641216,0.47413793103448276,histgb_leaves7,0.25,2018-12-05,0.2480095969098037,0.0,-0.0
2019-03-08,0,-0.007134894091415878,0.5021370680431196,0.47413793103448276,histgb_leaves7,0.25,2018-12-05,0.2480095969098037,0.0,-0.0
2019-03-11,0,-0.0010232258245378434,0.4739966955555278,0.47413793103448276,histgb_leaves7,0.25,2018-12-05,0.2480095969098037,0.0,-0.0
2019-03-12,1,0.0011927912708098454,0.43951807577312635,0.47413793103448276,histgb_leaves7,0.25,2018-12-05,0.2480095969098037,0.0,0.0
2019-03-13,0,-0.0019743015617886828,0.4744229764106674,0.47413793103448276,histgb_leaves7,0.25,2018-12-05,0.2480095969098037,0.0,-0.0
2019-03-14,1,0.0006173555828903332,0.4688143253379929,0.47413793103448276,histgb_leaves7,0.25,2018-12-05,0.2480095969098037,0.0,0.0
2019-03-15,1,0.010752638228299638,0.46437829798643027,0.4741949713277459,histgb_leaves7,0.25,2019-03-13,0.24811606996529303,0.0,0.0
2019-03-18,0,-9.175616716150525e-05,0.4470635496554122,0.4741949713277459,histgb_leaves7,0.25,2019-03-13,0.24811606996529303,0.0,-0.0
2019-03-19,0,-0.002478206895920043,0.47232613093104797,0.4741949713277459,histgb_leaves7,0.25,2019-03-13,0.24811606996529303,0.0,-0.0
2019-03-20,1,0.0026204171483046323,0.46201607414141177,0.4741949713277459,histgb_leaves7,0.25,2019-03-13,0.24811606996529303,0.0,0.0
2019-03-21,1,0.0008107699566215487,0.4770209009506737,0.4741949713277459,histgb_leaves7,0.25,2019-03-13,0.24811606996529303,0.0,0.0
2019-03-22,0,-0.0026314349301324036,0.4393915979166367,0.4741949713277459,histgb_leaves7,0.25,2019-03-13,0.24811606996529303,0.0,-0.0
2019-03-25,0,-0.006457291087641259,0.4973892077951102,0.4741949713277459,histgb_leaves7,0.25,2019-03-13,0.24811606996529303,0.0,-0.0
2019-03-26,0,-0.0019414950440783674,0.47987340264382694,0.4741949713277459,histgb_leaves7,0.25,2019-03-13,0.24811606996529303,0.0,-0.0
2019-03-27,0,-0.000731188204117994,0.4686362808065293,0.4741949713277459,histgb_leaves7,0.25,2019-03-13,0.24811606996529303,0.0,-0.0
2019-03-28,0,-0.0014780058651027161,0.47700149025684446,0.4741949713277459,histgb_leaves7,0.25,2019-03-13,0.24811606996529303,0.0,-0.0
2019-03-29,1,0.0010381350978514448,0.4615485885419597,0.4741949713277459,histgb_leaves7,0.25,2019-03-13,0.24811606996529303,0.0,0.0
2019-04-01,1,0.0069520877161208805,0.45009285017213063,0.4741949713277459,histgb_leaves7,0.25,2019-03-13,0.24811606996529303,0.0,0.0
2019-04-02,0,-9.186110600745145e-06,0.43537163315058724,0.4741949713277459,histgb_leaves7,0.25,2019-03-13,0.24811606996529303,0.0,-0.0
2019-04-03,1,0.012155401711678948,0.4813510237070021,0.4741949713277459,histgb_leaves7,0.25,2019-03-13,0.24811606996529303,0.0,0.0
2019-04-04,1,0.002494275433431614,0.4729410109047709,0.4741949713277459,histgb_leaves7,0.25,2019-03-13,0.24811606996529303,0.0,0.0
2019-04-05,1,0.0014730143766203962,0.4708960479951687,0.4741949713277459,histgb_leaves7,0.25,2019-03-13,0.24811606996529303,0.0,0.0
2019-04-08,0,-0.0031835357989953295,0.4677336602248119,0.4741949713277459,histgb_leaves7,0.25,2019-03-13,0.24811606996529303,0.0,-0.0
2019-04-09,1,0.000560497577204,0.46923477053120755,0.4741949713277459,histgb_leaves7,0.25,2019-03-13,0.24811606996529303,0.0,0.0
2019-04-10,1,0.008244946061100489,0.4923056182279813,0.4741949713277459,histgb_leaves7,0.25,2019-03-13,0.24811606996529303,0.0,0.0
2019-04-11,0,-0.001458910351081144,0.4606060614887196,0.4741949713277459,histgb_leaves7,0.25,2019-03-13,0.24811606996529303,0.0,-0.0
2019-04-12,1,0.0055603079555175405,0.45455154589572466,0.4741949713277459,histgb_leaves7,0.25,2019-03-13,0.24811606996529303,0.0,0.0
2019-04-15,1,0.0002542021397577976,0.44191665646002254,0.4741949713277459,histgb_leaves7,0.25,2019-03-13,0.24811606996529303,0.0,0.0
2019-04-16,1,0.003377865831347693,0.4721551927293213,0.4741949713277459,histgb_leaves7,0.25,2019-03-13,0.24811606996529303,0.0,0.0
2019-04-17,0,-0.0014050376825772704,0.4501467802786431,0.4741949713277459,histgb_leaves7,0.25,2019-03-13,0.24811606996529303,0.0,-0.0
2019-04-18,0,-0.015577196727143416,0.46881416375338386,0.4741949713277459,histgb_leaves7,0.25,2019-03-13,0.24811606996529303,0.0,-0.0
2019-04-19,0,-0.003269737611427459,0.478540225791349,0.4741949713277459,histgb_leaves7,0.25,2019-03-13,0.24811606996529303,0.0,-0.0
2019-04-22,0,-0.0008338967771015504,0.45839378981332857,0.4741949713277459,histgb_leaves7,0.25,2019-03-13,0.24811606996529303,0.0,-0.0
2019-04-23,1,0.001307714160740714,0.4697048312245527,0.4741949713277459,histgb_leaves7,0.25,2019-03-13,0.24811606996529303,0.0,0.0
2019-04-24,0,-0.012880367754232402,0.4669146219323048,0.4741949713277459,histgb_leaves7,0.25,2019-03-13,0.24811606996529303,0.0,-0.0
2019-04-25,0,-0.002263752180626355,0.48840479573802315,0.4741949713277459,histgb_leaves7,0.25,2019-03-13,0.24811606996529303,0.0,-0.0
2019-04-26,1,0.0005417491150665477,0.4779545451246878,0.4741949713277459,histgb_leaves7,0.25,2019-03-13,0.24811606996529303,0.0,0.0
2019-04-29,1,0.015123133080823026,0.47635896738770644,0.4741949713277459,histgb_leaves7,0.25,2019-03-13,0.24811606996529303,0.0,0.0
2019-04-30,0,-0.004445588972770587,0.445178089768946,0.4741949713277459,histgb_leaves7,0.25,2019-03-13,0.24811606996529303,0.0,-0.0
2019-05-02,1,0.009033534889235417,0.4803497536270454,0.4741949713277459,histgb_leaves7,0.25,2019-03-13,0.24811606996529303,0.0,0.0
2019-05-03,0,-0.005938156274893136,0.45555029708034106,0.4741949713277459,histgb_leaves7,0.25,2019-03-13,0.24811606996529303,0.0,-0.0
2019-05-07,1,0.0021174835089463606,0.4958579221565377,0.4741949713277459,histgb_leaves7,0.25,2019-03-13,0.24811606996529303,0.0,0.0
2019-05-08,1,0.007748658975336387,0.5158798748378964,0.4741949713277459,histgb_leaves7,0.25,2019-03-13,0.24811606996529303,0.0,0.0
2019-05-09,0,-0.026752600947314242,0.4342549116950002,0.4741949713277459,histgb_leaves7,0.25,2019-03-13,0.24811606996529303,0.0,-0.0
2019-05-10,0,-0.0048998782111197015,0.4748508115536952,0.4741949713277459,histgb_leaves7,0.25,2019-03-13,0.24811606996529303,0.0,-0.0
2019-05-13,0,-0.006114351276412688,0.4507895165141542,0.4741949713277459,histgb_leaves7,0.25,2019-03-13,0.24811606996529303,0.0,-0.0
2019-05-14,1,0.01048421543121214,0.5219202930588784,0.4741949713277459,histgb_leaves7,0.25,2019-03-13,0.24811606996529303,0.0,0.0
2019-05-15,1,0.005216338764217676,0.45614022760253453,0.4741949713277459,histgb_leaves7,0.25,2019-03-13,0.24811606996529303,0.0,0.0
2019-05-16,0,-0.012979263728710055,0.462763865228776,0.4741949713277459,histgb_leaves7,0.25,2019-03-13,0.24811606996529303,0.0,-0.0
2019-05-17,0,-0.012380078498441027,0.47826832246465056,0.4741949713277459,histgb_leaves7,0.25,2019-03-13,0.24811606996529303,0.0,-0.0
2019-05-20,0,-0.005235830111346207,0.5006116810291574,0.4741949713277459,histgb_leaves7,0.25,2019-03-13,0.24811606996529303,0.0,-0.0
2019-05-21,1,0.0020904737596927347,0.50875866700867,0.4741949713277459,histgb_leaves7,0.25,2019-03-13,0.24811606996529303,0.0,0.0
2019-05-22,0,-0.0018321127305247487,0.47254559489457704,0.4741949713277459,histgb_leaves7,0.25,2019-03-13,0.24811606996529303,0.0,-0.0
2019-05-23,0,-0.0017739003998544778,0.4821025827541468,0.4741949713277459,histgb_leaves7,0.25,2019-03-13,0.24811606996529303,0.0,-0.0
2019-05-24,0,-0.0009720119181361175,0.5130722794822095,0.4741949713277459,histgb_leaves7,0.25,2019-03-13,0.24811606996529303,0.0,-0.0
2019-05-27,0,-1.9567078390569925e-05,0.473018572760906,0.4741949713277459,histgb_leaves7,0.25,2019-03-13,0.24811606996529303,0.0,-0.0
2019-05-28,1,0.0019855533874224562,0.4636642837857258,0.4741949713277459,histgb_leaves7,0.25,2019-03-13,0.24811606996529303,0.0,0.0
2019-05-29,0,-0.011428096799253495,0.457499533703467,0.4741949713277459,histgb_leaves7,0.25,2019-03-13,0.24811606996529303,0.0,-0.0
2019-05-30,1,0.0071480440442022175,0.469738704656008,0.4741949713277459,histgb_leaves7,0.25,2019-03-13,0.24811606996529303,0.0,0.0
2019-05-31,1,0.006264076923456097,0.4764753448942323,0.4741949713277459,histgb_leaves7,0.25,2019-03-13,0.24811606996529303,0.0,0.0
2019-06-03,1,0.018128732711973683,0.5011477844727626,0.4741949713277459,histgb_leaves7,0.25,2019-03-13,0.24811606996529303,0.0,0.0
2019-06-04,1,9.193044252397975e-05,0.4652503092781718,0.4741949713277459,histgb_leaves7,0.25,2019-03-13,0.24811606996529303,0.0,0.0
2019-06-05,0,-0.007221134653769279,0.45621765986288887,0.4741949713277459,histgb_leaves7,0.25,2019-03-13,0.24811606996529303,0.0,-0.0
2019-06-07,1,0.0007485102232007712,0.48246494748457436,0.4741949713277459,histgb_leaves7,0.25,2019-03-13,0.24811606996529303,0.0,0.0
2019-06-10,1,0.0058063496169820095,0.4506371731595783,0.4741949713277459,histgb_leaves7,0.25,2019-03-13,0.24811606996529303,0.0,0.0
2019-06-11,1,0.007499677971842811,0.45875651308310067,0.4741949713277459,histgb_leaves7,0.25,2019-03-13,0.24811606996529303,0.0,0.0
2019-06-12,0,-0.0013780627563149128,0.4631752125680354,0.4741949713277459,histgb_leaves7,0.25,2019-03-13,0.24811606996529303,0.0,-0.0
2019-06-13,0,-0.0006224874789731993,0.4724768103632613,0.4741949713277459,histgb_leaves7,0.25,2019-03-13,0.24811606996529303,0.0,-0.0
2019-06-14,0,-0.0004340940314456754,0.47786975255658337,0.4741949713277459,histgb_leaves7,0.25,2019-03-13,0.24811606996529303,0.0,-0.0
2019-06-17,0,-0.00046851619010279677,0.4559894957121595,0.47467811158798284,histgb_leaves7,0.25,2019-06-13,0.24798196468820402,0.0,-0.0
2019-06-18,1,0.004499093001995913,0.4652162382461154,0.47467811158798284,histgb_leaves7,0.25,2019-06-13,0.24798196468820402,0.0,0.0
2019-06-19,1,0.0024722345414571745,0.4249997883047203,0.47467811158798284,histgb_leaves7,0.25,2019-06-13,0.24798196468820402,-1.0,-0.0034722345414571745
2019-06-20,1,0.004482085795888269,0.4641317264135391,0.47467811158798284,histgb_leaves7,0.25,2019-06-13,0.24798196468820402,0.0,0.0
2019-06-21,0,-0.003170166668230001,0.46157221895426953,0.47467811158798284,histgb_leaves7,0.25,2019-06-13,0.24798196468820402,0.0,-0.0
2019-06-24,0,-0.0018729580532502732,0.45257559074509196,0.47467811158798284,histgb_leaves7,0.25,2019-06-13,0.24798196468820402,0.0,-0.0
2019-06-25,0,-0.0019287401093266432,0.4585607963911099,0.47467811158798284,histgb_leaves7,0.25,2019-06-13,0.24798196468820402,0.0,-0.0
2019-06-26,1,0.0007782284690123209,0.5084079405941132,0.47467811158798284,histgb_leaves7,0.25,2019-06-13,0.24798196468820402,0.0,0.0
2019-06-27,1,0.006408170771385446,0.452278421457931,0.47467811158798284,histgb_leaves7,0.25,2019-06-13,0.24798196468820402,0.0,0.0
2019-06-28,0,-0.0020795668505803055,0.46277003134556427,0.47467811158798284,histgb_leaves7,0.25,2019-06-13,0.24798196468820402,0.0,-0.0
2019-07-01,0,-0.008149997205715298,0.46030810391936106,0.47467811158798284,histgb_leaves7,0.25,2019-06-13,0.24798196468820402,0.0,-0.0
2019-07-02,0,-2.3561899466173486e-05,0.46673147456483155,0.47467811158798284,histgb_leaves7,0.25,2019-06-13,0.24798196468820402,0.0,-0.0
2019-07-03,0,-0.011660968996817123,0.4844593157952332,0.47467811158798284,histgb_leaves7,0.25,2019-06-13,0.24798196468820402,0.0,-0.0
2019-07-04,1,0.0030299282710857245,0.475449415191579,0.47467811158798284,histgb_leaves7,0.25,2019-06-13,0.24798196468820402,0.0,0.0
2019-07-05,0,-0.00019422074846042747,0.47314259597018726,0.47467811158798284,histgb_leaves7,0.25,2019-06-13,0.24798196468820402,0.0,-0.0
2019-07-08,0,-0.013260608725996659,0.4735138636119359,0.47467811158798284,histgb_leaves7,0.25,2019-06-13,0.24798196468820402,0.0,-0.0
2019-07-09,0,-0.008848745381215606,0.4914932435143613,0.47467811158798284,histgb_leaves7,0.25,2019-06-13,0.24798196468820402,0.0,-0.0
2019-07-10,0,-0.0013436491959932795,0.49001787813207565,0.47467811158798284,histgb_leaves7,0.25,2019-06-13,0.24798196468820402,0.0,-0.0
2019-07-11,1,0.004824711797120518,0.4865874313959848,0.47467811158798284,histgb_leaves7,0.25,2019-06-13,0.24798196468820402,0.0,0.0
2019-07-12,1,0.0015022581868269214,0.4607440579308236,0.47467811158798284,histgb_leaves7,0.25,2019-06-13,0.24798196468820402,0.0,0.0
2019-07-15,0,-0.00043678811936309625,0.49343694166682006,0.47467811158798284,histgb_leaves7,0.25,2019-06-13,0.24798196468820402,0.0,-0.0
2019-07-16,1,0.003554877522235822,0.4783253799365505,0.47467811158798284,histgb_leaves7,0.25,2019-06-13,0.24798196468820402,0.0,0.0
2019-07-17,0,-0.003360722338947242,0.47463906588955324,0.47467811158798284,histgb_leaves7,0.25,2019-06-13,0.24798196468820402,0.0,-0.0
2019-07-18,0,-0.0010199839509632547,0.490074855059978,0.47467811158798284,histgb_leaves7,0.25,2019-06-13,0.24798196468820402,0.0,-0.0
2019-07-19,1,0.006802197855024339,0.47505714939768895,0.47467811158798284,histgb_leaves7,0.25,2019-06-13,0.24798196468820402,0.0,0.0
2019-07-22,1,0.0014303824718349123,0.48140436993793134,0.47467811158798284,histgb_leaves7,0.25,2019-06-13,0.24798196468820402,0.0,0.0
2019-07-23,1,0.0027150055349847158,0.4498154377546877,0.47467811158798284,histgb_leaves7,0.25,2019-06-13,0.24798196468820402,0.0,0.0
2019-07-24,0,-0.0070857731408188185,0.46819146562524017,0.47467811158798284,histgb_leaves7,0.25,2019-06-13,0.24798196468820402,0.0,-0.0
2019-07-25,0,-0.0053651824114073765,0.46319177486803575,0.47467811158798284,histgb_leaves7,0.25,2019-06-13,0.24798196468820402,0.0,-0.0
2019-07-26,1,0.0014103278648800455,0.4826163817778977,0.47467811158798284,histgb_leaves7,0.25,2019-06-13,0.24798196468820402,0.0,0.0
2019-07-29,0,-0.01439928513498423,0.4956746558727939,0.47467811158798284,histgb_leaves7,0.25,2019-06-13,0.24798196468820402,0.0,-0.0
2019-07-30,1,0.0016508460586051044,0.4992379037988639,0.47467811158798284,histgb_leaves7,0.25,2019-06-13,0.24798196468820402,0.0,0.0
2019-07-31,0,-0.005848383960401882,0.4745610970006177,0.47467811158798284,histgb_leaves7,0.25,2019-06-13,0.24798196468820402,0.0,-0.0
2019-08-01,1,0.0011165754383180015,0.488483020998031,0.47467811158798284,histgb_leaves7,0.25,2019-06-13,0.24798196468820402,0.0,0.0
2019-08-02,1,0.0014133142218504258,0.49435918658355593,0.47467811158798284,histgb_leaves7,0.25,2019-06-13,0.24798196468820402,0.0,0.0
2019-08-05,0,-0.019612977295272227,0.47126877946778445,0.47467811158798284,histgb_leaves7,0.25,2019-06-13,0.24798196468820402,0.0,-0.0
2019-08-06,1,0.009019343703298377,0.5219447525690908,0.47467811158798284,histgb_leaves7,0.25,2019-06-13,0.24798196468820402,0.0,0.0
2019-08-07,0,-0.008112894932297277,0.43296286897478775,0.47467811158798284,histgb_leaves7,0.25,2019-06-13,0.24798196468820402,0.0,-0.0
2019-08-08,0,-0.002943497310879062,0.4930324459678631,0.47467811158798284,histgb_leaves7,0.25,2019-06-13,0.24798196468820402,0.0,-0.0
2019-08-09,0,-0.001190684824180721,0.48654730198962537,0.47467811158798284,histgb_leaves7,0.25,2019-06-13,0.24798196468820402,0.0,-0.0
2019-08-12,1,0.00039144386128464603,0.4721118081871273,0.47467811158798284,histgb_leaves7,0.25,2019-06-13,0.24798196468820402,0.0,0.0
2019-08-13,0,-0.0015191107239884705,0.5063922545147624,0.47467811158798284,histgb_leaves7,0.25,2019-06-13,0.24798196468820402,0.0,-0.0
2019-08-14,0,-0.004012989548757173,0.48634952384723085,0.47467811158798284,histgb_leaves7,0.25,2019-06-13,0.24798196468820402,0.0,-0.0
2019-08-16,1,0.0029560393236498506,0.5006669977013201,0.47467811158798284,histgb_leaves7,0.25,2019-06-13,0.24798196468820402,0.0,0.0
2019-08-19,1,0.0016833278255121709,0.4584810812410397,0.47467811158798284,histgb_leaves7,0.25,2019-06-13,0.24798196468820402,0.0,0.0
2019-08-20,1,0.008883216074194955,0.4670724517835225,0.47467811158798284,histgb_leaves7,0.25,2019-06-13,0.24798196468820402,0.0,0.0
2019-08-21,1,0.0051571445381850545,0.47189146427139816,0.47467811158798284,histgb_leaves7,0.25,2019-06-13,0.24798196468820402,0.0,0.0
2019-08-22,0,-0.007927387369063288,0.45240271358293377,0.47467811158798284,histgb_leaves7,0.25,2019-06-13,0.24798196468820402,0.0,-0.0
2019-08-23,1,0.0030271516973672252,0.49955756880704694,0.47467811158798284,histgb_leaves7,0.25,2019-06-13,0.24798196468820402,0.0,0.0
2019-08-26,1,0.000506437499347312,0.5349199209762718,0.47467811158798284,histgb_leaves7,0.25,2019-06-13,0.24798196468820402,0.0,0.0
2019-08-27,0,-0.0022706300739251395,0.45421706637204046,0.47467811158798284,histgb_leaves7,0.25,2019-06-13,0.24798196468820402,0.0,-0.0
2019-08-28,1,0.005766958900702557,0.5081967953407329,0.47467811158798284,histgb_leaves7,0.25,2019-06-13,0.24798196468820402,0.0,0.0
2019-08-29,0,-0.005217257081114424,0.4926976345366879,0.47467811158798284,histgb_leaves7,0.25,2019-06-13,0.24798196468820402,0.0,-0.0
2019-08-30,1,0.008264759230603547,0.4965703902234424,0.47467811158798284,histgb_leaves7,0.25,2019-06-13,0.24798196468820402,0.0,0.0
2019-09-02,1,0.0040791560226189905,0.5209083654029153,0.47467811158798284,histgb_leaves7,0.25,2019-06-13,0.24798196468820402,0.0,0.0
2019-09-03,0,-0.0004118993135011628,0.47854946885708355,0.47467811158798284,histgb_leaves7,0.25,2019-06-13,0.24798196468820402,0.0,-0.0
2019-09-04,1,0.013299837446431262,0.5119842067452208,0.47467811158798284,histgb_leaves7,0.25,2019-06-13,0.24798196468820402,0.0,0.0
2019-09-05,1,0.005582809161224445,0.47437643954814174,0.47467811158798284,histgb_leaves7,0.25,2019-06-13,0.24798196468820402,0.0,0.0
2019-09-06,0,-0.0034621126823436432,0.462684870696885,0.47467811158798284,histgb_leaves7,0.25,2019-06-13,0.24798196468820402,0.0,-0.0
2019-09-09,1,0.003064498505001456,0.5014198747498162,0.47467811158798284,histgb_leaves7,0.25,2019-06-13,0.24798196468820402,0.0,0.0
2019-09-10,1,0.0036003733720533226,0.4904020769799946,0.47467811158798284,histgb_leaves7,0.25,2019-06-13,0.24798196468820402,0.0,0.0
2019-09-11,1,0.00268138492552783,0.48924954694809886,0.47467811158798284,histgb_leaves7,0.25,2019-06-13,0.24798196468820402,0.0,0.0
2019-09-16,1,0.002898466147276846,0.527937464757632,0.47467811158798284,histgb_leaves7,0.25,2019-06-13,0.24798196468820402,0.0,0.0
2019-09-17,1,0.0017535167482707337,0.5321032161178132,0.47555369828666944,histgb_leaves7,0.5,2019-09-11,0.24698324990726217,0.0,0.0
2019-09-18,1,0.0030565485705427164,0.5312204106359373,0.47555369828666944,histgb_leaves7,0.5,2019-09-11,0.24698324990726217,0.0,0.0
2019-09-19,1,0.00474274702612365,0.5181526475191701,0.47555369828666944,histgb_leaves7,0.5,2019-09-11,0.24698324990726217,0.0,0.0
2019-09-20,1,0.005122881885374353,0.49777830396829226,0.47555369828666944,histgb_leaves7,0.5,2019-09-11,0.24698324990726217,0.0,0.0
2019-09-23,1,0.0019159840973319575,0.4773324613818677,0.47555369828666944,histgb_leaves7,0.5,2019-09-11,0.24698324990726217,0.0,0.0
2019-09-24,1,0.005190915658385142,0.48547661634092165,0.47555369828666944,histgb_leaves7,0.5,2019-09-11,0.24698324990726217,0.0,0.0
2019-09-25,0,-0.009591730476194993,0.5095593522684633,0.47555369828666944,histgb_leaves7,0.5,2019-09-11,0.24698324990726217,0.0,-0.0
2019-09-26,0,-0.003908463215311131,0.46774539303455265,0.47555369828666944,histgb_leaves7,0.5,2019-09-11,0.24698324990726217,0.0,-0.0
2019-09-27,0,-0.008239153152455825,0.4829454557048739,0.47555369828666944,histgb_leaves7,0.5,2019-09-11,0.24698324990726217,0.0,-0.0
2019-09-30,1,0.00844669733156711,0.5093040835418505,0.47555369828666944,histgb_leaves7,0.5,2019-09-11,0.24698324990726217,0.0,0.0
2019-10-01,1,0.0048389286476213655,0.4620445451737307,0.47555369828666944,histgb_leaves7,0.5,2019-09-11,0.24698324990726217,0.0,0.0
2019-10-02,0,-0.012787686507338747,0.5259828488320082,0.47555369828666944,histgb_leaves7,0.5,2019-09-11,0.24698324990726217,0.0,-0.0
2019-10-04,0,-0.0038010254387694786,0.4786317887029685,0.47555369828666944,histgb_leaves7,0.5,2019-09-11,0.24698324990726217,0.0,-0.0
2019-10-07,0,-0.00482395042160344,0.49418540885227313,0.47555369828666944,histgb_leaves7,0.5,2019-09-11,0.24698324990726217,0.0,-0.0
2019-10-08,1,0.008317852338410425,0.5262186199658465,0.47555369828666944,histgb_leaves7,0.5,2019-09-11,0.24698324990726217,0.0,0.0
2019-10-10,0,-0.0009753070000443342,0.5038892675751799,0.47555369828666944,histgb_leaves7,0.5,2019-09-11,0.24698324990726217,0.0,-0.0
2019-10-11,0,-0.001694269755087685,0.47655020944283116,0.47555369828666944,histgb_leaves7,0.5,2019-09-11,0.24698324990726217,0.0,-0.0
2019-10-14,0,-0.0003529758767581992,0.5403833882002015,0.47555369828666944,histgb_leaves7,0.5,2019-09-11,0.24698324990726217,0.0,-0.0
2019-10-15,1,0.0016418214047015933,0.5571684253803133,0.47555369828666944,histgb_leaves7,0.5,2019-09-11,0.24698324990726217,0.0,0.0
2019-10-16,1,0.0009178632527919728,0.4408360767120716,0.47555369828666944,histgb_leaves7,0.5,2019-09-11,0.24698324990726217,0.0,0.0
2019-10-17,0,-0.0018349857812620662,0.5275777968711264,0.47555369828666944,histgb_leaves7,0.5,2019-09-11,0.24698324990726217,0.0,-0.0
2019-10-18,0,-0.010344678541755692,0.5130792606727034,0.47555369828666944,histgb_leaves7,0.5,2019-09-11,0.24698324990726217,0.0,-0.0
2019-10-21,0,-0.0015135616087272874,0.5503697854680335,0.47555369828666944,histgb_leaves7,0.5,2019-09-11,0.24698324990726217,0.0,-0.0
2019-10-22,1,0.0060540675917142295,0.45348510477433,0.47555369828666944,histgb_leaves7,0.5,2019-09-11,0.24698324990726217,0.0,0.0
2019-10-23,0,-0.0029662499221300154,0.5014089919620651,0.47555369828666944,histgb_leaves7,0.5,2019-09-11,0.24698324990726217,0.0,-0.0
2019-10-24,0,-0.0020049285833911856,0.4804649988314076,0.47555369828666944,histgb_leaves7,0.5,2019-09-11,0.24698324990726217,0.0,-0.0
2019-10-25,0,-0.0015637253964306819,0.4495608557865157,0.47555369828666944,histgb_leaves7,0.5,2019-09-11,0.24698324990726217,0.0,-0.0
2019-10-28,0,-0.0014642266069530008,0.4267414587223527,0.47555369828666944,histgb_leaves7,0.5,2019-09-11,0.24698324990726217,-1.0,0.00046422660695300075
2019-10-29,0,-0.005337655424160648,0.44037564860651834,0.47555369828666944,histgb_leaves7,0.5,2019-09-11,0.24698324990726217,0.0,-0.0
2019-10-30,0,-0.006324307025044162,0.5005961039925213,0.47555369828666944,histgb_leaves7,0.5,2019-09-11,0.24698324990726217,0.0,-0.0
2019-10-31,0,-0.0027474368424578177,0.5024935886576667,0.47555369828666944,histgb_leaves7,0.5,2019-09-11,0.24698324990726217,0.0,-0.0
2019-11-01,1,0.00739163177106561,0.499753301349117,0.47555369828666944,histgb_leaves7,0.5,2019-09-11,0.24698324990726217,0.0,0.0
2019-11-04,1,0.008961218574161878,0.3695385689451417,0.47555369828666944,histgb_leaves7,0.5,2019-09-11,0.24698324990726217,-1.0,-0.009961218574161879
2019-11-05,1,0.004208730538136418,0.4630755359205092,0.47555369828666944,histgb_leaves7,0.5,2019-09-11,0.24698324990726217,0.0,0.0
2019-11-06,1,0.0006813864814789738,0.4653495100071821,0.47555369828666944,histgb_leaves7,0.5,2019-09-11,0.24698324990726217,0.0,0.0
2019-11-07,1,0.0015132761962588503,0.5053340217926106,0.47555369828666944,histgb_leaves7,0.5,2019-09-11,0.24698324990726217,0.0,0.0
2019-11-08,0,-0.007868423251538803,0.426025863067987,0.47555369828666944,histgb_leaves7,0.5,2019-09-11,0.24698324990726217,-1.0,0.006868423251538803
2019-11-11,0,-0.007003043378664531,0.46337974996305686,0.47555369828666944,histgb_leaves7,0.5,2019-09-11,0.24698324990726217,0.0,-0.0
2019-11-12,1,0.0045325300526448675,0.49612088662882503,0.47555369828666944,histgb_leaves7,0.5,2019-09-11,0.24698324990726217,0.0,0.0
2019-11-13,0,-0.004703443877551061,0.4947875235383151,0.47555369828666944,histgb_leaves7,0.5,2019-09-11,0.24698324990726217,0.0,-0.0
2019-11-14,1,0.005494608797014466,0.4941138321750198,0.47555369828666944,histgb_leaves7,0.5,2019-09-11,0.24698324990726217,0.0,0.0
2019-11-15,1,0.011328556193754613,0.4503645381868343,0.47555369828666944,histgb_leaves7,0.5,2019-09-11,0.24698324990726217,0.0,0.0
2019-11-18,0,-0.0005550698694197775,0.4551292947535342,0.47555369828666944,histgb_leaves7,0.5,2019-09-11,0.24698324990726217,0.0,-0.0
2019-11-19,1,0.0010227610830109146,0.4944613405327729,0.47555369828666944,histgb_leaves7,0.5,2019-09-11,0.24698324990726217,0.0,0.0
2019-11-20,0,-0.0068876573554012,0.4959877303163114,0.47555369828666944,histgb_leaves7,0.5,2019-09-11,0.24698324990726217,0.0,-0.0
2019-11-21,0,-0.012737503825960061,0.4840858482382615,0.47555369828666944,histgb_leaves7,0.5,2019-09-11,0.24698324990726217,0.0,-0.0
2019-11-22,1,0.001462677891647557,0.4530239366934919,0.47555369828666944,histgb_leaves7,0.5,2019-09-11,0.24698324990726217,0.0,0.0
2019-11-25,1,0.0030040526370480602,0.4395929315555703,0.47555369828666944,histgb_leaves7,0.5,2019-09-11,0.24698324990726217,0.0,0.0
2019-11-26,0,-0.0037195846463812243,0.47242767605958225,0.47555369828666944,histgb_leaves7,0.5,2019-09-11,0.24698324990726217,0.0,-0.0
2019-11-27,0,-0.0031014724966853535,0.4953906213797161,0.47555369828666944,histgb_leaves7,0.5,2019-09-11,0.24698324990726217,0.0,-0.0
2019-11-28,1,0.0007888782340466083,0.46996377917869414,0.47555369828666944,histgb_leaves7,0.5,2019-09-11,0.24698324990726217,0.0,0.0
2019-11-29,0,-0.017675591499531906,0.4692428081336717,0.47555369828666944,histgb_leaves7,0.5,2019-09-11,0.24698324990726217,0.0,-0.0
2019-12-02,0,-0.002684083812066529,0.5019288832128411,0.47555369828666944,histgb_leaves7,0.5,2019-09-11,0.24698324990726217,0.0,-0.0
2019-12-03,1,0.004361403745506198,0.43674277643541193,0.47555369828666944,histgb_leaves7,0.5,2019-09-11,0.24698324990726217,0.0,0.0
2019-12-04,0,-0.0009416468679377399,0.48125575271417387,0.47555369828666944,histgb_leaves7,0.5,2019-09-11,0.24698324990726217,0.0,-0.0
2019-12-05,0,-0.008453984246815982,0.4293221608283687,0.47555369828666944,histgb_leaves7,0.5,2019-09-11,0.24698324990726217,-1.0,0.007453984246815982
2019-12-06,1,0.004540541583833546,0.4497015129679856,0.47555369828666944,histgb_leaves7,0.5,2019-09-11,0.24698324990726217,0.0,0.0
2019-12-09,0,-0.0015727028499861184,0.44778932745773015,0.47555369828666944,histgb_leaves7,0.5,2019-09-11,0.24698324990726217,0.0,-0.0
2019-12-10,1,0.00806257867981297,0.4695018393157425,0.47555369828666944,histgb_leaves7,0.5,2019-09-11,0.24698324990726217,0.0,0.0
2019-12-11,1,0.003498103208341874,0.4988202127605842,0.47555369828666944,histgb_leaves7,0.5,2019-09-11,0.24698324990726217,0.0,0.0
2019-12-12,1,0.00812214345346729,0.48986080630651363,0.47555369828666944,histgb_leaves7,0.5,2019-09-11,0.24698324990726217,0.0,0.0
2019-12-13,1,0.002596286663309577,0.46533366890633254,0.47555369828666944,histgb_leaves7,0.5,2019-09-11,0.24698324990726217,0.0,0.0
2019-12-16,1,4.6124397500069136e-05,0.49351024390479137,0.47555369828666944,histgb_leaves7,0.5,2019-09-11,0.24698324990726217,0.0,0.0
2019-12-17,1,0.007469945856657612,0.46703272273343716,0.4759771986970684,logistic_C0.1,0.25,2019-12-13,0.24797634395604132,0.0,0.0
2019-12-18,0,-7.289559528356193e-05,0.48106754185062356,0.4759771986970684,logistic_C0.1,0.25,2019-12-13,0.24797634395604132,0.0,-0.0
2019-12-19,0,-0.0013003428176520115,0.46499880350912376,0.4759771986970684,logistic_C0.1,0.25,2019-12-13,0.24797634395604132,0.0,-0.0
2019-12-20,0,-0.0006302225728498367,0.4489282311858122,0.4759771986970684,logistic_C0.1,0.25,2019-12-13,0.24797634395604132,0.0,-0.0
2019-12-23,0,-0.002042368966860053,0.4618126312919782,0.4759771986970684,logistic_C0.1,0.25,2019-12-13,0.24797634395604132,0.0,-0.0
2019-12-24,0,-0.007320179673016902,0.47163241240473286,0.4759771986970684,logistic_C0.1,0.25,2019-12-13,0.24797634395604132,0.0,-0.0
2019-12-26,1,0.0026046655901323934,0.48064462524631635,0.4759771986970684,logistic_C0.1,0.25,2019-12-13,0.24797634395604132,0.0,0.0
2019-12-27,1,0.009392315794294115,0.44671454258716675,0.4759771986970684,logistic_C0.1,0.25,2019-12-13,0.24797634395604132,0.0,0.0
2019-12-30,0,-0.0022473236418446563,0.44039178837771026,0.4759771986970684,logistic_C0.1,0.25,2019-12-13,0.24797634395604132,0.0,-0.0
2020-01-02,0,-0.011829857214895378,0.4717168278239303,0.4759771986970684,logistic_C0.1,0.25,2019-12-13,0.24797634395604132,0.0,-0.0
2020-01-03,0,-0.007352069251749027,0.45749049176915235,0.4759771986970684,logistic_C0.1,0.25,2019-12-13,0.24797634395604132,0.0,-0.0
2020-01-06,1,4.640435829750267e-05,0.481509285603459,0.4759771986970684,logistic_C0.1,0.25,2019-12-13,0.24797634395604132,0.0,0.0
2020-01-07,1,0.0041262808086401925,0.44465629837254184,0.4759771986970684,logistic_C0.1,0.25,2019-12-13,0.24797634395604132,0.0,0.0
2020-01-08,0,-0.0023002685192485828,0.4767325964770233,0.4759771986970684,logistic_C0.1,0.25,2019-12-13,0.24797634395604132,0.0,-0.0
2020-01-09,1,0.0019475758408944444,0.44671301010728753,0.4759771986970684,logistic_C0.1,0.25,2019-12-13,0.24797634395604132,0.0,0.0
2020-01-10,1,0.007723295028956523,0.46465494739676805,0.4759771986970684,logistic_C0.1,0.25,2019-12-13,0.24797634395604132,0.0,0.0
2020-01-13,1,0.011236158930183704,0.4443683273792558,0.4759771986970684,logistic_C0.1,0.25,2019-12-13,0.24797634395604132,0.0,0.0
2020-01-14,0,-0.001863525719329795,0.44299669859155905,0.4759771986970684,logistic_C0.1,0.25,2019-12-13,0.24797634395604132,0.0,-0.0
2020-01-15,1,0.0005291954435373558,0.4761309992307781,0.4759771986970684,logistic_C0.1,0.25,2019-12-13,0.24797634395604132,0.0,0.0
2020-01-16,1,0.007222448732711273,0.4516631708838935,0.4759771986970684,logistic_C0.1,0.25,2019-12-13,0.24797634395604132,0.0,0.0
2020-01-17,0,-0.004863877748643608,0.43932353559975623,0.4759771986970684,logistic_C0.1,0.25,2019-12-13,0.24797634395604132,0.0,-0.0
2020-01-20,1,0.0005483328911293217,0.4554511529529874,0.4759771986970684,logistic_C0.1,0.25,2019-12-13,0.24797634395604132,0.0,0.0
2020-01-21,0,-0.008903403383470287,0.4730132222043779,0.4759771986970684,logistic_C0.1,0.25,2019-12-13,0.24797634395604132,0.0,-0.0
2020-01-22,1,0.012829848159283008,0.48784263112424453,0.4759771986970684,logistic_C0.1,0.25,2019-12-13,0.24797634395604132,0.0,0.0
2020-01-23,0,-0.0037302509602845646,0.4467903062069523,0.4759771986970684,logistic_C0.1,0.25,2019-12-13,0.24797634395604132,0.0,-0.0
2020-01-28,0,-0.007070458256926759,0.4892551475873429,0.4759771986970684,logistic_C0.1,0.25,2019-12-13,0.24797634395604132,0.0,-0.0
2020-01-29,0,-0.0013253023060258995,0.4271906896542221,0.4759771986970684,logistic_C0.1,0.25,2019-12-13,0.24797634395604132,-1.0,0.00032530230602589947
2020-01-30,0,-0.015374460243681054,0.45290766076763833,0.4759771986970684,logistic_C0.1,0.25,2019-12-13,0.24797634395604132,0.0,-0.0
2020-01-31,0,-0.019249282606683238,0.4424558153392094,0.4759771986970684,logistic_C0.1,0.25,2019-12-13,0.24797634395604132,0.0,-0.0
2020-02-03,1,0.015465276213571189,0.4685155847444932,0.4759771986970684,logistic_C0.1,0.25,2019-12-13,0.24797634395604132,0.0,0.0
2020-02-04,1,0.017291935772810074,0.41701141710776823,0.4759771986970684,logistic_C0.1,0.25,2019-12-13,0.24797634395604132,-1.0,-0.018291935772810075
2020-02-05,0,-0.005341576109421986,0.41203494644379857,0.4759771986970684,logistic_C0.1,0.25,2019-12-13,0.24797634395604132,-1.0,0.004341576109421986
2020-02-06,1,0.01975951702009815,0.4821536976743819,0.4759771986970684,logistic_C0.1,0.25,2019-12-13,0.24797634395604132,0.0,0.0
2020-02-07,0,-0.0042944150097457,0.43305188598261535,0.4759771986970684,logistic_C0.1,0.25,2019-12-13,0.24797634395604132,0.0,-0.0
2020-02-10,1,0.0070643247027173395,0.4466781544378671,0.4759771986970684,logistic_C0.1,0.25,2019-12-13,0.24797634395604132,0.0,0.0
2020-02-11,1,0.004346058278744014,0.4530265204571517,0.4759771986970684,logistic_C0.1,0.25,2019-12-13,0.24797634395604132,0.0,0.0
2020-02-12,1,0.005584132617534321,0.4653030363302329,0.4759771986970684,logistic_C0.1,0.25,2019-12-13,0.24797634395604132,0.0,0.0
2020-02-13,0,-0.005681919384428968,0.4388545735977235,0.4759771986970684,logistic_C0.1,0.25,2019-12-13,0.24797634395604132,0.0,-0.0
2020-02-14,1,0.004873001867685467,0.47420926550794723,0.4759771986970684,logistic_C0.1,0.25,2019-12-13,0.24797634395604132,0.0,0.0
2020-02-17,0,-0.0004012358062833732,0.44536515139272687,0.4759771986970684,logistic_C0.1,0.25,2019-12-13,0.24797634395604132,0.0,-0.0
2020-02-18,0,-0.007682009721560745,0.46346715179498693,0.4759771986970684,logistic_C0.1,0.25,2019-12-13,0.24797634395604132,0.0,-0.0
2020-02-19,0,-0.005475790885080434,0.45945948152796734,0.4759771986970684,logistic_C0.1,0.25,2019-12-13,0.24797634395604132,0.0,-0.0
2020-02-20,0,-0.012614962559870602,0.45239381347300195,0.4759771986970684,logistic_C0.1,0.25,2019-12-13,0.24797634395604132,0.0,-0.0
2020-02-21,0,-0.0012975319188234247,0.486053535581478,0.4759771986970684,logistic_C0.1,0.25,2019-12-13,0.24797634395604132,0.0,-0.0
2020-02-24,0,-0.016555978127187787,0.4708759544143075,0.4759771986970684,logistic_C0.1,0.25,2019-12-13,0.24797634395604132,0.0,-0.0
2020-02-25,1,0.013519308135192976,0.5249844341836694,0.4759771986970684,logistic_C0.1,0.25,2019-12-13,0.24797634395604132,0.0,0.0
2020-02-26,1,0.006152892101527474,0.4872651984087569,0.4759771986970684,logistic_C0.1,0.25,2019-12-13,0.24797634395604132,0.0,0.0
2020-02-27,0,-0.009151971917236823,0.4370353631238064,0.4759771986970684,logistic_C0.1,0.25,2019-12-13,0.24797634395604132,0.0,-0.0
2020-02-28,0,-0.01641446016919368,0.5372135195232978,0.4759771986970684,logistic_C0.1,0.25,2019-12-13,0.24797634395604132,0.0,-0.0
2020-03-02,1,0.0027440749513027995,0.4958410138550773,0.4759771986970684,logistic_C0.1,0.25,2019-12-13,0.24797634395604132,0.0,0.0
2020-03-03,0,-0.018373662792114387,0.43856205796636116,0.4759771986970684,logistic_C0.1,0.25,2019-12-13,0.24797634395604132,0.0,-0.0
2020-03-04,1,0.026682487374178,0.537448316921136,0.4759771986970684,logistic_C0.1,0.25,2019-12-13,0.24797634395604132,0.0,0.0
2020-03-05,1,0.0034406263383555125,0.42206430317178034,0.4759771986970684,logistic_C0.1,0.25,2019-12-13,0.24797634395604132,-1.0,-0.0044406263383555125
2020-03-06,0,-0.0062686000126639385,0.5323122989943225,0.4759771986970684,logistic_C0.1,0.25,2019-12-13,0.24797634395604132,0.0,-0.0
2020-03-09,0,-0.013250749613835322,0.5160299922419338,0.4759771986970684,logistic_C0.1,0.25,2019-12-13,0.24797634395604132,0.0,-0.0
2020-03-10,1,0.010335332115191775,0.5543790083873796,0.4759771986970684,logistic_C0.1,0.25,2019-12-13,0.24797634395604132,0.0,0.0
2020-03-11,0,-0.029201239272105717,0.41107322807445235,0.4759771986970684,logistic_C0.1,0.25,2019-12-13,0.24797634395604132,-1.0,0.028201239272105716
2020-03-12,0,-0.028411468402570028,0.546415555644688,0.4759771986970684,logistic_C0.1,0.25,2019-12-13,0.24797634395604132,0.0,-0.0
2020-03-13,1,0.028304734483479255,0.5773029081409289,0.4759771986970684,logistic_C0.1,0.25,2019-12-13,0.24797634395604132,1.0,0.027304734483479254
2020-03-16,0,-0.05016533457403505,0.38156582685545826,0.4759771986970684,logistic_C0.1,0.25,2019-12-13,0.24797634395604132,-1.0,0.04916533457403505
2020-03-17,1,0.01925842860973659,0.6019464255664528,0.4759771986970684,logistic_C0.1,0.25,2019-12-13,0.24797634395604132,1.0,0.018258428609736588
2020-03-18,0,-0.05629492562806904,0.4023898746885209,0.4759771986970684,logistic_C0.1,0.25,2019-12-13,0.24797634395604132,-1.0,0.055294925628069036
2020-03-19,0,-0.1035920521004371,0.5667797775769057,0.4759771986970684,logistic_C0.1,0.25,2019-12-13,0.24797634395604132,0.0,-0.0
2020-03-20,1,0.0451521198005993,0.5697834844125198,0.47518856689162364,logistic_C0.1,0.25,2020-03-18,0.24785016989391634,0.0,0.0
2020-03-23,1,0.005432534165281888,0.5417309601368566,0.47518856689162364,logistic_C0.1,0.25,2020-03-18,0.24785016989391634,0.0,0.0
2020-03-24,1,0.056625691577683046,0.49318977993947327,0.47518856689162364,logistic_C0.1,0.25,2020-03-18,0.24785016989391634,0.0,0.0
2020-03-25,1,0.021921963325520544,0.4528521606250484,0.47518856689162364,logistic_C0.1,0.25,2020-03-18,0.24785016989391634,0.0,0.0
2020-03-26,0,-0.007574553736956369,0.5630422149190389,0.47518856689162364,logistic_C0.1,0.25,2020-03-18,0.24785016989391634,0.0,-0.0
2020-03-27,0,-0.02183284265433605,0.5047302776949769,0.47518856689162364,logistic_C0.1,0.25,2020-03-18,0.24785016989391634,0.0,-0.0
2020-03-30,1,0.02800627417172552,0.5906337832260535,0.47518856689162364,logistic_C0.1,0.25,2020-03-18,0.24785016989391634,1.0,0.02700627417172552
2020-03-31,1,0.008825440265855633,0.44587738634008683,0.47518856689162364,logistic_C0.1,0.25,2020-03-18,0.24785016989391634,0.0,0.0
2020-04-01,0,-0.02982823724442807,0.5049769217118125,0.47518856689162364,logistic_C0.1,0.25,2020-03-18,0.24785016989391634,0.0,-0.0
2020-04-02,1,0.01849981990280658,0.5684061481887197,0.47518856689162364,logistic_C0.1,0.25,2020-03-18,0.24785016989391634,0.0,0.0
2020-04-03,0,-0.003309900240877517,0.4343458714598373,0.47518856689162364,logistic_C0.1,0.25,2020-03-18,0.24785016989391634,0.0,-0.0
2020-04-06,1,0.02671823520985539,0.5353311240849988,0.47518856689162364,logistic_C0.1,0.25,2020-03-18,0.24785016989391634,0.0,0.0
2020-04-07,0,-0.0017079793290707412,0.41887115237624956,0.47518856689162364,logistic_C0.1,0.25,2020-03-18,0.24785016989391634,-1.0,0.0007079793290707412
2020-04-08,0,-0.004741842213961123,0.5261338221885811,0.47518856689162364,logistic_C0.1,0.25,2020-03-18,0.24785016989391634,0.0,-0.0
2020-04-09,0,-0.0010228008421785395,0.5512115315319768,0.47518856689162364,logistic_C0.1,0.25,2020-03-18,0.24785016989391634,0.0,-0.0
2020-04-10,1,0.01358565389811317,0.5522149388916424,0.47518856689162364,logistic_C0.1,0.25,2020-03-18,0.24785016989391634,0.0,0.0
2020-04-13,0,-0.014859979496034126,0.5179805535693187,0.47518856689162364,logistic_C0.1,0.25,2020-03-18,0.24785016989391634,0.0,-0.0
2020-04-14,1,0.005778781527396415,0.5249150750431868,0.47518856689162364,logistic_C0.1,0.25,2020-03-18,0.24785016989391634,0.0,0.0
2020-04-16,1,0.009546020407608546,0.5644537131036509,0.47518856689162364,logistic_C0.1,0.25,2020-03-18,0.24785016989391634,0.0,0.0
2020-04-17,1,0.011207884604211626,0.45176880971166955,0.47518856689162364,logistic_C0.1,0.25,2020-03-18,0.24785016989391634,0.0,0.0
2020-04-20,0,-0.005229676053533416,0.5082918723500701,0.47518856689162364,logistic_C0.1,0.25,2020-03-18,0.24785016989391634,0.0,-0.0
2020-04-21,0,-0.003922025885370717,0.5188426586036794,0.47518856689162364,logistic_C0.1,0.25,2020-03-18,0.24785016989391634,0.0,-0.0
2020-04-22,1,0.021902334129161316,0.5299784351345096,0.47518856689162364,logistic_C0.1,0.25,2020-03-18,0.24785016989391634,0.0,0.0
2020-04-23,1,0.0038166138037694086,0.46607859996545,0.47518856689162364,logistic_C0.1,0.25,2020-03-18,0.24785016989391634,0.0,0.0
2020-04-24,0,-0.0089503533448404,0.5065690643919126,0.47518856689162364,logistic_C0.1,0.25,2020-03-18,0.24785016989391634,0.0,-0.0
2020-04-27,1,0.013552549734852981,0.491346022428966,0.47518856689162364,logistic_C0.1,0.25,2020-03-18,0.24785016989391634,0.0,0.0
2020-04-28,1,0.0014705501618121897,0.5164339994925363,0.47518856689162364,logistic_C0.1,0.25,2020-03-18,0.24785016989391634,0.0,0.0
2020-04-29,1,0.005508831167490014,0.5608306086187193,0.47518856689162364,logistic_C0.1,0.25,2020-03-18,0.24785016989391634,0.0,0.0
2020-05-04,0,-0.005796204404066363,0.5187541806975288,0.47518856689162364,logistic_C0.1,0.25,2020-03-18,0.24785016989391634,0.0,-0.0
2020-05-06,1,0.004850347755867457,0.4754269239917073,0.47518856689162364,logistic_C0.1,0.25,2020-03-18,0.24785016989391634,0.0,0.0
2020-05-07,1,0.003439125910509766,0.4999045437505131,0.47518856689162364,logistic_C0.1,0.25,2020-03-18,0.24785016989391634,0.0,0.0
2020-05-08,1,0.0004524561168981478,0.5145497631633092,0.47518856689162364,logistic_C0.1,0.25,2020-03-18,0.24785016989391634,0.0,0.0
2020-05-11,0,-0.009270492600498503,0.48455217244359927,0.47518856689162364,logistic_C0.1,0.25,2020-03-18,0.24785016989391634,0.0,-0.0
2020-05-12,0,-0.008485417461905786,0.516380023146884,0.47518856689162364,logistic_C0.1,0.25,2020-03-18,0.24785016989391634,0.0,-0.0
2020-05-13,1,0.022619235836627283,0.5518695213072587,0.47518856689162364,logistic_C0.1,0.25,2020-03-18,0.24785016989391634,0.0,0.0
2020-05-14,1,0.0013108341482699348,0.48912036912074397,0.47518856689162364,logistic_C0.1,0.25,2020-03-18,0.24785016989391634,0.0,0.0
2020-05-15,0,-0.0053415770812798025,0.49285585671001075,0.47518856689162364,logistic_C0.1,0.25,2020-03-18,0.24785016989391634,0.0,-0.0
2020-05-18,1,0.001344009594160811,0.4718932004827408,0.47518856689162364,logistic_C0.1,0.25,2020-03-18,0.24785016989391634,0.0,0.0
2020-05-19,1,0.001587887553287759,0.5009581388231121,0.47518856689162364,logistic_C0.1,0.25,2020-03-18,0.24785016989391634,0.0,0.0
2020-05-20,1,0.00888384073991455,0.5308865771620639,0.47518856689162364,logistic_C0.1,0.25,2020-03-18,0.24785016989391634,0.0,0.0
2020-05-21,0,-0.0024410942492013588,0.5041944414685317,0.47518856689162364,logistic_C0.1,0.25,2020-03-18,0.24785016989391634,0.0,-0.0
2020-05-22,0,-0.015722422062349972,0.5175845532862973,0.47518856689162364,logistic_C0.1,0.25,2020-03-18,0.24785016989391634,0.0,-0.0
2020-05-25,1,0.007114329137444253,0.5140712895372508,0.47518856689162364,logistic_C0.1,0.25,2020-03-18,0.24785016989391634,0.0,0.0
2020-05-26,1,0.014382808595702068,0.5178775337450707,0.47518856689162364,logistic_C0.1,0.25,2020-03-18,0.24785016989391634,0.0,0.0
2020-05-27,1,0.0016272991764880729,0.48889948196288824,0.47518856689162364,logistic_C0.1,0.25,2020-03-18,0.24785016989391634,0.0,0.0
2020-05-28,0,-0.009056802860660018,0.5077657065813581,0.47518856689162364,logistic_C0.1,0.25,2020-03-18,0.24785016989391634,0.0,-0.0
2020-05-29,1,0.005563895618741821,0.5144866447492527,0.47518856689162364,logistic_C0.1,0.25,2020-03-18,0.24785016989391634,0.0,0.0
2020-06-01,1,0.013765070887169495,0.4776733288458933,0.47518856689162364,logistic_C0.1,0.25,2020-03-18,0.24785016989391634,0.0,0.0
2020-06-02,1,0.01248635669067899,0.47617754587671324,0.47518856689162364,logistic_C0.1,0.25,2020-03-18,0.24785016989391634,0.0,0.0
2020-06-03,1,0.018235280168836354,0.47116922432868447,0.47518856689162364,logistic_C0.1,0.25,2020-03-18,0.24785016989391634,0.0,0.0
2020-06-04,0,-0.013961973561174235,0.47447076332979155,0.47518856689162364,logistic_C0.1,0.25,2020-03-18,0.24785016989391634,0.0,-0.0
2020-06-05,1,0.014271303523198942,0.5338276450593603,0.47518856689162364,logistic_C0.1,0.25,2020-03-18,0.24785016989391634,0.0,0.0
2020-06-08,0,-0.014131612204368982,0.4475423597719128,0.47518856689162364,logistic_C0.1,0.25,2020-03-18,0.24785016989391634,0.0,-0.0
2020-06-09,0,-0.007845963476156181,0.5128710481531074,0.47518856689162364,logistic_C0.1,0.25,2020-03-18,0.24785016989391634,0.0,-0.0
2020-06-10,1,0.0035559049503866014,0.5018876157255518,0.47518856689162364,logistic_C0.1,0.25,2020-03-18,0.24785016989391634,0.0,0.0
2020-06-11,0,-0.003470123972239003,0.4746081095734156,0.47518856689162364,logistic_C0.1,0.25,2020-03-18,0.24785016989391634,0.0,-0.0
2020-06-12,1,0.02109910738229348,0.5029669056959961,0.47518856689162364,logistic_C0.1,0.25,2020-03-18,0.24785016989391634,0.0,0.0
2020-06-15,0,-0.03953348688286562,0.38394744494290145,0.47518856689162364,logistic_C0.1,0.25,2020-03-18,0.24785016989391634,-1.0,0.03853348688286562
2020-06-16,1,0.022457187399872902,0.4438810029976119,0.47518856689162364,logistic_C0.1,0.25,2020-03-18,0.24785016989391634,0.0,0.0
2020-06-17,1,0.003689327670426401,0.4168063782124189,0.47518856689162364,logistic_C0.1,0.25,2020-03-18,0.24785016989391634,-1.0,-0.004689327670426401
2020-06-18,0,-0.0004076182444303633,0.444724397235111,0.47518856689162364,logistic_C0.1,0.25,2020-03-18,0.24785016989391634,0.0,-0.0
2020-06-19,0,-0.005466562010877363,0.4671485732249054,0.47518856689162364,logistic_C0.1,0.25,2020-03-18,0.24785016989391634,0.0,-0.0
2020-06-22,1,0.00016459898983245402,0.467802292129051,0.47518856689162364,logistic_C0.1,0.25,2020-03-18,0.24785016989391634,0.0,0.0
2020-06-23,0,-0.008324298669694419,0.42270351737318645,0.47792408985282725,histgb_leaves7,0.5,2020-06-19,0.24718753438056776,-1.0,0.007324298669694419
2020-06-24,1,0.0072602554603367064,0.5701196639292014,0.47792408985282725,histgb_leaves7,0.5,2020-06-19,0.24718753438056776,1.0,0.006260255460336706
2020-06-25,0,-0.008486469994602008,0.5329013017175704,0.47792408985282725,histgb_leaves7,0.5,2020-06-19,0.24718753438056776,0.0,-0.0
2020-06-26,0,-0.0013193167623404278,0.4228963492919937,0.47792408985282725,histgb_leaves7,0.5,2020-06-19,0.24718753438056776,-1.0,0.0003193167623404278
2020-06-29,0,-0.005727746801295619,0.605393431383545,0.47792408985282725,histgb_leaves7,0.5,2020-06-19,0.24718753438056776,1.0,-0.006727746801295619
2020-06-30,0,-0.007555145501275784,0.433622421551895,0.47792408985282725,histgb_leaves7,0.5,2020-06-19,0.24718753438056776,0.0,-0.0
2020-07-01,0,-0.01038608424424925,0.5630149699843375,0.47792408985282725,histgb_leaves7,0.5,2020-06-19,0.24718753438056776,0.0,-0.0
2020-07-02,1,0.008810801617597175,0.5269773138535084,0.47792408985282725,histgb_leaves7,0.5,2020-06-19,0.24718753438056776,0.0,0.0
2020-07-03,1,0.0021043908207589723,0.5389376041912108,0.47792408985282725,histgb_leaves7,0.5,2020-06-19,0.24718753438056776,0.0,0.0
2020-07-06,1,0.01342319182936147,0.5191018540608886,0.47792408985282725,histgb_leaves7,0.5,2020-06-19,0.24718753438056776,0.0,0.0
2020-07-07,0,-0.017197689415269446,0.40696952429384337,0.47792408985282725,histgb_leaves7,0.5,2020-06-19,0.24718753438056776,-1.0,0.016197689415269445
2020-07-08,0,-0.0036367664162160196,0.5005109812944663,0.47792408985282725,histgb_leaves7,0.5,2020-06-19,0.24718753438056776,0.0,-0.0
2020-07-09,0,-0.0014969025631578203,0.543495964024552,0.47792408985282725,histgb_leaves7,0.5,2020-06-19,0.24718753438056776,0.0,-0.0
2020-07-10,0,-0.009758501271045938,0.5287694176951162,0.47792408985282725,histgb_leaves7,0.5,2020-06-19,0.24718753438056776,0.0,-0.0
2020-07-13,1,0.007164214861944851,0.518198128888693,0.47792408985282725,histgb_leaves7,0.5,2020-06-19,0.24718753438056776,0.0,0.0
2020-07-14,1,0.0032989804404461864,0.6176908758764711,0.47792408985282725,histgb_leaves7,0.5,2020-06-19,0.24718753438056776,1.0,0.0022989804404461864
2020-07-15,0,-0.0031013297234157022,0.49576444326972413,0.47792408985282725,histgb_leaves7,0.5,2020-06-19,0.24718753438056776,0.0,-0.0
2020-07-16,0,-0.008868515408705147,0.48978143874060853,0.47792408985282725,histgb_leaves7,0.5,2020-06-19,0.24718753438056776,0.0,-0.0
2020-07-17,1,0.006097310144662638,0.5790478045260326,0.47792408985282725,histgb_leaves7,0.5,2020-06-19,0.24718753438056776,1.0,0.005097310144662638
2020-07-20,0,-0.005154802474667375,0.5825888871980623,0.47792408985282725,histgb_leaves7,0.5,2020-06-19,0.24718753438056776,1.0,-0.006154802474667375
2020-07-21,1,0.004343927288785521,0.5482578081132318,0.47792408985282725,histgb_leaves7,0.5,2020-06-19,0.24718753438056776,0.0,0.0
2020-07-22,1,0.0002064446638543327,0.5943582572757351,0.47792408985282725,histgb_leaves7,0.5,2020-06-19,0.24718753438056776,1.0,-0.0007935553361456673
2020-07-23,0,-0.004961297390492114,0.530579798437958,0.47792408985282725,histgb_leaves7,0.5,2020-06-19,0.24718753438056776,0.0,-0.0
2020-07-24,1,0.0016888739171405653,0.587271424326021,0.47792408985282725,histgb_leaves7,0.5,2020-06-19,0.24718753438056776,1.0,0.0006888739171405653
2020-07-27,1,0.006526040626645191,0.5648433116130008,0.47792408985282725,histgb_leaves7,0.5,2020-06-19,0.24718753438056776,0.0,0.0
2020-07-28,1,0.00839964435548346,0.5652091142186622,0.47792408985282725,histgb_leaves7,0.5,2020-06-19,0.24718753438056776,0.0,0.0
2020-07-29,1,0.0021298735802688373,0.5159299258541805,0.47792408985282725,histgb_leaves7,0.5,2020-06-19,0.24718753438056776,0.0,0.0
2020-07-30,0,-0.0036566124474251005,0.4537261527150089,0.47792408985282725,histgb_leaves7,0.5,2020-06-19,0.24718753438056776,0.0,-0.0
2020-07-31,0,-0.012797724848915837,0.5410578240724795,0.47792408985282725,histgb_leaves7,0.5,2020-06-19,0.24718753438056776,0.0,-0.0
2020-08-03,0,-0.0002709124419870701,0.4985363145492162,0.47792408985282725,histgb_leaves7,0.5,2020-06-19,0.24718753438056776,0.0,-0.0
2020-08-04,1,0.003362187710411746,0.5470875521409936,0.47792408985282725,histgb_leaves7,0.5,2020-06-19,0.24718753438056776,0.0,0.0
2020-08-05,1,0.00988541998838044,0.4887106165726748,0.47792408985282725,histgb_leaves7,0.5,2020-06-19,0.24718753438056776,0.0,0.0
2020-08-06,1,0.00859797471842394,0.478403019638532,0.47792408985282725,histgb_leaves7,0.5,2020-06-19,0.24718753438056776,0.0,0.0
2020-08-07,1,0.0010301159944663407,0.43476413834210254,0.47792408985282725,histgb_leaves7,0.5,2020-06-19,0.24718753438056776,0.0,0.0
2020-08-10,1,0.013789763458401216,0.44956044203414425,0.47792408985282725,histgb_leaves7,0.5,2020-06-19,0.24718753438056776,0.0,0.0
2020-08-11,1,0.009415260568170991,0.4931799517039034,0.47792408985282725,histgb_leaves7,0.5,2020-06-19,0.24718753438056776,0.0,0.0
2020-08-12,1,0.00727602514514758,0.48971821795934656,0.47792408985282725,histgb_leaves7,0.5,2020-06-19,0.24718753438056776,0.0,0.0
2020-08-13,0,-0.007229318041119592,0.41384215328688234,0.47792408985282725,histgb_leaves7,0.5,2020-06-19,0.24718753438056776,-1.0,0.006229318041119592
2020-08-14,0,-0.008386020553164397,0.5261790808490022,0.47792408985282725,histgb_leaves7,0.5,2020-06-19,0.24718753438056776,0.0,-0.0
2020-08-18,0,-0.023941741761713264,0.5135397588363145,0.47792408985282725,histgb_leaves7,0.5,2020-06-19,0.24718753438056776,0.0,-0.0
2020-08-19,0,-0.004357050365477622,0.5330035761243627,0.47792408985282725,histgb_leaves7,0.5,2020-06-19,0.24718753438056776,0.0,-0.0
2020-08-20,0,-0.02807372933147001,0.5242300058321177,0.47792408985282725,histgb_leaves7,0.5,2020-06-19,0.24718753438056776,0.0,-0.0
2020-08-21,0,-0.0006807853748220793,0.5523174617579598,0.47792408985282725,histgb_leaves7,0.5,2020-06-19,0.24718753438056776,0.0,-0.0
2020-08-24,1,0.008855190570629334,0.5571393331550016,0.47792408985282725,histgb_leaves7,0.5,2020-06-19,0.24718753438056776,0.0,0.0
2020-08-25,1,0.006198584273962027,0.46860759758091686,0.47792408985282725,histgb_leaves7,0.5,2020-06-19,0.24718753438056776,0.0,0.0
2020-08-26,1,0.0006673029977954936,0.4745441123374552,0.47792408985282725,histgb_leaves7,0.5,2020-06-19,0.24718753438056776,0.0,0.0
2020-08-27,0,-0.011593836295031523,0.41201652907638825,0.47792408985282725,histgb_leaves7,0.5,2020-06-19,0.24718753438056776,-1.0,0.010593836295031522
2020-08-28,0,-0.003564443616597801,0.5420960170727598,0.47792408985282725,histgb_leaves7,0.5,2020-06-19,0.24718753438056776,0.0,-0.0
2020-08-31,0,-0.02142114938853812,0.6192111412904333,0.47792408985282725,histgb_leaves7,0.5,2020-06-19,0.24718753438056776,1.0,-0.02242114938853812
2020-09-01,1,0.003999675240044631,0.5495250656674127,0.47792408985282725,histgb_leaves7,0.5,2020-06-19,0.24718753438056776,0.0,0.0
2020-09-02,1,0.00039772703232165973,0.5490166256463901,0.47792408985282725,histgb_leaves7,0.5,2020-06-19,0.24718753438056776,0.0,0.0
2020-09-03,1,0.005303659693025375,0.4526593506300341,0.47792408985282725,histgb_leaves7,0.5,2020-06-19,0.24718753438056776,0.0,0.0
2020-09-04,1,0.015248555309772538,0.547700285897735,0.47792408985282725,histgb_leaves7,0.5,2020-06-19,0.24718753438056776,0.0,0.0
2020-09-07,1,0.006063674916133799,0.46950300606071677,0.47792408985282725,histgb_leaves7,0.5,2020-06-19,0.24718753438056776,0.0,0.0
2020-09-08,0,-0.0003121540292841951,0.5508720259613777,0.47792408985282725,histgb_leaves7,0.5,2020-06-19,0.24718753438056776,0.0,-0.0
2020-09-09,1,0.0013824904216173106,0.5488286175220529,0.47792408985282725,histgb_leaves7,0.5,2020-06-19,0.24718753438056776,0.0,0.0
2020-09-10,0,-0.003472178906617107,0.46752067468084857,0.47792408985282725,histgb_leaves7,0.5,2020-06-19,0.24718753438056776,0.0,-0.0
2020-09-11,1,0.0028998727905731325,0.5825071672976989,0.47792408985282725,histgb_leaves7,0.5,2020-06-19,0.24718753438056776,1.0,0.0018998727905731325
2020-09-14,1,0.003961411387196856,0.5488272244799881,0.47792408985282725,histgb_leaves7,0.5,2020-06-19,0.24718753438056776,0.0,0.0
2020-09-15,1,0.003692613540678291,0.44845999597198427,0.47792408985282725,histgb_leaves7,0.5,2020-06-19,0.24718753438056776,0.0,0.0
2020-09-16,0,-0.0027837820134930524,0.4958528220560554,0.47792408985282725,histgb_leaves7,0.5,2020-06-19,0.24718753438056776,0.0,-0.0
2020-09-17,0,-0.01012024996194616,0.500297814972449,0.47792408985282725,histgb_leaves7,0.5,2020-06-19,0.24718753438056776,0.0,-0.0
2020-09-18,0,-0.0004681938902769689,0.5503742841567753,0.47792408985282725,histgb_leaves7,0.5,2020-06-19,0.24718753438056776,0.0,-0.0
2020-09-21,0,-0.009554641773474204,0.505276380129599,0.47901701323251417,histgb_leaves15,0.25,2020-09-17,0.2473701871562996,0.0,-0.0
2020-09-22,0,-0.023260780356260446,0.4862971491821292,0.47901701323251417,histgb_leaves15,0.25,2020-09-17,0.2473701871562996,0.0,-0.0
2020-09-23,0,-0.008212330397524448,0.4631576856404285,0.47901701323251417,histgb_leaves15,0.25,2020-09-17,0.2473701871562996,0.0,-0.0
2020-09-24,0,-0.009984230839598873,0.5264837745747079,0.47901701323251417,histgb_leaves15,0.25,2020-09-17,0.2473701871562996,0.0,-0.0
2020-09-25,0,-0.007145377942566866,0.4509264573995593,0.47901701323251417,histgb_leaves15,0.25,2020-09-17,0.2473701871562996,0.0,-0.0
2020-09-28,1,0.0030071789879886346,0.45442164426962883,0.47901701323251417,histgb_leaves15,0.25,2020-09-17,0.2473701871562996,0.0,0.0
2020-09-29,0,-0.0015526418501315975,0.5104441746340699,0.47901701323251417,histgb_leaves15,0.25,2020-09-17,0.2473701871562996,0.0,-0.0
2020-10-05,1,0.011778335586020372,0.5230722737316829,0.47901701323251417,histgb_leaves15,0.25,2020-09-17,0.2473701871562996,0.0,0.0
2020-10-06,0,-0.0013802302072033479,0.45516432427170384,0.47901701323251417,histgb_leaves15,0.25,2020-09-17,0.2473701871562996,0.0,-0.0
2020-10-07,1,0.015364851413549374,0.5238383001980131,0.47901701323251417,histgb_leaves15,0.25,2020-09-17,0.2473701871562996,0.0,0.0
2020-10-08,0,-0.006863221354458493,0.4703006975105089,0.47901701323251417,histgb_leaves15,0.25,2020-09-17,0.2473701871562996,0.0,-0.0
2020-10-12,0,-0.00018717400527412664,0.4631855304504727,0.47901701323251417,histgb_leaves15,0.25,2020-09-17,0.2473701871562996,0.0,-0.0
2020-10-13,0,-0.00566853549041102,0.483446030474018,0.47901701323251417,histgb_leaves15,0.25,2020-09-17,0.2473701871562996,0.0,-0.0
2020-10-14,0,-0.009676587318095842,0.5033515679675313,0.47901701323251417,histgb_leaves15,0.25,2020-09-17,0.2473701871562996,0.0,-0.0
2020-10-15,0,-0.006187103046832454,0.5068181043193638,0.47901701323251417,histgb_leaves15,0.25,2020-09-17,0.2473701871562996,0.0,-0.0
2020-10-16,0,-0.009454794659627397,0.484641439260022,0.47901701323251417,histgb_leaves15,0.25,2020-09-17,0.2473701871562996,0.0,-0.0
2020-10-19,0,-0.002626523638712852,0.4983388925278569,0.47901701323251417,histgb_leaves15,0.25,2020-09-17,0.2473701871562996,0.0,-0.0
2020-10-20,1,0.010648965529062915,0.5206237328610177,0.47901701323251417,histgb_leaves15,0.25,2020-09-17,0.2473701871562996,0.0,0.0
2020-10-21,1,0.0033135423587511426,0.46909667061527394,0.47901701323251417,histgb_leaves15,0.25,2020-09-17,0.2473701871562996,0.0,0.0
2020-10-22,0,-0.00023773035434559997,0.49181039359354844,0.47901701323251417,histgb_leaves15,0.25,2020-09-17,0.2473701871562996,0.0,-0.0
2020-10-23,0,-0.0017041322034472284,0.48758160589212934,0.47901701323251417,histgb_leaves15,0.25,2020-09-17,0.2473701871562996,0.0,-0.0
2020-10-26,0,-0.009545742657933731,0.49059436804022505,0.47901701323251417,histgb_leaves15,0.25,2020-09-17,0.2473701871562996,0.0,-0.0
2020-10-27,1,0.0009361607104516612,0.5271333248779669,0.47901701323251417,histgb_leaves15,0.25,2020-09-17,0.2473701871562996,0.0,0.0
2020-10-28,1,0.009069865500951124,0.5252945345845238,0.47901701323251417,histgb_leaves15,0.25,2020-09-17,0.2473701871562996,0.0,0.0
2020-10-29,1,0.00619718553499915,0.5177313918156912,0.47901701323251417,histgb_leaves15,0.25,2020-09-17,0.2473701871562996,0.0,0.0
2020-10-30,0,-0.02259480246253598,0.4371519739372714,0.47901701323251417,histgb_leaves15,0.25,2020-09-17,0.2473701871562996,0.0,-0.0
2020-11-02,1,0.010344327750470894,0.5332473328110946,0.47901701323251417,histgb_leaves15,0.25,2020-09-17,0.2473701871562996,0.0,0.0
2020-11-03,1,0.011874894745251163,0.4963310543978624,0.47901701323251417,histgb_leaves15,0.25,2020-09-17,0.2473701871562996,0.0,0.0
2020-11-04,0,-0.0016939677807328302,0.47670968131031793,0.47901701323251417,histgb_leaves15,0.25,2020-09-17,0.2473701871562996,0.0,-0.0
2020-11-05,1,0.017013495350571617,0.4987184935506621,0.47901701323251417,histgb_leaves15,0.25,2020-09-17,0.2473701871562996,0.0,0.0
2020-11-06,0,-0.0021843347276188085,0.43269901039749836,0.47901701323251417,histgb_leaves15,0.25,2020-09-17,0.2473701871562996,0.0,-0.0
2020-11-09,1,0.0035142682571771555,0.5293037099550892,0.47901701323251417,histgb_leaves15,0.25,2020-09-17,0.2473701871562996,0.0,0.0
2020-11-10,0,-0.0004564070172577983,0.4588314049953873,0.47901701323251417,histgb_leaves15,0.25,2020-09-17,0.2473701871562996,0.0,-0.0
2020-11-11,1,0.010721691400691125,0.5290927257920517,0.47901701323251417,histgb_leaves15,0.25,2020-09-17,0.2473701871562996,0.0,0.0
2020-11-12,0,-0.0028437011616478935,0.4697041005705348,0.47901701323251417,histgb_leaves15,0.25,2020-09-17,0.2473701871562996,0.0,-0.0
2020-11-13,1,0.009614917493886876,0.5206863061915109,0.47901701323251417,histgb_leaves15,0.25,2020-09-17,0.2473701871562996,0.0,0.0
2020-11-16,1,0.014185669960836922,0.43710213558419964,0.47901701323251417,histgb_leaves15,0.25,2020-09-17,0.2473701871562996,0.0,0.0
2020-11-17,0,-0.001953524204833079,0.45887738162475145,0.47901701323251417,histgb_leaves15,0.25,2020-09-17,0.2473701871562996,0.0,-0.0
2020-11-18,0,-0.0012593914902799819,0.4672447619162311,0.47901701323251417,histgb_leaves15,0.25,2020-09-17,0.2473701871562996,0.0,-0.0
2020-11-19,1,0.004150751510707984,0.45728730703616227,0.47901701323251417,histgb_leaves15,0.25,2020-09-17,0.2473701871562996,0.0,0.0
2020-11-20,1,0.00371060430964687,0.46845008499312646,0.47901701323251417,histgb_leaves15,0.25,2020-09-17,0.2473701871562996,0.0,0.0
2020-11-23,1,0.016620834049468014,0.4627620897828345,0.47901701323251417,histgb_leaves15,0.25,2020-09-17,0.2473701871562996,0.0,0.0
2020-11-24,1,0.0005656886877551948,0.4885817241977414,0.47901701323251417,histgb_leaves15,0.25,2020-09-17,0.2473701871562996,0.0,0.0
2020-11-25,0,-0.013574283179264013,0.4417893467178988,0.47901701323251417,histgb_leaves15,0.25,2020-09-17,0.2473701871562996,0.0,-0.0
2020-11-26,1,0.007744470839265771,0.47026650565202405,0.47901701323251417,histgb_leaves15,0.25,2020-09-17,0.2473701871562996,0.0,0.0
2020-11-27,1,0.0032954891801277864,0.4685925168293993,0.47901701323251417,histgb_leaves15,0.25,2020-09-17,0.2473701871562996,0.0,0.0
2020-11-30,0,-0.021415758765884307,0.4674045961072877,0.47901701323251417,histgb_leaves15,0.25,2020-09-17,0.2473701871562996,0.0,-0.0
2020-12-01,1,0.007970398940851497,0.5073575570996433,0.47901701323251417,histgb_leaves15,0.25,2020-09-17,0.2473701871562996,0.0,0.0
2020-12-02,1,0.011345941614888,0.4166023537862921,0.47901701323251417,histgb_leaves15,0.25,2020-09-17,0.2473701871562996,-1.0,-0.012345941614888
2020-12-03,1,0.0036629218502222116,0.4779556409871722,0.47901701323251417,histgb_leaves15,0.25,2020-09-17,0.2473701871562996,0.0,0.0
2020-12-04,1,0.009651282278752227,0.4797819581728108,0.47901701323251417,histgb_leaves15,0.25,2020-09-17,0.2473701871562996,0.0,0.0
2020-12-07,1,0.002677029045582424,0.41138372590305616,0.47901701323251417,histgb_leaves15,0.25,2020-09-17,0.2473701871562996,-1.0,-0.003677029045582424
2020-12-08,0,-0.016101241106978637,0.47714774858093645,0.47901701323251417,histgb_leaves15,0.25,2020-09-17,0.2473701871562996,0.0,-0.0
2020-12-09,1,0.0192986350016644,0.45355038603871445,0.47901701323251417,histgb_leaves15,0.25,2020-09-17,0.2473701871562996,0.0,0.0
2020-12-10,0,-0.0014107346728041703,0.4690742436695784,0.47901701323251417,histgb_leaves15,0.25,2020-09-17,0.2473701871562996,0.0,-0.0
2020-12-11,1,0.005773085078571993,0.4406041340494413,0.47901701323251417,histgb_leaves15,0.25,2020-09-17,0.2473701871562996,0.0,0.0
2020-12-14,0,-0.0026106455118923844,0.45413499277946645,0.47901701323251417,histgb_leaves15,0.25,2020-09-17,0.2473701871562996,0.0,-0.0
2020-12-15,0,-0.0024713693846905027,0.4515011330490516,0.47901701323251417,histgb_leaves15,0.25,2020-09-17,0.2473701871562996,0.0,-0.0
2020-12-16,1,0.00294900927761943,0.42386332317614955,0.47901701323251417,histgb_leaves15,0.25,2020-09-17,0.2473701871562996,-1.0,-0.00394900927761943
2020-12-17,1,0.00019495359021481917,0.43834265575908005,0.47901701323251417,histgb_leaves15,0.25,2020-09-17,0.2473701871562996,0.0,0.0
2020-12-18,1,0.0004438910842852195,0.43938386676248775,0.47901701323251417,histgb_leaves15,0.25,2020-09-17,0.2473701871562996,0.0,0.0
2020-12-21,1,0.002406222267115954,0.4250459777119174,0.47901701323251417,histgb_leaves15,0.25,2020-09-17,0.2473701871562996,-1.0,-0.003406222267115954
2020-12-22,0,-0.013834626609380285,0.45092486634817813,0.47901701323251417,histgb_leaves15,0.25,2020-09-17,0.2473701871562996,0.0,-0.0
2020-12-23,1,0.008065046352100813,0.4787395687052817,0.47968980797636634,histgb_leaves15,0.25,2020-12-21,0.2469186202688647,0.0,0.0
2020-12-24,1,0.016021139506262383,0.4858849734381536,0.47968980797636634,histgb_leaves15,0.25,2020-12-21,0.2469186202688647,0.0,0.0
2020-12-28,0,-0.004377957780180353,0.47942642352572595,0.47968980797636634,histgb_leaves15,0.25,2020-12-21,0.2469186202688647,0.0,-0.0
2020-12-29,1,0.003543790361317134,0.46444538095372334,0.47968980797636634,histgb_leaves15,0.25,2020-12-21,0.2469186202688647,0.0,0.0
2020-12-30,1,0.018830929384901163,0.5265822291406479,0.47968980797636634,histgb_leaves15,0.25,2020-12-21,0.2469186202688647,0.0,0.0
2021-01-04,1,0.024334666898591095,0.47373235395962165,0.47968980797636634,histgb_leaves15,0.25,2020-12-21,0.2469186202688647,0.0,0.0
2021-01-05,1,0.01593249243291539,0.5173410119666656,0.47968980797636634,histgb_leaves15,0.25,2020-12-21,0.2469186202688647,0.0,0.0
2021-01-06,0,-0.008395304242084123,0.4431856245056582,0.47968980797636634,histgb_leaves15,0.25,2020-12-21,0.2469186202688647,0.0,-0.0
2021-01-07,1,0.017086303782605006,0.46585774814702696,0.47968980797636634,histgb_leaves15,0.25,2020-12-21,0.2469186202688647,0.0,0.0
2021-01-08,1,0.0368637976915307,0.4232117643275394,0.47968980797636634,histgb_leaves15,0.25,2020-12-21,0.2469186202688647,-1.0,-0.0378637976915307
2021-01-11,0,-0.004253771466523393,0.44359207368125947,0.47968980797636634,histgb_leaves15,0.25,2020-12-21,0.2469186202688647,0.0,-0.0
2021-01-12,0,-0.006332111625718784,0.45811966746274824,0.47968980797636634,histgb_leaves15,0.25,2020-12-21,0.2469186202688647,0.0,-0.0
2021-01-13,1,0.006402920473362217,0.4713666890489681,0.47968980797636634,histgb_leaves15,0.25,2020-12-21,0.2469186202688647,0.0,0.0
2021-01-14,1,0.00040652343067648644,0.48837289054434285,0.47968980797636634,histgb_leaves15,0.25,2020-12-21,0.2469186202688647,0.0,0.0
2021-01-15,0,-0.02154199325266981,0.48665739870535396,0.47968980797636634,histgb_leaves15,0.25,2020-12-21,0.2469186202688647,0.0,-0.0
2021-01-18,0,-0.021419526608006834,0.5027142113353555,0.47968980797636634,histgb_leaves15,0.25,2020-12-21,0.2469186202688647,0.0,-0.0
2021-01-19,1,0.026421732131892917,0.5064538627883106,0.47968980797636634,histgb_leaves15,0.25,2020-12-21,0.2469186202688647,0.0,0.0
2021-01-20,0,-0.0001573013508654464,0.500497119828277,0.47968980797636634,histgb_leaves15,0.25,2020-12-21,0.2469186202688647,0.0,-0.0
2021-01-21,1,0.012029059287221422,0.4683281454470713,0.47968980797636634,histgb_leaves15,0.25,2020-12-21,0.2469186202688647,0.0,0.0
2021-01-22,0,-0.00733288451022962,0.5426692988555851,0.47968980797636634,histgb_leaves15,0.25,2020-12-21,0.2469186202688647,0.0,-0.0
2021-01-25,1,0.02066787319378749,0.525391255942581,0.47968980797636634,histgb_leaves15,0.25,2020-12-21,0.2469186202688647,0.0,0.0
2021-01-26,0,-0.01986604077454157,0.468688472524097,0.47968980797636634,histgb_leaves15,0.25,2020-12-21,0.2469186202688647,0.0,-0.0
2021-01-27,0,-0.006648724653725568,0.4720726053526043,0.47968980797636634,histgb_leaves15,0.25,2020-12-21,0.2469186202688647,0.0,-0.0
2021-01-28,0,-0.01474487797674462,0.5097211887294725,0.47968980797636634,histgb_leaves15,0.25,2020-12-21,0.2469186202688647,0.0,-0.0
2021-01-29,0,-0.03329944490098191,0.4616777312084035,0.47968980797636634,histgb_leaves15,0.25,2020-12-21,0.2469186202688647,0.0,-0.0
2021-02-01,1,0.026780345403300876,0.5195112987028911,0.47968980797636634,histgb_leaves15,0.25,2020-12-21,0.2469186202688647,0.0,0.0
2021-02-02,1,0.010193896058142693,0.43046173037634083,0.47968980797636634,histgb_leaves15,0.25,2020-12-21,0.2469186202688647,0.0,0.0
2021-02-03,1,0.006839487585332593,0.43875868486553593,0.47968980797636634,histgb_leaves15,0.25,2020-12-21,0.2469186202688647,0.0,0.0
2021-02-04,0,-0.015141849174805877,0.45913262706835367,0.47968980797636634,histgb_leaves15,0.25,2020-12-21,0.2469186202688647,0.0,-0.0
2021-02-05,1,0.007145415992951598,0.4525226540464856,0.47968980797636634,histgb_leaves15,0.25,2020-12-21,0.2469186202688647,0.0,0.0
2021-02-08,0,-0.007190963601969469,0.4644195340336667,0.47968980797636634,histgb_leaves15,0.25,2020-12-21,0.2469186202688647,0.0,-0.0
2021-02-09,0,-0.005666854702232271,0.48642574170310243,0.47968980797636634,histgb_leaves15,0.25,2020-12-21,0.2469186202688647,0.0,-0.0
2021-02-10,1,0.004031566028632083,0.507732776765758,0.47968980797636634,histgb_leaves15,0.25,2020-12-21,0.2469186202688647,0.0,0.0
2021-02-15,1,0.012320262489143419,0.4737161735089665,0.47968980797636634,histgb_leaves15,0.25,2020-12-21,0.2469186202688647,0.0,0.0
2021-02-16,1,0.003616923394197169,0.48855721541322183,0.47968980797636634,histgb_leaves15,0.25,2020-12-21,0.2469186202688647,0.0,0.0
2021-02-17,0,-0.009238211163628773,0.4596910805193154,0.47968980797636634,histgb_leaves15,0.25,2020-12-21,0.2469186202688647,0.0,-0.0
2021-02-18,0,-0.014394553826307388,0.4732474504113262,0.47968980797636634,histgb_leaves15,0.25,2020-12-21,0.2469186202688647,0.0,-0.0
2021-02-19,1,0.005715284340250371,0.46883018284240807,0.47968980797636634,histgb_leaves15,0.25,2020-12-21,0.2469186202688647,0.0,0.0
2021-02-22,0,-0.011008243337411683,0.47467834466342634,0.47968980797636634,histgb_leaves15,0.25,2020-12-21,0.2469186202688647,0.0,-0.0
2021-02-23,1,0.0002704234897010771,0.4755758723245717,0.47968980797636634,histgb_leaves15,0.25,2020-12-21,0.2469186202688647,0.0,0.0
2021-02-24,0,-0.024620755687850493,0.48568635054955633,0.47968980797636634,histgb_leaves15,0.25,2020-12-21,0.2469186202688647,0.0,-0.0
2021-02-25,1,0.02419320198118613,0.46004048107689854,0.47968980797636634,histgb_leaves15,0.25,2020-12-21,0.2469186202688647,0.0,0.0
2021-02-26,0,-0.024774315501911337,0.47784372829257754,0.47968980797636634,histgb_leaves15,0.25,2020-12-21,0.2469186202688647,0.0,-0.0
2021-03-02,1,0.007343596939450858,0.47902143631890454,0.47968980797636634,histgb_leaves15,0.25,2020-12-21,0.2469186202688647,0.0,0.0
2021-03-03,1,0.013741286334341796,0.5051733721907151,0.47968980797636634,histgb_leaves15,0.25,2020-12-21,0.2469186202688647,0.0,0.0
2021-03-04,0,-0.010851901926627106,0.4927994824431092,0.47968980797636634,histgb_leaves15,0.25,2020-12-21,0.2469186202688647,0.0,-0.0
2021-03-05,0,-0.0032606977234400647,0.4743520419661065,0.47968980797636634,histgb_leaves15,0.25,2020-12-21,0.2469186202688647,0.0,-0.0
2021-03-08,0,-0.011833812116794462,0.4147664906914255,0.47968980797636634,histgb_leaves15,0.25,2020-12-21,0.2469186202688647,-1.0,0.010833812116794461
2021-03-09,0,-0.0046288244658792,0.46863964264595703,0.47968980797636634,histgb_leaves15,0.25,2020-12-21,0.2469186202688647,0.0,-0.0
2021-03-10,0,-0.007595378359881444,0.4540296664854685,0.47968980797636634,histgb_leaves15,0.25,2020-12-21,0.2469186202688647,0.0,-0.0
2021-03-11,1,0.016664979927807355,0.505826800400117,0.47968980797636634,histgb_leaves15,0.25,2020-12-21,0.2469186202688647,0.0,0.0
2021-03-12,1,0.007806700035964953,0.44691326744415355,0.47968980797636634,histgb_leaves15,0.25,2020-12-21,0.2469186202688647,0.0,0.0
2021-03-15,0,-0.003712717447482139,0.5210419263351682,0.47968980797636634,histgb_leaves15,0.25,2020-12-21,0.2469186202688647,0.0,-0.0
2021-03-16,1,0.005883452543756995,0.47652137957896384,0.47968980797636634,histgb_leaves15,0.25,2020-12-21,0.2469186202688647,0.0,0.0
2021-03-17,0,-0.006604167209951273,0.48990676553602,0.47968980797636634,histgb_leaves15,0.25,2020-12-21,0.2469186202688647,0.0,-0.0
2021-03-18,1,0.003626924348512306,0.5214091995131838,0.47968980797636634,histgb_leaves15,0.25,2020-12-21,0.2469186202688647,0.0,0.0
2021-03-19,0,-0.007665662208089397,0.49427141237519645,0.47968980797636634,histgb_leaves15,0.25,2020-12-21,0.2469186202688647,0.0,-0.0
2021-03-22,0,-0.0014967056029421277,0.4947927248354813,0.47968980797636634,histgb_leaves15,0.25,2020-12-21,0.2469186202688647,0.0,-0.0
2021-03-23,0,-0.011029375462848767,0.516231895431555,0.47968980797636634,histgb_leaves15,0.25,2020-12-21,0.2469186202688647,0.0,-0.0
2021-03-24,1,1.0012281732141304e-05,0.503173405019125,0.47968980797636634,histgb_leaves15,0.25,2020-12-21,0.2469186202688647,0.0,0.0
2021-03-25,1,0.0042260996705243414,0.5562221016943851,0.47968980797636634,histgb_leaves15,0.25,2020-12-21,0.2469186202688647,0.0,0.0
2021-03-26,1,0.009366733160957263,0.49644231660399707,0.47968980797636634,histgb_leaves15,0.25,2020-12-21,0.2469186202688647,0.0,0.0
2021-03-29,0,-0.0038291044751633807,0.5032349184169891,0.47968980797636634,histgb_leaves15,0.25,2020-12-21,0.2469186202688647,0.0,-0.0
2021-03-30,1,0.010386909071760542,0.5229300800531304,0.48033201010465537,logistic_C0.1,0.25,2021-03-26,0.24766498178186983,0.0,0.0
2021-03-31,0,-0.0038947221146681255,0.5102018195262813,0.48033201010465537,logistic_C0.1,0.25,2021-03-26,0.24766498178186983,0.0,-0.0
2021-04-01,1,0.004434294042820364,0.506831340317662,0.48033201010465537,logistic_C0.1,0.25,2021-03-26,0.24766498178186983,0.0,0.0
2021-04-02,1,0.002602489113350037,0.5212281788440011,0.48033201010465537,logistic_C0.1,0.25,2021-03-26,0.24766498178186983,0.0,0.0
2021-04-05,0,-0.0001281546057163574,0.5073248456777639,0.48033201010465537,logistic_C0.1,0.25,2021-03-26,0.24766498178186983,0.0,-0.0
2021-04-06,1,0.001050003201229277,0.5371419665175873,0.48033201010465537,logistic_C0.1,0.25,2021-03-26,0.24766498178186983,0.0,0.0
2021-04-07,1,0.002665328675932388,0.543347438338791,0.48033201010465537,logistic_C0.1,0.25,2021-03-26,0.24766498178186983,0.0,0.0
2021-04-08,1,0.0019156904932664531,0.5254587624761977,0.48033201010465537,logistic_C0.1,0.25,2021-03-26,0.24766498178186983,0.0,0.0
2021-04-09,0,-0.004649595901490944,0.5166718162159554,0.48033201010465537,logistic_C0.1,0.25,2021-03-26,0.24766498178186983,0.0,-0.0
2021-04-12,1,0.00022648394834900998,0.49112544356961024,0.48033201010465537,logistic_C0.1,0.25,2021-03-26,0.24766498178186983,0.0,0.0
2021-04-13,1,0.009836817803779763,0.5132292146737503,0.48033201010465537,logistic_C0.1,0.25,2021-03-26,0.24766498178186983,0.0,0.0
2021-04-14,1,0.003921197495228679,0.5224074106010052,0.48033201010465537,logistic_C0.1,0.25,2021-03-26,0.24766498178186983,0.0,0.0
2021-04-15,1,0.00427574802010855,0.5237605282353941,0.48033201010465537,logistic_C0.1,0.25,2021-03-26,0.24766498178186983,0.0,0.0
2021-04-16,1,0.0014213795521715866,0.5051125618200651,0.48033201010465537,logistic_C0.1,0.25,2021-03-26,0.24766498178186983,0.0,0.0
2021-04-19,0,-0.0007091290208708356,0.49675731905618914,0.48033201010465537,logistic_C0.1,0.25,2021-03-26,0.24766498178186983,0.0,-0.0
2021-04-20,1,0.007000572177181086,0.5161737034582817,0.48033201010465537,logistic_C0.1,0.25,2021-03-26,0.24766498178186983,0.0,0.0
2021-04-21,0,-0.013247299517148647,0.5217644243594272,0.48033201010465537,logistic_C0.1,0.25,2021-03-26,0.24766498178186983,0.0,-0.0
2021-04-22,1,0.0009450247596487493,0.5062778125096218,0.48033201010465537,logistic_C0.1,0.25,2021-03-26,0.24766498178186983,0.0,0.0
2021-04-23,1,0.003979870614815972,0.5033988801287266,0.48033201010465537,logistic_C0.1,0.25,2021-03-26,0.24766498178186983,0.0,0.0
2021-04-26,1,0.00820658406813446,0.4757586941793813,0.48033201010465537,logistic_C0.1,0.25,2021-03-26,0.24766498178186983,0.0,0.0
2021-04-27,0,-0.0008948823913246251,0.49601873947528213,0.48033201010465537,logistic_C0.1,0.25,2021-03-26,0.24766498178186983,0.0,-0.0
2021-04-28,0,-0.011109004385787768,0.5212569132361399,0.48033201010465537,logistic_C0.1,0.25,2021-03-26,0.24766498178186983,0.0,-0.0
2021-04-29,0,-0.003353481434963501,0.5005015227585388,0.48033201010465537,logistic_C0.1,0.25,2021-03-26,0.24766498178186983,0.0,-0.0
2021-04-30,0,-0.00899437418737381,0.5100152994828597,0.48033201010465537,logistic_C0.1,0.25,2021-03-26,0.24766498178186983,0.0,-0.0
2021-05-03,0,-0.006938600530318806,0.47920410959377807,0.48033201010465537,logistic_C0.1,0.25,2021-03-26,0.24766498178186983,0.0,-0.0
2021-05-04,1,0.0051031650481097035,0.49957236717036546,0.48033201010465537,logistic_C0.1,0.25,2021-03-26,0.24766498178186983,0.0,0.0
2021-05-06,1,0.009854752010979295,0.516208173379638,0.48033201010465537,logistic_C0.1,0.25,2021-03-26,0.24766498178186983,0.0,0.0
2021-05-07,1,0.005525800171717998,0.48244057602532403,0.48033201010465537,logistic_C0.1,0.25,2021-03-26,0.24766498178186983,0.0,0.0
2021-05-10,1,0.014943182173133618,0.48505865737109916,0.48033201010465537,logistic_C0.1,0.25,2021-03-26,0.24766498178186983,0.0,0.0
2021-05-11,0,-0.009410726190770213,0.4912915402319315,0.48033201010465537,logistic_C0.1,0.25,2021-03-26,0.24766498178186983,0.0,-0.0
2021-05-12,0,-0.01486277637909128,0.48074722874269404,0.48033201010465537,logistic_C0.1,0.25,2021-03-26,0.24766498178186983,0.0,-0.0
2021-05-13,0,-0.007899662214765235,0.5044205577284524,0.48033201010465537,logistic_C0.1,0.25,2021-03-26,0.24766498178186983,0.0,-0.0
2021-05-14,1,0.007016143197023705,0.46686094080158463,0.48033201010465537,logistic_C0.1,0.25,2021-03-26,0.24766498178186983,0.0,0.0
2021-05-17,0,-0.009069900512454154,0.44413689378024834,0.48033201010465537,logistic_C0.1,0.25,2021-03-26,0.24766498178186983,0.0,-0.0
2021-05-18,1,0.012014492661176712,0.50236658112476,0.48033201010465537,logistic_C0.1,0.25,2021-03-26,0.24766498178186983,0.0,0.0
2021-05-20,0,-0.0038588389462377304,0.49724112379351226,0.48033201010465537,logistic_C0.1,0.25,2021-03-26,0.24766498178186983,0.0,-0.0
2021-05-21,0,-0.004883492911211151,0.47292642675640784,0.48033201010465537,logistic_C0.1,0.25,2021-03-26,0.24766498178186983,0.0,-0.0
2021-05-24,0,-0.0036788121334258017,0.47107270220547504,0.48033201010465537,logistic_C0.1,0.25,2021-03-26,0.24766498178186983,0.0,-0.0
2021-05-25,1,0.005832669929240586,0.4967728301316168,0.48033201010465537,logistic_C0.1,0.25,2021-03-26,0.24766498178186983,0.0,0.0
2021-05-26,0,-0.001097130750872477,0.5046245002372913,0.48033201010465537,logistic_C0.1,0.25,2021-03-26,0.24766498178186983,0.0,-0.0
2021-05-27,0,-0.0016809425893453689,0.48659473382702045,0.48033201010465537,logistic_C0.1,0.25,2021-03-26,0.24766498178186983,0.0,-0.0
2021-05-28,1,0.00524575280020434,0.48780802249958166,0.48033201010465537,logistic_C0.1,0.25,2021-03-26,0.24766498178186983,0.0,0.0
2021-05-31,1,0.00371546900747477,0.4771395824379062,0.48033201010465537,logistic_C0.1,0.25,2021-03-26,0.24766498178186983,0.0,0.0
2021-06-01,1,0.004599141909251925,0.503895497480028,0.48033201010465537,logistic_C0.1,0.25,2021-03-26,0.24766498178186983,0.0,0.0
2021-06-02,0,-5.272298722247548e-05,0.46699368891272774,0.48033201010465537,logistic_C0.1,0.25,2021-03-26,0.24766498178186983,0.0,-0.0
2021-06-03,1,0.006967528279420376,0.5139301659103436,0.48033201010465537,logistic_C0.1,0.25,2021-03-26,0.24766498178186983,0.0,0.0
2021-06-04,0,-0.0018760570148822486,0.47098569074968766,0.48033201010465537,logistic_C0.1,0.25,2021-03-26,0.24766498178186983,0.0,-0.0
2021-06-07,1,0.002320786293491528,0.4956023318323122,0.48033201010465537,logistic_C0.1,0.25,2021-03-26,0.24766498178186983,0.0,0.0
2021-06-08,0,-0.0012300766030204358,0.4786065877586926,0.48033201010465537,logistic_C0.1,0.25,2021-03-26,0.24766498178186983,0.0,-0.0
2021-06-09,0,-0.008905789687773558,0.5140339643466245,0.48033201010465537,logistic_C0.1,0.25,2021-03-26,0.24766498178186983,0.0,-0.0
2021-06-10,1,0.002393578991215284,0.49867440021312665,0.48033201010465537,logistic_C0.1,0.25,2021-03-26,0.24766498178186983,0.0,0.0
2021-06-11,1,0.006922881455726504,0.5180858672125965,0.48033201010465537,logistic_C0.1,0.25,2021-03-26,0.24766498178186983,0.0,0.0
2021-06-14,1,0.0007785573609060403,0.4767946383435003,0.48033201010465537,logistic_C0.1,0.25,2021-03-26,0.24766498178186983,0.0,0.0
2021-06-15,1,0.0016783629505989772,0.5137978252347075,0.48033201010465537,logistic_C0.1,0.25,2021-03-26,0.24766498178186983,0.0,0.0
2021-06-16,1,0.006020140776788363,0.5371174979101343,0.48033201010465537,logistic_C0.1,0.25,2021-03-26,0.24766498178186983,0.0,0.0
2021-06-17,0,-0.0034308039802208867,0.4822298760080618,0.48033201010465537,logistic_C0.1,0.25,2021-03-26,0.24766498178186983,0.0,-0.0
2021-06-18,1,0.0006889836113765924,0.5086274954085915,0.48033201010465537,logistic_C0.1,0.25,2021-03-26,0.24766498178186983,0.0,0.0
2021-06-21,0,-0.007165658756563609,0.5206387803930094,0.48033201010465537,logistic_C0.1,0.25,2021-03-26,0.24766498178186983,0.0,-0.0
2021-06-22,1,0.005573373508452439,0.5246983310127251,0.48033201010465537,logistic_C0.1,0.25,2021-03-26,0.24766498178186983,0.0,0.0
2021-06-23,1,0.003202959215856893,0.5348656044922334,0.48033201010465537,logistic_C0.1,0.25,2021-03-26,0.24766498178186983,0.0,0.0
2021-06-24,1,0.0014109530180073104,0.5175692471469859,0.48033201010465537,logistic_C0.1,0.25,2021-03-26,0.24766498178186983,0.0,0.0
2021-06-25,1,0.004153010780802546,0.5144303672268827,0.48033201010465537,logistic_C0.1,0.25,2021-03-26,0.24766498178186983,0.0,0.0
2021-06-28,0,-0.0010800312210705876,0.5035122904164444,0.48033201010465537,logistic_C0.1,0.25,2021-03-26,0.24766498178186983,0.0,-0.0
2021-06-29,0,-0.00562134295032779,0.5487940874998631,0.4827099505998589,logistic_C0.1,0.25,2021-06-25,0.2479616746414748,0.0,-0.0
2021-06-30,1,0.002447827818878867,0.5308210375651619,0.4827099505998589,logistic_C0.1,0.25,2021-06-25,0.2479616746414748,0.0,0.0
2021-07-01,0,-0.004809091791189601,0.547083807802863,0.4827099505998589,logistic_C0.1,0.25,2021-06-25,0.2479616746414748,0.0,-0.0
2021-07-02,0,-0.0003137555935310843,0.5065889140748995,0.4827099505998589,logistic_C0.1,0.25,2021-06-25,0.2479616746414748,0.0,-0.0
2021-07-05,1,0.0024107460832984984,0.5186922503627719,0.4827099505998589,logistic_C0.1,0.25,2021-06-25,0.2479616746414748,0.0,0.0
2021-07-06,1,0.002964702740756886,0.5378107561921958,0.4827099505998589,logistic_C0.1,0.25,2021-06-25,0.2479616746414748,0.0,0.0
2021-07-07,0,-0.005524293268837854,0.5346607475288732,0.4827099505998589,logistic_C0.1,0.25,2021-06-25,0.2479616746414748,0.0,-0.0
2021-07-08,0,-0.010645804944520165,0.5181377839009775,0.4827099505998589,logistic_C0.1,0.25,2021-06-25,0.2479616746414748,0.0,-0.0
2021-07-09,0,-0.008494786659764886,0.5417721337976441,0.4827099505998589,logistic_C0.1,0.25,2021-06-25,0.2479616746414748,0.0,-0.0
2021-07-12,1,0.005874497677776258,0.4784564853279615,0.4827099505998589,logistic_C0.1,0.25,2021-06-25,0.2479616746414748,0.0,0.0
2021-07-13,1,0.00557597963876022,0.5396528785303449,0.4827099505998589,logistic_C0.1,0.25,2021-06-25,0.2479616746414748,0.0,0.0
2021-07-14,0,-0.0016146344596020823,0.5113868016470908,0.4827099505998589,logistic_C0.1,0.25,2021-06-25,0.2479616746414748,0.0,-0.0
2021-07-15,1,0.005166196131929146,0.54744784197444,0.4827099505998589,logistic_C0.1,0.25,2021-06-25,0.2479616746414748,0.0,0.0
2021-07-16,0,-0.0018215657545638253,0.5241332381562982,0.4827099505998589,logistic_C0.1,0.25,2021-06-25,0.2479616746414748,0.0,-0.0
2021-07-19,0,-0.004550657129618552,0.4760409416756274,0.4827099505998589,logistic_C0.1,0.25,2021-06-25,0.2479616746414748,0.0,-0.0
2021-07-20,1,0.002934935034313302,0.5531969539753014,0.4827099505998589,logistic_C0.1,0.25,2021-06-25,0.2479616746414748,0.0,0.0
2021-07-21,0,-0.010833156471749872,0.4951477706003516,0.4827099505998589,logistic_C0.1,0.25,2021-06-25,0.2479616746414748,0.0,-0.0
2021-07-22,1,0.0046489056216521,0.5073542825260112,0.4827099505998589,logistic_C0.1,0.25,2021-06-25,0.2479616746414748,0.0,0.0
2021-07-23,1,0.0003012196321432459,0.5218092425292169,0.4827099505998589,logistic_C0.1,0.25,2021-06-25,0.2479616746414748,0.0,0.0
2021-07-26,0,-0.012565868235971278,0.4765432130236321,0.4827099505998589,logistic_C0.1,0.25,2021-06-25,0.2479616746414748,0.0,-0.0
2021-07-27,0,-0.003667824548533871,0.5362463938546964,0.4827099505998589,logistic_C0.1,0.25,2021-06-25,0.2479616746414748,0.0,-0.0
2021-07-28,1,0.003347736867882256,0.5544756038852809,0.4827099505998589,logistic_C0.1,0.25,2021-06-25,0.2479616746414748,0.0,0.0
2021-07-29,0,-0.0017977583431070254,0.4958052637185717,0.4827099505998589,logistic_C0.1,0.25,2021-06-25,0.2479616746414748,0.0,-0.0
2021-07-30,0,-0.009909194062522109,0.5237530274242587,0.4827099505998589,logistic_C0.1,0.25,2021-06-25,0.2479616746414748,0.0,-0.0
2021-08-02,1,0.0014354869780823787,0.5397943658535524,0.4827099505998589,logistic_C0.1,0.25,2021-06-25,0.2479616746414748,0.0,0.0
2021-08-03,1,0.004833047240941468,0.548389236742999,0.4827099505998589,logistic_C0.1,0.25,2021-06-25,0.2479616746414748,0.0,0.0
2021-08-04,1,0.01038917037561804,0.5192332117565972,0.4827099505998589,logistic_C0.1,0.25,2021-06-25,0.2479616746414748,0.0,0.0
2021-08-05,0,-0.002168582958958276,0.5106979758051929,0.4827099505998589,logistic_C0.1,0.25,2021-06-25,0.2479616746414748,0.0,-0.0
2021-08-06,0,-0.0020445155108541613,0.47234821274567806,0.4827099505998589,logistic_C0.1,0.25,2021-06-25,0.2479616746414748,0.0,-0.0
2021-08-09,1,0.0007120714526871463,0.5046447494402453,0.4827099505998589,logistic_C0.1,0.25,2021-06-25,0.2479616746414748,0.0,0.0
2021-08-10,0,-0.008938284582757805,0.501711641245429,0.4827099505998589,logistic_C0.1,0.25,2021-06-25,0.2479616746414748,0.0,-0.0
2021-08-11,0,-0.004555907225162081,0.5132406853319524,0.4827099505998589,logistic_C0.1,0.25,2021-06-25,0.2479616746414748,0.0,-0.0
2021-08-12,0,-0.0016181330478780565,0.5180708747269331,0.4827099505998589,logistic_C0.1,0.25,2021-06-25,0.2479616746414748,0.0,-0.0
2021-08-13,0,-0.010749434609685693,0.49882492247718474,0.4827099505998589,logistic_C0.1,0.25,2021-06-25,0.2479616746414748,0.0,-0.0
2021-08-17,0,-0.008407629647857462,0.5410228975332583,0.4827099505998589,logistic_C0.1,0.25,2021-06-25,0.2479616746414748,0.0,-0.0
2021-08-18,1,0.0053946874263999245,0.51959451873822,0.4827099505998589,logistic_C0.1,0.25,2021-06-25,0.2479616746414748,0.0,0.0
2021-08-19,0,-0.013433078238604401,0.5138065640382696,0.4827099505998589,logistic_C0.1,0.25,2021-06-25,0.2479616746414748,0.0,-0.0
2021-08-20,0,-0.0162611295040338,0.527145069333672,0.4827099505998589,logistic_C0.1,0.25,2021-06-25,0.2479616746414748,0.0,-0.0
2021-08-23,1,0.0011014607313051261,0.4963338805900944,0.4827099505998589,logistic_C0.1,0.25,2021-06-25,0.2479616746414748,0.0,0.0
2021-08-24,1,0.0059621117415136204,0.5273403520502284,0.4827099505998589,logistic_C0.1,0.25,2021-06-25,0.2479616746414748,0.0,0.0
2021-08-25,0,-0.00041929653476835416,0.49949506674449706,0.4827099505998589,logistic_C0.1,0.25,2021-06-25,0.2479616746414748,0.0,-0.0
2021-08-26,0,-0.007225589439278979,0.5181542022619208,0.4827099505998589,logistic_C0.1,0.25,2021-06-25,0.2479616746414748,0.0,-0.0
2021-08-27,1,0.005650950328756288,0.5207598328184717,0.4827099505998589,logistic_C0.1,0.25,2021-06-25,0.2479616746414748,0.0,0.0
2021-08-30,0,-0.005277028159968555,0.508140190486292,0.4827099505998589,logistic_C0.1,0.25,2021-06-25,0.2479616746414748,0.0,-0.0
2021-08-31,1,0.017420949025120258,0.5257317556483899,0.4827099505998589,logistic_C0.1,0.25,2021-06-25,0.2479616746414748,0.0,0.0
2021-09-01,1,0.0035516808681748113,0.49294249265577883,0.4827099505998589,logistic_C0.1,0.25,2021-06-25,0.2479616746414748,0.0,0.0
2021-09-02,0,-0.006935519679302615,0.5027577043535261,0.4827099505998589,logistic_C0.1,0.25,2021-06-25,0.2479616746414748,0.0,-0.0
2021-09-03,1,0.0035583172137905184,0.506895757338558,0.4827099505998589,logistic_C0.1,0.25,2021-06-25,0.2479616746414748,0.0,0.0
2021-09-06,1,0.002199418077151627,0.4738661706370425,0.4827099505998589,logistic_C0.1,0.25,2021-06-25,0.2479616746414748,0.0,0.0
2021-09-07,0,-0.003953038527282238,0.48546027533942404,0.4827099505998589,logistic_C0.1,0.25,2021-06-25,0.2479616746414748,0.0,-0.0
2021-09-08,0,-0.0049547934087090795,0.487083606426528,0.4827099505998589,logistic_C0.1,0.25,2021-06-25,0.2479616746414748,0.0,-0.0
2021-09-09,0,-0.010150509750082692,0.5184642706174477,0.4827099505998589,logistic_C0.1,0.25,2021-06-25,0.2479616746414748,0.0,-0.0
2021-09-10,1,0.0014962721356961417,0.5117371954712473,0.4827099505998589,logistic_C0.1,0.25,2021-06-25,0.2479616746414748,0.0,0.0
2021-09-13,1,0.0033714533177218176,0.5160710311425334,0.4827099505998589,logistic_C0.1,0.25,2021-06-25,0.2479616746414748,0.0,0.0
2021-09-14,1,0.003668736373720227,0.530117738432789,0.4827099505998589,logistic_C0.1,0.25,2021-06-25,0.2479616746414748,0.0,0.0
2021-09-15,1,0.001966821406896857,0.534566023068578,0.4827099505998589,logistic_C0.1,0.25,2021-06-25,0.2479616746414748,0.0,0.0
2021-09-16,0,-0.011148740435587445,0.5106089899398673,0.4827099505998589,logistic_C0.1,0.25,2021-06-25,0.2479616746414748,0.0,-0.0
2021-09-17,1,0.004079609943250073,0.49782625108865985,0.4827099505998589,logistic_C0.1,0.25,2021-06-25,0.2479616746414748,0.0,0.0
2021-09-23,1,0.001261348939058271,0.4997341563846984,0.4827099505998589,logistic_C0.1,0.25,2021-06-25,0.2479616746414748,0.0,0.0
2021-09-24,0,-0.004931974413591833,0.4835697292228538,0.4827099505998589,logistic_C0.1,0.25,2021-06-25,0.2479616746414748,0.0,-0.0
2021-09-27,1,0.0038248390300157364,0.5044790019313448,0.4827099505998589,logistic_C0.1,0.25,2021-06-25,0.2479616746414748,0.0,0.0
2021-09-28,0,-0.01132316333695027,0.5353297066844875,0.4827099505998589,logistic_C0.1,0.25,2021-06-25,0.2479616746414748,0.0,-0.0
2021-09-29,1,0.001561119293078006,0.5366728729714363,0.4827099505998589,logistic_C0.1,0.25,2021-06-25,0.2479616746414748,0.0,0.0
2021-09-30,1,0.004566479097310339,0.47361813046298123,0.4822229892992751,logistic_C0.1,0.25,2021-09-28,0.24727560576250923,0.0,0.0
2021-10-01,0,-0.012116313996747619,0.48863234756796114,0.4822229892992751,logistic_C0.1,0.25,2021-09-28,0.24727560576250923,0.0,-0.0
2021-10-05,0,-0.012007324467925407,0.5108803998153219,0.4822229892992751,logistic_C0.1,0.25,2021-09-28,0.24727560576250923,0.0,-0.0
2021-10-06,0,-0.02603765497009436,0.48239756854053706,0.4822229892992751,logistic_C0.1,0.25,2021-09-28,0.24727560576250923,0.0,-0.0
2021-10-07,1,0.00769186242496267,0.5069405765022268,0.4822229892992751,logistic_C0.1,0.25,2021-09-28,0.24727560576250923,0.0,0.0
2021-10-08,0,-0.007226763202611286,0.4723864935620484,0.4822229892992751,logistic_C0.1,0.25,2021-09-28,0.24727560576250923,0.0,-0.0
2021-10-12,0,-0.011470331026160685,0.5125178246567147,0.4822229892992751,logistic_C0.1,0.25,2021-09-28,0.24727560576250923,0.0,-0.0
2021-10-13,1,0.010664735320971674,0.4920247707932637,0.4822229892992751,logistic_C0.1,0.25,2021-09-28,0.24727560576250923,0.0,0.0
2021-10-14,1,0.006659099253251144,0.4896334951651415,0.4822229892992751,logistic_C0.1,0.25,2021-09-28,0.24727560576250923,0.0,0.0
2021-10-15,1,0.0008099262436018773,0.48347456541458905,0.4822229892992751,logistic_C0.1,0.25,2021-09-28,0.24727560576250923,0.0,0.0
2021-10-18,0,-0.0035791455121492177,0.4552361689303033,0.4822229892992751,logistic_C0.1,0.25,2021-09-28,0.24727560576250923,0.0,-0.0
2021-10-19,1,0.002253303024587705,0.49839737027423714,0.4822229892992751,logistic_C0.1,0.25,2021-09-28,0.24727560576250923,0.0,0.0
2021-10-20,0,-0.009858270925001578,0.5082888148305915,0.4822229892992751,logistic_C0.1,0.25,2021-09-28,0.24727560576250923,0.0,-0.0
2021-10-21,0,-0.0016432735336688875,0.5095849270826025,0.4822229892992751,logistic_C0.1,0.25,2021-09-28,0.24727560576250923,0.0,-0.0
2021-10-22,1,0.00026619107195124947,0.4566068430921222,0.4822229892992751,logistic_C0.1,0.25,2021-09-28,0.24727560576250923,0.0,0.0
2021-10-25,1,0.0064776248708806605,0.48869837987993914,0.4822229892992751,logistic_C0.1,0.25,2021-09-28,0.24727560576250923,0.0,0.0
2021-10-26,1,0.003046233000638221,0.49618298118318693,0.4822229892992751,logistic_C0.1,0.25,2021-09-28,0.24727560576250923,0.0,0.0
2021-10-27,0,-0.0066779826845227985,0.49802459653366615,0.4822229892992751,logistic_C0.1,0.25,2021-09-28,0.24727560576250923,0.0,-0.0
2021-10-28,0,-0.004505204801582452,0.48318310476666426,0.4822229892992751,logistic_C0.1,0.25,2021-09-28,0.24727560576250923,0.0,-0.0
2021-10-29,0,-0.018174486973133286,0.4807726679466105,0.4822229892992751,logistic_C0.1,0.25,2021-09-28,0.24727560576250923,0.0,-0.0
2021-11-01,0,-0.0017559262510973284,0.5090767218212118,0.4822229892992751,logistic_C0.1,0.25,2021-09-28,0.24727560576250923,0.0,-0.0
2021-11-02,1,0.00597880877826662,0.4997571859434858,0.4822229892992751,logistic_C0.1,0.25,2021-09-28,0.24727560576250923,0.0,0.0
2021-11-03,0,-0.014783005999284837,0.5304200358261061,0.4822229892992751,logistic_C0.1,0.25,2021-09-28,0.24727560576250923,0.0,-0.0
2021-11-04,0,-0.005898191221358928,0.5023926743576468,0.4822229892992751,logistic_C0.1,0.25,2021-09-28,0.24727560576250923,0.0,-0.0
2021-11-05,0,-0.011406578259581246,0.5549801452491523,0.4822229892992751,logistic_C0.1,0.25,2021-09-28,0.24727560576250923,0.0,-0.0
2021-11-08,0,-0.0017400922653574291,0.5395432955387041,0.4822229892992751,logistic_C0.1,0.25,2021-09-28,0.24727560576250923,0.0,-0.0
2021-11-09,1,0.0014569917008941946,0.5124736556535201,0.4822229892992751,logistic_C0.1,0.25,2021-09-28,0.24727560576250923,0.0,0.0
2021-11-10,0,-0.005866067732895441,0.5572485251715041,0.4822229892992751,logistic_C0.1,0.25,2021-09-28,0.24727560576250923,0.0,-0.0
2021-11-11,1,0.004640363260413505,0.500888716398121,0.4822229892992751,logistic_C0.1,0.25,2021-09-28,0.24727560576250923,0.0,0.0
2021-11-12,1,0.007756411344388203,0.4814049497561764,0.4822229892992751,logistic_C0.1,0.25,2021-09-28,0.24727560576250923,0.0,0.0
2021-11-15,1,0.0032913221481898347,0.49008958526330715,0.4822229892992751,logistic_C0.1,0.25,2021-09-28,0.24727560576250923,0.0,0.0
2021-11-16,1,0.0005107354590612179,0.5069984920125752,0.4822229892992751,logistic_C0.1,0.25,2021-09-28,0.24727560576250923,0.0,0.0
2021-11-17,0,-0.013848110199000008,0.5140388696190538,0.4822229892992751,logistic_C0.1,0.25,2021-09-28,0.24727560576250923,0.0,-0.0
2021-11-18,0,-0.004014517142799212,0.5350724121489908,0.4822229892992751,logistic_C0.1,0.25,2021-09-28,0.24727560576250923,0.0,-0.0
2021-11-19,1,0.006763671358765988,0.5184688011455731,0.4822229892992751,logistic_C0.1,0.25,2021-09-28,0.24727560576250923,0.0,0.0
2021-11-22,1,0.010012133888408492,0.49973937295589876,0.4822229892992751,logistic_C0.1,0.25,2021-09-28,0.24727560576250923,0.0,0.0
2021-11-23,0,-0.005253620783496338,0.5068293919531,0.4822229892992751,logistic_C0.1,0.25,2021-09-28,0.24727560576250923,0.0,-0.0
2021-11-24,0,-0.004008196012427079,0.536815016761029,0.4822229892992751,logistic_C0.1,0.25,2021-09-28,0.24727560576250923,0.0,-0.0
2021-11-25,0,-0.005495972289888296,0.525550140562152,0.4822229892992751,logistic_C0.1,0.25,2021-09-28,0.24727560576250923,0.0,-0.0
2021-11-26,0,-0.012310631542125194,0.5060106234766807,0.4822229892992751,logistic_C0.1,0.25,2021-09-28,0.24727560576250923,0.0,-0.0
2021-11-29,1,0.0010907902207388798,0.5614674434235163,0.4822229892992751,logistic_C0.1,0.25,2021-09-28,0.24727560576250923,0.0,0.0
2021-11-30,0,-0.031949971187059,0.5172364408733521,0.4822229892992751,logistic_C0.1,0.25,2021-09-28,0.24727560576250923,0.0,-0.0
2021-12-01,1,0.013845572913024684,0.5696843767411605,0.4822229892992751,logistic_C0.1,0.25,2021-09-28,0.24727560576250923,0.0,0.0
2021-12-02,1,0.024570033117190304,0.5535258177816846,0.4822229892992751,logistic_C0.1,0.25,2021-09-28,0.24727560576250923,0.0,0.0
2021-12-03,1,0.011035685455715871,0.46503476494495716,0.4822229892992751,logistic_C0.1,0.25,2021-09-28,0.24727560576250923,0.0,0.0
2021-12-06,1,0.006237266567844957,0.5447206467242958,0.4822229892992751,logistic_C0.1,0.25,2021-09-28,0.24727560576250923,0.0,0.0
2021-12-07,1,0.006012428375433698,0.495565509566261,0.4822229892992751,logistic_C0.1,0.25,2021-09-28,0.24727560576250923,0.0,0.0
2021-12-08,0,-0.005344723038638977,0.4814262200713036,0.4822229892992751,logistic_C0.1,0.25,2021-09-28,0.24727560576250923,0.0,-0.0
2021-12-09,1,0.007505819753907517,0.5077119297682152,0.4822229892992751,logistic_C0.1,0.25,2021-09-28,0.24727560576250923,0.0,0.0
2021-12-10,1,0.0005085252766976467,0.5294554888918666,0.4822229892992751,logistic_C0.1,0.25,2021-09-28,0.24727560576250923,0.0,0.0
2021-12-13,0,-0.005964227879205364,0.49397384288061086,0.4822229892992751,logistic_C0.1,0.25,2021-09-28,0.24727560576250923,0.0,-0.0
2021-12-14,1,0.0013405050352719439,0.5492268430382634,0.4822229892992751,logistic_C0.1,0.25,2021-09-28,0.24727560576250923,0.0,0.0
2021-12-15,1,0.0032082367114902866,0.5048886191618219,0.4822229892992751,logistic_C0.1,0.25,2021-09-28,0.24727560576250923,0.0,0.0
2021-12-16,0,-0.002273285411813264,0.4796686051109708,0.4822229892992751,logistic_C0.1,0.25,2021-09-28,0.24727560576250923,0.0,-0.0
2021-12-17,1,0.010897092322122548,0.5399929928401819,0.4822229892992751,logistic_C0.1,0.25,2021-09-28,0.24727560576250923,0.0,0.0
2021-12-20,0,-0.012771004854514434,0.4824787847770897,0.4822229892992751,logistic_C0.1,0.25,2021-09-28,0.24727560576250923,0.0,-0.0
2021-12-21,0,-0.0022269399363443743,0.5317690000516727,0.4822229892992751,logistic_C0.1,0.25,2021-09-28,0.24727560576250923,0.0,-0.0
2021-12-22,0,-0.0030131952563888786,0.48886934995644105,0.4822229892992751,logistic_C0.1,0.25,2021-09-28,0.24727560576250923,0.0,-0.0
2021-12-23,1,5.003302179451552e-05,0.4923021747941715,0.4822229892992751,logistic_C0.1,0.25,2021-09-28,0.24727560576250923,0.0,0.0
2021-12-24,1,0.0009802357882424673,0.4924179555827277,0.4822229892992751,logistic_C0.1,0.25,2021-09-28,0.24727560576250923,0.0,0.0
2021-12-27,0,-0.004774481243820294,0.4943765417995635,0.4822229892992751,logistic_C0.1,0.25,2021-09-28,0.24727560576250923,0.0,-0.0
2021-12-28,1,0.0044798903807075074,0.5086019663844632,0.4822229892992751,logistic_C0.1,0.25,2021-09-28,0.24727560576250923,0.0,0.0
2021-12-29,0,-0.0032002397682241446,0.5174723704164861,0.4822229892992751,logistic_C0.1,0.25,2021-09-28,0.24727560576250923,0.0,-0.0
2021-12-30,0,-0.007367280606717208,0.47704748655775414,0.48277027027027025,logistic_C0.1,0.25,2021-12-28,0.24731541298725118,0.0,-0.0
2022-01-03,0,-0.0031851169988527106,0.49528563628233035,0.48277027027027025,logistic_C0.1,0.25,2021-12-28,0.24731541298725118,0.0,-0.0
2022-01-04,0,-0.0009124423039000851,0.48501541214881577,0.48277027027027025,logistic_C0.1,0.25,2021-12-28,0.24731541298725118,0.0,-0.0
2022-01-05,0,-0.010080260049261991,0.5112460191874437,0.48277027027027025,logistic_C0.1,0.25,2021-12-28,0.24731541298725118,0.0,-0.0
2022-01-06,0,-0.0016647296096260478,0.5222840360894652,0.48277027027027025,logistic_C0.1,0.25,2021-12-28,0.24731541298725118,0.0,-0.0
2022-01-07,1,0.0071954952314077225,0.48466026959789643,0.48277027027027025,logistic_C0.1,0.25,2021-12-28,0.24731541298725118,0.0,0.0
2022-01-10,0,-0.007006246246653802,0.47360206001248945,0.48277027027027025,logistic_C0.1,0.25,2021-12-28,0.24731541298725118,0.0,-0.0
2022-01-11,0,-0.001211219647006101,0.4870094917989014,0.48277027027027025,logistic_C0.1,0.25,2021-12-28,0.24731541298725118,0.0,-0.0
2022-01-12,1,0.007353987759168623,0.48586288770638075,0.48277027027027025,logistic_C0.1,0.25,2021-12-28,0.24731541298725118,0.0,0.0
2022-01-13,0,-0.0059800463772394785,0.4993983105934281,0.48277027027027025,logistic_C0.1,0.25,2021-12-28,0.24731541298725118,0.0,-0.0
2022-01-14,0,-0.00534107658947236,0.5150172005873559,0.48277027027027025,logistic_C0.1,0.25,2021-12-28,0.24731541298725118,0.0,-0.0
2022-01-17,0,-0.009747991297048286,0.4604387400136076,0.48277027027027025,logistic_C0.1,0.25,2021-12-28,0.24731541298725118,0.0,-0.0
2022-01-18,0,-0.011983525239912085,0.49738178656560733,0.48277027027027025,logistic_C0.1,0.25,2021-12-28,0.24731541298725118,0.0,-0.0
2022-01-19,1,0.0006830168219298383,0.509710595510518,0.48277027027027025,logistic_C0.1,0.25,2021-12-28,0.24731541298725118,0.0,0.0
2022-01-20,1,0.007177336504496257,0.49240014194652804,0.48277027027027025,logistic_C0.1,0.25,2021-12-28,0.24731541298725118,0.0,0.0
2022-01-21,0,-0.0011277572784397227,0.47002782366263085,0.48277027027027025,logistic_C0.1,0.25,2021-12-28,0.24731541298725118,0.0,-0.0
2022-01-24,0,-0.011247414794458566,0.5180368756495354,0.48277027027027025,logistic_C0.1,0.25,2021-12-28,0.24731541298725118,0.0,-0.0
2022-01-25,0,-0.02369356986229587,0.49400383033528006,0.48277027027027025,logistic_C0.1,0.25,2021-12-28,0.24731541298725118,0.0,-0.0
2022-01-26,0,-0.007513508563055327,0.5075820362936833,0.48277027027027025,logistic_C0.1,0.25,2021-12-28,0.24731541298725118,0.0,-0.0
2022-01-27,0,-0.034972907531263364,0.49395449504338584,0.48277027027027025,logistic_C0.1,0.25,2021-12-28,0.24731541298725118,0.0,-0.0
2022-01-28,1,0.017369082498366994,0.5124223072007735,0.48277027027027025,logistic_C0.1,0.25,2021-12-28,0.24731541298725118,0.0,0.0
2022-02-03,1,0.0005468640303878392,0.5303671338544934,0.48277027027027025,logistic_C0.1,0.25,2021-12-28,0.24731541298725118,0.0,0.0
2022-02-04,1,0.01305054091784763,0.5380718522180387,0.48277027027027025,logistic_C0.1,0.25,2021-12-28,0.24731541298725118,0.0,0.0
2022-02-07,0,-0.002050387174173829,0.4324843435302562,0.48277027027027025,logistic_C0.1,0.25,2021-12-28,0.24731541298725118,0.0,-0.0
2022-02-08,0,-0.007692140937075598,0.5075415567588587,0.48277027027027025,logistic_C0.1,0.25,2021-12-28,0.24731541298725118,0.0,-0.0
2022-02-09,0,-0.0013633265167007913,0.4841555499006498,0.48277027027027025,logistic_C0.1,0.25,2021-12-28,0.24731541298725118,0.0,-0.0
2022-02-10,0,-0.005564245329047535,0.47934193140096126,0.48277027027027025,logistic_C0.1,0.25,2021-12-28,0.24731541298725118,0.0,-0.0
2022-02-11,1,0.0031287192330440305,0.5012818229608832,0.48277027027027025,logistic_C0.1,0.25,2021-12-28,0.24731541298725118,0.0,0.0
2022-02-14,0,-0.003911458141504842,0.5144276978701142,0.48277027027027025,logistic_C0.1,0.25,2021-12-28,0.24731541298725118,0.0,-0.0
2022-02-15,0,-0.013238953713432422,0.5103934914098691,0.48277027027027025,logistic_C0.1,0.25,2021-12-28,0.24731541298725118,0.0,-0.0
2022-02-16,1,0.003702736789465977,0.4892677925286333,0.48277027027027025,logistic_C0.1,0.25,2021-12-28,0.24731541298725118,0.0,0.0
2022-02-17,1,0.0032832317530191446,0.512298458090438,0.48277027027027025,logistic_C0.1,0.25,2021-12-28,0.24731541298725118,0.0,0.0
2022-02-18,1,0.011051677644666524,0.5217128726452142,0.48277027027027025,logistic_C0.1,0.25,2021-12-28,0.24731541298725118,0.0,0.0
2022-02-21,1,0.013725453974470225,0.5088109982527227,0.48277027027027025,logistic_C0.1,0.25,2021-12-28,0.24731541298725118,0.0,0.0
2022-02-22,1,0.0006321439661673978,0.5294217131913808,0.48277027027027025,logistic_C0.1,0.25,2021-12-28,0.24731541298725118,0.0,0.0
2022-02-23,0,-0.002896499635187566,0.4965615090542236,0.48277027027027025,logistic_C0.1,0.25,2021-12-28,0.24731541298725118,0.0,-0.0
2022-02-24,0,-0.015052356020942459,0.5276902029502231,0.48277027027027025,logistic_C0.1,0.25,2021-12-28,0.24731541298725118,0.0,-0.0
2022-02-25,0,-0.0006384241749952668,0.4602944554919965,0.48277027027027025,logistic_C0.1,0.25,2021-12-28,0.24731541298725118,0.0,-0.0
2022-02-28,1,0.01358618099887332,0.508897226789873,0.48277027027027025,logistic_C0.1,0.25,2021-12-28,0.24731541298725118,0.0,0.0
2022-03-02,1,0.0019308381913123451,0.5333900743756503,0.48277027027027025,logistic_C0.1,0.25,2021-12-28,0.24731541298725118,0.0,0.0
2022-03-03,1,0.006308015795681854,0.4758268760258806,0.48277027027027025,logistic_C0.1,0.25,2021-12-28,0.24731541298725118,0.0,0.0
2022-03-04,0,-0.008459464002514072,0.5371717949789845,0.48277027027027025,logistic_C0.1,0.25,2021-12-28,0.24731541298725118,0.0,-0.0
2022-03-07,0,-0.010767973673311837,0.5212307896501579,0.48277027027027025,logistic_C0.1,0.25,2021-12-28,0.24731541298725118,0.0,-0.0
2022-03-08,1,0.0019370885597154164,0.5293782819367916,0.48277027027027025,logistic_C0.1,0.25,2021-12-28,0.24731541298725118,0.0,0.0
2022-03-10,1,0.0073134249829003295,0.46391269653133493,0.48277027027027025,logistic_C0.1,0.25,2021-12-28,0.24731541298725118,0.0,0.0
2022-03-11,0,-0.0017517207749581098,0.5040554965365623,0.48277027027027025,logistic_C0.1,0.25,2021-12-28,0.24731541298725118,0.0,-0.0
2022-03-14,0,-0.003495384059090001,0.5142238215900669,0.48277027027027025,logistic_C0.1,0.25,2021-12-28,0.24731541298725118,0.0,-0.0
2022-03-15,0,-0.0033380095882233896,0.5142157957243669,0.48277027027027025,logistic_C0.1,0.25,2021-12-28,0.24731541298725118,0.0,-0.0
2022-03-16,1,0.0035398230088496963,0.47802447259494063,0.48277027027027025,logistic_C0.1,0.25,2021-12-28,0.24731541298725118,0.0,0.0
2022-03-17,0,-0.0032405198148908188,0.4606643500265121,0.48277027027027025,logistic_C0.1,0.25,2021-12-28,0.24731541298725118,0.0,-0.0
2022-03-18,1,0.004221631968660544,0.4882406235112429,0.48277027027027025,logistic_C0.1,0.25,2021-12-28,0.24731541298725118,0.0,0.0
2022-03-21,0,-0.01168587943969579,0.47741790102722104,0.48277027027027025,logistic_C0.1,0.25,2021-12-28,0.24731541298725118,0.0,-0.0
2022-03-22,1,0.00867985766820012,0.5205376035737332,0.48277027027027025,logistic_C0.1,0.25,2021-12-28,0.24731541298725118,0.0,0.0
2022-03-23,1,0.0029078295051190306,0.4676715522469686,0.48277027027027025,logistic_C0.1,0.25,2021-12-28,0.24731541298725118,0.0,0.0
2022-03-24,1,0.004936953520478626,0.4878199134631708,0.48277027027027025,logistic_C0.1,0.25,2021-12-28,0.24731541298725118,0.0,0.0
2022-03-25,0,-0.003958654860024113,0.48046498999413456,0.48277027027027025,logistic_C0.1,0.25,2021-12-28,0.24731541298725118,0.0,-0.0
2022-03-28,1,0.003064801816832219,0.490214173886909,0.48277027027027025,logistic_C0.1,0.25,2021-12-28,0.24731541298725118,0.0,0.0
2022-03-29,0,-0.0016571848981286053,0.4965119407701336,0.48277027027027025,logistic_C0.1,0.25,2021-12-28,0.24731541298725118,0.0,-0.0
2022-03-30,0,-0.004194597416534052,0.49254991825941163,0.48277027027027025,logistic_C0.1,0.25,2021-12-28,0.24731541298725118,0.0,-0.0
2022-03-31,1,0.005252912614281069,0.5114203775286691,0.48277027027027025,logistic_C0.1,0.25,2021-12-28,0.24731541298725118,0.0,0.0
2022-04-01,0,-0.0021851157200867277,0.4880457103622841,0.48277027027027025,logistic_C0.1,0.25,2021-12-28,0.24731541298725118,0.0,-0.0
2022-04-04,1,0.010271589019217098,0.44684388540672404,0.48277027027027025,logistic_C0.1,0.25,2021-12-28,0.24731541298725118,0.0,0.0
2022-04-05,0,-0.0022780690652685065,0.4559454377133541,0.48277027027027025,logistic_C0.1,0.25,2021-12-28,0.24731541298725118,0.0,-0.0
2022-04-06,0,-0.0014749531775383184,0.46924131600121477,0.48130995699636125,logistic_C0.1,0.25,2022-04-04,0.2473709561257879,0.0,-0.0
2022-04-07,0,-0.006939993369432962,0.4835698816040514,0.48130995699636125,logistic_C0.1,0.25,2022-04-04,0.2473709561257879,0.0,-0.0
2022-04-08,0,-0.002309136050601457,0.4667792690572306,0.48130995699636125,logistic_C0.1,0.25,2022-04-04,0.2473709561257879,0.0,-0.0
2022-04-11,1,0.002068806417764968,0.47106093188094444,0.48130995699636125,logistic_C0.1,0.25,2022-04-04,0.2473709561257879,0.0,0.0
2022-04-12,0,-0.002770953230348039,0.4812387635316621,0.48130995699636125,logistic_C0.1,0.25,2022-04-04,0.2473709561257879,0.0,-0.0
2022-04-13,1,0.014550723988153047,0.4864061078012484,0.48130995699636125,logistic_C0.1,0.25,2022-04-04,0.2473709561257879,0.0,0.0
2022-04-14,0,-0.0009671464399449992,0.46338665664454126,0.48130995699636125,logistic_C0.1,0.25,2022-04-04,0.2473709561257879,0.0,-0.0
2022-04-15,1,0.0002003324033952314,0.4718476675166916,0.48130995699636125,logistic_C0.1,0.25,2022-04-04,0.2473709561257879,0.0,0.0
2022-04-18,1,0.0030427852099037533,0.4583479151756626,0.48130995699636125,logistic_C0.1,0.25,2022-04-04,0.2473709561257879,0.0,0.0
2022-04-19,1,0.004110408603421156,0.4952653095256914,0.48130995699636125,logistic_C0.1,0.25,2022-04-04,0.2473709561257879,0.0,0.0
2022-04-20,1,7.357025407506157e-05,0.45459948439490383,0.48130995699636125,logistic_C0.1,0.25,2022-04-04,0.2473709561257879,0.0,0.0
2022-04-21,1,0.0009171922178075054,0.5176734367510674,0.48130995699636125,logistic_C0.1,0.25,2022-04-04,0.2473709561257879,0.0,0.0
2022-04-22,0,-3.6972403797408404e-06,0.49501506123997974,0.48130995699636125,logistic_C0.1,0.25,2022-04-04,0.2473709561257879,0.0,-0.0
2022-04-25,0,-0.007300115441948418,0.4925940696330301,0.48130995699636125,logistic_C0.1,0.25,2022-04-04,0.2473709561257879,0.0,-0.0
2022-04-26,0,-0.002127898279730811,0.4907244711012425,0.48130995699636125,logistic_C0.1,0.25,2022-04-04,0.2473709561257879,0.0,-0.0
2022-04-27,1,0.003223623687551802,0.5276467304841476,0.48130995699636125,logistic_C0.1,0.25,2022-04-04,0.2473709561257879,0.0,0.0
2022-04-28,1,0.00412190292636283,0.4546988003353475,0.48130995699636125,logistic_C0.1,0.25,2022-04-04,0.2473709561257879,0.0,0.0
2022-04-29,1,0.00969211518144153,0.4759350616498143,0.48130995699636125,logistic_C0.1,0.25,2022-04-04,0.2473709561257879,0.0,0.0
2022-05-02,1,0.00683348256600258,0.5096317119742263,0.48130995699636125,logistic_C0.1,0.25,2022-04-04,0.2473709561257879,0.0,0.0
2022-05-03,0,-0.0036057334879708858,0.4477809391936378,0.48130995699636125,logistic_C0.1,0.25,2022-04-04,0.2473709561257879,0.0,-0.0
2022-05-04,0,-0.00478730323923493,0.5001590264719848,0.48130995699636125,logistic_C0.1,0.25,2022-04-04,0.2473709561257879,0.0,-0.0
2022-05-06,0,-0.002406738868832581,0.5078355259120939,0.48130995699636125,logistic_C0.1,0.25,2022-04-04,0.2473709561257879,0.0,-0.0
2022-05-09,0,-0.008924504236387465,0.4691133235028673,0.48130995699636125,logistic_C0.1,0.25,2022-04-04,0.2473709561257879,0.0,-0.0
2022-05-10,1,0.0024825008783342373,0.5366012902358485,0.48130995699636125,logistic_C0.1,0.25,2022-04-04,0.2473709561257879,0.0,0.0
2022-05-11,1,0.002223064194361468,0.4663257438566125,0.48130995699636125,logistic_C0.1,0.25,2022-04-04,0.2473709561257879,0.0,0.0
2022-05-12,0,-0.007557890640202403,0.5041491719600869,0.48130995699636125,logistic_C0.1,0.25,2022-04-04,0.2473709561257879,0.0,-0.0
2022-05-13,1,0.01331901432290139,0.4743353116613366,0.48130995699636125,logistic_C0.1,0.25,2022-04-04,0.2473709561257879,0.0,0.0
2022-05-16,0,-0.010709836209228607,0.4304004022892358,0.48130995699636125,logistic_C0.1,0.25,2022-04-04,0.2473709561257879,0.0,-0.0
2022-05-17,1,0.006475698845435973,0.5195092691518172,0.48130995699636125,logistic_C0.1,0.25,2022-04-04,0.2473709561257879,0.0,0.0
2022-05-18,0,-0.003328589050194508,0.4601624222507464,0.48130995699636125,logistic_C0.1,0.25,2022-04-04,0.2473709561257879,0.0,-0.0
2022-05-19,1,0.006249417756109876,0.5386666717936884,0.48130995699636125,logistic_C0.1,0.25,2022-04-04,0.2473709561257879,0.0,0.0
2022-05-20,1,0.01285987305144709,0.4534096106330316,0.48130995699636125,logistic_C0.1,0.25,2022-04-04,0.2473709561257879,0.0,0.0
2022-05-23,0,-0.0016027877192519302,0.470917072192274,0.48130995699636125,logistic_C0.1,0.25,2022-04-04,0.2473709561257879,0.0,-0.0
2022-05-24,0,-0.012531546757410195,0.4454487911335163,0.48130995699636125,logistic_C0.1,0.25,2022-04-04,0.2473709561257879,0.0,-0.0
2022-05-25,0,-0.001727853532945578,0.5004092888255844,0.48130995699636125,logistic_C0.1,0.25,2022-04-04,0.2473709561257879,0.0,-0.0
2022-05-26,0,-0.0017348174811520067,0.47802374192616554,0.48130995699636125,logistic_C0.1,0.25,2022-04-04,0.2473709561257879,0.0,-0.0
2022-05-27,0,-0.001022436807724958,0.43673673096460824,0.48130995699636125,logistic_C0.1,0.25,2022-04-04,0.2473709561257879,0.0,-0.0
2022-05-30,1,0.002760760392290784,0.45750364835887075,0.48130995699636125,logistic_C0.1,0.25,2022-04-04,0.2473709561257879,0.0,0.0
2022-05-31,1,0.007131929445644447,0.4692214518834671,0.48130995699636125,logistic_C0.1,0.25,2022-04-04,0.2473709561257879,0.0,0.0
2022-06-02,0,-0.004399529718355222,0.45856869391404165,0.48130995699636125,logistic_C0.1,0.25,2022-04-04,0.2473709561257879,0.0,-0.0
2022-06-03,0,-0.003328892322275623,0.45519149324162367,0.48130995699636125,logistic_C0.1,0.25,2022-04-04,0.2473709561257879,0.0,-0.0
2022-06-07,0,-0.01238309761701517,0.4517485220307701,0.48130995699636125,logistic_C0.1,0.25,2022-04-04,0.2473709561257879,0.0,-0.0
2022-06-08,0,-0.002802322358203657,0.4673923271073382,0.48130995699636125,logistic_C0.1,0.25,2022-04-04,0.2473709561257879,0.0,-0.0
2022-06-09,1,0.002489575855696202,0.48119189683507796,0.48130995699636125,logistic_C0.1,0.25,2022-04-04,0.2473709561257879,0.0,0.0
2022-06-10,0,-0.00019257655881099733,0.480292963160861,0.48130995699636125,logistic_C0.1,0.25,2022-04-04,0.2473709561257879,0.0,-0.0
2022-06-13,0,-0.017920092855098102,0.4662738764260408,0.48130995699636125,logistic_C0.1,0.25,2022-04-04,0.2473709561257879,0.0,-0.0
2022-06-14,1,0.008091517857142794,0.4857265434064405,0.48130995699636125,logistic_C0.1,0.25,2022-04-04,0.2473709561257879,0.0,0.0
2022-06-15,0,-0.017120413171031523,0.44914182810561853,0.48130995699636125,logistic_C0.1,0.25,2022-04-04,0.2473709561257879,0.0,-0.0
2022-06-16,0,-0.012189421596834338,0.4588807053177591,0.48130995699636125,logistic_C0.1,0.25,2022-04-04,0.2473709561257879,0.0,-0.0
2022-06-17,1,0.012951712232126544,0.529256940431369,0.48130995699636125,logistic_C0.1,0.25,2022-04-04,0.2473709561257879,0.0,0.0
2022-06-20,0,-0.024025568494911886,0.42952412534791723,0.48130995699636125,logistic_C0.1,0.25,2022-04-04,0.2473709561257879,-1.0,0.023025568494911886
2022-06-21,1,0.002471920399169436,0.48474007186122164,0.48130995699636125,logistic_C0.1,0.25,2022-04-04,0.2473709561257879,0.0,0.0
2022-06-22,0,-0.03073918853506885,0.47890725257564837,0.48130995699636125,logistic_C0.1,0.25,2022-04-04,0.2473709561257879,0.0,-0.0
2022-06-23,0,-0.014276952432874412,0.5084516541695288,0.48130995699636125,logistic_C0.1,0.25,2022-04-04,0.2473709561257879,0.0,-0.0
2022-06-24,1,0.016969545917468354,0.4814141947887577,0.48130995699636125,logistic_C0.1,0.25,2022-04-04,0.2473709561257879,0.0,0.0
2022-06-27,1,0.007854984894259953,0.49012998332334723,0.48130995699636125,logistic_C0.1,0.25,2022-04-04,0.2473709561257879,0.0,0.0
2022-06-28,1,0.007022285049060439,0.5091463222855017,0.48130995699636125,logistic_C0.1,0.25,2022-04-04,0.2473709561257879,0.0,0.0
2022-06-29,0,-0.0038163461941268517,0.5316197469592253,0.48130995699636125,logistic_C0.1,0.25,2022-04-04,0.2473709561257879,0.0,-0.0
2022-06-30,0,-0.015169490452045076,0.4688615310536879,0.48130995699636125,logistic_C0.1,0.25,2022-04-04,0.2473709561257879,0.0,-0.0
2022-07-01,0,-0.016005668140610885,0.5073013596623261,0.48130995699636125,logistic_C0.1,0.25,2022-04-04,0.2473709561257879,0.0,-0.0
2022-07-04,0,-0.004496414552976669,0.4626236079659287,0.48130995699636125,logistic_C0.1,0.25,2022-04-04,0.2473709561257879,0.0,-0.0
2022-07-05,1,0.00847074427998673,0.4640733839169769,0.48130995699636125,logistic_C0.1,0.25,2022-04-04,0.2473709561257879,0.0,0.0
2022-07-06,0,-0.01635115938732501,0.48195459529140594,0.48130995699636125,logistic_C0.1,0.25,2022-04-04,0.2473709561257879,0.0,-0.0
2022-07-07,1,0.010957266660025944,0.4750983455514506,0.48023331173039535,logistic_C0.1,0.25,2022-07-05,0.24763732967951202,0.0,0.0
2022-07-08,0,-0.0007991532376331323,0.462282427210678,0.48023331173039535,logistic_C0.1,0.25,2022-07-05,0.24763732967951202,0.0,-0.0
2022-07-11,0,-0.007279113271655979,0.4645550178800947,0.48023331173039535,logistic_C0.1,0.25,2022-07-05,0.24763732967951202,0.0,-0.0
2022-07-12,0,-0.00562877539813289,0.5276649523989991,0.48023331173039535,logistic_C0.1,0.25,2022-07-05,0.24763732967951202,0.0,-0.0
2022-07-13,1,0.0017896706747833058,0.5300381322642627,0.48023331173039535,logistic_C0.1,0.25,2022-07-05,0.24763732967951202,0.0,0.0
2022-07-14,1,0.002551361805552599,0.5122868294949987,0.48023331173039535,logistic_C0.1,0.25,2022-07-05,0.24763732967951202,0.0,0.0
2022-07-15,0,-0.0017729281578676703,0.48957968339509345,0.48023331173039535,logistic_C0.1,0.25,2022-07-05,0.24763732967951202,0.0,-0.0
2022-07-18,1,0.010538273033593226,0.49110357246842334,0.48023331173039535,logistic_C0.1,0.25,2022-07-05,0.24763732967951202,0.0,0.0
2022-07-19,1,0.0014572210583225775,0.5221591899809319,0.48023331173039535,logistic_C0.1,0.25,2022-07-05,0.24763732967951202,0.0,0.0
2022-07-20,0,-0.008078826741581446,0.49098894712404917,0.48023331173039535,logistic_C0.1,0.25,2022-07-05,0.24763732967951202,0.0,-0.0
2022-07-21,1,0.008898995355771433,0.5154916067488674,0.48023331173039535,logistic_C0.1,0.25,2022-07-05,0.24763732967951202,0.0,0.0
2022-07-22,0,-0.00508445686110659,0.5106319769983658,0.48023331173039535,logistic_C0.1,0.25,2022-07-05,0.24763732967951202,0.0,-0.0
2022-07-25,1,0.007561880409951094,0.5254106002528401,0.48023331173039535,logistic_C0.1,0.25,2022-07-05,0.24763732967951202,0.0,0.0
2022-07-26,1,0.006544944874795178,0.5285256438405521,0.48023331173039535,logistic_C0.1,0.25,2022-07-05,0.24763732967951202,0.0,0.0
2022-07-27,1,0.0012476580505031976,0.5134639092612694,0.48023331173039535,logistic_C0.1,0.25,2022-07-05,0.24763732967951202,0.0,0.0
2022-07-28,0,-0.0009435626464061597,0.46617780066273234,0.48023331173039535,logistic_C0.1,0.25,2022-07-05,0.24763732967951202,0.0,-0.0
2022-07-29,0,-0.0008273793269290008,0.510574703365054,0.48023331173039535,logistic_C0.1,0.25,2022-07-05,0.24763732967951202,0.0,-0.0
2022-08-01,1,0.0033550868435587855,0.4700330629522456,0.48023331173039535,logistic_C0.1,0.25,2022-07-05,0.24763732967951202,0.0,0.0
2022-08-02,0,-0.004643002855977185,0.5267992206770754,0.48023331173039535,logistic_C0.1,0.25,2022-07-05,0.24763732967951202,0.0,-0.0
2022-08-03,1,0.009386687225247714,0.5064121014407446,0.48023331173039535,logistic_C0.1,0.25,2022-07-05,0.24763732967951202,0.0,0.0
2022-08-04,0,-0.002150546311389445,0.47816422712442797,0.48023331173039535,logistic_C0.1,0.25,2022-07-05,0.24763732967951202,0.0,-0.0
2022-08-05,1,0.0037760484881703693,0.5150805498873801,0.48023331173039535,logistic_C0.1,0.25,2022-07-05,0.24763732967951202,0.0,0.0
2022-08-08,1,0.004808215478987687,0.48518364246020884,0.48023331173039535,logistic_C0.1,0.25,2022-07-05,0.24763732967951202,0.0,0.0
2022-08-09,1,0.0039662010691499106,0.5013738962447034,0.48023331173039535,logistic_C0.1,0.25,2022-07-05,0.24763732967951202,0.0,0.0
2022-08-10,0,-0.005140955207121878,0.49280642823497367,0.48023331173039535,logistic_C0.1,0.25,2022-07-05,0.24763732967951202,0.0,-0.0
2022-08-11,1,0.006396197372933621,0.4552563057932683,0.48023331173039535,logistic_C0.1,0.25,2022-07-05,0.24763732967951202,0.0,0.0
2022-08-12,1,0.0032861576561917794,0.48766046122375006,0.48023331173039535,logistic_C0.1,0.25,2022-07-05,0.24763732967951202,0.0,0.0
2022-08-16,0,-0.003747468590865388,0.4994093368377315,0.48023331173039535,logistic_C0.1,0.25,2022-07-05,0.24763732967951202,0.0,-0.0
2022-08-17,0,-0.007924086463216184,0.5196523055796469,0.48023331173039535,logistic_C0.1,0.25,2022-07-05,0.24763732967951202,0.0,-0.0
2022-08-18,1,0.0035009802744767615,0.4984843509940198,0.48023331173039535,logistic_C0.1,0.25,2022-07-05,0.24763732967951202,0.0,0.0
2022-08-19,0,-0.007181206984450572,0.4906693500256666,0.48023331173039535,logistic_C0.1,0.25,2022-07-05,0.24763732967951202,0.0,-0.0
2022-08-22,0,-0.0019778064181439348,0.4796031328563315,0.48023331173039535,logistic_C0.1,0.25,2022-07-05,0.24763732967951202,0.0,-0.0
2022-08-23,0,-0.005703647149605362,0.4923763225572937,0.48023331173039535,logistic_C0.1,0.25,2022-07-05,0.24763732967951202,0.0,-0.0
2022-08-24,1,0.0005191768389898321,0.4805097573430619,0.48023331173039535,logistic_C0.1,0.25,2022-07-05,0.24763732967951202,0.0,0.0
2022-08-25,1,0.007102232304383893,0.4858258750808868,0.48023331173039535,logistic_C0.1,0.25,2022-07-05,0.24763732967951202,0.0,0.0
2022-08-26,0,-0.003258153418449594,0.46541671477401936,0.48023331173039535,logistic_C0.1,0.25,2022-07-05,0.24763732967951202,0.0,-0.0
2022-08-29,0,-0.00212576992343938,0.49710772962293714,0.48023331173039535,logistic_C0.1,0.25,2022-07-05,0.24763732967951202,0.0,-0.0
2022-08-30,1,0.0039816320595114085,0.46380404737975467,0.48023331173039535,logistic_C0.1,0.25,2022-07-05,0.24763732967951202,0.0,0.0
2022-08-31,1,0.015853904095797455,0.48653494752011917,0.48023331173039535,logistic_C0.1,0.25,2022-07-05,0.24763732967951202,0.0,0.0
2022-09-01,0,-0.011211625051166574,0.4456982205124069,0.48023331173039535,logistic_C0.1,0.25,2022-07-05,0.24763732967951202,0.0,-0.0
2022-09-02,0,-0.007533879803929611,0.42791373955725176,0.48023331173039535,logistic_C0.1,0.25,2022-07-05,0.24763732967951202,-1.0,0.006533879803929611
2022-09-05,0,-0.0026513752712578054,0.4904553264108822,0.48023331173039535,logistic_C0.1,0.25,2022-07-05,0.24763732967951202,0.0,-0.0
2022-09-06,1,0.00012449579204232286,0.5019290601717941,0.48023331173039535,logistic_C0.1,0.25,2022-07-05,0.24763732967951202,0.0,0.0
2022-09-07,0,-0.008014492874614865,0.4571714997376342,0.48023331173039535,logistic_C0.1,0.25,2022-07-05,0.24763732967951202,0.0,-0.0
2022-09-08,0,-0.00375636681193503,0.44219274498592254,0.48023331173039535,logistic_C0.1,0.25,2022-07-05,0.24763732967951202,0.0,-0.0
2022-09-13,1,0.012796712133929189,0.49226887387594354,0.48023331173039535,logistic_C0.1,0.25,2022-07-05,0.24763732967951202,0.0,0.0
2022-09-14,1,0.008763966918639454,0.5370982601446898,0.48023331173039535,logistic_C0.1,0.25,2022-07-05,0.24763732967951202,0.0,0.0
2022-09-15,0,-0.005869181005045632,0.4245784019117939,0.48023331173039535,logistic_C0.1,0.25,2022-07-05,0.24763732967951202,-1.0,0.004869181005045632
2022-09-16,0,-0.0020020439276917656,0.4737937109259025,0.48023331173039535,logistic_C0.1,0.25,2022-07-05,0.24763732967951202,0.0,-0.0
2022-09-19,0,-0.013844176612677117,0.46736127779268033,0.48023331173039535,logistic_C0.1,0.25,2022-07-05,0.24763732967951202,0.0,-0.0
2022-09-20,0,-0.002439291552215117,0.4596469609584571,0.48023331173039535,logistic_C0.1,0.25,2022-07-05,0.24763732967951202,0.0,-0.0
2022-09-21,0,-0.0018413465218537484,0.49611504571753456,0.48023331173039535,logistic_C0.1,0.25,2022-07-05,0.24763732967951202,0.0,-0.0
2022-09-22,1,0.005436047764797225,0.48010835612887237,0.48023331173039535,logistic_C0.1,0.25,2022-07-05,0.24763732967951202,0.0,0.0
2022-09-23,0,-0.017728077964080602,0.4599991356613093,0.48023331173039535,logistic_C0.1,0.25,2022-07-05,0.24763732967951202,0.0,-0.0
2022-09-26,0,-0.017630927105449445,0.48472212212854415,0.48023331173039535,logistic_C0.1,0.25,2022-07-05,0.24763732967951202,0.0,-0.0
2022-09-27,0,-0.00023826756998535092,0.4504364421899074,0.48023331173039535,logistic_C0.1,0.25,2022-07-05,0.24763732967951202,0.0,-0.0
2022-09-28,0,-0.0167078394488136,0.5006248659235161,0.48023331173039535,logistic_C0.1,0.25,2022-07-05,0.24763732967951202,0.0,-0.0
2022-09-29,0,-0.012203389830508504,0.4943283245802439,0.48023331173039535,logistic_C0.1,0.25,2022-07-05,0.24763732967951202,0.0,-0.0
2022-09-30,0,-0.002600515475843612,0.5438088992955423,0.48023331173039535,logistic_C0.1,0.25,2022-07-05,0.24763732967951202,0.0,-0.0
2022-10-04,1,0.009075089860288266,0.5173276517489491,0.48023331173039535,logistic_C0.1,0.25,2022-07-05,0.24763732967951202,0.0,0.0
2022-10-05,0,-0.014954309980656832,0.4898793792327937,0.48023331173039535,logistic_C0.1,0.25,2022-07-05,0.24763732967951202,0.0,-0.0
2022-10-06,1,0.00333119622673661,0.5134085187357205,0.48023331173039535,logistic_C0.1,0.25,2022-07-05,0.24763732967951202,0.0,0.0
2022-10-07,1,0.006763337301157968,0.49510507864812264,0.48023331173039535,logistic_C0.1,0.25,2022-07-05,0.24763732967951202,0.0,0.0
2022-10-11,0,-0.0004331925837428585,0.4446054334966925,0.4791997459510956,logistic_C0.1,0.25,2022-10-06,0.24774633115059808,0.0,-0.0
2022-10-12,1,0.005074497455906046,0.43574508732484646,0.4791997459510956,logistic_C0.1,0.25,2022-10-06,0.24774633115059808,0.0,0.0
2022-10-13,0,-0.01611252382533701,0.438852833400566,0.4791997459510956,logistic_C0.1,0.25,2022-10-06,0.24774633115059808,0.0,-0.0
2022-10-14,1,0.005402924577172508,0.4395205979520431,0.4791997459510956,logistic_C0.1,0.25,2022-10-06,0.24774633115059808,0.0,0.0
2022-10-17,1,0.014877672974665801,0.496007629971643,0.4791997459510956,logistic_C0.1,0.25,2022-10-06,0.24774633115059808,0.0,0.0
2022-10-18,1,0.0003556899273058356,0.4335310318072185,0.4791997459510956,logistic_C0.1,0.25,2022-10-06,0.24774633115059808,0.0,0.0
2022-10-19,0,-0.005294862960410707,0.4668352201302812,0.4791997459510956,logistic_C0.1,0.25,2022-10-06,0.24774633115059808,0.0,-0.0
2022-10-20,0,-0.003343023908911613,0.4897756794457232,0.4791997459510956,logistic_C0.1,0.25,2022-10-06,0.24774633115059808,0.0,-0.0
2022-10-21,1,0.0011444908372877372,0.4519638012430279,0.4791997459510956,logistic_C0.1,0.25,2022-10-06,0.24774633115059808,0.0,0.0
2022-10-24,0,-0.005381939811231917,0.4691296394830778,0.4791997459510956,logistic_C0.1,0.25,2022-10-06,0.24774633115059808,0.0,-0.0
2022-10-25,0,-0.0008806279726780719,0.5068243914220937,0.4791997459510956,logistic_C0.1,0.25,2022-10-06,0.24774633115059808,0.0,-0.0
2022-10-26,1,0.003954121479894823,0.47949007968938395,0.4791997459510956,logistic_C0.1,0.25,2022-10-06,0.24774633115059808,0.0,0.0
2022-10-27,1,0.010021755726875137,0.545314478345506,0.4791997459510956,logistic_C0.1,0.25,2022-10-06,0.24774633115059808,0.0,0.0
2022-10-28,0,-0.003658756198583024,0.5040599325437214,0.4791997459510956,logistic_C0.1,0.25,2022-10-06,0.24774633115059808,0.0,-0.0
2022-10-31,0,-6.103542234325854e-05,0.4374273451847228,0.4791997459510956,logistic_C0.1,0.25,2022-10-06,0.24774633115059808,0.0,-0.0
2022-11-01,1,0.014616046368147062,0.4998310536148819,0.4791997459510956,logistic_C0.1,0.25,2022-10-06,0.24774633115059808,0.0,0.0
2022-11-02,1,0.0046516626899677505,0.4942605260987709,0.4791997459510956,logistic_C0.1,0.25,2022-10-06,0.24774633115059808,0.0,0.0
2022-11-03,1,0.013806611678164993,0.49309598824227197,0.4791997459510956,logistic_C0.1,0.25,2022-10-06,0.24774633115059808,0.0,0.0
2022-11-04,1,0.009708278693810746,0.4715539368243968,0.4791997459510956,logistic_C0.1,0.25,2022-10-06,0.24774633115059808,0.0,0.0
2022-11-07,1,0.004902085398818867,0.44600232297375947,0.4791997459510956,logistic_C0.1,0.25,2022-10-06,0.24774633115059808,0.0,0.0
2022-11-08,1,0.004959785522788307,0.4740822468019506,0.4791997459510956,logistic_C0.1,0.25,2022-10-06,0.24774633115059808,0.0,0.0
2022-11-09,1,0.006589053949695556,0.4889927673038057,0.4791997459510956,logistic_C0.1,0.25,2022-10-06,0.24774633115059808,0.0,0.0
2022-11-10,0,-0.0014714623592446685,0.4926661083725068,0.4791997459510956,logistic_C0.1,0.25,2022-10-06,0.24774633115059808,0.0,-0.0
2022-11-11,1,0.006591268393530303,0.4403029395103025,0.4791997459510956,logistic_C0.1,0.25,2022-10-06,0.24774633115059808,0.0,0.0
2022-11-14,0,-0.004237117633330234,0.4940807503696278,0.4791997459510956,logistic_C0.1,0.25,2022-10-06,0.24774633115059808,0.0,-0.0
2022-11-15,0,-0.0009787494562504273,0.4765494577969001,0.4791997459510956,logistic_C0.1,0.25,2022-10-06,0.24774633115059808,0.0,-0.0
2022-11-16,0,-0.003839967832730218,0.4723705289248402,0.4791997459510956,logistic_C0.1,0.25,2022-10-06,0.24774633115059808,0.0,-0.0
2022-11-17,0,-0.009568214068518155,0.511173870665138,0.4791997459510956,logistic_C0.1,0.25,2022-10-06,0.24774633115059808,0.0,-0.0
2022-11-18,0,-0.0014909338964842478,0.4363235828864115,0.4791997459510956,logistic_C0.1,0.25,2022-10-06,0.24774633115059808,0.0,-0.0
2022-11-21,0,-0.010854234377874583,0.4470110345829205,0.4791997459510956,logistic_C0.1,0.25,2022-10-06,0.24774633115059808,0.0,-0.0
2022-11-22,0,-0.00028678781027113853,0.4799920404171138,0.4791997459510956,logistic_C0.1,0.25,2022-10-06,0.24774633115059808,0.0,-0.0
2022-11-23,0,-0.0026192479664736146,0.44926730342911864,0.4791997459510956,logistic_C0.1,0.25,2022-10-06,0.24774633115059808,0.0,-0.0
2022-11-24,1,0.0015671730577513365,0.4827791792941326,0.4791997459510956,logistic_C0.1,0.25,2022-10-06,0.24774633115059808,0.0,0.0
2022-11-25,0,-0.0017811736091490893,0.43623933701356477,0.4791997459510956,logistic_C0.1,0.25,2022-10-06,0.24774633115059808,0.0,-0.0
2022-11-28,0,-0.006919444959897825,0.4525104743907061,0.4791997459510956,logistic_C0.1,0.25,2022-10-06,0.24774633115059808,0.0,-0.0
2022-11-29,1,0.011577442071218913,0.4597648635786199,0.4791997459510956,logistic_C0.1,0.25,2022-10-06,0.24774633115059808,0.0,0.0
2022-11-30,1,0.019835508406065072,0.44907579130641057,0.4791997459510956,logistic_C0.1,0.25,2022-10-06,0.24774633115059808,0.0,0.0
2022-12-01,0,-0.008631063031945607,0.4073012925216648,0.4791997459510956,logistic_C0.1,0.25,2022-10-06,0.24774633115059808,-1.0,0.007631063031945607
2022-12-02,0,-0.015039449726886533,0.44354820227772096,0.4791997459510956,logistic_C0.1,0.25,2022-10-06,0.24774633115059808,0.0,-0.0
2022-12-05,0,-0.009356433008349097,0.4313066753155545,0.4791997459510956,logistic_C0.1,0.25,2022-10-06,0.24774633115059808,0.0,-0.0
2022-12-06,0,-0.0018934812528673683,0.47171015613960443,0.4791997459510956,logistic_C0.1,0.25,2022-10-06,0.24774633115059808,0.0,-0.0
2022-12-07,0,-0.001282551019125111,0.4496131011039437,0.4791997459510956,logistic_C0.1,0.25,2022-10-06,0.24774633115059808,0.0,-0.0
2022-12-08,0,-0.006627843646570986,0.43047009050170915,0.4791997459510956,logistic_C0.1,0.25,2022-10-06,0.24774633115059808,0.0,-0.0
2022-12-09,1,0.002648222836830083,0.44138833592771287,0.4791997459510956,logistic_C0.1,0.25,2022-10-06,0.24774633115059808,0.0,0.0
2022-12-12,0,-0.00023593053530945873,0.44991434821868864,0.4791997459510956,logistic_C0.1,0.25,2022-10-06,0.24774633115059808,0.0,-0.0
2022-12-13,0,-0.005303872036225732,0.4478869830613543,0.4791997459510956,logistic_C0.1,0.25,2022-10-06,0.24774633115059808,0.0,-0.0
2022-12-14,1,0.007745263166737404,0.4671257198534705,0.4791997459510956,logistic_C0.1,0.25,2022-10-06,0.24774633115059808,0.0,0.0
2022-12-15,0,-0.009589609997357251,0.4584731132308504,0.4791997459510956,logistic_C0.1,0.25,2022-10-06,0.24774633115059808,0.0,-0.0
2022-12-16,1,0.012992810387380649,0.4676455213366168,0.4791997459510956,logistic_C0.1,0.25,2022-10-06,0.24774633115059808,0.0,0.0
2022-12-19,1,0.0005912931027147739,0.4334452078876834,0.4791997459510956,logistic_C0.1,0.25,2022-10-06,0.24774633115059808,0.0,0.0
2022-12-20,0,-0.004879026583018087,0.4578666696272611,0.4791997459510956,logistic_C0.1,0.25,2022-10-06,0.24774633115059808,0.0,-0.0
2022-12-21,0,-0.007432694479604818,0.4244546568353955,0.4791997459510956,logistic_C0.1,0.25,2022-10-06,0.24774633115059808,-1.0,0.006432694479604818
2022-12-22,1,0.007149572649572722,0.44223505982401046,0.4791997459510956,logistic_C0.1,0.25,2022-10-06,0.24774633115059808,0.0,0.0
2022-12-23,0,-0.005232473149716643,0.44190216248184316,0.4791997459510956,logistic_C0.1,0.25,2022-10-06,0.24774633115059808,0.0,-0.0
2022-12-26,1,0.00198915478218753,0.411957894622837,0.4791997459510956,logistic_C0.1,0.25,2022-10-06,0.24774633115059808,-1.0,-0.00298915478218753
2022-12-27,1,0.002264212552416378,0.4584273241937226,0.4791997459510956,logistic_C0.1,0.25,2022-10-06,0.24774633115059808,0.0,0.0
2022-12-28,0,-0.006967275577521859,0.44659501946950725,0.4791997459510956,logistic_C0.1,0.25,2022-10-06,0.24774633115059808,0.0,-0.0
2022-12-29,0,-0.01294505523606071,0.43963449012908523,0.4791997459510956,logistic_C0.1,0.25,2022-10-06,0.24774633115059808,0.0,-0.0
2023-01-02,0,-0.010791350918909148,0.46109151058129005,0.4791997459510956,logistic_C0.1,0.25,2022-10-06,0.24774633115059808,0.0,-0.0
2023-01-03,0,-0.005513272194282437,0.5018518062820112,0.4791997459510956,logistic_C0.1,0.25,2022-10-06,0.24774633115059808,0.0,-0.0
2023-01-04,1,0.02266566333330311,0.49475581152792497,0.4791997459510956,logistic_C0.1,0.25,2022-10-06,0.24774633115059808,0.0,0.0
2023-01-05,0,-0.0015651177144870854,0.49061784911114964,0.4791997459510956,logistic_C0.1,0.25,2022-10-06,0.24774633115059808,0.0,-0.0
2023-01-06,1,0.01622880979852659,0.48840099964034767,0.4791997459510956,logistic_C0.1,0.25,2022-10-06,0.24774633115059808,0.0,0.0
2023-01-09,1,0.014819484686100726,0.47526792254357103,0.47820672478206727,logistic_C0.1,0.25,2023-01-05,0.24773030673999527,0.0,0.0
2023-01-10,1,0.001392650891807623,0.4907872155518347,0.47820672478206727,logistic_C0.1,0.25,2023-01-05,0.24773030673999527,0.0,0.0
2023-01-11,0,-0.00191197309701574,0.44449199912694204,0.47820672478206727,logistic_C0.1,0.25,2023-01-05,0.24773030673999527,0.0,-0.0
2023-01-12,0,-0.004889090847891131,0.4677422797400599,0.47820672478206727,logistic_C0.1,0.25,2023-01-05,0.24773030673999527,0.0,-0.0
2023-01-13,1,0.0036805841823213115,0.4913568367230251,0.47820672478206727,logistic_C0.1,0.25,2023-01-05,0.24773030673999527,0.0,0.0
2023-01-16,1,0.004100315473251737,0.4478966336242975,0.47820672478206727,logistic_C0.1,0.25,2023-01-05,0.24773030673999527,0.0,0.0
2023-01-17,0,-0.008967395831598002,0.4932362285860013,0.47820672478206727,logistic_C0.1,0.25,2023-01-05,0.24773030673999527,0.0,-0.0
2023-01-18,0,-0.005058058444941116,0.4805550785750138,0.47820672478206727,logistic_C0.1,0.25,2023-01-05,0.24773030673999527,0.0,-0.0
2023-01-19,1,0.010948967110627983,0.5131727394735766,0.47820672478206727,logistic_C0.1,0.25,2023-01-05,0.24773030673999527,0.0,0.0
2023-01-20,1,0.006411764705882339,0.4562618720366556,0.47820672478206727,logistic_C0.1,0.25,2023-01-05,0.24773030673999527,0.0,0.0
2023-01-25,1,0.0008200842337777736,0.46960423348586383,0.47820672478206727,logistic_C0.1,0.25,2023-01-05,0.24773030673999527,0.0,0.0
2023-01-26,1,0.013328243397450201,0.5032718946569972,0.47820672478206727,logistic_C0.1,0.25,2023-01-05,0.24773030673999527,0.0,0.0
2023-01-27,1,0.0038391283966183742,0.46742543577379436,0.47820672478206727,logistic_C0.1,0.25,2023-01-05,0.24773030673999527,0.0,0.0
2023-01-30,0,-0.013752495331315617,0.45260872742623415,0.47820672478206727,logistic_C0.1,0.25,2023-01-05,0.24773030673999527,0.0,-0.0
2023-01-31,0,-0.010139106583072155,0.4992032373258137,0.47820672478206727,logistic_C0.1,0.25,2023-01-05,0.24773030673999527,0.0,-0.0
2023-02-01,1,0.001541273001557597,0.47445343997282885,0.47820672478206727,logistic_C0.1,0.25,2023-01-05,0.24773030673999527,0.0,0.0
2023-02-02,0,-0.005262012780325009,0.5005692391874174,0.47820672478206727,logistic_C0.1,0.25,2023-01-05,0.24773030673999527,0.0,-0.0
2023-02-03,1,0.005619207472816301,0.4582482289792642,0.47820672478206727,logistic_C0.1,0.25,2023-01-05,0.24773030673999527,0.0,0.0
2023-02-06,0,-0.009598589661307555,0.4792852779809855,0.47820672478206727,logistic_C0.1,0.25,2023-01-05,0.24773030673999527,0.0,-0.0
2023-02-07,1,0.004741531223618312,0.4987366185172982,0.47820672478206727,logistic_C0.1,0.25,2023-01-05,0.24773030673999527,0.0,0.0
2023-02-08,1,0.005758437203877698,0.4736495568791258,0.47820672478206727,logistic_C0.1,0.25,2023-01-05,0.24773030673999527,0.0,0.0
2023-02-09,1,0.004395586604389212,0.48098114106508616,0.47820672478206727,logistic_C0.1,0.25,2023-01-05,0.24773030673999527,0.0,0.0
2023-02-10,0,-0.0003723716430898971,0.4668876211316192,0.47820672478206727,logistic_C0.1,0.25,2023-01-05,0.24773030673999527,0.0,-0.0
2023-02-13,0,-0.0037612308892103208,0.47768901909013883,0.47820672478206727,logistic_C0.1,0.25,2023-01-05,0.24773030673999527,0.0,-0.0
2023-02-14,0,-0.0023024039687131737,0.4777430883210223,0.47820672478206727,logistic_C0.1,0.25,2023-01-05,0.24773030673999527,0.0,-0.0
2023-02-15,0,-0.018272687205075466,0.4655898016037942,0.47820672478206727,logistic_C0.1,0.25,2023-01-05,0.24773030673999527,0.0,-0.0
2023-02-16,1,0.01285565820806367,0.46556776748343903,0.47820672478206727,logistic_C0.1,0.25,2023-01-05,0.24773030673999527,0.0,0.0
2023-02-17,1,0.0014503648382537815,0.4838823351397231,0.47820672478206727,logistic_C0.1,0.25,2023-01-05,0.24773030673999527,0.0,0.0
2023-02-20,1,0.0007622541526546289,0.46538585757002243,0.47820672478206727,logistic_C0.1,0.25,2023-01-05,0.24773030673999527,0.0,0.0
2023-02-21,1,0.0005900281178916611,0.5024571543322427,0.47820672478206727,logistic_C0.1,0.25,2023-01-05,0.24773030673999527,0.0,0.0
2023-02-22,0,-0.005426040882482441,0.4774264501255126,0.47820672478206727,logistic_C0.1,0.25,2023-01-05,0.24773030673999527,0.0,-0.0
2023-02-23,1,0.0037366101374067817,0.4402087626682789,0.47820672478206727,logistic_C0.1,0.25,2023-01-05,0.24773030673999527,0.0,0.0
2023-02-24,0,-0.007729816703445969,0.4765133806279639,0.47820672478206727,logistic_C0.1,0.25,2023-01-05,0.24773030673999527,0.0,-0.0
2023-02-27,0,-0.001155723324824831,0.4689524716338912,0.47820672478206727,logistic_C0.1,0.25,2023-01-05,0.24773030673999527,0.0,-0.0
2023-02-28,0,-0.001956501956501988,0.4608698807608663,0.47820672478206727,logistic_C0.1,0.25,2023-01-05,0.24773030673999527,0.0,-0.0
2023-03-02,1,0.005483287156103689,0.5086984378149446,0.47820672478206727,logistic_C0.1,0.25,2023-01-05,0.24773030673999527,0.0,0.0
2023-03-03,0,-0.0027309296232054248,0.44051932348417844,0.47820672478206727,logistic_C0.1,0.25,2023-01-05,0.24773030673999527,0.0,-0.0
2023-03-06,1,0.004142779087120685,0.4642926059138941,0.47820672478206727,logistic_C0.1,0.25,2023-01-05,0.24773030673999527,0.0,0.0
2023-03-07,1,0.002568130758962006,0.4804000227411006,0.47820672478206727,logistic_C0.1,0.25,2023-01-05,0.24773030673999527,0.0,0.0
2023-03-08,0,-0.0015068279424202968,0.4678633594201224,0.47820672478206727,logistic_C0.1,0.25,2023-01-05,0.24773030673999527,0.0,-0.0
2023-03-09,0,-0.008890564120633049,0.47663846334322146,0.47820672478206727,logistic_C0.1,0.25,2023-01-05,0.24773030673999527,0.0,-0.0
2023-03-10,1,0.001995966223397483,0.5070438660939314,0.47820672478206727,logistic_C0.1,0.25,2023-01-05,0.24773030673999527,0.0,0.0
2023-03-13,1,0.004228373846570488,0.49056977886557135,0.47820672478206727,logistic_C0.1,0.25,2023-01-05,0.24773030673999527,0.0,0.0
2023-03-14,0,-0.017315383456885325,0.5194909509258804,0.47820672478206727,logistic_C0.1,0.25,2023-01-05,0.24773030673999527,0.0,-0.0
2023-03-15,0,-0.00015545630627422646,0.4683569051571989,0.47820672478206727,logistic_C0.1,0.25,2023-01-05,0.24773030673999527,0.0,-0.0
2023-03-16,1,0.008452149721371649,0.4906407846117382,0.47820672478206727,logistic_C0.1,0.25,2023-01-05,0.24773030673999527,0.0,0.0
2023-03-17,0,-0.0033323626076464663,0.4471994502737149,0.47820672478206727,logistic_C0.1,0.25,2023-01-05,0.24773030673999527,0.0,-0.0
2023-03-20,0,-0.00529711062892213,0.49710393573191064,0.47820672478206727,logistic_C0.1,0.25,2023-01-05,0.24773030673999527,0.0,-0.0
2023-03-21,0,-0.003417426790289335,0.5025348398018049,0.47820672478206727,logistic_C0.1,0.25,2023-01-05,0.24773030673999527,0.0,-0.0
2023-03-22,1,0.0023680663556246984,0.47667206574136267,0.47820672478206727,logistic_C0.1,0.25,2023-01-05,0.24773030673999527,0.0,0.0
2023-03-23,1,0.010928711112593748,0.5244575435425822,0.47820672478206727,logistic_C0.1,0.25,2023-01-05,0.24773030673999527,0.0,0.0
2023-03-24,0,-0.0026060703680299557,0.47760268596211874,0.47820672478206727,logistic_C0.1,0.25,2023-01-05,0.24773030673999527,0.0,-0.0
2023-03-27,0,-0.006072757576507826,0.4613925307617162,0.47820672478206727,logistic_C0.1,0.25,2023-01-05,0.24773030673999527,0.0,-0.0
2023-03-28,1,0.006718512914015484,0.5021089802386428,0.47820672478206727,logistic_C0.1,0.25,2023-01-05,0.24773030673999527,0.0,0.0
2023-03-29,1,0.004641067486629735,0.47996758396927813,0.47820672478206727,logistic_C0.1,0.25,2023-01-05,0.24773030673999527,0.0,0.0
2023-03-30,1,7.745712340545552e-05,0.47511027058596667,0.47820672478206727,logistic_C0.1,0.25,2023-01-05,0.24773030673999527,0.0,0.0
2023-03-31,1,0.006878216541866822,0.4894538310075981,0.47820672478206727,logistic_C0.1,0.25,2023-01-05,0.24773030673999527,0.0,0.0
2023-04-03,0,-0.005418756863959762,0.48444708058006725,0.47820672478206727,logistic_C0.1,0.25,2023-01-05,0.24773030673999527,0.0,-0.0
2023-04-04,1,0.0018740887041728271,0.515644048143159,0.47820672478206727,logistic_C0.1,0.25,2023-01-05,0.24773030673999527,0.0,0.0
2023-04-05,1,0.005075303813325549,0.5064331501756283,0.47820672478206727,logistic_C0.1,0.25,2023-01-05,0.24773030673999527,0.0,0.0
2023-04-06,0,-0.01156350482315116,0.5068772587784238,0.47820672478206727,logistic_C0.1,0.25,2023-01-05,0.24773030673999527,0.0,-0.0
2023-04-07,1,0.004748571797437373,0.46998549367068204,0.47820672478206727,logistic_C0.1,0.25,2023-01-05,0.24773030673999527,0.0,0.0
2023-04-10,1,0.008187247158543576,0.48124823017140794,0.47820672478206727,logistic_C0.1,0.25,2023-01-05,0.24773030673999527,0.0,0.0
2023-04-11,1,0.00972128100565528,0.49751766413640763,0.47969465648854964,logistic_C0.1,0.25,2023-04-07,0.2473786892131453,0.0,0.0
2023-04-12,1,0.0016808306759452663,0.5043333272126653,0.47969465648854964,logistic_C0.1,0.25,2023-04-07,0.2473786892131453,0.0,0.0
2023-04-13,1,0.010632380035585864,0.5022758840226229,0.47969465648854964,logistic_C0.1,0.25,2023-04-07,0.2473786892131453,0.0,0.0
2023-04-14,0,-0.0033370799581412536,0.44610515432448433,0.47969465648854964,logistic_C0.1,0.25,2023-04-07,0.2473786892131453,0.0,-0.0
2023-04-17,1,0.0021826245963505464,0.4781203756209169,0.47969465648854964,logistic_C0.1,0.25,2023-04-07,0.2473786892131453,0.0,0.0
2023-04-18,0,-0.004314100602967108,0.4711240152028916,0.47969465648854964,logistic_C0.1,0.25,2023-04-07,0.2473786892131453,0.0,-0.0
2023-04-19,1,0.001953261791553418,0.4882695657861092,0.47969465648854964,logistic_C0.1,0.25,2023-04-07,0.2473786892131453,0.0,0.0
2023-04-20,0,-0.001149622378276316,0.4848072512545395,0.47969465648854964,logistic_C0.1,0.25,2023-04-07,0.2473786892131453,0.0,-0.0
2023-04-21,0,-0.0048108890366487245,0.4871989000553594,0.47969465648854964,logistic_C0.1,0.25,2023-04-07,0.2473786892131453,0.0,-0.0
2023-04-24,0,-0.0058541735608819145,0.4709764427930008,0.47969465648854964,logistic_C0.1,0.25,2023-04-07,0.2473786892131453,0.0,-0.0
2023-04-25,0,-0.0167223023287969,0.5003005399446656,0.47969465648854964,logistic_C0.1,0.25,2023-04-07,0.2473786892131453,0.0,-0.0
2023-04-26,0,-0.001871869338699872,0.5242255014260819,0.47969465648854964,logistic_C0.1,0.25,2023-04-07,0.2473786892131453,0.0,-0.0
2023-04-27,1,0.004629051929912142,0.475995359151951,0.47969465648854964,logistic_C0.1,0.25,2023-04-07,0.2473786892131453,0.0,0.0
2023-04-28,0,-0.004084736383216603,0.43898526934460225,0.47969465648854964,logistic_C0.1,0.25,2023-04-07,0.2473786892131453,0.0,-0.0
2023-05-02,1,0.00813894513200819,0.496328372552587,0.47969465648854964,logistic_C0.1,0.25,2023-04-07,0.2473786892131453,0.0,0.0
2023-05-03,0,-0.0035017269609073365,0.5202285937893183,0.47969465648854964,logistic_C0.1,0.25,2023-04-07,0.2473786892131453,0.0,-0.0
2023-05-04,1,0.002453082787535754,0.4824895737661813,0.47969465648854964,logistic_C0.1,0.25,2023-04-07,0.2473786892131453,0.0,0.0
2023-05-08,0,-0.002112343311376108,0.43330558621225146,0.47969465648854964,logistic_C0.1,0.25,2023-04-07,0.2473786892131453,0.0,-0.0
2023-05-09,0,-0.0009075204789161795,0.4819273195648274,0.47969465648854964,logistic_C0.1,0.25,2023-04-07,0.2473786892131453,0.0,-0.0
2023-05-10,0,-0.0037710099123688945,0.47441262467991774,0.47969465648854964,logistic_C0.1,0.25,2023-04-07,0.2473786892131453,0.0,-0.0
2023-05-11,0,-0.005815044081785792,0.48336104319257633,0.47969465648854964,logistic_C0.1,0.25,2023-04-07,0.2473786892131453,0.0,-0.0
2023-05-12,0,-0.004796269121756014,0.4836240775679007,0.47969465648854964,logistic_C0.1,0.25,2023-04-07,0.2473786892131453,0.0,-0.0
2023-05-15,1,0.0038667098550488888,0.4661765991677924,0.47969465648854964,logistic_C0.1,0.25,2023-04-07,0.2473786892131453,0.0,0.0
2023-05-16,0,-0.005676715843489499,0.49583277666500425,0.47969465648854964,logistic_C0.1,0.25,2023-04-07,0.2473786892131453,0.0,-0.0
2023-05-17,1,0.006053273647490531,0.49706748627896424,0.47969465648854964,logistic_C0.1,0.25,2023-04-07,0.2473786892131453,0.0,0.0
2023-05-18,1,0.0017163861112106105,0.48973627410601983,0.47969465648854964,logistic_C0.1,0.25,2023-04-07,0.2473786892131453,0.0,0.0
2023-05-19,1,0.0027500859401856648,0.48973939669349775,0.47969465648854964,logistic_C0.1,0.25,2023-04-07,0.2473786892131453,0.0,0.0
2023-05-22,1,0.006712519143474482,0.48330797331206465,0.47969465648854964,logistic_C0.1,0.25,2023-04-07,0.2473786892131453,0.0,0.0
2023-05-23,1,0.00068204848390363,0.48583825279372,0.47969465648854964,logistic_C0.1,0.25,2023-04-07,0.2473786892131453,0.0,0.0
2023-05-24,1,0.004043627376217662,0.5050918954536383,0.47969465648854964,logistic_C0.1,0.25,2023-04-07,0.2473786892131453,0.0,0.0
2023-05-25,0,-0.0062046805464786026,0.46809258017729805,0.47969465648854964,logistic_C0.1,0.25,2023-04-07,0.2473786892131453,0.0,-0.0
2023-05-26,0,-0.0012217304074256807,0.4817702634245503,0.47969465648854964,logistic_C0.1,0.25,2023-04-07,0.2473786892131453,0.0,-0.0
2023-05-30,1,0.001204301408374464,0.5263946114453462,0.47969465648854964,logistic_C0.1,0.25,2023-04-07,0.2473786892131453,0.0,0.0
2023-05-31,0,-0.0034454356677997566,0.5264354782759939,0.47969465648854964,logistic_C0.1,0.25,2023-04-07,0.2473786892131453,0.0,-0.0
2023-06-01,0,-0.001317753521783649,0.5067589806400319,0.47969465648854964,logistic_C0.1,0.25,2023-04-07,0.2473786892131453,0.0,-0.0
2023-06-02,1,0.005834657634353757,0.49636373928774036,0.47969465648854964,logistic_C0.1,0.25,2023-04-07,0.2473786892131453,0.0,0.0
2023-06-05,0,-0.0007717493877582582,0.46203079757627746,0.47969465648854964,logistic_C0.1,0.25,2023-04-07,0.2473786892131453,0.0,-0.0
2023-06-07,0,-0.002996043393076353,0.46692731783076913,0.47969465648854964,logistic_C0.1,0.25,2023-04-07,0.2473786892131453,0.0,-0.0
2023-06-08,1,0.0006285427389898235,0.49123113445225247,0.47969465648854964,logistic_C0.1,0.25,2023-04-07,0.2473786892131453,0.0,0.0
2023-06-09,1,0.006482098965379102,0.4643913012185439,0.47969465648854964,logistic_C0.1,0.25,2023-04-07,0.2473786892131453,0.0,0.0
2023-06-12,0,-0.006851772811228729,0.46827191649694444,0.47969465648854964,logistic_C0.1,0.25,2023-04-07,0.2473786892131453,0.0,-0.0
2023-06-13,0,-0.0024504335527882892,0.4902084861840251,0.47969465648854964,logistic_C0.1,0.25,2023-04-07,0.2473786892131453,0.0,-0.0
2023-06-14,0,-0.008228535941623982,0.47871684642304413,0.47969465648854964,logistic_C0.1,0.25,2023-04-07,0.2473786892131453,0.0,-0.0
2023-06-15,0,-0.007872997520195879,0.49623835885702094,0.47969465648854964,logistic_C0.1,0.25,2023-04-07,0.2473786892131453,0.0,-0.0
2023-06-16,1,0.0008461752497550545,0.480758905933668,0.47969465648854964,logistic_C0.1,0.25,2023-04-07,0.2473786892131453,0.0,0.0
2023-06-19,0,-0.0032695965715071607,0.4725615088648196,0.47969465648854964,logistic_C0.1,0.25,2023-04-07,0.2473786892131453,0.0,-0.0
2023-06-20,1,0.0007991301775374104,0.5022564336669018,0.47969465648854964,logistic_C0.1,0.25,2023-04-07,0.2473786892131453,0.0,0.0
2023-06-21,0,-0.0063712156479518445,0.4845417012509979,0.47969465648854964,logistic_C0.1,0.25,2023-04-07,0.2473786892131453,0.0,-0.0
2023-06-22,1,0.007007939743365554,0.4907378110817622,0.47969465648854964,logistic_C0.1,0.25,2023-04-07,0.2473786892131453,0.0,0.0
2023-06-23,0,-0.011134880571287864,0.4420030810581956,0.47969465648854964,logistic_C0.1,0.25,2023-04-07,0.2473786892131453,0.0,-0.0
2023-06-26,1,0.0052751445311738365,0.4848969537659561,0.47969465648854964,logistic_C0.1,0.25,2023-04-07,0.2473786892131453,0.0,0.0
2023-06-27,1,0.0001433541778055325,0.5074401886582864,0.47969465648854964,logistic_C0.1,0.25,2023-04-07,0.2473786892131453,0.0,0.0
2023-06-28,0,-0.010163982520883796,0.48217524052092847,0.47969465648854964,logistic_C0.1,0.25,2023-04-07,0.2473786892131453,0.0,-0.0
2023-06-29,0,-0.005460175817661339,0.49358005713057385,0.47969465648854964,logistic_C0.1,0.25,2023-04-07,0.2473786892131453,0.0,-0.0
2023-06-30,1,0.0022865585534879163,0.4826005694696981,0.47969465648854964,logistic_C0.1,0.25,2023-04-07,0.2473786892131453,0.0,0.0
2023-07-03,1,0.00836145670679489,0.4840315126072806,0.47969465648854964,logistic_C0.1,0.25,2023-04-07,0.2473786892131453,0.0,0.0
2023-07-04,0,-0.004380509229398921,0.5011212440969934,0.47969465648854964,logistic_C0.1,0.25,2023-04-07,0.2473786892131453,0.0,-0.0
2023-07-05,0,-0.005579397486764726,0.501439439162314,0.47969465648854964,logistic_C0.1,0.25,2023-04-07,0.2473786892131453,0.0,-0.0
2023-07-06,0,-0.007169628119234939,0.4699448677961276,0.47969465648854964,logistic_C0.1,0.25,2023-04-07,0.2473786892131453,0.0,-0.0
2023-07-07,0,-0.008125900424352461,0.4751111540135531,0.47969465648854964,logistic_C0.1,0.25,2023-04-07,0.2473786892131453,0.0,-0.0
2023-07-10,0,-0.00291921141736029,0.4534906329827472,0.47969465648854964,logistic_C0.1,0.25,2023-04-07,0.2473786892131453,0.0,-0.0
2023-07-11,1,0.009315277843424452,0.4923469243606842,0.47969465648854964,logistic_C0.1,0.25,2023-04-07,0.2473786892131453,0.0,0.0
2023-07-12,1,0.006689839342198356,0.4768958408600916,0.47969465648854964,logistic_C0.1,0.25,2023-04-07,0.2473786892131453,0.0,0.0
2023-07-13,1,0.0005173964917428719,0.4711941599352749,0.47902935889754344,logistic_C0.1,0.25,2023-07-11,0.24754336293550597,0.0,0.0
2023-07-14,1,0.007988586637622141,0.4653152956991116,0.47902935889754344,logistic_C0.1,0.25,2023-07-11,0.24754336293550597,0.0,0.0
2023-07-17,1,0.0005080854347567776,0.43902544877543503,0.47902935889754344,logistic_C0.1,0.25,2023-07-11,0.24754336293550597,0.0,0.0
2023-07-18,0,-0.006465771796737907,0.45981401883787565,0.47902935889754344,logistic_C0.1,0.25,2023-07-11,0.24754336293550597,0.0,-0.0
2023-07-19,0,-0.0053389468545975705,0.46967916910725205,0.47902935889754344,logistic_C0.1,0.25,2023-07-11,0.24754336293550597,0.0,-0.0
2023-07-20,1,0.0018687051607086946,0.47773473033377833,0.47902935889754344,logistic_C0.1,0.25,2023-07-11,0.24754336293550597,0.0,0.0
2023-07-21,1,0.01111946254639573,0.4693784091027846,0.47902935889754344,logistic_C0.1,0.25,2023-07-11,0.24754336293550597,0.0,0.0
2023-07-24,1,0.00769033188037449,0.46994436579166204,0.47902935889754344,logistic_C0.1,0.25,2023-07-11,0.24754336293550597,0.0,0.0
2023-07-25,0,-0.002606540942364788,0.4709625596654557,0.47902935889754344,logistic_C0.1,0.25,2023-07-11,0.24754336293550597,0.0,-0.0
2023-07-26,0,-0.017584016735133212,0.47844476761204946,0.47902935889754344,logistic_C0.1,0.25,2023-07-11,0.24754336293550597,0.0,-0.0
2023-07-27,1,0.0015347216345746872,0.4800815061070886,0.47902935889754344,logistic_C0.1,0.25,2023-07-11,0.24754336293550597,0.0,0.0
2023-07-28,1,0.005648366985776976,0.48405763360760545,0.47902935889754344,logistic_C0.1,0.25,2023-07-11,0.24754336293550597,0.0,0.0
2023-07-31,1,0.0014112527435743427,0.4482815269372771,0.47902935889754344,logistic_C0.1,0.25,2023-07-11,0.24754336293550597,0.0,0.0
2023-08-01,1,0.008595717645990986,0.49176263972166867,0.47902935889754344,logistic_C0.1,0.25,2023-07-11,0.24754336293550597,0.0,0.0
2023-08-02,0,-0.013222554525123331,0.486424722354036,0.47902935889754344,logistic_C0.1,0.25,2023-07-11,0.24754336293550597,0.0,-0.0
2023-08-03,0,-0.007379722336518513,0.491305971176381,0.47902935889754344,logistic_C0.1,0.25,2023-07-11,0.24754336293550597,0.0,-0.0
2023-08-04,0,-0.0012930852553747485,0.4734009326854709,0.47902935889754344,logistic_C0.1,0.25,2023-07-11,0.24754336293550597,0.0,-0.0
2023-08-07,0,-0.004194352479954255,0.46372219223146194,0.47902935889754344,logistic_C0.1,0.25,2023-07-11,0.24754336293550597,0.0,-0.0
2023-08-08,0,-0.009356153470166939,0.4715644365694853,0.47902935889754344,logistic_C0.1,0.25,2023-07-11,0.24754336293550597,0.0,-0.0
2023-08-09,1,0.009501666279159826,0.5190871908142424,0.47902935889754344,logistic_C0.1,0.25,2023-07-11,0.24754336293550597,0.0,0.0
2023-08-10,1,0.003533405338682183,0.4904852844065481,0.47902935889754344,logistic_C0.1,0.25,2023-07-11,0.24754336293550597,0.0,0.0
2023-08-11,0,-0.0076553374820487186,0.4555485286131373,0.47902935889754344,logistic_C0.1,0.25,2023-07-11,0.24754336293550597,0.0,-0.0
2023-08-14,0,-0.006046757986630791,0.462540019919888,0.47902935889754344,logistic_C0.1,0.25,2023-07-11,0.24754336293550597,0.0,-0.0
2023-08-16,0,-0.009603431981899058,0.48334485872174415,0.47902935889754344,logistic_C0.1,0.25,2023-07-11,0.24754336293550597,0.0,-0.0
2023-08-17,1,0.0027577479585501052,0.48768408186220125,0.47902935889754344,logistic_C0.1,0.25,2023-07-11,0.24754336293550597,0.0,0.0
2023-08-18,1,0.003735201468431093,0.4965741149684534,0.47902935889754344,logistic_C0.1,0.25,2023-07-11,0.24754336293550597,0.0,0.0
2023-08-21,0,-0.0011545964884339677,0.47550295066614434,0.47902935889754344,logistic_C0.1,0.25,2023-07-11,0.24754336293550597,0.0,-0.0
2023-08-22,0,-0.005003183844264569,0.4816660054501844,0.47902935889754344,logistic_C0.1,0.25,2023-07-11,0.24754336293550597,0.0,-0.0
2023-08-23,0,-0.0017928286852589848,0.49461177060038986,0.47902935889754344,logistic_C0.1,0.25,2023-07-11,0.24754336293550597,0.0,-0.0
2023-08-24,1,0.0023303762570205944,0.4719756947170987,0.47902935889754344,logistic_C0.1,0.25,2023-07-11,0.24754336293550597,0.0,0.0
2023-08-25,1,0.0054881675108466865,0.49899521044637934,0.47902935889754344,logistic_C0.1,0.25,2023-07-11,0.24754336293550597,0.0,0.0
2023-08-28,1,0.003547162664435888,0.4385364944151209,0.47902935889754344,logistic_C0.1,0.25,2023-07-11,0.24754336293550597,0.0,0.0
2023-08-29,1,0.0005488560272230991,0.4861612494586045,0.47902935889754344,logistic_C0.1,0.25,2023-07-11,0.24754336293550597,0.0,0.0
2023-08-30,0,-0.005513663790760459,0.4845822054811818,0.47902935889754344,logistic_C0.1,0.25,2023-07-11,0.24754336293550597,0.0,-0.0
2023-08-31,0,-0.0031897677864648477,0.47510424794194467,0.47902935889754344,logistic_C0.1,0.25,2023-07-11,0.24754336293550597,0.0,-0.0
2023-09-01,1,0.004616114078364264,0.4989907920755704,0.47902935889754344,logistic_C0.1,0.25,2023-07-11,0.24754336293550597,0.0,0.0
2023-09-04,1,0.006864230812682948,0.4737740604984225,0.47902935889754344,logistic_C0.1,0.25,2023-07-11,0.24754336293550597,0.0,0.0
2023-09-05,1,0.0012679775564095053,0.5102214671121341,0.47902935889754344,logistic_C0.1,0.25,2023-07-11,0.24754336293550597,0.0,0.0
2023-09-06,0,-0.005458968499384875,0.4838102537085977,0.47902935889754344,logistic_C0.1,0.25,2023-07-11,0.24754336293550597,0.0,-0.0
2023-09-07,0,-0.0025872157878873425,0.4878145247740636,0.47902935889754344,logistic_C0.1,0.25,2023-07-11,0.24754336293550597,0.0,-0.0
2023-09-08,1,0.0006323471075027065,0.4923211972093089,0.47902935889754344,logistic_C0.1,0.25,2023-07-11,0.24754336293550597,0.0,0.0
2023-09-11,1,0.0027452272263792654,0.4597686607175249,0.47902935889754344,logistic_C0.1,0.25,2023-07-11,0.24754336293550597,0.0,0.0
2023-09-12,0,-0.011627091434761372,0.4719211385091001,0.47902935889754344,logistic_C0.1,0.25,2023-07-11,0.24754336293550597,0.0,-0.0
2023-09-13,0,-0.0005993170939428971,0.5059388412171844,0.47902935889754344,logistic_C0.1,0.25,2023-07-11,0.24754336293550597,0.0,-0.0
2023-09-14,1,0.011002440184055162,0.48426331511787507,0.47902935889754344,logistic_C0.1,0.25,2023-07-11,0.24754336293550597,0.0,0.0
2023-09-15,1,0.01021367156249764,0.4689769749151433,0.47902935889754344,logistic_C0.1,0.25,2023-07-11,0.24754336293550597,0.0,0.0
2023-09-18,0,-0.005396551923946169,0.4611562432747084,0.47902935889754344,logistic_C0.1,0.25,2023-07-11,0.24754336293550597,0.0,-0.0
2023-09-19,0,-0.007812015383661053,0.48068978654868966,0.47902935889754344,logistic_C0.1,0.25,2023-07-11,0.24754336293550597,0.0,-0.0
2023-09-20,1,0.0012477753222113197,0.491884257249797,0.47902935889754344,logistic_C0.1,0.25,2023-07-11,0.24754336293550597,0.0,0.0
2023-09-21,0,-0.011725826289585517,0.49016445094524,0.47902935889754344,logistic_C0.1,0.25,2023-07-11,0.24754336293550597,0.0,-0.0
2023-09-22,1,0.006694896546188156,0.47107798227117126,0.47902935889754344,logistic_C0.1,0.25,2023-07-11,0.24754336293550597,0.0,0.0
2023-09-25,0,-0.00333053791781468,0.47127740963274484,0.47902935889754344,logistic_C0.1,0.25,2023-07-11,0.24754336293550597,0.0,-0.0
2023-09-26,0,-0.012299289392213808,0.48417420041818093,0.47902935889754344,logistic_C0.1,0.25,2023-07-11,0.24754336293550597,0.0,-0.0
2023-09-27,1,0.006977152684447319,0.49992400909015694,0.47902935889754344,logistic_C0.1,0.25,2023-07-11,0.24754336293550597,0.0,0.0
2023-10-04,0,-0.012353332402762263,0.49995350132919675,0.47902935889754344,logistic_C0.1,0.25,2023-07-11,0.24754336293550597,0.0,-0.0
2023-10-05,0,-0.008149875172797971,0.4630981600733342,0.47902935889754344,logistic_C0.1,0.25,2023-07-11,0.24754336293550597,0.0,-0.0
2023-10-06,0,-3.321141974665931e-05,0.502553516474929,0.47902935889754344,logistic_C0.1,0.25,2023-07-11,0.24754336293550597,0.0,-0.0
2023-10-10,0,-0.013953984683449772,0.478523794625547,0.47902935889754344,logistic_C0.1,0.25,2023-07-11,0.24754336293550597,0.0,-0.0
2023-10-11,1,0.005565314464892612,0.514033804418875,0.47902935889754344,logistic_C0.1,0.25,2023-07-11,0.24754336293550597,0.0,0.0
2023-10-12,1,0.005934633841610637,0.5089288710494576,0.47902935889754344,logistic_C0.1,0.25,2023-07-11,0.24754336293550597,0.0,0.0
2023-10-13,0,-0.001909909177723046,0.4830495741162178,0.47902935889754344,logistic_C0.1,0.25,2023-07-11,0.24754336293550597,0.0,-0.0
2023-10-16,0,-0.0025343612713568664,0.47730167776273535,0.47902935889754344,logistic_C0.1,0.25,2023-07-11,0.24754336293550597,0.0,-0.0
2023-10-17,1,0.002457072538649019,0.4876020510141731,0.47902935889754344,logistic_C0.1,0.25,2023-07-11,0.24754336293550597,0.0,0.0
2023-10-18,1,0.004302522379233675,0.4778585007895341,0.47927080270508676,logistic_C0.1,0.25,2023-10-16,0.2476269312525441,0.0,0.0
2023-10-19,0,-0.006628507516694637,0.49062743410869525,0.47927080270508676,logistic_C0.1,0.25,2023-10-16,0.2476269312525441,0.0,-0.0
2023-10-20,0,-0.006916045727857312,0.47580535627080683,0.47927080270508676,logistic_C0.1,0.25,2023-10-16,0.2476269312525441,0.0,-0.0
2023-10-23,0,-0.005506166484534281,0.48591015756626466,0.47927080270508676,logistic_C0.1,0.25,2023-10-16,0.2476269312525441,0.0,-0.0
2023-10-24,1,0.005043115262170383,0.47652184614277837,0.47927080270508676,logistic_C0.1,0.25,2023-10-16,0.2476269312525441,0.0,0.0
2023-10-25,0,-0.010907279751216858,0.46757092240122555,0.47927080270508676,logistic_C0.1,0.25,2023-10-16,0.2476269312525441,0.0,-0.0
2023-10-26,0,-0.011497020405706437,0.4812717165273273,0.47927080270508676,logistic_C0.1,0.25,2023-10-16,0.2476269312525441,0.0,-0.0
2023-10-27,0,-0.003798251420018328,0.503935735474636,0.47927080270508676,logistic_C0.1,0.25,2023-10-16,0.2476269312525441,0.0,-0.0
2023-10-30,1,0.007943847771272994,0.4896118958732905,0.47927080270508676,logistic_C0.1,0.25,2023-10-16,0.2476269312525441,0.0,0.0
2023-10-31,0,-0.017425886067486518,0.44839474515394495,0.47927080270508676,logistic_C0.1,0.25,2023-10-16,0.2476269312525441,0.0,-0.0
2023-11-01,1,0.0037812542250172942,0.49471877101541717,0.47927080270508676,logistic_C0.1,0.25,2023-10-16,0.2476269312525441,0.0,0.0
2023-11-02,1,0.0034947065474353334,0.5121403288902713,0.47927080270508676,logistic_C0.1,0.25,2023-10-16,0.2476269312525441,0.0,0.0
2023-11-03,1,0.001162500686932244,0.5004625739612132,0.47927080270508676,logistic_C0.1,0.25,2023-10-16,0.2476269312525441,0.0,0.0
2023-11-06,1,0.04274106175514625,0.4880613949049291,0.47927080270508676,logistic_C0.1,0.25,2023-10-16,0.2476269312525441,0.0,0.0
2023-11-07,0,-0.013079734286348788,0.48127490158318664,0.47927080270508676,logistic_C0.1,0.25,2023-10-16,0.2476269312525441,0.0,-0.0
2023-11-08,0,-0.015689653770801004,0.4454538530237165,0.47927080270508676,logistic_C0.1,0.25,2023-10-16,0.2476269312525441,0.0,-0.0
2023-11-09,1,0.0004740450054205869,0.5009208879447764,0.47927080270508676,logistic_C0.1,0.25,2023-10-16,0.2476269312525441,0.0,0.0
2023-11-10,1,0.001354720744680682,0.45950984644118487,0.47927080270508676,logistic_C0.1,0.25,2023-10-16,0.2476269312525441,0.0,0.0
2023-11-13,0,-0.01130287425346721,0.4189555701913612,0.47927080270508676,logistic_C0.1,0.25,2023-10-16,0.2476269312525441,-1.0,0.010302874253467209
2023-11-14,1,0.0034310268750026296,0.5155067112341547,0.47927080270508676,logistic_C0.1,0.25,2023-10-16,0.2476269312525441,0.0,0.0
2023-11-15,1,0.0017967859286684984,0.48685444508560805,0.47927080270508676,logistic_C0.1,0.25,2023-10-16,0.2476269312525441,0.0,0.0
2023-11-16,1,0.0018925056775169757,0.47883791507008716,0.47927080270508676,logistic_C0.1,0.25,2023-10-16,0.2476269312525441,0.0,0.0
2023-11-17,0,-0.0030596222698522357,0.4714298119377892,0.47927080270508676,logistic_C0.1,0.25,2023-10-16,0.2476269312525441,0.0,-0.0
2023-11-20,1,0.010743613879061309,0.42219805121483084,0.47927080270508676,logistic_C0.1,0.25,2023-10-16,0.2476269312525441,-1.0,-0.01174361387906131
2023-11-21,1,0.002283706631532878,0.494263194482279,0.47927080270508676,logistic_C0.1,0.25,2023-10-16,0.2476269312525441,0.0,0.0
2023-11-22,1,0.007432305057416766,0.4795674345803788,0.47927080270508676,logistic_C0.1,0.25,2023-10-16,0.2476269312525441,0.0,0.0
2023-11-23,0,-0.0003458103289967207,0.4645208449852578,0.47927080270508676,logistic_C0.1,0.25,2023-10-16,0.2476269312525441,0.0,-0.0
2023-11-24,0,-0.00843963969688788,0.49115391477273573,0.47927080270508676,logistic_C0.1,0.25,2023-10-16,0.2476269312525441,0.0,-0.0
2023-11-27,0,-0.002466194745446404,0.4819480011648146,0.47927080270508676,logistic_C0.1,0.25,2023-10-16,0.2476269312525441,0.0,-0.0
2023-11-28,1,0.006232692507202486,0.4899589498600378,0.47927080270508676,logistic_C0.1,0.25,2023-10-16,0.2476269312525441,0.0,0.0
2023-11-29,1,0.00040098459583925994,0.4678419394321829,0.47927080270508676,logistic_C0.1,0.25,2023-10-16,0.2476269312525441,0.0,0.0
2023-11-30,1,0.009227302944536664,0.4877813872112176,0.47927080270508676,logistic_C0.1,0.25,2023-10-16,0.2476269312525441,0.0,0.0
2023-12-01,0,-0.006141662930620462,0.4724863139939194,0.47927080270508676,logistic_C0.1,0.25,2023-10-16,0.2476269312525441,0.0,-0.0
2023-12-04,0,-0.0028823813941686316,0.45758277842266115,0.47927080270508676,logistic_C0.1,0.25,2023-10-16,0.2476269312525441,0.0,-0.0
2023-12-05,0,-0.005252348002951046,0.49414701279354534,0.47927080270508676,logistic_C0.1,0.25,2023-10-16,0.2476269312525441,0.0,-0.0
2023-12-06,0,-0.0032713285428408456,0.47949717355238,0.47927080270508676,logistic_C0.1,0.25,2023-10-16,0.2476269312525441,0.0,-0.0
2023-12-07,0,-0.0004291776635085842,0.4990236629032207,0.47927080270508676,logistic_C0.1,0.25,2023-10-16,0.2476269312525441,0.0,-0.0
2023-12-08,1,0.0030315826375166832,0.4872480229429885,0.47927080270508676,logistic_C0.1,0.25,2023-10-16,0.2476269312525441,0.0,0.0
2023-12-11,1,0.00022576135044904966,0.47349030667514946,0.47927080270508676,logistic_C0.1,0.25,2023-10-16,0.2476269312525441,0.0,0.0
2023-12-12,1,6.311363215005805e-05,0.5123578966414278,0.47927080270508676,logistic_C0.1,0.25,2023-10-16,0.2476269312525441,0.0,0.0
2023-12-13,0,-0.008126483962342501,0.49919859739314004,0.47927080270508676,logistic_C0.1,0.25,2023-10-16,0.2476269312525441,0.0,-0.0
2023-12-14,0,-0.0013973168376678613,0.5005991931622098,0.47927080270508676,logistic_C0.1,0.25,2023-10-16,0.2476269312525441,0.0,-0.0
2023-12-15,1,0.002001219493128481,0.5297531092941462,0.47927080270508676,logistic_C0.1,0.25,2023-10-16,0.2476269312525441,0.0,0.0
2023-12-18,0,-0.0007435465222654924,0.47762727440951164,0.47927080270508676,logistic_C0.1,0.25,2023-10-16,0.2476269312525441,0.0,-0.0
2023-12-19,1,0.001458197683259277,0.48069912399153514,0.47927080270508676,logistic_C0.1,0.25,2023-10-16,0.2476269312525441,0.0,0.0
2023-12-20,1,0.010556670106958377,0.48318568302636056,0.47927080270508676,logistic_C0.1,0.25,2023-10-16,0.2476269312525441,0.0,0.0
2023-12-21,1,0.0006350134892258996,0.4882731949788077,0.47927080270508676,logistic_C0.1,0.25,2023-10-16,0.2476269312525441,0.0,0.0
2023-12-22,0,-0.0069564353712389115,0.4415738135783805,0.47927080270508676,logistic_C0.1,0.25,2023-10-16,0.2476269312525441,0.0,-0.0
2023-12-26,0,-0.0026250843092771037,0.5075023106929779,0.47927080270508676,logistic_C0.1,0.25,2023-10-16,0.2476269312525441,0.0,-0.0
2023-12-27,1,0.005443668609460106,0.4772420670126477,0.47927080270508676,logistic_C0.1,0.25,2023-10-16,0.2476269312525441,0.0,0.0
2023-12-28,1,0.014910540578763065,0.47870757966946265,0.47927080270508676,logistic_C0.1,0.25,2023-10-16,0.2476269312525441,0.0,0.0
2024-01-02,1,0.009200633535817904,0.49542525552987526,0.47927080270508676,logistic_C0.1,0.25,2023-10-16,0.2476269312525441,0.0,0.0
2024-01-03,0,-0.013705107545185613,0.4651599251904175,0.47927080270508676,logistic_C0.1,0.25,2023-10-16,0.2476269312525441,0.0,-0.0
2024-01-04,0,-0.002090694480875177,0.4642001568319085,0.47927080270508676,logistic_C0.1,0.25,2023-10-16,0.2476269312525441,0.0,-0.0
2024-01-05,0,-0.003405633791927709,0.45526536653298977,0.47927080270508676,logistic_C0.1,0.25,2023-10-16,0.2476269312525441,0.0,-0.0
2024-01-08,0,-0.006350053981263204,0.4383614276245133,0.47927080270508676,logistic_C0.1,0.25,2023-10-16,0.2476269312525441,0.0,-0.0
2024-01-09,0,-0.014266965835485479,0.4640186336835126,0.47927080270508676,logistic_C0.1,0.25,2023-10-16,0.2476269312525441,0.0,-0.0
2024-01-10,0,-0.00857654340729408,0.5010567346577519,0.47927080270508676,logistic_C0.1,0.25,2023-10-16,0.2476269312525441,0.0,-0.0
2024-01-11,0,-0.0010853194810915845,0.466775800666719,0.47927080270508676,logistic_C0.1,0.25,2023-10-16,0.2476269312525441,0.0,-0.0
2024-01-12,0,-0.004533717056632081,0.48079493016339436,0.47927080270508676,logistic_C0.1,0.25,2023-10-16,0.2476269312525441,0.0,-0.0
2024-01-15,1,0.00011877942265270391,0.4528988965659281,0.47927080270508676,logistic_C0.1,0.25,2023-10-16,0.2476269312525441,0.0,0.0
2024-01-16,0,-0.00742368664729931,0.49848987383195575,0.47927080270508676,logistic_C0.1,0.25,2023-10-16,0.2476269312525441,0.0,-0.0
2024-01-17,0,-0.02611914937850579,0.4950989045038017,0.47927080270508676,logistic_C0.1,0.25,2023-10-16,0.2476269312525441,0.0,-0.0
2024-01-18,1,3.2787422744595673e-05,0.4841173222824983,0.4792147806004619,histgb_leaves15,0.25,2024-01-16,0.24817384677736867,0.0,0.0
2024-01-19,1,0.0017460491081375817,0.46455991170809074,0.4792147806004619,histgb_leaves15,0.25,2024-01-16,0.24817384677736867,0.0,0.0
2024-01-22,0,-0.01013026345915169,0.48659380588045353,0.4792147806004619,histgb_leaves15,0.25,2024-01-16,0.24817384677736867,0.0,-0.0
2024-01-23,1,0.00011701475192871236,0.497106537790157,0.4792147806004619,histgb_leaves15,0.25,2024-01-16,0.24817384677736867,0.0,0.0
2024-01-24,0,-0.0026370839424605386,0.49668846822629126,0.4792147806004619,histgb_leaves15,0.25,2024-01-16,0.24817384677736867,0.0,-0.0
2024-01-25,1,0.0010576521742655665,0.46226120087232814,0.4792147806004619,histgb_leaves15,0.25,2024-01-16,0.24817384677736867,0.0,0.0
2024-01-26,1,0.008344012530257627,0.5004460605122794,0.4792147806004619,histgb_leaves15,0.25,2024-01-16,0.24817384677736867,0.0,0.0
2024-01-29,1,0.0039021570256894123,0.4601239114829878,0.4792147806004619,histgb_leaves15,0.25,2024-01-16,0.24817384677736867,0.0,0.0
2024-01-30,0,-0.009854656691815067,0.47552569769927866,0.4792147806004619,histgb_leaves15,0.25,2024-01-16,0.24817384677736867,0.0,-0.0
2024-01-31,1,0.003693878371317183,0.4675431384421066,0.4792147806004619,histgb_leaves15,0.25,2024-01-16,0.24817384677736867,0.0,0.0
2024-02-01,1,0.020277455626763308,0.481120362228,0.4792147806004619,histgb_leaves15,0.25,2024-01-16,0.24817384677736867,0.0,0.0
2024-02-02,1,0.02184496366335864,0.49280235129397937,0.4792147806004619,histgb_leaves15,0.25,2024-01-16,0.24817384677736867,0.0,0.0
2024-02-05,0,-0.008213505207117389,0.48631451257732683,0.4792147806004619,histgb_leaves15,0.25,2024-01-16,0.24817384677736867,0.0,-0.0
2024-02-06,0,-0.0030957356241776424,0.4751299412271863,0.4792147806004619,histgb_leaves15,0.25,2024-01-16,0.24817384677736867,0.0,-0.0
2024-02-07,1,0.006553292267577948,0.4859909001723011,0.4792147806004619,histgb_leaves15,0.25,2024-01-16,0.24817384677736867,0.0,0.0
2024-02-08,1,2.2898490989353704e-05,0.4820507732886786,0.4792147806004619,histgb_leaves15,0.25,2024-01-16,0.24817384677736867,0.0,0.0
2024-02-13,1,0.0020687020879897045,0.48316255412301673,0.4792147806004619,histgb_leaves15,0.25,2024-01-16,0.24817384677736867,0.0,0.0
2024-02-14,1,0.004146229307173677,0.4987549439231118,0.4792147806004619,histgb_leaves15,0.25,2024-01-16,0.24817384677736867,0.0,0.0
2024-02-15,0,-0.0113510426240917,0.4727681123919566,0.4792147806004619,histgb_leaves15,0.25,2024-01-16,0.24817384677736867,0.0,-0.0
2024-02-16,1,0.004981731123109068,0.48264143331233245,0.4792147806004619,histgb_leaves15,0.25,2024-01-16,0.24817384677736867,0.0,0.0
2024-02-19,1,0.010229465685683392,0.4668611921306732,0.4792147806004619,histgb_leaves15,0.25,2024-01-16,0.24817384677736867,0.0,0.0
2024-02-20,0,-0.0051505680223091765,0.4760304142708133,0.4792147806004619,histgb_leaves15,0.25,2024-01-16,0.24817384677736867,0.0,-0.0
2024-02-21,0,-0.0013587161073724818,0.4734611334799631,0.4792147806004619,histgb_leaves15,0.25,2024-01-16,0.24817384677736867,0.0,-0.0
2024-02-22,0,-0.0027772683208007187,0.46682458073676614,0.4792147806004619,histgb_leaves15,0.25,2024-01-16,0.24817384677736867,0.0,-0.0
2024-02-23,0,-0.004971969728052472,0.47107764999961543,0.4792147806004619,histgb_leaves15,0.25,2024-01-16,0.24817384677736867,0.0,-0.0
2024-02-26,0,-0.0038647524789734433,0.45560393670560007,0.4792147806004619,histgb_leaves15,0.25,2024-01-16,0.24817384677736867,0.0,-0.0
2024-02-27,0,-0.011191218791905877,0.4636369336999611,0.4792147806004619,histgb_leaves15,0.25,2024-01-16,0.24817384677736867,0.0,-0.0
2024-02-28,1,0.008816671801484155,0.4869869175521405,0.4792147806004619,histgb_leaves15,0.25,2024-01-16,0.24817384677736867,0.0,0.0
2024-02-29,0,-0.0004236839317868224,0.4904998113686508,0.4792147806004619,histgb_leaves15,0.25,2024-01-16,0.24817384677736867,0.0,-0.0
2024-03-04,1,0.00365919565250028,0.459130715366061,0.4792147806004619,histgb_leaves15,0.25,2024-01-16,0.24817384677736867,0.0,0.0
2024-03-05,0,-0.0042844257366205785,0.4806396041774333,0.4792147806004619,histgb_leaves15,0.25,2024-01-16,0.24817384677736867,0.0,-0.0
2024-03-06,1,0.0010042291309817486,0.47522227600548517,0.4792147806004619,histgb_leaves15,0.25,2024-01-16,0.24817384677736867,0.0,0.0
2024-03-07,0,-0.002396400877173188,0.46674428747165936,0.4792147806004619,histgb_leaves15,0.25,2024-01-16,0.24817384677736867,0.0,-0.0
2024-03-08,1,0.0013299511728599445,0.4695816269088605,0.4792147806004619,histgb_leaves15,0.25,2024-01-16,0.24817384677736867,0.0,0.0
2024-03-11,0,-0.0021533775013317102,0.48739361886619315,0.4792147806004619,histgb_leaves15,0.25,2024-01-16,0.24817384677736867,0.0,-0.0
2024-03-12,1,0.003119541270334203,0.4675671312592231,0.4792147806004619,histgb_leaves15,0.25,2024-01-16,0.24817384677736867,0.0,0.0
2024-03-13,0,-0.00042305108898543775,0.47085711796114815,0.4792147806004619,histgb_leaves15,0.25,2024-01-16,0.24817384677736867,0.0,-0.0
2024-03-14,1,0.007556413686781394,0.4517213163458365,0.4792147806004619,histgb_leaves15,0.25,2024-01-16,0.24817384677736867,0.0,0.0
2024-03-15,0,-0.012979706948047731,0.47463960925913556,0.4792147806004619,histgb_leaves15,0.25,2024-01-16,0.24817384677736867,0.0,-0.0
2024-03-18,1,0.0027328524707674884,0.48411393099432,0.4792147806004619,histgb_leaves15,0.25,2024-01-16,0.24817384677736867,0.0,0.0
2024-03-19,0,-0.006508152021454494,0.4486048138694723,0.4792147806004619,histgb_leaves15,0.25,2024-01-16,0.24817384677736867,0.0,-0.0
2024-03-20,1,0.0035214682732123137,0.43164239053518283,0.4792147806004619,histgb_leaves15,0.25,2024-01-16,0.24817384677736867,0.0,0.0
2024-03-21,1,0.008670245095526496,0.4762976648183427,0.4792147806004619,histgb_leaves15,0.25,2024-01-16,0.24817384677736867,0.0,0.0
2024-03-22,0,-0.0009414244952111739,0.471428005576075,0.4792147806004619,histgb_leaves15,0.25,2024-01-16,0.24817384677736867,0.0,-0.0
2024-03-25,0,-0.006899829136723268,0.467391274613026,0.4792147806004619,histgb_leaves15,0.25,2024-01-16,0.24817384677736867,0.0,-0.0
2024-03-26,1,0.00024306890822156646,0.4627009928020694,0.4792147806004619,histgb_leaves15,0.25,2024-01-16,0.24817384677736867,0.0,0.0
2024-03-27,1,0.0036830601092896487,0.45555465475222195,0.4792147806004619,histgb_leaves15,0.25,2024-01-16,0.24817384677736867,0.0,0.0
2024-03-28,0,-0.002687761965988744,0.45471844717526877,0.4792147806004619,histgb_leaves15,0.25,2024-01-16,0.24817384677736867,0.0,-0.0
2024-03-29,0,-0.0038588894087266956,0.464898102036167,0.4792147806004619,histgb_leaves15,0.25,2024-01-16,0.24817384677736867,0.0,-0.0
2024-04-01,0,-0.006644398172248156,0.4733361022561107,0.4792147806004619,histgb_leaves15,0.25,2024-01-16,0.24817384677736867,0.0,-0.0
2024-04-02,1,0.0032833482134722036,0.4610294190515687,0.4792147806004619,histgb_leaves15,0.25,2024-01-16,0.24817384677736867,0.0,0.0
2024-04-03,0,-0.008682818931548208,0.46941575938161856,0.4792147806004619,histgb_leaves15,0.25,2024-01-16,0.24817384677736867,0.0,-0.0
2024-04-04,1,0.0013731447937361807,0.44916225908977514,0.4792147806004619,histgb_leaves15,0.25,2024-01-16,0.24817384677736867,0.0,0.0
2024-04-05,1,9.211631711592005e-05,0.5057762607547283,0.4792147806004619,histgb_leaves15,0.25,2024-01-16,0.24817384677736867,0.0,0.0
2024-04-08,0,-0.0004082743603701644,0.4313077176053568,0.4792147806004619,histgb_leaves15,0.25,2024-01-16,0.24817384677736867,0.0,-0.0
2024-04-09,0,-0.010269900447456015,0.4544282357082622,0.4792147806004619,histgb_leaves15,0.25,2024-01-16,0.24817384677736867,0.0,-0.0
2024-04-11,1,0.015592406393036606,0.4389637119686328,0.4792147806004619,histgb_leaves15,0.25,2024-01-16,0.24817384677736867,0.0,0.0
2024-04-12,0,-0.010723415557252314,0.4600213165418635,0.4792147806004619,histgb_leaves15,0.25,2024-01-16,0.24817384677736867,0.0,-0.0
2024-04-15,1,0.003408031983647364,0.477077139026138,0.4792147806004619,histgb_leaves15,0.25,2024-01-16,0.24817384677736867,0.0,0.0
2024-04-16,0,-0.013062700204601096,0.44354263316718634,0.4792147806004619,histgb_leaves15,0.25,2024-01-16,0.24817384677736867,0.0,-0.0
2024-04-17,0,-0.013351659889658918,0.4368429450252297,0.4792147806004619,histgb_leaves15,0.25,2024-01-16,0.24817384677736867,0.0,-0.0
2024-04-18,1,0.015118707281175592,0.47836220100663357,0.4792147806004619,histgb_leaves15,0.25,2024-01-16,0.24817384677736867,0.0,0.0
2024-04-19,0,-0.003395252798295778,0.4772505761323323,0.4792147806004619,histgb_leaves15,0.25,2024-01-16,0.24817384677736867,0.0,-0.0
2024-04-22,1,0.005245209731928657,0.482374634779586,0.4797278140062376,histgb_leaves7,0.25,2024-04-18,0.24793329780936715,0.0,0.0
2024-04-23,0,-0.003468647303535133,0.4593336006661768,0.4797278140062376,histgb_leaves7,0.25,2024-04-18,0.24793329780936715,0.0,-0.0
2024-04-24,1,0.00484820717729928,0.48788642575134883,0.4797278140062376,histgb_leaves7,0.25,2024-04-18,0.24793329780936715,0.0,0.0
2024-04-25,0,-0.006868671603445731,0.493008953170335,0.4797278140062376,histgb_leaves7,0.25,2024-04-18,0.24793329780936715,0.0,-0.0
2024-04-26,1,0.002033241039027578,0.4777103590161677,0.4797278140062376,histgb_leaves7,0.25,2024-04-18,0.24793329780936715,0.0,0.0
2024-04-29,1,0.004477734669925848,0.4655037378440643,0.4797278140062376,histgb_leaves7,0.25,2024-04-18,0.24793329780936715,0.0,0.0
2024-04-30,0,-0.0004307111932927432,0.4824948302755822,0.4797278140062376,histgb_leaves7,0.25,2024-04-18,0.24793329780936715,0.0,-0.0
2024-05-02,1,0.0017207656473960942,0.48314813454330796,0.4797278140062376,histgb_leaves7,0.25,2024-04-18,0.24793329780936715,0.0,0.0
2024-05-03,0,-0.010235512940454217,0.46745649738165523,0.4797278140062376,histgb_leaves7,0.25,2024-04-18,0.24793329780936715,0.0,-0.0
2024-05-07,1,0.00595621318754902,0.4910670277173693,0.4797278140062376,histgb_leaves7,0.25,2024-04-18,0.24793329780936715,0.0,0.0
2024-05-08,1,0.004736266109344189,0.502033033149527,0.4797278140062376,histgb_leaves7,0.25,2024-04-18,0.24793329780936715,0.0,0.0
2024-05-09,0,-0.01135497887572956,0.48781015989794296,0.4797278140062376,histgb_leaves7,0.25,2024-04-18,0.24793329780936715,0.0,-0.0
2024-05-10,0,-0.0037692434120417673,0.4689809847637947,0.4797278140062376,histgb_leaves7,0.25,2024-04-18,0.24793329780936715,0.0,-0.0
2024-05-13,0,-0.002921175782392482,0.4973575403569234,0.4797278140062376,histgb_leaves7,0.25,2024-04-18,0.24793329780936715,0.0,-0.0
2024-05-14,0,-0.0009659785289317657,0.4828268556355912,0.4797278140062376,histgb_leaves7,0.25,2024-04-18,0.24793329780936715,0.0,-0.0
2024-05-16,0,-0.006234049388687768,0.4870193911467494,0.4797278140062376,histgb_leaves7,0.25,2024-04-18,0.24793329780936715,0.0,-0.0
2024-05-17,0,-0.009758420044557958,0.4935042673918918,0.4797278140062376,histgb_leaves7,0.25,2024-04-18,0.24793329780936715,0.0,-0.0
2024-05-20,1,0.0003283185711575598,0.48503400154831,0.4797278140062376,histgb_leaves7,0.25,2024-04-18,0.24793329780936715,0.0,0.0
2024-05-21,0,-0.0032381642352994344,0.4728260176974543,0.4797278140062376,histgb_leaves7,0.25,2024-04-18,0.24793329780936715,0.0,-0.0
2024-05-22,0,0.0,0.47611087668340657,0.4797278140062376,histgb_leaves7,0.25,2024-04-18,0.24793329780936715,0.0,0.0
2024-05-23,1,0.001022423437770037,0.47578036196560275,0.4797278140062376,histgb_leaves7,0.25,2024-04-18,0.24793329780936715,0.0,0.0
2024-05-24,0,-0.00224602305422017,0.46416912707590313,0.4797278140062376,histgb_leaves7,0.25,2024-04-18,0.24793329780936715,0.0,-0.0
2024-05-27,1,0.009576739978347515,0.4398793263316584,0.4797278140062376,histgb_leaves7,0.25,2024-04-18,0.24793329780936715,0.0,0.0
2024-05-28,1,0.002699298845156628,0.49675801922488105,0.4797278140062376,histgb_leaves7,0.25,2024-04-18,0.24793329780936715,0.0,0.0
2024-05-29,0,-0.01553927841268432,0.45524226837661774,0.4797278140062376,histgb_leaves7,0.25,2024-04-18,0.24793329780936715,0.0,-0.0
2024-05-30,0,-0.011696410825648873,0.45867267575443416,0.4797278140062376,histgb_leaves7,0.25,2024-04-18,0.24793329780936715,0.0,-0.0
2024-05-31,0,-0.008032748027555825,0.5013969414921466,0.4797278140062376,histgb_leaves7,0.25,2024-04-18,0.24793329780936715,0.0,-0.0
2024-06-03,1,0.009297128086657835,0.4747666337538652,0.4797278140062376,histgb_leaves7,0.25,2024-04-18,0.24793329780936715,0.0,0.0
2024-06-04,0,-0.002484327751402393,0.49909717409476184,0.4797278140062376,histgb_leaves7,0.25,2024-04-18,0.24793329780936715,0.0,-0.0
2024-06-05,1,0.0031293009238710923,0.48352918870628475,0.4797278140062376,histgb_leaves7,0.25,2024-04-18,0.24793329780936715,0.0,0.0
2024-06-07,1,0.0016260461694104222,0.48197281183091056,0.4797278140062376,histgb_leaves7,0.25,2024-04-18,0.24793329780936715,0.0,0.0
2024-06-10,1,0.0009115466278333262,0.5062096009579368,0.4797278140062376,histgb_leaves7,0.25,2024-04-18,0.24793329780936715,0.0,0.0
2024-06-11,0,-0.004196236638299045,0.4787884331948949,0.4797278140062376,histgb_leaves7,0.25,2024-04-18,0.24793329780936715,0.0,-0.0
2024-06-12,1,0.006834831066742986,0.47888054396118607,0.4797278140062376,histgb_leaves7,0.25,2024-04-18,0.24793329780936715,0.0,0.0
2024-06-13,0,-0.0033608520429204702,0.4829784766233251,0.4797278140062376,histgb_leaves7,0.25,2024-04-18,0.24793329780936715,0.0,-0.0
2024-06-14,0,-0.0002899370111841826,0.5159375534242638,0.4797278140062376,histgb_leaves7,0.25,2024-04-18,0.24793329780936715,0.0,-0.0
2024-06-17,0,-0.003894977185525117,0.4799550271192091,0.4797278140062376,histgb_leaves7,0.25,2024-04-18,0.24793329780936715,0.0,-0.0
2024-06-18,0,-0.0006435983656939426,0.46710921959747076,0.4797278140062376,histgb_leaves7,0.25,2024-04-18,0.24793329780936715,0.0,-0.0
2024-06-19,1,0.004009102133402331,0.4914923126107212,0.4797278140062376,histgb_leaves7,0.25,2024-04-18,0.24793329780936715,0.0,0.0
2024-06-20,1,0.0019735198601049664,0.5003354114433544,0.4797278140062376,histgb_leaves7,0.25,2024-04-18,0.24793329780936715,0.0,0.0
2024-06-21,0,-0.003796240970062925,0.48289431379893194,0.4797278140062376,histgb_leaves7,0.25,2024-04-18,0.24793329780936715,0.0,-0.0
2024-06-24,0,-0.0029283949726814917,0.4680762542340836,0.4797278140062376,histgb_leaves7,0.25,2024-04-18,0.24793329780936715,0.0,-0.0
2024-06-25,1,0.0031202996644681402,0.4933280490381453,0.4797278140062376,histgb_leaves7,0.25,2024-04-18,0.24793329780936715,0.0,0.0
2024-06-26,1,0.008896340648182788,0.48303379117622625,0.4797278140062376,histgb_leaves7,0.25,2024-04-18,0.24793329780936715,0.0,0.0
2024-06-27,1,0.00594012183753545,0.4557974642937409,0.4797278140062376,histgb_leaves7,0.25,2024-04-18,0.24793329780936715,0.0,0.0
2024-06-28,1,0.0018010663171954544,0.4734712290237314,0.4797278140062376,histgb_leaves7,0.25,2024-04-18,0.24793329780936715,0.0,0.0
2024-07-01,1,0.004063788955086967,0.47093318358185016,0.4797278140062376,histgb_leaves7,0.25,2024-04-18,0.24793329780936715,0.0,0.0
2024-07-02,0,-0.006356636235327784,0.46586206867241614,0.4797278140062376,histgb_leaves7,0.25,2024-04-18,0.24793329780936715,0.0,-0.0
2024-07-03,0,-0.001119000121552638,0.4726578413226747,0.4797278140062376,histgb_leaves7,0.25,2024-04-18,0.24793329780936715,0.0,-0.0
2024-07-04,1,0.0027972425152464897,0.48789396966293697,0.4797278140062376,histgb_leaves7,0.25,2024-04-18,0.24793329780936715,0.0,0.0
2024-07-05,1,0.009174214885357523,0.4893222958839478,0.4797278140062376,histgb_leaves7,0.25,2024-04-18,0.24793329780936715,0.0,0.0
2024-07-08,0,-0.0016837957367129563,0.4864171197729311,0.4797278140062376,histgb_leaves7,0.25,2024-04-18,0.24793329780936715,0.0,-0.0
2024-07-09,0,-0.0018275935292745293,0.4685359879581514,0.4797278140062376,histgb_leaves7,0.25,2024-04-18,0.24793329780936715,0.0,-0.0
2024-07-10,1,0.0017254326679587706,0.4714611930215154,0.4797278140062376,histgb_leaves7,0.25,2024-04-18,0.24793329780936715,0.0,0.0
2024-07-11,1,0.000896578462731279,0.4714750365234408,0.4797278140062376,histgb_leaves7,0.25,2024-04-18,0.24793329780936715,0.0,0.0
2024-07-12,0,-0.003748583384186155,0.5025533354144406,0.4797278140062376,histgb_leaves7,0.25,2024-04-18,0.24793329780936715,0.0,-0.0
2024-07-15,0,-0.0028684453583813774,0.4712723487664435,0.4797278140062376,histgb_leaves7,0.25,2024-04-18,0.24793329780936715,0.0,-0.0
2024-07-16,1,0.0015305534103735585,0.48468287828316137,0.4797278140062376,histgb_leaves7,0.25,2024-04-18,0.24793329780936715,0.0,0.0
2024-07-17,0,-0.007889319236540016,0.47250560874656594,0.4797278140062376,histgb_leaves7,0.25,2024-04-18,0.24793329780936715,0.0,-0.0
2024-07-18,1,0.006668710169515757,0.4791120719619627,0.4797278140062376,histgb_leaves7,0.25,2024-04-18,0.24793329780936715,0.0,0.0
2024-07-19,0,-0.001696301348827367,0.46597765549526493,0.4797278140062376,histgb_leaves7,0.25,2024-04-18,0.24793329780936715,0.0,-0.0
2024-07-22,0,-0.009845968634785374,0.4675736897774181,0.4797278140062376,histgb_leaves7,0.25,2024-04-18,0.24793329780936715,0.0,-0.0
2024-07-23,0,-0.005213655905881631,0.4729584152283648,0.4797278140062376,histgb_leaves7,0.25,2024-04-18,0.24793329780936715,0.0,-0.0
2024-07-24,1,0.0011649428415896335,0.48518441973892124,0.47938718662952645,histgb_leaves7,0.25,2024-07-22,0.24826565541592865,0.0,0.0
2024-07-25,0,-0.003909910373389058,0.49627327061602683,0.47938718662952645,histgb_leaves7,0.25,2024-07-22,0.24826565541592865,0.0,-0.0
2024-07-26,1,0.0025357891221620132,0.47485937984812476,0.47938718662952645,histgb_leaves7,0.25,2024-07-22,0.24826565541592865,0.0,0.0
2024-07-29,1,0.006262007335390285,0.49457501731009335,0.47938718662952645,histgb_leaves7,0.25,2024-07-22,0.24826565541592865,0.0,0.0
2024-07-30,0,-0.002262789680804511,0.47872456776632205,0.47938718662952645,histgb_leaves7,0.25,2024-07-22,0.24826565541592865,0.0,-0.0
2024-07-31,1,0.009145608578151165,0.4826777995992279,0.47938718662952645,histgb_leaves7,0.25,2024-07-22,0.24826565541592865,0.0,0.0
2024-08-01,0,-0.0034406426359843145,0.4860430873544732,0.47938718662952645,histgb_leaves7,0.25,2024-07-22,0.24826565541592865,0.0,-0.0
2024-08-02,0,-0.015885915591364208,0.5042647316043294,0.47938718662952645,histgb_leaves7,0.25,2024-07-22,0.24826565541592865,0.0,-0.0
2024-08-05,0,-0.0650059357408187,0.4866646855655513,0.47938718662952645,histgb_leaves7,0.25,2024-07-22,0.24826565541592865,0.0,-0.0
2024-08-06,0,-0.004417093639227265,0.5118961036227997,0.47938718662952645,histgb_leaves7,0.25,2024-07-22,0.24826565541592865,0.0,-0.0
2024-08-07,1,0.021126956549396336,0.5014944199260996,0.47938718662952645,histgb_leaves7,0.25,2024-07-22,0.24826565541592865,0.0,0.0
2024-08-08,1,0.010481343445800873,0.4618624122261087,0.47938718662952645,histgb_leaves7,0.25,2024-07-22,0.24826565541592865,0.0,0.0
2024-08-09,0,-0.005627948430320995,0.46188572495769503,0.47938718662952645,histgb_leaves7,0.25,2024-07-22,0.24826565541592865,0.0,-0.0
2024-08-12,1,0.00620253942878235,0.4827627189148892,0.47938718662952645,histgb_leaves7,0.25,2024-07-22,0.24826565541592865,0.0,0.0
2024-08-13,0,-0.0011430748714040817,0.49618415272018623,0.47938718662952645,histgb_leaves7,0.25,2024-07-22,0.24826565541592865,0.0,-0.0
2024-08-14,0,-0.0017402070884183773,0.4833003391680363,0.47938718662952645,histgb_leaves7,0.25,2024-07-22,0.24826565541592865,0.0,-0.0
2024-08-16,1,0.0006455227064467994,0.47002395875139025,0.47938718662952645,histgb_leaves7,0.25,2024-07-22,0.24826565541592865,0.0,0.0
2024-08-19,0,-0.008751023917982659,0.49253713044264535,0.47938718662952645,histgb_leaves7,0.25,2024-07-22,0.24826565541592865,0.0,-0.0
2024-08-20,0,-0.0011519627816011235,0.5019078450116798,0.47938718662952645,histgb_leaves7,0.25,2024-07-22,0.24826565541592865,0.0,-0.0
2024-08-21,1,0.005183834474546067,0.5071808824731615,0.47938718662952645,histgb_leaves7,0.25,2024-07-22,0.24826565541592865,0.0,0.0
2024-08-22,0,-0.001209907965842194,0.48602762024491525,0.47938718662952645,histgb_leaves7,0.25,2024-07-22,0.24826565541592865,0.0,-0.0
2024-08-23,1,0.0040471235320349574,0.48704590976220596,0.47938718662952645,histgb_leaves7,0.25,2024-07-22,0.24826565541592865,0.0,0.0
2024-08-26,0,-0.00694546685904418,0.48112823638108554,0.47938718662952645,histgb_leaves7,0.25,2024-07-22,0.24826565541592865,0.0,-0.0
2024-08-27,0,-0.002592499184048802,0.4860624284726283,0.47938718662952645,histgb_leaves7,0.25,2024-07-22,0.24826565541592865,0.0,-0.0
2024-08-28,0,-0.0002824659275475483,0.48305645730460395,0.47938718662952645,histgb_leaves7,0.25,2024-07-22,0.24826565541592865,0.0,-0.0
2024-08-29,1,0.0019193280093936504,0.4900480629073909,0.47938718662952645,histgb_leaves7,0.25,2024-07-22,0.24826565541592865,0.0,0.0
2024-08-30,0,-0.0009003556591649087,0.4848599075643677,0.47938718662952645,histgb_leaves7,0.25,2024-07-22,0.24826565541592865,0.0,-0.0
2024-09-02,0,-0.0010432968179447943,0.49257609111637846,0.47938718662952645,histgb_leaves7,0.25,2024-07-22,0.24826565541592865,0.0,-0.0
2024-09-03,0,-0.006891231104087736,0.487512459469026,0.47938718662952645,histgb_leaves7,0.25,2024-07-22,0.24826565541592865,0.0,-0.0
2024-09-04,0,-0.003529039282763269,0.5166173587927891,0.47938718662952645,histgb_leaves7,0.25,2024-07-22,0.24826565541592865,0.0,-0.0
2024-09-05,0,-0.008797857109869356,0.47656064825700384,0.47938718662952645,histgb_leaves7,0.25,2024-07-22,0.24826565541592865,0.0,-0.0
2024-09-06,0,-0.012566656058618397,0.5015125512666918,0.47938718662952645,histgb_leaves7,0.25,2024-07-22,0.24826565541592865,0.0,-0.0
2024-09-09,1,0.014911933148434864,0.5115633434262746,0.47938718662952645,histgb_leaves7,0.25,2024-07-22,0.24826565541592865,0.0,0.0
2024-09-10,0,-0.007574655188009594,0.46794316544200837,0.47938718662952645,histgb_leaves7,0.25,2024-07-22,0.24826565541592865,0.0,-0.0
2024-09-11,0,-0.00455074736817096,0.49332292080783313,0.47938718662952645,histgb_leaves7,0.25,2024-07-22,0.24826565541592865,0.0,-0.0
2024-09-12,1,0.009652600588812676,0.5051806924219421,0.47938718662952645,histgb_leaves7,0.25,2024-07-22,0.24826565541592865,0.0,0.0
2024-09-13,1,0.0013997923641326793,0.5031107650439514,0.47938718662952645,histgb_leaves7,0.25,2024-07-22,0.24826565541592865,0.0,0.0
2024-09-19,0,-0.005345573810927706,0.46679805248099365,0.47938718662952645,histgb_leaves7,0.25,2024-07-22,0.24826565541592865,0.0,-0.0
2024-09-20,0,-0.004017159338359222,0.4829023136651276,0.47938718662952645,histgb_leaves7,0.25,2024-07-22,0.24826565541592865,0.0,-0.0
2024-09-23,1,0.0021336660928108486,0.49077884903398417,0.47938718662952645,histgb_leaves7,0.25,2024-07-22,0.24826565541592865,0.0,0.0
2024-09-24,1,0.007360906428831138,0.4841273082708523,0.47938718662952645,histgb_leaves7,0.25,2024-07-22,0.24826565541592865,0.0,0.0
2024-09-25,0,-0.021257506474510968,0.4945050903164303,0.47938718662952645,histgb_leaves7,0.25,2024-07-22,0.24826565541592865,0.0,-0.0
2024-09-26,1,0.015454728592008138,0.5190226534347007,0.47938718662952645,histgb_leaves7,0.25,2024-07-22,0.24826565541592865,0.0,0.0
2024-09-27,0,-0.009272483904014694,0.48422082987587534,0.47938718662952645,histgb_leaves7,0.25,2024-07-22,0.24826565541592865,0.0,-0.0
2024-09-30,0,-0.027003196710239874,0.500892261401554,0.47938718662952645,histgb_leaves7,0.25,2024-07-22,0.24826565541592865,0.0,-0.0
2024-10-02,0,-0.0018935925658959407,0.5163850901400033,0.47938718662952645,histgb_leaves7,0.25,2024-07-22,0.24826565541592865,0.0,-0.0
2024-10-04,1,0.0023442680500840307,0.4658402169139507,0.47938718662952645,histgb_leaves7,0.25,2024-07-22,0.24826565541592865,0.0,0.0
2024-10-07,1,0.012089019851116767,0.48480659024203376,0.47938718662952645,histgb_leaves7,0.25,2024-07-22,0.24826565541592865,0.0,0.0
2024-10-08,1,0.0006595568240990168,0.4906005387992076,0.47938718662952645,histgb_leaves7,0.25,2024-07-22,0.24826565541592865,0.0,0.0
2024-10-10,0,-0.004782417245802528,0.4813452616509827,0.47938718662952645,histgb_leaves7,0.25,2024-07-22,0.24826565541592865,0.0,-0.0
2024-10-11,0,-0.005784794909686752,0.502711827931628,0.47938718662952645,histgb_leaves7,0.25,2024-07-22,0.24826565541592865,0.0,-0.0
2024-10-14,1,0.00793812412828565,0.49022436367089184,0.47938718662952645,histgb_leaves7,0.25,2024-07-22,0.24826565541592865,0.0,0.0
2024-10-15,1,0.0004102766708327099,0.4800820859500017,0.47938718662952645,histgb_leaves7,0.25,2024-07-22,0.24826565541592865,0.0,0.0
2024-10-16,1,0.0014040741166994053,0.4936942902706699,0.47938718662952645,histgb_leaves7,0.25,2024-07-22,0.24826565541592865,0.0,0.0
2024-10-17,0,-0.004365179300502731,0.48853440870592885,0.47938718662952645,histgb_leaves7,0.25,2024-07-22,0.24826565541592865,0.0,-0.0
2024-10-18,0,-0.008493753918135782,0.5033299526412881,0.47938718662952645,histgb_leaves7,0.25,2024-07-22,0.24826565541592865,0.0,-0.0
2024-10-21,1,0.0015956812790058894,0.47835243265970256,0.47938718662952645,histgb_leaves7,0.25,2024-07-22,0.24826565541592865,0.0,0.0
2024-10-22,0,-0.011599964627220904,0.4729500049616265,0.47938718662952645,histgb_leaves7,0.25,2024-07-22,0.24826565541592865,0.0,-0.0
2024-10-23,1,0.009463158916610093,0.496686531112759,0.47938718662952645,histgb_leaves7,0.25,2024-07-22,0.24826565541592865,0.0,0.0
2024-10-24,0,-0.004113146248200916,0.4869462620892927,0.47938718662952645,histgb_leaves7,0.25,2024-07-22,0.24826565541592865,0.0,-0.0
2024-10-25,0,-0.005455371442651291,0.4742508740490668,0.47938718662952645,histgb_leaves7,0.25,2024-07-22,0.24826565541592865,0.0,-0.0
2024-10-28,1,0.009264231489887864,0.472279864787436,0.47938718662952645,histgb_leaves7,0.25,2024-07-22,0.24826565541592865,0.0,0.0
2024-10-29,1,0.004165803585813199,0.4761458356670648,0.47938718662952645,histgb_leaves7,0.25,2024-07-22,0.24826565541592865,0.0,0.0
2024-10-30,0,-0.00506331056122189,0.45395256440004794,0.4782370654256775,histgb_leaves7,0.5,2024-10-28,0.2477517103665268,0.0,-0.0
2024-10-31,0,-0.007412901321818377,0.4536955232682809,0.4782370654256775,histgb_leaves7,0.5,2024-10-28,0.2477517103665268,0.0,-0.0
2024-11-01,0,-0.00023594551231631566,0.5296624818112734,0.4782370654256775,histgb_leaves7,0.5,2024-10-28,0.2477517103665268,0.0,-0.0
2024-11-04,1,0.015664720836079393,0.44426561430720546,0.4782370654256775,histgb_leaves7,0.5,2024-10-28,0.2477517103665268,0.0,0.0
2024-11-05,1,0.0025834163346614147,0.5056409471467612,0.4782370654256775,histgb_leaves7,0.5,2024-10-28,0.2477517103665268,0.0,0.0
2024-11-06,0,-0.010953354681893512,0.41306911147136427,0.4782370654256775,histgb_leaves7,0.5,2024-10-28,0.2477517103665268,-1.0,0.009953354681893511
2024-11-07,1,0.002893756134567438,0.4539080729617857,0.4782370654256775,histgb_leaves7,0.5,2024-10-28,0.2477517103665268,0.0,0.0
2024-11-08,0,-0.009877450032860335,0.49022806925054885,0.4782370654256775,histgb_leaves7,0.5,2024-10-28,0.2477517103665268,0.0,-0.0
2024-11-11,0,-0.011861595206963282,0.4752186376678757,0.4782370654256775,histgb_leaves7,0.5,2024-10-28,0.2477517103665268,0.0,-0.0
2024-11-12,0,-0.017947419638124296,0.47868856391242126,0.4782370654256775,histgb_leaves7,0.5,2024-10-28,0.2477517103665268,0.0,-0.0
2024-11-13,0,-0.020739222208267405,0.4731563939867034,0.4782370654256775,histgb_leaves7,0.5,2024-10-28,0.2477517103665268,0.0,-0.0
2024-11-14,0,-0.004690856122390286,0.4850474686717345,0.4782370654256775,histgb_leaves7,0.5,2024-10-28,0.2477517103665268,0.0,-0.0
2024-11-15,1,0.0015789146515821084,0.5046245258266993,0.4782370654256775,histgb_leaves7,0.5,2024-10-28,0.2477517103665268,0.0,0.0
2024-11-18,1,0.011785387922026436,0.5092466669067693,0.4782370654256775,histgb_leaves7,0.5,2024-10-28,0.2477517103665268,0.0,0.0
2024-11-19,1,0.0011421026839411041,0.49906358542058915,0.4782370654256775,histgb_leaves7,0.5,2024-10-28,0.2477517103665268,0.0,0.0
2024-11-20,1,0.0026375739166961676,0.46192065149815675,0.4782370654256775,histgb_leaves7,0.5,2024-10-28,0.2477517103665268,0.0,0.0
2024-11-21,1,0.0024286557127963793,0.4310120451802262,0.4782370654256775,histgb_leaves7,0.5,2024-10-28,0.2477517103665268,0.0,0.0
2024-11-22,1,0.0031362546221653798,0.4556092244699031,0.4782370654256775,histgb_leaves7,0.5,2024-10-28,0.2477517103665268,0.0,0.0
2024-11-25,1,0.004052913700274496,0.4924351949260738,0.4782370654256775,histgb_leaves7,0.5,2024-10-28,0.2477517103665268,0.0,0.0
2024-11-26,0,-0.0004085048326517571,0.502684736856945,0.4782370654256775,histgb_leaves7,0.5,2024-10-28,0.2477517103665268,0.0,-0.0
2024-11-27,0,-0.006256898071319239,0.4804174659799621,0.4782370654256775,histgb_leaves7,0.5,2024-10-28,0.2477517103665268,0.0,-0.0
2024-11-28,1,0.0019922470386328772,0.4755261151331454,0.4782370654256775,histgb_leaves7,0.5,2024-10-28,0.2477517103665268,0.0,0.0
2024-11-29,0,-0.01642817379742323,0.5111578379798688,0.4782370654256775,histgb_leaves7,0.5,2024-10-28,0.2477517103665268,0.0,-0.0
2024-12-02,0,-0.009899073020790405,0.4422250652478541,0.4782370654256775,histgb_leaves7,0.5,2024-10-28,0.2477517103665268,0.0,-0.0
2024-12-03,1,0.011342766761324619,0.5031854855600152,0.4782370654256775,histgb_leaves7,0.5,2024-10-28,0.2477517103665268,0.0,0.0
2024-12-04,1,0.005402405784328046,0.5071211175057254,0.4782370654256775,histgb_leaves7,0.5,2024-10-28,0.2477517103665268,0.0,0.0
2024-12-05,0,-0.011976774767848752,0.4475629104767876,0.4782370654256775,histgb_leaves7,0.5,2024-10-28,0.2477517103665268,0.0,-0.0
2024-12-06,0,-0.009561102953173473,0.5154036699701904,0.4782370654256775,histgb_leaves7,0.5,2024-10-28,0.2477517103665268,0.0,-0.0
2024-12-09,0,-0.013288078349084742,0.48653686498393545,0.4782370654256775,histgb_leaves7,0.5,2024-10-28,0.2477517103665268,0.0,-0.0
2024-12-10,1,0.013977714498995653,0.4737918853593012,0.4782370654256775,histgb_leaves7,0.5,2024-10-28,0.2477517103665268,0.0,0.0
2024-12-11,1,0.01258628194764011,0.48946149487210977,0.4782370654256775,histgb_leaves7,0.5,2024-10-28,0.2477517103665268,0.0,0.0
2024-12-12,1,0.010376002898279335,0.4522895407142786,0.4782370654256775,histgb_leaves7,0.5,2024-10-28,0.2477517103665268,0.0,0.0
2024-12-13,1,0.008371905002526603,0.48041418833997646,0.4782370654256775,histgb_leaves7,0.5,2024-10-28,0.2477517103665268,0.0,0.0
2024-12-16,0,-0.008804976344839677,0.42914647004740814,0.4782370654256775,histgb_leaves7,0.5,2024-10-28,0.2477517103665268,-1.0,0.007804976344839677
2024-12-17,0,-0.012262243146210161,0.4451589613953587,0.4782370654256775,histgb_leaves7,0.5,2024-10-28,0.2477517103665268,0.0,-0.0
2024-12-18,1,0.008676199524169093,0.5094613106564508,0.4782370654256775,histgb_leaves7,0.5,2024-10-28,0.2477517103665268,0.0,0.0
2024-12-19,1,0.0038655704601180396,0.4848278945908502,0.4782370654256775,histgb_leaves7,0.5,2024-10-28,0.2477517103665268,0.0,0.0
2024-12-20,0,-0.010487193523293636,0.43086546880595245,0.4782370654256775,histgb_leaves7,0.5,2024-10-28,0.2477517103665268,0.0,-0.0
2024-12-23,1,0.0076959263171794134,0.4426783347025165,0.4782370654256775,histgb_leaves7,0.5,2024-10-28,0.2477517103665268,0.0,0.0
2024-12-24,0,-0.004092958723551976,0.49064245461735145,0.4782370654256775,histgb_leaves7,0.5,2024-10-28,0.2477517103665268,0.0,-0.0
2024-12-26,0,-0.008103628465985113,0.47349062715121293,0.4782370654256775,histgb_leaves7,0.5,2024-10-28,0.2477517103665268,0.0,-0.0
2024-12-27,0,-0.006071602754333605,0.4788898592531351,0.4782370654256775,histgb_leaves7,0.5,2024-10-28,0.2477517103665268,0.0,-0.0
2024-12-30,1,0.0008342057735382102,0.4855458596186549,0.4782370654256775,histgb_leaves7,0.5,2024-10-28,0.2477517103665268,0.0,0.0
2025-01-02,0,-0.0008038752618841905,0.5195460241170101,0.4782370654256775,histgb_leaves7,0.5,2024-10-28,0.2477517103665268,0.0,-0.0
2025-01-03,1,0.0163740645472783,0.4814008686743586,0.4782370654256775,histgb_leaves7,0.5,2024-10-28,0.2477517103665268,0.0,0.0
2025-01-06,1,0.014405087025638919,0.4391300517944505,0.4782370654256775,histgb_leaves7,0.5,2024-10-28,0.2477517103665268,0.0,0.0
2025-01-07,0,-0.008510079610422161,0.4673052247421535,0.4782370654256775,histgb_leaves7,0.5,2024-10-28,0.2477517103665268,0.0,-0.0
2025-01-08,1,0.016040302267002593,0.5270178070787684,0.4782370654256775,histgb_leaves7,0.5,2024-10-28,0.2477517103665268,0.0,0.0
2025-01-09,0,-0.0016626420173389,0.4518555033772742,0.4782370654256775,histgb_leaves7,0.5,2024-10-28,0.2477517103665268,0.0,-0.0
2025-01-10,0,-0.004999169441785689,0.47532246364826647,0.4782370654256775,histgb_leaves7,0.5,2024-10-28,0.2477517103665268,0.0,-0.0
2025-01-13,0,-0.007411837410043365,0.4764945934054756,0.4782370654256775,histgb_leaves7,0.5,2024-10-28,0.2477517103665268,0.0,-0.0
2025-01-14,0,-0.0016350255247871148,0.45579332112552073,0.4782370654256775,histgb_leaves7,0.5,2024-10-28,0.2477517103665268,0.0,-0.0
2025-01-15,0,-0.0056788540343361005,0.4868148495270397,0.4782370654256775,histgb_leaves7,0.5,2024-10-28,0.2477517103665268,0.0,-0.0
2025-01-16,0,-0.00030851135361342763,0.4666118274260265,0.4782370654256775,histgb_leaves7,0.5,2024-10-28,0.2477517103665268,0.0,-0.0
2025-01-17,1,0.001071067298728634,0.5370687294953687,0.4782370654256775,histgb_leaves7,0.5,2024-10-28,0.2477517103665268,0.0,0.0
2025-01-20,0,-0.005379527012092988,0.45057553169237663,0.4782370654256775,histgb_leaves7,0.5,2024-10-28,0.2477517103665268,0.0,-0.0
2025-01-21,0,-0.006000244746825145,0.44798129723233804,0.4782370654256775,histgb_leaves7,0.5,2024-10-28,0.2477517103665268,0.0,-0.0
2025-01-22,1,0.004440413281804556,0.48031915211119214,0.4782370654256775,histgb_leaves7,0.5,2024-10-28,0.2477517103665268,0.0,0.0
2025-01-23,0,-0.01013284853063856,0.4767994672515673,0.4782370654256775,histgb_leaves7,0.5,2024-10-28,0.2477517103665268,0.0,-0.0
2025-01-24,1,0.0029692127039604443,0.47720249300199824,0.4782370654256775,histgb_leaves7,0.5,2024-10-28,0.2477517103665268,0.0,0.0
2025-01-31,0,-0.006692104027494428,0.4462382615303388,0.4782370654256775,histgb_leaves7,0.5,2024-10-28,0.2477517103665268,0.0,-0.0
2025-02-03,0,-0.00599091034292798,0.4308420865175952,0.4782370654256775,histgb_leaves7,0.5,2024-10-28,0.2477517103665268,0.0,-0.0
2025-02-04,1,0.00010074795280168303,0.5170564819202438,0.4782370654256775,histgb_leaves7,0.5,2024-10-28,0.2477517103665268,0.0,0.0
2025-02-05,1,0.0021286452550779433,0.4769931999752509,0.4776641550053821,logistic_C0.1,0.25,2025-02-03,0.24810292907839326,0.0,0.0
2025-02-06,1,0.005920327382604507,0.4772655655773813,0.4776641550053821,logistic_C0.1,0.25,2025-02-03,0.24810292907839326,0.0,0.0
2025-02-07,0,-0.004016444913095496,0.442416901079433,0.4776641550053821,logistic_C0.1,0.25,2025-02-03,0.24810292907839326,0.0,-0.0
2025-02-10,1,0.00423398018035237,0.45354736539733453,0.4776641550053821,logistic_C0.1,0.25,2025-02-03,0.24810292907839326,0.0,0.0
2025-02-11,1,0.0024399199327247434,0.43627373828216737,0.4776641550053821,logistic_C0.1,0.25,2025-02-03,0.24810292907839326,0.0,0.0
2025-02-12,1,0.0053970671201044595,0.4684306715818857,0.4776641550053821,logistic_C0.1,0.25,2025-02-03,0.24810292907839326,0.0,0.0
2025-02-13,1,0.009464819554895643,0.42680276554252383,0.4776641550053821,logistic_C0.1,0.25,2025-02-03,0.24810292907839326,-1.0,-0.010464819554895644
2025-02-14,1,0.0011011513793370842,0.4423647778305133,0.4776641550053821,logistic_C0.1,0.25,2025-02-03,0.24810292907839326,0.0,0.0
2025-02-17,1,0.0055585730299423375,0.45420557223656227,0.4776641550053821,logistic_C0.1,0.25,2025-02-03,0.24810292907839326,0.0,0.0
2025-02-18,1,0.005188940973883005,0.4608101404457332,0.4776641550053821,logistic_C0.1,0.25,2025-02-03,0.24810292907839326,0.0,0.0
2025-02-19,1,0.014279151527576861,0.4507671375963207,0.4776641550053821,logistic_C0.1,0.25,2025-02-03,0.24810292907839326,0.0,0.0
2025-02-20,0,-0.002877838390213827,0.4512877585883498,0.4776641550053821,logistic_C0.1,0.25,2025-02-03,0.24810292907839326,0.0,-0.0
2025-02-21,1,0.0003089955384056875,0.45417073797488194,0.4776641550053821,logistic_C0.1,0.25,2025-02-03,0.24810292907839326,0.0,0.0
2025-02-24,1,0.00347101042441178,0.4677137279313866,0.4776641550053821,logistic_C0.1,0.25,2025-02-03,0.24810292907839326,0.0,0.0
2025-02-25,1,0.004832597301386077,0.4561713209887195,0.4776641550053821,logistic_C0.1,0.25,2025-02-03,0.24810292907839326,0.0,0.0
2025-02-26,1,0.004270189287642667,0.44855075573151565,0.4776641550053821,logistic_C0.1,0.25,2025-02-03,0.24810292907839326,0.0,0.0
2025-02-27,0,-0.006020556332768434,0.44379703646022156,0.4776641550053821,logistic_C0.1,0.25,2025-02-03,0.24810292907839326,0.0,-0.0
2025-02-28,0,-0.02043231577848159,0.44751461121492414,0.4776641550053821,logistic_C0.1,0.25,2025-02-03,0.24810292907839326,0.0,-0.0
2025-03-04,1,0.0026643406549837767,0.4675527983193273,0.4776641550053821,logistic_C0.1,0.25,2025-02-03,0.24810292907839326,0.0,0.0
2025-03-05,1,0.003798387254998259,0.46085231149864303,0.4776641550053821,logistic_C0.1,0.25,2025-02-03,0.24810292907839326,0.0,0.0
2025-03-06,1,0.0010141633152647156,0.43092641833107925,0.4776641550053821,logistic_C0.1,0.25,2025-02-03,0.24810292907839326,0.0,0.0
2025-03-07,1,0.003931950623472735,0.46891303093280345,0.4776641550053821,logistic_C0.1,0.25,2025-02-03,0.24810292907839326,0.0,0.0
2025-03-10,1,0.005866009235344638,0.4238184105584678,0.4776641550053821,logistic_C0.1,0.25,2025-02-03,0.24810292907839326,-1.0,-0.006866009235344638
2025-03-11,1,0.008308532238773925,0.48692615110818294,0.4776641550053821,logistic_C0.1,0.25,2025-02-03,0.24810292907839326,0.0,0.0
2025-03-12,1,0.00870484995690668,0.4135622142207791,0.4776641550053821,logistic_C0.1,0.25,2025-02-03,0.24810292907839326,-1.0,-0.00970484995690668
2025-03-13,0,-0.009399321031846819,0.4254650706698456,0.4776641550053821,logistic_C0.1,0.25,2025-02-03,0.24810292907839326,-1.0,0.008399321031846818
2025-03-14,1,0.0004600067051825363,0.47644050531012155,0.4776641550053821,logistic_C0.1,0.25,2025-02-03,0.24810292907839326,0.0,0.0
2025-03-17,1,0.008642671694380821,0.41950012614305626,0.4776641550053821,logistic_C0.1,0.25,2025-02-03,0.24810292907839326,-1.0,-0.009642671694380822
2025-03-18,0,-0.005682704860939247,0.48101856556821887,0.4776641550053821,logistic_C0.1,0.25,2025-02-03,0.24810292907839326,0.0,-0.0
2025-03-19,1,0.0057930422272218784,0.46706402601195257,0.4776641550053821,logistic_C0.1,0.25,2025-02-03,0.24810292907839326,0.0,0.0
2025-03-20,0,-0.004176484804543468,0.4303830030887431,0.4776641550053821,logistic_C0.1,0.25,2025-02-03,0.24810292907839326,0.0,-0.0
2025-03-21,1,0.0035043091992861264,0.4603761249617443,0.4776641550053821,logistic_C0.1,0.25,2025-02-03,0.24810292907839326,0.0,0.0
2025-03-24,0,-0.0016537514745317283,0.4152406741114401,0.4776641550053821,logistic_C0.1,0.25,2025-02-03,0.24810292907839326,-1.0,0.0006537514745317283
2025-03-25,0,-0.014032958417513508,0.4279634771771762,0.4776641550053821,logistic_C0.1,0.25,2025-02-03,0.24810292907839326,-1.0,0.013032958417513507
2025-03-26,1,0.006030995894356739,0.45026894677025187,0.4776641550053821,logistic_C0.1,0.25,2025-02-03,0.24810292907839326,0.0,0.0
2025-03-27,0,-0.005010914864060356,0.4648698851940489,0.4776641550053821,logistic_C0.1,0.25,2025-02-03,0.24810292907839326,0.0,-0.0
2025-03-28,0,-0.013364807164925274,0.42665447715553284,0.4776641550053821,logistic_C0.1,0.25,2025-02-03,0.24810292907839326,-1.0,0.012364807164925273
2025-03-31,0,-0.012858870711057402,0.4512802479871136,0.4776641550053821,logistic_C0.1,0.25,2025-02-03,0.24810292907839326,0.0,-0.0
2025-04-01,1,0.004041827941574816,0.44497854476195314,0.4776641550053821,logistic_C0.1,0.25,2025-02-03,0.24810292907839326,0.0,0.0
2025-04-02,0,-0.007823821477498494,0.45524095297164324,0.4776641550053821,logistic_C0.1,0.25,2025-02-03,0.24810292907839326,0.0,-0.0
2025-04-03,1,0.020213913835474218,0.4382598576935584,0.4776641550053821,logistic_C0.1,0.25,2025-02-03,0.24810292907839326,0.0,0.0
2025-04-04,1,0.00609265901921674,0.46038748876270363,0.4776641550053821,logistic_C0.1,0.25,2025-02-03,0.24810292907839326,0.0,0.0
2025-04-07,0,-0.013160962170181256,0.4674081748333528,0.4776641550053821,logistic_C0.1,0.25,2025-02-03,0.24810292907839326,0.0,-0.0
2025-04-08,0,-0.0197253485637493,0.39975887865102466,0.4776641550053821,logistic_C0.1,0.25,2025-02-03,0.24810292907839326,-1.0,0.0187253485637493
2025-04-09,0,-0.0155751741423783,0.4872469910894757,0.4776641550053821,logistic_C0.1,0.25,2025-02-03,0.24810292907839326,0.0,-0.0
2025-04-10,1,0.020846467623886644,0.3744609834458295,0.4776641550053821,logistic_C0.1,0.25,2025-02-03,0.24810292907839326,-1.0,-0.021846467623886645
2025-04-11,1,0.013320892724743238,0.5066792131365454,0.4776641550053821,logistic_C0.1,0.25,2025-02-03,0.24810292907839326,0.0,0.0
2025-04-14,1,0.0006559968707726682,0.40022978172306173,0.4776641550053821,logistic_C0.1,0.25,2025-02-03,0.24810292907839326,-1.0,-0.0016559968707726682
2025-04-15,1,0.005234306210970763,0.4229003528710054,0.4776641550053821,logistic_C0.1,0.25,2025-02-03,0.24810292907839326,-1.0,-0.006234306210970763
2025-04-16,0,-0.010251619634581433,0.4404991057569252,0.4776641550053821,logistic_C0.1,0.25,2025-02-03,0.24810292907839326,0.0,-0.0
2025-04-17,1,0.007631439409389484,0.4007164805314946,0.4776641550053821,logistic_C0.1,0.25,2025-02-03,0.24810292907839326,-1.0,-0.008631439409389485
2025-04-18,1,0.00409169934904785,0.40483211962807647,0.4776641550053821,logistic_C0.1,0.25,2025-02-03,0.24810292907839326,-1.0,-0.00509169934904785
2025-04-21,1,0.0008204699201248555,0.41059424407688117,0.4776641550053821,logistic_C0.1,0.25,2025-02-03,0.24810292907839326,-1.0,-0.0018204699201248556
2025-04-22,1,0.002200565859792558,0.3889452495486362,0.4776641550053821,logistic_C0.1,0.25,2025-02-03,0.24810292907839326,-1.0,-0.003200565859792558
2025-04-23,1,0.001983686164979126,0.39815905288027054,0.4776641550053821,logistic_C0.1,0.25,2025-02-03,0.24810292907839326,-1.0,-0.002983686164979126
2025-04-24,0,-0.0011919187119359131,0.385726098358282,0.4776641550053821,logistic_C0.1,0.25,2025-02-03,0.24810292907839326,-1.0,0.00019191871193591312
2025-04-25,1,0.0006720139590268293,0.42009254176521277,0.4776641550053821,logistic_C0.1,0.25,2025-02-03,0.24810292907839326,-1.0,-0.0016720139590268293
2025-04-28,0,-0.0009289636763443188,0.4264338386336901,0.4776641550053821,logistic_C0.1,0.25,2025-02-03,0.24810292907839326,-1.0,-7.103632365568126e-05
2025-04-29,1,0.005948436427801296,0.46295062033957424,0.4776641550053821,logistic_C0.1,0.25,2025-02-03,0.24810292907839326,0.0,0.0
2025-04-30,0,-0.0017297660325492625,0.44734899791373356,0.4776641550053821,logistic_C0.1,0.25,2025-02-03,0.24810292907839326,0.0,-0.0
2025-05-02,1,0.0012790825027773067,0.400407137792994,0.4776641550053821,logistic_C0.1,0.25,2025-02-03,0.24810292907839326,-1.0,-0.0022790825027773067
2025-05-07,0,-0.0012572563871727782,0.43248745929153865,0.4776641550053821,logistic_C0.1,0.25,2025-02-03,0.24810292907839326,0.0,-0.0
2025-05-08,0,-0.0006934570967004339,0.43259121874596024,0.4776641550053821,logistic_C0.1,0.25,2025-02-03,0.24810292907839326,0.0,-0.0
2025-05-09,0,-0.004119122232826955,0.4613662721251938,0.48081503043133106,logistic_C0.1,0.25,2025-05-07,0.2479715289482787,0.0,-0.0
2025-05-12,1,0.00516203150419825,0.46629062177772806,0.48081503043133106,logistic_C0.1,0.25,2025-05-07,0.2479715289482787,0.0,0.0
2025-05-13,1,0.0025598056700080196,0.47414514020987847,0.48081503043133106,logistic_C0.1,0.25,2025-05-07,0.2479715289482787,0.0,0.0
2025-05-14,1,0.005793491178352594,0.4910195088836732,0.48081503043133106,logistic_C0.1,0.25,2025-05-07,0.2479715289482787,0.0,0.0
2025-05-15,0,-0.004987663693300393,0.509544193302384,0.48081503043133106,logistic_C0.1,0.25,2025-05-07,0.2479715289482787,0.0,-0.0
2025-05-16,0,-0.0014331113341240487,0.5092175543395419,0.48081503043133106,logistic_C0.1,0.25,2025-05-07,0.2479715289482787,0.0,-0.0
2025-05-19,0,-0.003933121628342917,0.49693408618672297,0.48081503043133106,logistic_C0.1,0.25,2025-05-07,0.2479715289482787,0.0,-0.0
2025-05-20,0,-0.007961322006497018,0.495514059941461,0.48081503043133106,logistic_C0.1,0.25,2025-05-07,0.2479715289482787,0.0,-0.0
2025-05-21,1,0.0037004472648036746,0.4941776932314799,0.48081503043133106,logistic_C0.1,0.25,2025-05-07,0.2479715289482787,0.0,0.0
2025-05-22,0,-0.008027812411556257,0.48736027246126923,0.48081503043133106,logistic_C0.1,0.25,2025-05-07,0.2479715289482787,0.0,-0.0
2025-05-23,0,-0.004409330265750522,0.4596397562674458,0.48081503043133106,logistic_C0.1,0.25,2025-05-07,0.2479715289482787,0.0,-0.0
2025-05-26,1,0.017683619080605784,0.47556051393954335,0.48081503043133106,logistic_C0.1,0.25,2025-05-07,0.2479715289482787,0.0,0.0
2025-05-27,1,0.0026346904713927533,0.4954384389205019,0.48081503043133106,logistic_C0.1,0.25,2025-05-07,0.2479715289482787,0.0,0.0
2025-05-28,1,0.008037419871189888,0.43406128400048816,0.48081503043133106,logistic_C0.1,0.25,2025-05-07,0.2479715289482787,0.0,0.0
2025-05-29,1,0.01099195112706508,0.47790543184569517,0.48081503043133106,logistic_C0.1,0.25,2025-05-07,0.2479715289482787,0.0,0.0
2025-05-30,0,-0.005738526632365626,0.4731240619496321,0.48081503043133106,logistic_C0.1,0.25,2025-05-07,0.2479715289482787,0.0,-0.0
2025-06-02,1,0.0022503537065849955,0.4534733642230831,0.48081503043133106,logistic_C0.1,0.25,2025-05-07,0.2479715289482787,0.0,0.0
2025-06-04,1,0.012023726040205629,0.4792768498964135,0.48081503043133106,logistic_C0.1,0.25,2025-05-07,0.2479715289482787,0.0,0.0
2025-06-05,1,0.007784025545365614,0.4884890096532596,0.48081503043133106,logistic_C0.1,0.25,2025-05-07,0.2479715289482787,0.0,0.0
2025-06-09,1,0.005000774222610138,0.44732521802965275,0.48081503043133106,logistic_C0.1,0.25,2025-05-07,0.2479715289482787,0.0,0.0
2025-06-10,0,-0.0002680479840703187,0.48707900542495597,0.48081503043133106,logistic_C0.1,0.25,2025-05-07,0.2479715289482787,0.0,-0.0
2025-06-11,1,0.006829862987129953,0.46540564679657925,0.48081503043133106,logistic_C0.1,0.25,2025-05-07,0.2479715289482787,0.0,0.0
2025-06-12,1,0.003450183677607299,0.4756168578960094,0.48081503043133106,logistic_C0.1,0.25,2025-05-07,0.2479715289482787,0.0,0.0
2025-06-13,0,-0.012267238114087142,0.46001182260241313,0.48081503043133106,logistic_C0.1,0.25,2025-05-07,0.2479715289482787,0.0,-0.0
2025-06-16,1,0.014864818322714024,0.455010039022111,0.48081503043133106,logistic_C0.1,0.25,2025-05-07,0.2479715289482787,0.0,0.0
2025-06-17,0,-0.0032534553181999826,0.4674860580790998,0.48081503043133106,logistic_C0.1,0.25,2025-05-07,0.2479715289482787,0.0,-0.0
2025-06-18,1,0.013144125196429046,0.48223208304131443,0.48081503043133106,logistic_C0.1,0.25,2025-05-07,0.2479715289482787,0.0,0.0
2025-06-19,0,-0.0039537590816040025,0.437753983209636,0.48081503043133106,logistic_C0.1,0.25,2025-05-07,0.2479715289482787,0.0,-0.0
2025-06-20,1,0.0118264736214726,0.4648781327985757,0.48081503043133106,logistic_C0.1,0.25,2025-05-07,0.2479715289482787,0.0,0.0
2025-06-23,1,0.007442684312545911,0.44718161099442283,0.48081503043133106,logistic_C0.1,0.25,2025-05-07,0.2479715289482787,0.0,0.0
2025-06-24,1,0.013883716523909406,0.4499964235779024,0.48081503043133106,logistic_C0.1,0.25,2025-05-07,0.2479715289482787,0.0,0.0
2025-06-25,0,-0.006247222479770054,0.4667970388813261,0.48081503043133106,logistic_C0.1,0.25,2025-05-07,0.2479715289482787,0.0,-0.0
2025-06-26,0,-0.009258961374881802,0.45452848948779273,0.48081503043133106,logistic_C0.1,0.25,2025-05-07,0.2479715289482787,0.0,-0.0
2025-06-27,0,-0.00712505726362711,0.4542085759388381,0.48081503043133106,logistic_C0.1,0.25,2025-05-07,0.2479715289482787,0.0,-0.0
2025-06-30,0,-0.000341713448865133,0.44509375613481816,0.48081503043133106,logistic_C0.1,0.25,2025-05-07,0.2479715289482787,0.0,-0.0
2025-07-01,1,3.236623037139452e-06,0.4680381276684018,0.48081503043133106,logistic_C0.1,0.25,2025-05-07,0.2479715289482787,0.0,0.0
2025-07-02,0,-0.002840632721754277,0.4660259636376174,0.48081503043133106,logistic_C0.1,0.25,2025-05-07,0.2479715289482787,0.0,-0.0
2025-07-03,1,0.005141388174807249,0.44279683242296136,0.48081503043133106,logistic_C0.1,0.25,2025-05-07,0.2479715289482787,0.0,0.0
2025-07-04,0,-0.021778956403653793,0.43817174749218507,0.48081503043133106,logistic_C0.1,0.25,2025-05-07,0.2479715289482787,0.0,-0.0
2025-07-07,1,0.004824650713680434,0.43945222918472104,0.48081503043133106,logistic_C0.1,0.25,2025-05-07,0.2479715289482787,0.0,0.0
2025-07-08,1,0.014066945770149886,0.4371855482425276,0.48081503043133106,logistic_C0.1,0.25,2025-05-07,0.2479715289482787,0.0,0.0
2025-07-09,1,0.0033683185942712246,0.4595237033168018,0.48081503043133106,logistic_C0.1,0.25,2025-05-07,0.2479715289482787,0.0,0.0
2025-07-10,1,0.012432652490029117,0.44199976521303463,0.48081503043133106,logistic_C0.1,0.25,2025-05-07,0.2479715289482787,0.0,0.0
2025-07-11,0,-0.003320413639430697,0.4476910385980587,0.48081503043133106,logistic_C0.1,0.25,2025-05-07,0.2479715289482787,0.0,-0.0
2025-07-14,1,0.008326011859213667,0.42586364461630605,0.48081503043133106,logistic_C0.1,0.25,2025-05-07,0.2479715289482787,-1.0,-0.009326011859213668
2025-07-15,1,0.006404116663849546,0.43391703689377936,0.48081503043133106,logistic_C0.1,0.25,2025-05-07,0.2479715289482787,0.0,0.0
2025-07-16,0,-0.006578373052988584,0.43363905869941394,0.48081503043133106,logistic_C0.1,0.25,2025-05-07,0.2479715289482787,0.0,-0.0
2025-07-17,0,-0.0028518594873525593,0.4273487420622859,0.48081503043133106,logistic_C0.1,0.25,2025-05-07,0.2479715289482787,-1.0,0.0018518594873525593
2025-07-18,0,-0.003865093549636933,0.45431362520908664,0.48081503043133106,logistic_C0.1,0.25,2025-05-07,0.2479715289482787,0.0,-0.0
2025-07-21,1,0.006173400478203472,0.4433511976867997,0.48081503043133106,logistic_C0.1,0.25,2025-05-07,0.2479715289482787,0.0,0.0
2025-07-22,0,-0.012516666043636993,0.4434238942194131,0.48081503043133106,logistic_C0.1,0.25,2025-05-07,0.2479715289482787,0.0,-0.0
2025-07-23,0,-0.0018434624488580242,0.45492345324404004,0.48081503043133106,logistic_C0.1,0.25,2025-05-07,0.2479715289482787,0.0,-0.0
2025-07-24,0,-0.005913822703719984,0.4361464040233385,0.48081503043133106,logistic_C0.1,0.25,2025-05-07,0.2479715289482787,0.0,-0.0
2025-07-25,1,0.0036679154746466214,0.448286694742229,0.48081503043133106,logistic_C0.1,0.25,2025-05-07,0.2479715289482787,0.0,0.0
2025-07-28,0,-0.0059127612192244605,0.4251020708640546,0.48081503043133106,logistic_C0.1,0.25,2025-05-07,0.2479715289482787,-1.0,0.0049127612192244605
2025-07-29,1,0.012029434522597526,0.45939423691218284,0.48081503043133106,logistic_C0.1,0.25,2025-05-07,0.2479715289482787,0.0,0.0
2025-07-30,1,0.006544377124370948,0.46024898742992654,0.48081503043133106,logistic_C0.1,0.25,2025-05-07,0.2479715289482787,0.0,0.0
2025-07-31,0,-0.00926191624590178,0.4472631199691882,0.48081503043133106,logistic_C0.1,0.25,2025-05-07,0.2479715289482787,0.0,-0.0
2025-08-01,0,-0.02831804929103654,0.44952550118416446,0.48081503043133106,logistic_C0.1,0.25,2025-05-07,0.2479715289482787,0.0,-0.0
2025-08-04,1,0.010750512961303915,0.47816444742988407,0.48081503043133106,logistic_C0.1,0.25,2025-05-07,0.2479715289482787,0.0,0.0
2025-08-05,1,0.003404295373609534,0.4631448036110074,0.48081503043133106,logistic_C0.1,0.25,2025-05-07,0.2479715289482787,0.0,0.0
2025-08-06,1,0.00505333023261656,0.47028401745911874,0.48081503043133106,logistic_C0.1,0.25,2025-05-07,0.2479715289482787,0.0,0.0
2025-08-07,1,0.004003347009621017,0.42225457238526215,0.48081503043133106,logistic_C0.1,0.25,2025-05-07,0.2479715289482787,-1.0,-0.005003347009621017
2025-08-08,0,-0.0032820175247936234,0.47463804923397285,0.48178032274856847,logistic_C0.1,0.25,2025-08-06,0.24765443575313495,0.0,-0.0
2025-08-11,0,-0.004331329640577253,0.4439622485716292,0.48178032274856847,logistic_C0.1,0.25,2025-08-06,0.24765443575313495,0.0,-0.0
2025-08-12,0,-0.006181166757535661,0.47525222289343066,0.48178032274856847,logistic_C0.1,0.25,2025-08-06,0.24765443575313495,0.0,-0.0
2025-08-13,0,-0.00031934023686985835,0.46758859148590115,0.48178032274856847,logistic_C0.1,0.25,2025-08-06,0.24765443575313495,0.0,-0.0
2025-08-14,0,-0.0002665410411217817,0.495208979236583,0.48178032274856847,logistic_C0.1,0.25,2025-08-06,0.24765443575313495,0.0,-0.0
2025-08-18,0,-0.007915369555646423,0.4863813626048878,0.48178032274856847,logistic_C0.1,0.25,2025-08-06,0.24765443575313495,0.0,-0.0
2025-08-19,0,-0.010511641926004067,0.4739650124725128,0.48178032274856847,logistic_C0.1,0.25,2025-08-06,0.24765443575313495,0.0,-0.0
2025-08-20,1,0.0027454573412952765,0.497677415827127,0.48178032274856847,logistic_C0.1,0.25,2025-08-06,0.24765443575313495,0.0,0.0
2025-08-21,1,0.0003279513231084774,0.4763934322036781,0.48178032274856847,logistic_C0.1,0.25,2025-08-06,0.24765443575313495,0.0,0.0
2025-08-22,1,0.0010488372754240416,0.4693389350636851,0.48178032274856847,logistic_C0.1,0.25,2025-08-06,0.24765443575313495,0.0,0.0
2025-08-25,1,0.004606996876506342,0.47870085152261477,0.48178032274856847,logistic_C0.1,0.25,2025-08-06,0.24765443575313495,0.0,0.0
2025-08-26,0,-0.006425160629015658,0.49242660982059816,0.48178032274856847,logistic_C0.1,0.25,2025-08-06,0.24765443575313495,0.0,-0.0
2025-08-27,1,0.0004049129437171395,0.4823806030874106,0.48178032274856847,logistic_C0.1,0.25,2025-08-06,0.24765443575313495,0.0,0.0
2025-08-28,1,0.006610336563443786,0.47778551271955416,0.48178032274856847,logistic_C0.1,0.25,2025-08-06,0.24765443575313495,0.0,0.0
2025-08-29,0,-0.007102343555223101,0.4678237143057653,0.48178032274856847,logistic_C0.1,0.25,2025-08-06,0.24765443575313495,0.0,-0.0
2025-09-01,0,-0.0068413501949705635,0.4791219633390683,0.48178032274856847,logistic_C0.1,0.25,2025-08-06,0.24765443575313495,0.0,-0.0
2025-09-02,1,0.005266610261334126,0.5085398969481185,0.48178032274856847,logistic_C0.1,0.25,2025-08-06,0.24765443575313495,0.0,0.0
2025-09-03,1,0.0020989693965856038,0.500389726774736,0.48178032274856847,logistic_C0.1,0.25,2025-08-06,0.24765443575313495,0.0,0.0
2025-09-04,1,0.0037599879580034745,0.46451915232595686,0.48178032274856847,logistic_C0.1,0.25,2025-08-06,0.24765443575313495,0.0,0.0
2025-09-05,0,-0.00115618465297318,0.4621367582141601,0.48178032274856847,logistic_C0.1,0.25,2025-08-06,0.24765443575313495,0.0,-0.0
2025-09-08,1,0.0030469093186200613,0.4767147127686576,0.48178032274856847,logistic_C0.1,0.25,2025-08-06,0.24765443575313495,0.0,0.0
2025-09-09,1,0.00889422556176922,0.4967358656334513,0.48178032274856847,logistic_C0.1,0.25,2025-08-06,0.24765443575313495,0.0,0.0
2025-09-10,1,0.012936250840413388,0.4818641215523837,0.48178032274856847,logistic_C0.1,0.25,2025-08-06,0.24765443575313495,0.0,0.0
2025-09-11,1,0.0022777677875680524,0.4959022972897804,0.48178032274856847,logistic_C0.1,0.25,2025-08-06,0.24765443575313495,0.0,0.0
2025-09-12,1,0.006190271583719653,0.4833622187491441,0.48178032274856847,logistic_C0.1,0.25,2025-08-06,0.24765443575313495,0.0,0.0
2025-09-15,0,-0.00013791970138921084,0.4796529989085616,0.48178032274856847,logistic_C0.1,0.25,2025-08-06,0.24765443575313495,0.0,-0.0
2025-09-16,1,0.008327657820661472,0.4792275314169206,0.48178032274856847,logistic_C0.1,0.25,2025-08-06,0.24765443575313495,0.0,0.0
2025-09-17,0,-0.005949624763019634,0.49198171368042065,0.48178032274856847,logistic_C0.1,0.25,2025-08-06,0.24765443575313495,0.0,-0.0
2025-09-18,1,0.00831107239925788,0.471203521635687,0.48178032274856847,logistic_C0.1,0.25,2025-08-06,0.24765443575313495,0.0,0.0
2025-09-19,0,-0.004619745003943798,0.47687706529725427,0.48178032274856847,logistic_C0.1,0.25,2025-08-06,0.24765443575313495,0.0,-0.0
2025-09-22,1,0.0013886322693887898,0.46021836554202306,0.48178032274856847,logistic_C0.1,0.25,2025-08-06,0.24765443575313495,0.0,0.0
2025-09-23,0,-0.0009371077473305789,0.48253767585362445,0.48178032274856847,logistic_C0.1,0.25,2025-08-06,0.24765443575313495,0.0,-0.0
2025-09-24,0,-0.005695827355435168,0.5047583859812039,0.48178032274856847,logistic_C0.1,0.25,2025-08-06,0.24765443575313495,0.0,-0.0
2025-09-25,1,0.003506814147523185,0.479272381120592,0.48178032274856847,logistic_C0.1,0.25,2025-08-06,0.24765443575313495,0.0,0.0
2025-09-26,0,-0.015794720947334362,0.4652624643036938,0.48178032274856847,logistic_C0.1,0.25,2025-08-06,0.24765443575313495,0.0,-0.0
2025-09-29,1,0.0049144366702496,0.4644285151150007,0.48178032274856847,logistic_C0.1,0.25,2025-08-06,0.24765443575313495,0.0,0.0
2025-09-30,0,-0.003317811408614646,0.49192033610446984,0.48178032274856847,logistic_C0.1,0.25,2025-08-06,0.24765443575313495,0.0,-0.0
2025-10-01,1,0.0034174782088580713,0.4938086908687006,0.48178032274856847,logistic_C0.1,0.25,2025-08-06,0.24765443575313495,0.0,0.0
2025-10-02,1,0.006730998332141969,0.4782055784646389,0.48178032274856847,logistic_C0.1,0.25,2025-08-06,0.24765443575313495,0.0,0.0
2025-10-10,1,0.0034712668595455742,0.5018566002608176,0.48178032274856847,logistic_C0.1,0.25,2025-08-06,0.24765443575313495,0.0,0.0
2025-10-13,1,0.009709640346133197,0.4909118333239453,0.48178032274856847,logistic_C0.1,0.25,2025-08-06,0.24765443575313495,0.0,0.0
2025-10-14,0,-0.01173934275218358,0.42400980122136045,0.48178032274856847,logistic_C0.1,0.25,2025-08-06,0.24765443575313495,-1.0,0.010739342752183578
2025-10-15,1,0.021403994816569183,0.49218354851394286,0.48178032274856847,logistic_C0.1,0.25,2025-08-06,0.24765443575313495,0.0,0.0
2025-10-16,1,0.019737092675919943,0.46096080725046146,0.48178032274856847,logistic_C0.1,0.25,2025-08-06,0.24765443575313495,0.0,0.0
2025-10-17,1,0.004321199327039338,0.476689985075253,0.48178032274856847,logistic_C0.1,0.25,2025-08-06,0.24765443575313495,0.0,0.0
2025-10-20,1,0.010406844307887964,0.4350409030884423,0.48178032274856847,logistic_C0.1,0.25,2025-08-06,0.24765443575313495,0.0,0.0
2025-10-21,0,-0.007055291988335544,0.46736198497975434,0.48178032274856847,logistic_C0.1,0.25,2025-08-06,0.24765443575313495,0.0,-0.0
2025-10-22,1,0.014749570838439308,0.4708439472943619,0.48178032274856847,logistic_C0.1,0.25,2025-08-06,0.24765443575313495,0.0,0.0
2025-10-23,1,0.002547063316813425,0.4392552648235709,0.48178032274856847,logistic_C0.1,0.25,2025-08-06,0.24765443575313495,0.0,0.0
2025-10-24,1,0.012421562558595278,0.4246213498690647,0.48178032274856847,logistic_C0.1,0.25,2025-08-06,0.24765443575313495,-1.0,-0.01342156255859528
2025-10-27,1,0.010760564929658711,0.46180207924571537,0.48178032274856847,logistic_C0.1,0.25,2025-08-06,0.24765443575313495,0.0,0.0
2025-10-28,0,-1.4960840001299047e-05,0.47001953272702224,0.48178032274856847,logistic_C0.1,0.25,2025-08-06,0.24765443575313495,0.0,-0.0
2025-10-29,1,0.004828217868099394,0.42542864784862927,0.48178032274856847,logistic_C0.1,0.25,2025-08-06,0.24765443575313495,-1.0,-0.005828217868099394
2025-10-30,0,-0.004642043863174128,0.4590409912434138,0.48178032274856847,logistic_C0.1,0.25,2025-08-06,0.24765443575313495,0.0,-0.0
2025-10-31,1,0.0059388967121778435,0.4710853329279386,0.48178032274856847,logistic_C0.1,0.25,2025-08-06,0.24765443575313495,0.0,0.0
2025-11-03,1,0.02389071048853375,0.42677539374875567,0.48178032274856847,logistic_C0.1,0.25,2025-08-06,0.24765443575313495,-1.0,-0.02489071048853375
2025-11-04,0,-0.023108427110095642,0.4528515519057905,0.48178032274856847,logistic_C0.1,0.25,2025-08-06,0.24765443575313495,0.0,-0.0
2025-11-05,0,-0.012587936786611631,0.4526029943986182,0.48178032274856847,logistic_C0.1,0.25,2025-08-06,0.24765443575313495,0.0,-0.0
2025-11-06,0,-0.01612966284337547,0.44720943878398045,0.48178032274856847,logistic_C0.1,0.25,2025-08-06,0.24765443575313495,0.0,-0.0
2025-11-07,0,-0.0025127910145014143,0.49993705447340814,0.48178032274856847,logistic_C0.1,0.25,2025-08-06,0.24765443575313495,0.0,-0.0
2025-11-10,1,0.020383930338412792,0.41806489772782696,0.48178032274856847,logistic_C0.1,0.25,2025-08-06,0.24765443575313495,-1.0,-0.021383930338412793
2025-11-11,0,-0.004342555100259382,0.4602709703339374,0.48178032274856847,logistic_C0.1,0.25,2025-08-06,0.24765443575313495,0.0,-0.0
2025-11-12,1,0.012922702955992182,0.45885297443197703,0.48178032274856847,logistic_C0.1,0.25,2025-08-06,0.24765443575313495,0.0,0.0
2025-11-13,1,0.010432288247080201,0.46070327079041806,0.48322663252240716,logistic_C0.1,0.25,2025-11-11,0.24796447733196894,0.0,0.0
2025-11-14,0,-0.012393184487100806,0.46386172666980735,0.48322663252240716,logistic_C0.1,0.25,2025-11-11,0.24796447733196894,0.0,-0.0
2025-11-17,1,0.0026185648401277906,0.41128473275656957,0.48322663252240716,logistic_C0.1,0.25,2025-11-11,0.24796447733196894,-1.0,-0.0036185648401277906
2025-11-18,0,-0.02246277015282594,0.49440609349288545,0.48322663252240716,logistic_C0.1,0.25,2025-11-11,0.24796447733196894,0.0,-0.0
2025-11-19,0,-0.009360567129862996,0.4789744642733901,0.48322663252240716,logistic_C0.1,0.25,2025-11-11,0.24796447733196894,0.0,-0.0
2025-11-20,0,-0.006479829916868574,0.45614412251499636,0.48322663252240716,logistic_C0.1,0.25,2025-11-11,0.24796447733196894,0.0,-0.0
2025-11-21,0,-0.014183743955790806,0.5218379372955873,0.48322663252240716,logistic_C0.1,0.25,2025-11-11,0.24796447733196894,0.0,-0.0
2025-11-24,0,-0.017649342555604353,0.4119001905211912,0.48322663252240716,logistic_C0.1,0.25,2025-11-11,0.24796447733196894,-1.0,0.01664934255560435
2025-11-25,0,-0.0214541543643908,0.47906159470842336,0.48322663252240716,logistic_C0.1,0.25,2025-11-11,0.24796447733196894,0.0,-0.0
2025-11-26,1,0.017726651386990255,0.5050228637758281,0.48322663252240716,logistic_C0.1,0.25,2025-11-11,0.24796447733196894,0.0,0.0
2025-11-27,0,-0.0006366792414994604,0.46497400651974724,0.48322663252240716,logistic_C0.1,0.25,2025-11-11,0.24796447733196894,0.0,-0.0
2025-11-28,0,-0.01719770730608461,0.493109244782402,0.48322663252240716,logistic_C0.1,0.25,2025-11-11,0.24796447733196894,0.0,-0.0
2025-12-01,0,-0.01198360854049485,0.4547444421584922,0.48322663252240716,logistic_C0.1,0.25,2025-11-11,0.24796447733196894,0.0,-0.0
2025-12-02,1,0.014175862953118568,0.5200498352248366,0.48322663252240716,logistic_C0.1,0.25,2025-11-11,0.24796447733196894,0.0,0.0
2025-12-03,1,0.006493344571175008,0.4826786807633556,0.48322663252240716,logistic_C0.1,0.25,2025-11-11,0.24796447733196894,0.0,0.0
2025-12-04,1,0.0023887073858335217,0.4729702990238637,0.48322663252240716,logistic_C0.1,0.25,2025-11-11,0.24796447733196894,0.0,0.0
2025-12-05,1,0.019025723872250655,0.4785608132972303,0.48322663252240716,logistic_C0.1,0.25,2025-11-11,0.24796447733196894,0.0,0.0
2025-12-08,1,0.011096915495528492,0.4757939992935074,0.48322663252240716,logistic_C0.1,0.25,2025-11-11,0.24796447733196894,0.0,0.0
2025-12-09,1,0.00333674756705582,0.4903577893243616,0.48322663252240716,logistic_C0.1,0.25,2025-11-11,0.24796447733196894,0.0,0.0
2025-12-10,0,-0.005782570538945264,0.4502009098464786,0.48322663252240716,logistic_C0.1,0.25,2025-11-11,0.24796447733196894,0.0,-0.0
2025-12-11,0,-0.0126581670397663,0.4851112864700752,0.48322663252240716,logistic_C0.1,0.25,2025-11-11,0.24796447733196894,0.0,-0.0
2025-12-12,1,0.01050722265466808,0.5030081632575804,0.48322663252240716,logistic_C0.1,0.25,2025-11-11,0.24796447733196894,0.0,0.0
2025-12-15,1,0.009090370867396613,0.48450200065533894,0.48322663252240716,logistic_C0.1,0.25,2025-11-11,0.24796447733196894,0.0,0.0
2025-12-16,0,-0.02301066127251228,0.4525067055526405,0.48322663252240716,logistic_C0.1,0.25,2025-11-11,0.24796447733196894,0.0,-0.0
2025-12-17,1,0.009200309496620207,0.4866800426261094,0.48322663252240716,logistic_C0.1,0.25,2025-11-11,0.24796447733196894,0.0,0.0
2025-12-18,1,0.0012306998195308338,0.5077840043990247,0.48322663252240716,logistic_C0.1,0.25,2025-11-11,0.24796447733196894,0.0,0.0
2025-12-19,0,-0.008686368590012261,0.43965330168999106,0.48322663252240716,logistic_C0.1,0.25,2025-11-11,0.24796447733196894,0.0,-0.0
2025-12-22,1,0.0023606899952639537,0.4944292240563585,0.48322663252240716,logistic_C0.1,0.25,2025-11-11,0.24796447733196894,0.0,0.0
2025-12-23,0,-0.002442215438290485,0.5292491145105386,0.48322663252240716,logistic_C0.1,0.25,2025-11-11,0.24796447733196894,0.0,-0.0
2025-12-24,0,-0.0066775622304314775,0.49803787045828923,0.48322663252240716,logistic_C0.1,0.25,2025-11-11,0.24796447733196894,0.0,-0.0
2025-12-26,0,-0.00016705525170856994,0.507549653786511,0.48322663252240716,logistic_C0.1,0.25,2025-11-11,0.24796447733196894,0.0,-0.0
2025-12-29,1,0.017865756014740386,0.48847690935123667,0.48322663252240716,logistic_C0.1,0.25,2025-11-11,0.24796447733196894,0.0,0.0
2025-12-30,1,0.004869150521609633,0.511132581943659,0.48322663252240716,logistic_C0.1,0.25,2025-11-11,0.24796447733196894,0.0,0.0
2026-01-02,1,0.020144252733440338,0.4763795984918777,0.48322663252240716,logistic_C0.1,0.25,2025-11-11,0.24796447733196894,0.0,0.0
2026-01-05,1,0.016324967167663962,0.4893853453337367,0.48322663252240716,logistic_C0.1,0.25,2025-11-11,0.24796447733196894,0.0,0.0
2026-01-06,1,0.017858428098459722,0.5266646776811875,0.48322663252240716,logistic_C0.1,0.25,2025-11-11,0.24796447733196894,0.0,0.0
2026-01-07,0,-0.0033462247664430844,0.4923508130168533,0.48322663252240716,logistic_C0.1,0.25,2025-11-11,0.24796447733196894,0.0,-0.0
2026-01-08,1,0.004614406835765861,0.49557540247317367,0.48322663252240716,logistic_C0.1,0.25,2025-11-11,0.24796447733196894,0.0,0.0
2026-01-09,1,0.012425966273954092,0.4939923196888337,0.48322663252240716,logistic_C0.1,0.25,2025-11-11,0.24796447733196894,0.0,0.0
2026-01-12,0,-0.0032543874962553954,0.48495849129817575,0.48322663252240716,logistic_C0.1,0.25,2025-11-11,0.24796447733196894,0.0,-0.0
2026-01-13,1,0.00647729515017903,0.5124658671822887,0.48322663252240716,logistic_C0.1,0.25,2025-11-11,0.24796447733196894,0.0,0.0
2026-01-14,1,0.008108667672690917,0.4944679318648004,0.48322663252240716,logistic_C0.1,0.25,2025-11-11,0.24796447733196894,0.0,0.0
2026-01-15,1,0.018527560994251013,0.5096955477388337,0.48322663252240716,logistic_C0.1,0.25,2025-11-11,0.24796447733196894,0.0,0.0
2026-01-16,1,0.0041654047371106895,0.48476423836971877,0.48322663252240716,logistic_C0.1,0.25,2025-11-11,0.24796447733196894,0.0,0.0
2026-01-19,1,0.015583716403694048,0.4786381911150822,0.48322663252240716,logistic_C0.1,0.25,2025-11-11,0.24796447733196894,0.0,0.0
2026-01-20,0,-0.002965136686066905,0.5027716258280899,0.48322663252240716,logistic_C0.1,0.25,2025-11-11,0.24796447733196894,0.0,-0.0
2026-01-21,1,0.021000469958036616,0.5196196645739374,0.48322663252240716,logistic_C0.1,0.25,2025-11-11,0.24796447733196894,0.0,0.0
2026-01-22,0,-0.006923919102637788,0.47734347848597264,0.48322663252240716,logistic_C0.1,0.25,2025-11-11,0.24796447733196894,0.0,-0.0
2026-01-23,1,0.0012018266159450341,0.49700567291446096,0.48322663252240716,logistic_C0.1,0.25,2025-11-11,0.24796447733196894,0.0,0.0
2026-01-26,0,-0.00959472060253641,0.47616190426448246,0.48322663252240716,logistic_C0.1,0.25,2025-11-11,0.24796447733196894,0.0,-0.0
2026-01-27,1,0.03080547103219411,0.4798980283451168,0.48322663252240716,logistic_C0.1,0.25,2025-11-11,0.24796447733196894,0.0,0.0
2026-01-28,1,0.004940344658033613,0.47613539868040344,0.48322663252240716,logistic_C0.1,0.25,2025-11-11,0.24796447733196894,0.0,0.0
2026-01-29,0,-0.0042281564322522724,0.47248462813489617,0.48322663252240716,logistic_C0.1,0.25,2025-11-11,0.24796447733196894,0.0,-0.0
2026-01-30,1,0.0026888788661028062,0.4906759504718829,0.48322663252240716,logistic_C0.1,0.25,2025-11-11,0.24796447733196894,0.0,0.0
2026-02-02,0,-0.03376202021621744,0.4561277874795773,0.48322663252240716,logistic_C0.1,0.25,2025-11-11,0.24796447733196894,0.0,-0.0
2026-02-03,1,0.033876136161460346,0.4707885501666321,0.48322663252240716,logistic_C0.1,0.25,2025-11-11,0.24796447733196894,0.0,0.0
2026-02-04,1,0.0209838595930969,0.5283654127572908,0.48322663252240716,logistic_C0.1,0.25,2025-11-11,0.24796447733196894,0.0,0.0
2026-02-05,0,-0.016655779913655078,0.4510945201737414,0.48322663252240716,logistic_C0.1,0.25,2025-11-11,0.24796447733196894,0.0,-0.0
2026-02-06,1,0.015158134107297938,0.4457534229518567,0.48322663252240716,logistic_C0.1,0.25,2025-11-11,0.24796447733196894,0.0,0.0
2026-02-09,0,-0.00020003396803236484,0.46127658158162027,0.48322663252240716,logistic_C0.1,0.25,2025-11-11,0.24796447733196894,0.0,-0.0
2026-02-10,0,-0.009068802906801898,0.49335999676530506,0.48322663252240716,logistic_C0.1,0.25,2025-11-11,0.24796447733196894,0.0,-0.0
2026-02-11,1,0.011473907910271475,0.4598044920734178,0.48322663252240716,logistic_C0.1,0.25,2025-11-11,0.24796447733196894,0.0,0.0
2026-02-12,1,0.017856780802854688,0.46377047602653776,0.48322663252240716,logistic_C0.1,0.25,2025-11-11,0.24796447733196894,0.0,0.0
2026-02-13,0,-0.0012151527737221945,0.5022209898038653,0.48462701612903225,logistic_C0.1,0.25,2026-02-11,0.2478399427022297,0.0,-0.0
2026-02-19,1,0.006231733276144125,0.46916096577302024,0.48462701612903225,logistic_C0.1,0.25,2026-02-11,0.2478399427022297,0.0,0.0
2026-02-20,1,0.019596657123448047,0.4381652358372305,0.48462701612903225,logistic_C0.1,0.25,2026-02-11,0.2478399427022297,0.0,0.0
2026-02-23,0,-0.009659315174543548,0.4335809319123012,0.48462701612903225,logistic_C0.1,0.25,2026-02-11,0.2478399427022297,0.0,-0.0
2026-02-24,1,0.019844605260460613,0.5169850075756353,0.48462701612903225,logistic_C0.1,0.25,2026-02-11,0.2478399427022297,0.0,0.0
2026-02-25,1,0.010154913909043994,0.47789125975441327,0.48462701612903225,logistic_C0.1,0.25,2026-02-11,0.2478399427022297,0.0,0.0
2026-02-26,1,0.030426251790956815,0.4424620573696306,0.48462701612903225,logistic_C0.1,0.25,2026-02-11,0.2478399427022297,0.0,0.0
2026-02-27,1,0.007525627310411176,0.47345971718484153,0.48462701612903225,logistic_C0.1,0.25,2026-02-11,0.2478399427022297,0.0,0.0
2026-03-03,0,-0.06054029504553815,0.43402636687814394,0.48462701612903225,logistic_C0.1,0.25,2026-02-11,0.2478399427022297,0.0,-0.0
2026-03-04,0,-0.08923414732708823,0.4558686366589119,0.48462701612903225,logistic_C0.1,0.25,2026-02-11,0.2478399427022297,0.0,-0.0
2026-03-05,1,0.06341364941762584,0.4862138867367095,0.48462701612903225,logistic_C0.1,0.25,2026-02-11,0.2478399427022297,0.0,0.0
2026-03-06,1,0.01709154219070408,0.5267684982579994,0.48462701612903225,logistic_C0.1,0.25,2026-02-11,0.2478399427022297,0.0,0.0
2026-03-09,0,-0.00256392238342229,0.4374493559517641,0.48462701612903225,logistic_C0.1,0.25,2026-02-11,0.2478399427022297,0.0,-0.0
2026-03-10,1,0.0016982877710607358,0.4201653196378146,0.48462701612903225,logistic_C0.1,0.25,2026-02-11,0.2478399427022297,-1.0,-0.002698287771060736
2026-03-11,0,-0.008618556846778147,0.5461817653376162,0.48462701612903225,logistic_C0.1,0.25,2026-02-11,0.2478399427022297,0.0,-0.0
2026-03-12,1,0.0028019002631272105,0.4568711702112719,0.48462701612903225,logistic_C0.1,0.25,2026-02-11,0.2478399427022297,0.0,0.0
2026-03-13,1,0.013829380366159771,0.41906786114271555,0.48462701612903225,logistic_C0.1,0.25,2026-02-11,0.2478399427022297,-1.0,-0.014829380366159772
2026-03-16,1,0.007082430563872588,0.4390721226646208,0.48462701612903225,logistic_C0.1,0.25,2026-02-11,0.2478399427022297,0.0,0.0
2026-03-17,0,-0.012486431597745096,0.49342738293042165,0.48462701612903225,logistic_C0.1,0.25,2026-02-11,0.2478399427022297,0.0,-0.0
2026-03-18,1,0.02738464739643831,0.55820814393997,0.48462701612903225,logistic_C0.1,0.25,2026-02-11,0.2478399427022297,0.0,0.0
2026-03-19,1,0.0003158954420801052,0.44882686254004744,0.48462701612903225,logistic_C0.1,0.25,2026-02-11,0.2478399427022297,0.0,0.0
2026-03-20,0,-0.0055303740528267475,0.45163249634133057,0.48462701612903225,logistic_C0.1,0.25,2026-02-11,0.2478399427022297,0.0,-0.0
2026-03-23,0,-0.031253640135121774,0.5351117328409105,0.48462701612903225,logistic_C0.1,0.25,2026-02-11,0.2478399427022297,0.0,-0.0
2026-03-24,0,-0.01494803306019643,0.4331722474422482,0.48462701612903225,logistic_C0.1,0.25,2026-02-11,0.2478399427022297,0.0,-0.0
2026-03-25,0,-0.006710877713090646,0.5545008557154025,0.48462701612903225,logistic_C0.1,0.25,2026-02-11,0.2478399427022297,0.0,-0.0
2026-03-26,0,-0.023882475339914166,0.5139540174660447,0.48462701612903225,logistic_C0.1,0.25,2026-02-11,0.2478399427022297,0.0,-0.0
2026-03-27,1,0.02608379035620434,0.4872482711515907,0.48462701612903225,logistic_C0.1,0.25,2026-02-11,0.2478399427022297,0.0,0.0
2026-03-30,1,0.018429889227681517,0.4900262047115474,0.48462701612903225,logistic_C0.1,0.25,2026-02-11,0.2478399427022297,0.0,0.0
2026-03-31,0,-0.017747752126366922,0.4360237328013058,0.48462701612903225,logistic_C0.1,0.25,2026-02-11,0.2478399427022297,0.0,-0.0
2026-04-01,1,0.027890972675627124,0.4246580186245601,0.48462701612903225,logistic_C0.1,0.25,2026-02-11,0.2478399427022297,-1.0,-0.028890972675627125
2026-04-02,0,-0.057215010204099914,0.5765250759097308,0.48462701612903225,logistic_C0.1,0.25,2026-02-11,0.2478399427022297,1.0,-0.058215010204099915
2026-04-03,1,0.00033485257185383865,0.5442937706221183,0.48462701612903225,logistic_C0.1,0.25,2026-02-11,0.2478399427022297,0.0,0.0
2026-04-06,1,0.004974784957636702,0.5729767005525844,0.48462701612903225,logistic_C0.1,0.25,2026-02-11,0.2478399427022297,1.0,0.003974784957636702
2026-04-07,0,-0.010340064010777694,0.5369219455929789,0.48462701612903225,logistic_C0.1,0.25,2026-02-11,0.2478399427022297,0.0,-0.0
2026-04-08,1,0.011652626320051152,0.543841025206579,0.48462701612903225,logistic_C0.1,0.25,2026-02-11,0.2478399427022297,0.0,0.0
2026-04-09,0,-0.008313810296149415,0.5759939622500966,0.48462701612903225,logistic_C0.1,0.25,2026-02-11,0.2478399427022297,1.0,-0.009313810296149416
2026-04-10,0,-0.002935610572963099,0.49342467674058466,0.48462701612903225,logistic_C0.1,0.25,2026-02-11,0.2478399427022297,0.0,-0.0
2026-04-13,1,0.012434463717998723,0.5465011480651835,0.48462701612903225,logistic_C0.1,0.25,2026-02-11,0.2478399427022297,0.0,0.0
2026-04-14,1,0.0013003355704697128,0.5396314272329314,0.48462701612903225,logistic_C0.1,0.25,2026-02-11,0.2478399427022297,0.0,0.0
2026-04-15,0,-0.008175394034127925,0.4958035331465109,0.48462701612903225,logistic_C0.1,0.25,2026-02-11,0.2478399427022297,0.0,-0.0
2026-04-16,1,0.01244981291131464,0.5481225062385039,0.48462701612903225,logistic_C0.1,0.25,2026-02-11,0.2478399427022297,0.0,0.0
2026-04-17,0,-0.005686225075594131,0.508615151933206,0.48462701612903225,logistic_C0.1,0.25,2026-02-11,0.2478399427022297,0.0,-0.0
2026-04-20,1,0.000832002986842495,0.5054894995804788,0.48462701612903225,logistic_C0.1,0.25,2026-02-11,0.2478399427022297,0.0,0.0
2026-04-21,1,0.013634185582320768,0.5457862979918116,0.48462701612903225,logistic_C0.1,0.25,2026-02-11,0.2478399427022297,0.0,0.0
2026-04-22,1,0.004752981180636828,0.5062017497983584,0.48462701612903225,logistic_C0.1,0.25,2026-02-11,0.2478399427022297,0.0,0.0
2026-04-23,0,-0.002006525059217057,0.5244371633849216,0.48462701612903225,logistic_C0.1,0.25,2026-02-11,0.2478399427022297,0.0,-0.0
2026-04-24,0,-0.003151121442096061,0.5620189205484838,0.48462701612903225,logistic_C0.1,0.25,2026-02-11,0.2478399427022297,0.0,-0.0
2026-04-27,1,0.012463266805436524,0.5439162738939238,0.48462701612903225,logistic_C0.1,0.25,2026-02-11,0.2478399427022297,0.0,0.0
2026-04-28,0,-0.0008695913823192347,0.5457801492762587,0.48462701612903225,logistic_C0.1,0.25,2026-02-11,0.2478399427022297,0.0,-0.0
2026-04-29,1,0.010862668076748738,0.5429240169925517,0.48462701612903225,logistic_C0.1,0.25,2026-02-11,0.2478399427022297,0.0,0.0
2026-04-30,0,-0.0208505517561679,0.5226418517256147,0.48462701612903225,logistic_C0.1,0.25,2026-02-11,0.2478399427022297,0.0,-0.0
2026-05-04,1,0.02271289840820989,0.5475615124170053,0.48462701612903225,logistic_C0.1,0.25,2026-02-11,0.2478399427022297,0.0,0.0
2026-05-06,1,0.04110384730882943,0.5778497342552928,0.48462701612903225,logistic_C0.1,0.25,2026-02-11,0.2478399427022297,1.0,0.04010384730882943
2026-05-07,0,-0.001202815815827818,0.5501880950664736,0.48462701612903225,logistic_C0.1,0.25,2026-02-11,0.2478399427022297,0.0,-0.0
2026-05-08,1,0.019589498962460983,0.5241804394768369,0.48462701612903225,logistic_C0.1,0.25,2026-02-11,0.2478399427022297,0.0,0.0
2026-05-11,1,0.006035772207153123,0.49929500365295887,0.48462701612903225,logistic_C0.1,0.25,2026-02-11,0.2478399427022297,0.0,0.0
2026-05-12,0,-0.039009682639270515,0.580557501583342,0.48462701612903225,logistic_C0.1,0.25,2026-02-11,0.2478399427022297,1.0,-0.040009682639270516
2026-05-13,1,0.04396797827953125,0.5568631670494373,0.48462701612903225,logistic_C0.1,0.25,2026-02-11,0.2478399427022297,0.0,0.0
2026-05-14,1,0.013652683355537487,0.5169253122486986,0.48462701612903225,logistic_C0.1,0.25,2026-02-11,0.2478399427022297,0.0,0.0
2026-05-15,0,-0.057669066557675897,0.5329959623156768,0.48462701612903225,logistic_C0.1,0.25,2026-02-11,0.2478399427022297,0.0,-0.0
2026-05-18,1,0.009773903744177748,0.550808260419317,0.48462701612903225,logistic_C0.1,0.25,2026-02-11,0.2478399427022297,0.0,0.0
2026-05-19,0,-0.020738897283204438,0.5187257200725282,0.48462701612903225,logistic_C0.1,0.25,2026-02-11,0.2478399427022297,0.0,-0.0
2026-05-20,0,-0.01577850835276584,0.4805801318964209,0.48462701612903225,logistic_C0.1,0.25,2026-02-11,0.2478399427022297,0.0,-0.0
2026-05-21,1,0.04397591890328689,0.5165376082229265,0.4859836268915902,logistic_C0.1,0.25,2026-05-19,0.24797767996352885,0.0,0.0
2026-05-22,0,-0.0032274371532505786,0.5307652493842764,0.4859836268915902,logistic_C0.1,0.25,2026-05-19,0.24797767996352885,0.0,-0.0
2026-05-26,0,-0.002899301317943026,0.48149264039763423,0.4859836268915902,logistic_C0.1,0.25,2026-05-19,0.24797767996352885,0.0,-0.0
2026-05-27,0,-0.0016282218652482472,0.5518385230578987,0.4859836268915902,logistic_C0.1,0.25,2026-05-19,0.24797767996352885,0.0,-0.0
2026-05-28,1,0.0023953767758670974,0.49906082146586245,0.4859836268915902,logistic_C0.1,0.25,2026-05-19,0.24797767996352885,0.0,0.0
2026-05-29,1,0.010953793454679062,0.46875399839795767,0.4859836268915902,logistic_C0.1,0.25,2026-05-19,0.24797767996352885,0.0,0.0
2026-06-01,1,0.035673081795544626,0.5299202143977552,0.4859836268915902,logistic_C0.1,0.25,2026-05-19,0.24797767996352885,0.0,0.0
2026-06-02,0,-0.009197146520563027,0.4823351841625967,0.4859836268915902,logistic_C0.1,0.25,2026-05-19,0.24797767996352885,0.0,-0.0
2026-06-04,1,0.001807783557634668,0.5432456839491071,0.4859836268915902,logistic_C0.1,0.25,2026-05-19,0.24797767996352885,0.0,0.0
2026-06-05,0,-0.01953695693963864,0.4869115936517467,0.4859836268915902,logistic_C0.1,0.25,2026-05-19,0.24797767996352885,0.0,-0.0
2026-06-08,0,-0.07003897819234128,0.44813373343566787,0.4859836268915902,logistic_C0.1,0.25,2026-05-19,0.24797767996352885,0.0,-0.0
2026-06-09,1,0.05185534493151245,0.5296628721221488,0.4859836268915902,logistic_C0.1,0.25,2026-05-19,0.24797767996352885,0.0,0.0
2026-06-10,0,-0.021386698600085907,0.5242134655718136,0.4859836268915902,logistic_C0.1,0.25,2026-05-19,0.24797767996352885,0.0,-0.0
2026-06-11,1,0.03386722630439354,0.45213151293172116,0.4859836268915902,logistic_C0.1,0.25,2026-05-19,0.24797767996352885,0.0,0.0
2026-06-12,0,-0.016969088257894338,0.4761988714781508,0.4859836268915902,logistic_C0.1,0.25,2026-05-19,0.24797767996352885,0.0,-0.0
2026-06-15,1,0.002329312747181511,0.5230183518916804,0.4859836268915902,logistic_C0.1,0.25,2026-05-19,0.24797767996352885,0.0,0.0
2026-06-16,1,0.0034553932306491397,0.4516773760649986,0.4859836268915902,logistic_C0.1,0.25,2026-05-19,0.24797767996352885,0.0,0.0
2026-06-17,1,0.028080068382174694,0.4804306464724308,0.4859836268915902,logistic_C0.1,0.25,2026-05-19,0.24797767996352885,0.0,0.0
2026-06-18,1,0.020137491389905504,0.4845146770250852,0.4859836268915902,logistic_C0.1,0.25,2026-05-19,0.24797767996352885,0.0,0.0
2026-06-19,0,-0.025457293605586795,0.48821496730621206,0.4859836268915902,logistic_C0.1,0.25,2026-05-19,0.24797767996352885,0.0,-0.0
2026-06-22,1,0.017881651875105264,0.5635735644060199,0.4859836268915902,logistic_C0.1,0.25,2026-05-19,0.24797767996352885,0.0,0.0
2026-06-23,0,-0.09684550296470329,0.4809665011691762,0.4859836268915902,logistic_C0.1,0.25,2026-05-19,0.24797767996352885,0.0,-0.0
2026-06-24,1,0.013669124149344292,0.5697939973833668,0.4859836268915902,logistic_C0.1,0.25,2026-05-19,0.24797767996352885,0.0,0.0
2026-06-25,1,0.02606791353284099,0.5536436917282768,0.4859836268915902,logistic_C0.1,0.25,2026-05-19,0.24797767996352885,0.0,0.0
2026-06-26,0,-0.04561009760381618,0.5002835139954807,0.4859836268915902,logistic_C0.1,0.25,2026-05-19,0.24797767996352885,0.0,-0.0
2026-06-29,1,0.007243577129637968,0.4718466572474548,0.4859836268915902,logistic_C0.1,0.25,2026-05-19,0.24797767996352885,0.0,0.0
2026-06-30,1,0.007102546128530118,0.4734080495642109,0.4859836268915902,logistic_C0.1,0.25,2026-05-19,0.24797767996352885,0.0,0.0
2026-07-01,0,-0.03353197928184837,0.4751984794715665,0.4859836268915902,logistic_C0.1,0.25,2026-05-19,0.24797767996352885,0.0,-0.0
2026-07-02,0,-0.03592668691936318,0.49443763561940257,0.4859836268915902,logistic_C0.1,0.25,2026-05-19,0.24797767996352885,0.0,-0.0
2026-07-03,1,0.04503892244581542,0.4693699077087995,0.4859836268915902,logistic_C0.1,0.25,2026-05-19,0.24797767996352885,0.0,0.0
2026-07-06,0,-0.016549771461935148,0.5218251803229685,0.4859836268915902,logistic_C0.1,0.25,2026-05-19,0.24797767996352885,0.0,-0.0
2026-07-07,0,-0.03319653500353559,0.564934651655484,0.4859836268915902,logistic_C0.1,0.25,2026-05-19,0.24797767996352885,0.0,-0.0
2026-07-08,0,-0.027600208252823166,0.502070435996465,0.4859836268915902,logistic_C0.1,0.25,2026-05-19,0.24797767996352885,0.0,-0.0
2026-07-09,0,-0.026010333073314684,0.46903137569494413,0.4859836268915902,logistic_C0.1,0.25,2026-05-19,0.24797767996352885,0.0,-0.0
2026-07-10,0,-0.010135730070480076,0.5590257315421154,0.4859836268915902,logistic_C0.1,0.25,2026-05-19,0.24797767996352885,0.0,-0.0
2026-07-13,0,-0.08163755408437356,0.5258973482023082,0.4859836268915902,logistic_C0.1,0.25,2026-05-19,0.24797767996352885,0.0,-0.0
2026-07-14,1,0.012966349832916224,0.5476539412478361,0.4859836268915902,logistic_C0.1,0.25,2026-05-19,0.24797767996352885,0.0,0.0
2026-07-15,1,0.02844875905524713,0.5488098167411481,0.4859836268915902,logistic_C0.1,0.25,2026-05-19,0.24797767996352885,0.0,0.0
2026-07-16,0,-0.020099130809568266,0.5499403452741148,0.4859836268915902,logistic_C0.1,0.25,2026-05-19,0.24797767996352885,0.0,-0.0
2026-07-20,0,-0.019162860987600006,0.4320675747895359,0.4859836268915902,logistic_C0.1,0.25,2026-05-19,0.24797767996352885,0.0,-0.0
2026-07-21,1,0.029611466795241848,0.5110559252436658,0.4859836268915902,logistic_C0.1,0.25,2026-05-19,0.24797767996352885,0.0,0.0
2026-07-22,0,-0.03607299396349173,0.5337095004476655,0.4859836268915902,logistic_C0.1,0.25,2026-05-19,0.24797767996352885,0.0,-0.0
2026-07-23,1,0.019177551035062246,0.5797887245765148,0.4859836268915902,logistic_C0.1,0.25,2026-05-19,0.24797767996352885,1.0,0.018177551035062245
2026-07-24,0,-0.04430363473784349,0.5577823545097533,0.4859836268915902,logistic_C0.1,0.25,2026-05-19,0.24797767996352885,0.0,-0.0
2026-07-27,0,-0.007422567720645867,0.5044661222765923,0.4859836268915902,logistic_C0.1,0.25,2026-05-19,0.24797767996352885,0.0,-0.0
2026-07-28,0,-0.058842830068106644,0.5827137080114695,0.4859836268915902,logistic_C0.1,0.25,2026-05-19,0.24797767996352885,1.0,-0.059842830068106645
2026-07-29,0,-0.06993961350673583,0.49063290375835433,0.4859836268915902,logistic_C0.1,0.25,2026-05-19,0.24797767996352885,0.0,-0.0
2026-07-30,0,-0.015525091652777268,0.574345366165008,0.4859836268915902,logistic_C0.1,0.25,2026-05-19,0.24797767996352885,1.0,-0.01652509165277727
2026-07-31,1,0.16572902140234969,0.557804001459746,0.4859836268915902,logistic_C0.1,0.25,2026-05-19,0.24797767996352885,0.0,0.0
2026-08-03,0,-0.01585651442923952,0.5778722651114081,0.4859836268915902,logistic_C0.1,0.25,2026-05-19,0.24797767996352885,1.0,-0.016856514429239522
2026-08-04,1,0.001191866964344701,0.4380870216336881,0.4859836268915902,logistic_C0.1,0.25,2026-05-19,0.24797767996352885,0.0,0.0
2026-08-05,0,-0.000790492285885569,0.5592359571637449,0.4859836268915902,logistic_C0.1,0.25,2026-05-19,0.24797767996352885,0.0,-0.0
2026-08-06,0,-0.028148948485433145,0.5286127878349259,0.4859836268915902,logistic_C0.1,0.25,2026-05-19,0.24797767996352885,0.0,-0.0
2026-08-07,0,-0.016700523324959415,0.538641585482142,0.4859836268915902,logistic_C0.1,0.25,2026-05-19,0.24797767996352885,0.0,-0.0
2026-08-10,0,-0.0010576674547637666,0.544253287445817,0.4859836268915902,logistic_C0.1,0.25,2026-05-19,0.24797767996352885,0.0,-0.0
2026-08-11,1,0.01690208106973312,0.5765564922513199,0.4859836268915902,logistic_C0.1,0.25,2026-05-19,0.24797767996352885,1.0,0.01590208106973312
2026-08-12,1,0.02182806554321659,0.5721127888656452,0.4859836268915902,logistic_C0.1,0.25,2026-05-19,0.24797767996352885,1.0,0.02082806554321659
2026-08-13,1,0.0058193778491626436,0.5734637943223224,0.4859836268915902,logistic_C0.1,0.25,2026-05-19,0.24797767996352885,1.0,0.0048193778491626435
